age,fnlwgt,education-num,capital-gain,capital-loss,hours-per-week,workclass,education,marital-status,occupation,relationship,race,sex,native-country,income
38,257735,5,0,0,40,Private,9th,Married-civ-spouse,Handlers-cleaners,Husband,White,Male,United-States,<=50K
24,152140,9,0,0,40,MISSING,HS-grad,Married-civ-spouse,MISSING,Wife,White,Female,United-States,<=50K
41,206916,13,0,0,30,MISSING,Bachelors,Married-spouse-absent,MISSING,Not-in-family,White,Male,United-States,<=50K
40,198873,15,15024,0,30,Private,Prof-school,Married-civ-spouse,Prof-specialty,Wife,White,Female,United-States,>50K
34,183811,10,0,0,40,Private,Some-college,Never-married,Handlers-cleaners,Not-in-family,White,Male,United-States,<=50K
47,114754,9,0,0,40,Private,HS-grad,Married-civ-spouse,Adm-clerical,Husband,White,Male,United-States,<=50K
41,192712,9,0,0,40,Private,HS-grad,Never-married,Adm-clerical,Other-relative,White,Female,United-States,<=50K
52,108914,9,0,0,40,Private,HS-grad,Married-civ-spouse,Sales,Husband,White,Male,United-States,>50K
60,80574,9,0,0,38,Private,HS-grad,Divorced,Other-service,Unmarried,White,Female,United-States,<=50K
50,341797,15,0,0,50,Self-emp-not-inc,Prof-school,Married-civ-spouse,Prof-specialty,Husband,White,Male,United-States,>50K
27,214858,6,0,0,55,Private,10th,Married-civ-spouse,Craft-repair,Other-relative,White,Male,United-States,<=50K
23,51985,9,0,0,38,Private,HS-grad,Never-married,Transport-moving,Not-in-family,White,Male,United-States,<=50K
32,19302,12,0,0,56,Local-gov,Assoc-acdm,Married-civ-spouse,Protective-serv,Husband,White,Male,England,>50K
33,121195,9,0,0,50,Private,HS-grad,Never-married,Machine-op-inspct,Not-in-family,Other,Male,United-States,<=50K
31,124827,9,0,0,40,Private,HS-grad,Never-married,Other-service,Not-in-family,White,Male,United-States,<=50K
29,285290,7,0,0,40,Private,11th,Never-married,Other-service,Unmarried,Black,Female,United-States,<=50K
30,173350,11,0,0,40,Private,Assoc-voc,Married-spouse-absent,Adm-clerical,Not-in-family,White,Female,United-States,<=50K
70,236055,4,0,0,35,Private,7th-8th,Widowed,Other-service,Not-in-family,White,Female,United-States,<=50K
73,300404,10,0,0,6,Self-emp-not-inc,Some-college,Married-civ-spouse,Sales,Husband,White,Male,United-States,>50K
38,331609,10,0,0,47,Local-gov,Some-college,Widowed,Transport-moving,Not-in-family,Black,Female,United-States,<=50K
22,205604,3,0,0,30,Private,5th-6th,Never-married,Machine-op-inspct,Not-in-family,White,Male,Mexico,<=50K
49,153536,10,14084,0,44,Private,Some-college,Divorced,Prof-specialty,Not-in-family,White,Male,United-States,>50K
49,183710,16,0,0,50,State-gov,Doctorate,Married-civ-spouse,Exec-managerial,Husband,White,Male,United-States,>50K
54,192862,9,0,0,45,Private,HS-grad,Divorced,Exec-managerial,Unmarried,White,Female,United-States,<=50K
43,133584,9,0,0,40,Private,HS-grad,Divorced,Craft-repair,Not-in-family,White,Male,United-States,<=50K
38,335104,13,0,0,35,Private,Bachelors,Divorced,Prof-specialty,Not-in-family,White,Female,United-States,<=50K
55,249072,9,0,0,60,Private,HS-grad,Married-civ-spouse,Transport-moving,Husband,White,Male,United-States,<=50K
58,56392,10,0,0,40,Private,Some-college,Married-civ-spouse,Sales,Husband,White,Male,United-States,<=50K
47,103406,9,0,0,40,State-gov,HS-grad,Married-civ-spouse,Tech-support,Husband,White,Male,United-States,<=50K
62,125493,9,5178,0,40,MISSING,HS-grad,Married-civ-spouse,MISSING,Wife,White,Female,Scotland,>50K
18,110142,9,0,0,40,Private,HS-grad,Never-married,Sales,Own-child,White,Female,United-States,<=50K
24,188505,13,0,0,40,Private,Bachelors,Married-AF-spouse,Prof-specialty,Wife,White,Female,United-States,>50K
27,100669,10,0,0,40,Private,Some-college,Married-civ-spouse,Craft-repair,Husband,Asian-Pac-Islander,Male,Philippines,>50K
25,193051,13,0,0,35,Private,Bachelors,Married-civ-spouse,Tech-support,Husband,White,Male,United-States,<=50K
30,46144,9,0,0,38,State-gov,HS-grad,Married-AF-spouse,Adm-clerical,Own-child,White,Female,United-States,<=50K
21,194096,10,0,0,10,State-gov,Some-college,Never-married,Other-service,Own-child,White,Female,United-States,<=50K
25,176520,9,0,0,40,Private,HS-grad,Never-married,Craft-repair,Other-relative,White,Male,United-States,<=50K
36,98776,10,0,0,30,MISSING,Some-college,Never-married,MISSING,Not-in-family,White,Male,United-States,<=50K
24,283918,10,0,0,25,Federal-gov,Some-college,Divorced,Adm-clerical,Unmarried,Black,Female,United-States,<=50K
38,210610,12,0,0,40,Private,Assoc-acdm,Married-civ-spouse,Tech-support,Husband,White,Male,United-States,>50K
39,216552,14,0,0,40,Private,Masters,Married-civ-spouse,Adm-clerical,Husband,White,Male,United-States,<=50K
50,401118,9,99999,0,50,Self-emp-not-inc,HS-grad,Married-civ-spouse,Craft-repair,Husband,White,Male,United-States,>50K
41,215479,9,0,0,40,Private,HS-grad,Separated,Handlers-cleaners,Not-in-family,Black,Male,United-States,<=50K
42,74680,14,0,2001,60,Federal-gov,Masters,Divorced,Adm-clerical,Not-in-family,White,Male,United-States,<=50K
39,58343,10,0,0,40,Private,Some-college,Married-civ-spouse,Machine-op-inspct,Husband,White,Male,United-States,>50K
36,32958,10,0,0,40,Private,Some-college,Separated,Adm-clerical,Other-relative,White,Female,United-States,<=50K
38,182416,9,0,0,42,Self-emp-not-inc,HS-grad,Never-married,Sales,Unmarried,Black,Female,United-States,<=50K
30,174789,12,0,1848,50,Private,Assoc-acdm,Married-civ-spouse,Exec-managerial,Husband,White,Male,United-States,>50K
64,105748,9,0,0,40,State-gov,HS-grad,Married-civ-spouse,Farming-fishing,Husband,White,Male,United-States,<=50K
26,433906,12,0,0,40,Private,Assoc-acdm,Never-married,Other-service,Not-in-family,White,Male,United-States,<=50K
32,236318,10,0,0,32,Private,Some-college,Married-civ-spouse,Sales,Husband,White,Male,United-States,<=50K
46,295791,11,0,0,38,State-gov,Assoc-voc,Divorced,Adm-clerical,Unmarried,White,Female,United-States,<=50K
43,206878,9,0,0,60,Private,HS-grad,Never-married,Adm-clerical,Unmarried,White,Female,United-States,<=50K
25,28473,11,0,0,40,Private,Assoc-voc,Married-civ-spouse,Craft-repair,Husband,White,Male,United-States,<=50K
28,176683,12,0,0,40,Private,Assoc-acdm,Never-married,Prof-specialty,Own-child,White,Male,France,<=50K
29,258862,13,0,0,45,Private,Bachelors,Never-married,Craft-repair,Not-in-family,White,Female,United-States,<=50K
39,115076,10,0,0,40,Private,Some-college,Married-civ-spouse,Machine-op-inspct,Husband,White,Male,United-States,<=50K
53,263925,13,0,0,40,Self-emp-not-inc,Bachelors,Married-civ-spouse,Sales,Husband,White,Male,Canada,>50K
57,173090,9,0,0,32,Private,HS-grad,Widowed,Sales,Unmarried,White,Female,United-States,<=50K
22,59924,9,0,0,40,Private,HS-grad,Never-married,Other-service,Own-child,White,Female,United-States,<=50K
31,79190,9,0,0,35,Private,HS-grad,Never-married,Other-service,Own-child,White,Female,United-States,<=50K
30,48542,8,0,0,40,Local-gov,12th,Married-civ-spouse,Adm-clerical,Wife,White,Female,United-States,<=50K
29,204516,14,0,0,15,State-gov,Masters,Married-civ-spouse,Prof-specialty,Husband,White,Male,United-States,<=50K
20,323009,9,0,0,40,Private,HS-grad,Never-married,Adm-clerical,Unmarried,White,Female,Germany,<=50K
19,69927,9,0,0,16,Private,HS-grad,Married-civ-spouse,Other-service,Wife,Black,Female,United-States,<=50K
31,198452,13,0,0,40,Private,Bachelors,Never-married,Adm-clerical,Own-child,White,Female,United-States,<=50K
52,29658,9,0,0,40,Private,HS-grad,Married-civ-spouse,Adm-clerical,Husband,White,Male,United-States,<=50K
37,147638,13,0,0,36,Private,Bachelors,Separated,Other-service,Unmarried,Asian-Pac-Islander,Female,Philippines,<=50K
59,329059,13,0,0,50,Private,Bachelors,Never-married,Craft-repair,Not-in-family,White,Male,United-States,<=50K
70,278139,9,3432,0,40,Private,HS-grad,Married-civ-spouse,Sales,Husband,White,Male,United-States,<=50K
25,106889,9,0,0,30,Private,HS-grad,Married-civ-spouse,Adm-clerical,Wife,White,Female,United-States,<=50K
29,234447,10,0,0,40,Private,Some-college,Divorced,Adm-clerical,Not-in-family,Black,Female,United-States,<=50K
48,345831,10,0,0,40,Private,Some-college,Married-civ-spouse,Tech-support,Husband,White,Male,United-States,>50K
59,232672,14,0,0,40,Private,Masters,Married-civ-spouse,Exec-managerial,Husband,White,Male,United-States,>50K
24,184678,13,0,0,40,Local-gov,Bachelors,Never-married,Prof-specialty,Not-in-family,White,Female,United-States,<=50K
41,307468,9,0,0,50,Private,HS-grad,Married-civ-spouse,Transport-moving,Husband,White,Male,United-States,<=50K
41,67671,14,0,0,50,Local-gov,Masters,Married-civ-spouse,Prof-specialty,Husband,White,Male,United-States,<=50K
61,171831,9,2829,0,45,Self-emp-inc,HS-grad,Married-civ-spouse,Exec-managerial,Husband,White,Male,United-States,<=50K
20,227411,10,0,0,20,Private,Some-college,Never-married,Other-service,Own-child,White,Female,United-States,<=50K
21,246207,10,0,0,20,Private,Some-college,Never-married,Adm-clerical,Own-child,Black,Female,United-States,<=50K
61,128230,4,0,0,50,Private,7th-8th,Married-civ-spouse,Sales,Husband,White,Male,United-States,>50K
28,388112,2,0,0,77,Private,1st-4th,Never-married,Farming-fishing,Unmarried,White,Male,Mexico,<=50K
84,388384,4,0,0,10,Private,7th-8th,Married-civ-spouse,Prof-specialty,Husband,Black,Male,United-States,<=50K
44,467799,9,0,0,40,Private,HS-grad,Married-civ-spouse,Craft-repair,Husband,White,Male,United-States,<=50K
43,341358,11,0,0,40,Private,Assoc-voc,Married-civ-spouse,Sales,Husband,White,Male,United-States,>50K
39,30916,9,0,0,40,Private,HS-grad,Married-civ-spouse,Craft-repair,Husband,White,Male,United-States,<=50K
51,29580,7,4386,0,30,Private,11th,Married-civ-spouse,Sales,Husband,White,Male,United-States,>50K
43,83827,9,0,0,24,Private,HS-grad,Divorced,Machine-op-inspct,Not-in-family,White,Female,United-States,<=50K
64,196288,12,0,0,20,MISSING,Assoc-acdm,Never-married,MISSING,Not-in-family,White,Female,United-States,<=50K
58,209438,10,0,0,40,Private,Some-college,Divorced,Other-service,Unmarried,Black,Female,United-States,<=50K
17,36218,7,0,0,20,Self-emp-not-inc,11th,Never-married,Farming-fishing,Own-child,White,Male,United-States,<=50K
75,316119,10,0,0,8,Private,Some-college,Widowed,Prof-specialty,Not-in-family,White,Female,United-States,<=50K
30,110643,14,4386,0,40,Private,Masters,Married-civ-spouse,Adm-clerical,Husband,White,Male,United-States,>50K
27,104917,11,0,0,40,Private,Assoc-voc,Married-civ-spouse,Craft-repair,Husband,White,Male,United-States,<=50K
25,73839,7,0,0,40,Private,11th,Divorced,Sales,Own-child,White,Female,United-States,<=50K
23,138892,9,0,0,40,Private,HS-grad,Never-married,Machine-op-inspct,Own-child,Black,Male,United-States,<=50K
22,154713,9,0,0,40,Private,HS-grad,Divorced,Sales,Own-child,White,Male,United-States,<=50K
45,318280,10,7688,0,50,Local-gov,Some-college,Married-civ-spouse,Prof-specialty,Husband,White,Male,United-States,>50K
53,133963,9,0,0,40,MISSING,HS-grad,Divorced,MISSING,Not-in-family,White,Female,United-States,<=50K
57,181031,9,0,0,60,Self-emp-not-inc,HS-grad,Married-civ-spouse,Farming-fishing,Husband,White,Male,United-States,<=50K
38,168680,10,0,0,40,Private,Some-college,Never-married,Adm-clerical,Own-child,Black,Female,United-States,<=50K
42,180019,9,0,0,65,Private,HS-grad,Never-married,Other-service,Not-in-family,White,Female,United-States,<=50K
32,154120,9,7298,0,40,Private,HS-grad,Married-civ-spouse,Transport-moving,Husband,White,Male,United-States,>50K
18,334026,7,0,0,25,Private,11th,Never-married,Craft-repair,Own-child,White,Male,United-States,<=50K
57,118806,2,0,1602,45,Self-emp-not-inc,1st-4th,Widowed,Craft-repair,Other-relative,White,Female,Columbia,<=50K
49,199378,10,0,0,22,Private,Some-college,Married-civ-spouse,Prof-specialty,Husband,White,Male,United-States,<=50K
45,102076,10,0,0,32,Private,Some-college,Divorced,Prof-specialty,Unmarried,White,Female,United-States,<=50K
38,203763,9,0,0,40,Private,HS-grad,Divorced,Adm-clerical,Not-in-family,White,Female,United-States,<=50K
29,209472,9,0,0,38,Private,HS-grad,Married-civ-spouse,Machine-op-inspct,Husband,White,Male,United-States,<=50K
37,294919,10,0,0,40,Private,Some-college,Divorced,Transport-moving,Not-in-family,White,Male,United-States,<=50K
31,203488,9,0,0,40,Private,HS-grad,Married-civ-spouse,Handlers-cleaners,Husband,White,Male,United-States,<=50K
33,78307,13,0,0,40,Federal-gov,Bachelors,Married-civ-spouse,Prof-specialty,Husband,White,Male,United-States,<=50K
35,41777,8,0,0,20,Private,12th,Never-married,Farming-fishing,Not-in-family,White,Male,United-States,<=50K
30,255004,12,0,0,52,Private,Assoc-acdm,Divorced,Sales,Not-in-family,White,Male,United-States,<=50K
27,472070,11,0,0,40,Private,Assoc-voc,Never-married,Machine-op-inspct,Not-in-family,White,Male,United-States,<=50K
63,420629,11,0,0,45,Self-emp-not-inc,Assoc-voc,Married-civ-spouse,Other-service,Husband,White,Male,United-States,<=50K
41,344329,9,0,0,10,Self-emp-not-inc,HS-grad,Married-civ-spouse,Other-service,Husband,White,Male,United-States,<=50K
23,315065,6,0,0,60,Private,10th,Never-married,Other-service,Unmarried,White,Male,Mexico,<=50K
22,263970,10,0,0,28,MISSING,Some-college,Never-married,MISSING,Not-in-family,White,Female,United-States,<=50K
20,124954,10,0,0,30,MISSING,Some-college,Never-married,MISSING,Own-child,White,Male,United-States,<=50K
49,124672,9,0,0,40,Private,HS-grad,Married-civ-spouse,Craft-repair,Husband,White,Male,United-States,>50K
21,216070,12,0,0,46,Private,Assoc-acdm,Married-civ-spouse,Adm-clerical,Wife,Amer-Indian-Eskimo,Female,United-States,>50K
22,184813,10,0,0,40,Private,Some-college,Never-married,Adm-clerical,Own-child,White,Male,United-States,<=50K
44,138077,13,0,0,32,Private,Bachelors,Divorced,Adm-clerical,Unmarried,White,Female,United-States,<=50K
22,264738,9,0,0,42,Private,HS-grad,Never-married,Exec-managerial,Other-relative,White,Female,Germany,<=50K
23,221955,5,0,0,39,Private,9th,Never-married,Handlers-cleaners,Other-relative,White,Male,Mexico,<=50K
59,192130,9,0,0,16,MISSING,HS-grad,Married-civ-spouse,MISSING,Husband,White,Male,United-States,<=50K
30,151989,11,0,0,40,Private,Assoc-voc,Married-civ-spouse,Tech-support,Wife,White,Female,United-States,<=50K
43,271665,9,0,0,45,Self-emp-not-inc,HS-grad,Married-civ-spouse,Sales,Husband,White,Male,United-States,<=50K
37,236328,6,0,0,48,Private,10th,Married-civ-spouse,Craft-repair,Husband,White,Male,United-States,<=50K
20,119215,10,0,0,40,Private,Some-college,Never-married,Transport-moving,Own-child,White,Male,United-States,<=50K
44,125461,14,0,0,35,Private,Masters,Married-civ-spouse,Exec-managerial,Husband,White,Male,United-States,>50K
44,222596,9,0,0,50,Private,HS-grad,Divorced,Tech-support,Not-in-family,White,Male,United-States,>50K
32,203849,4,0,0,19,State-gov,7th-8th,Married-civ-spouse,Handlers-cleaners,Husband,White,Male,United-States,<=50K
68,407338,10,0,0,20,MISSING,Some-college,Married-civ-spouse,MISSING,Husband,White,Male,United-States,<=50K
49,199763,10,0,0,35,Private,Some-college,Divorced,Machine-op-inspct,Not-in-family,White,Female,United-States,<=50K
37,295949,9,0,0,40,Private,HS-grad,Never-married,Machine-op-inspct,Not-in-family,White,Male,United-States,<=50K
28,38079,10,0,0,55,Self-emp-not-inc,Some-college,Married-civ-spouse,Farming-fishing,Husband,White,Male,United-States,<=50K
43,238287,6,0,0,40,Private,10th,Never-married,Machine-op-inspct,Not-in-family,Black,Male,United-States,<=50K
37,160910,13,7298,0,40,Local-gov,Bachelors,Married-civ-spouse,Adm-clerical,Husband,White,Male,United-States,>50K
33,80058,9,0,0,40,Private,HS-grad,Never-married,Transport-moving,Not-in-family,White,Male,United-States,<=50K
44,171615,9,0,0,45,Private,HS-grad,Married-civ-spouse,Transport-moving,Husband,White,Male,United-States,<=50K
34,252529,13,0,0,48,State-gov,Bachelors,Never-married,Prof-specialty,Not-in-family,White,Male,United-States,<=50K
34,85355,13,0,0,40,Private,Bachelors,Never-married,Adm-clerical,Own-child,White,Male,United-States,<=50K
30,541343,6,0,0,40,Private,10th,Married-civ-spouse,Other-service,Husband,Black,Male,United-States,<=50K
33,178587,10,0,0,37,Private,Some-college,Separated,Prof-specialty,Unmarried,White,Female,United-States,<=50K
41,193882,13,0,0,40,Private,Bachelors,Married-civ-spouse,Farming-fishing,Husband,White,Male,United-States,<=50K
69,36956,10,20051,0,50,Private,Some-college,Married-civ-spouse,Exec-managerial,Husband,White,Male,United-States,>50K
44,125461,13,0,0,40,Private,Bachelors,Married-civ-spouse,Sales,Husband,White,Male,United-States,>50K
65,149049,9,0,0,40,MISSING,HS-grad,Married-civ-spouse,MISSING,Husband,White,Male,United-States,<=50K
18,140164,7,0,0,40,Private,11th,Never-married,Sales,Own-child,White,Female,United-States,<=50K
56,32316,8,0,0,40,Self-emp-inc,12th,Widowed,Exec-managerial,Not-in-family,White,Female,United-States,<=50K
25,109609,10,0,0,25,Private,Some-college,Never-married,Other-service,Not-in-family,White,Male,United-States,<=50K
20,246250,10,0,0,40,Private,Some-college,Never-married,Craft-repair,Not-in-family,White,Female,United-States,<=50K
35,166416,9,0,0,99,Self-emp-not-inc,HS-grad,Married-civ-spouse,Farming-fishing,Husband,White,Male,United-States,<=50K
58,87329,7,0,0,48,Private,11th,Married-civ-spouse,Adm-clerical,Husband,White,Male,United-States,<=50K
48,382242,16,0,0,40,Self-emp-inc,Doctorate,Married-civ-spouse,Exec-managerial,Wife,White,Female,United-States,>50K
31,103435,13,0,0,50,Private,Bachelors,Married-civ-spouse,Sales,Husband,White,Male,United-States,>50K
30,158291,13,0,0,40,State-gov,Bachelors,Never-married,Adm-clerical,Not-in-family,White,Male,United-States,<=50K
58,44246,5,0,0,40,Local-gov,9th,Married-civ-spouse,Transport-moving,Husband,White,Male,United-States,<=50K
20,266015,10,0,0,44,Private,Some-college,Never-married,Sales,Own-child,Black,Male,United-States,<=50K
31,137290,13,0,0,55,Private,Bachelors,Married-civ-spouse,Exec-managerial,Husband,White,Male,United-States,>50K
33,148261,10,0,0,40,Private,Some-college,Married-civ-spouse,Craft-repair,Husband,White,Male,United-States,<=50K
37,87369,5,0,0,40,MISSING,9th,Divorced,MISSING,Unmarried,White,Female,United-States,<=50K
45,186256,9,0,0,40,Private,HS-grad,Divorced,Craft-repair,Not-in-family,White,Male,United-States,<=50K
30,104965,5,0,0,30,MISSING,9th,Never-married,MISSING,Not-in-family,White,Female,United-States,<=50K
36,99872,9,0,0,40,Private,HS-grad,Married-civ-spouse,Craft-repair,Husband,Asian-Pac-Islander,Male,India,<=50K
52,89041,9,0,0,40,Private,HS-grad,Married-civ-spouse,Craft-repair,Husband,White,Male,United-States,<=50K
40,132222,9,0,0,40,Self-emp-inc,HS-grad,Married-civ-spouse,Exec-managerial,Husband,White,Male,United-States,<=50K
37,99935,14,7688,0,50,Local-gov,Masters,Married-civ-spouse,Protective-serv,Husband,White,Male,United-States,>50K
52,235307,13,0,0,40,Private,Bachelors,Married-civ-spouse,Prof-specialty,Husband,White,Male,United-States,>50K
31,467579,13,0,1887,40,Private,Bachelors,Married-civ-spouse,Exec-managerial,Husband,Black,Male,United-States,>50K
26,386585,10,0,0,60,Private,Some-college,Divorced,Tech-support,Not-in-family,White,Male,United-States,<=50K
40,244945,9,0,0,40,Private,HS-grad,Married-civ-spouse,Craft-repair,Husband,White,Male,United-States,<=50K
31,377374,10,0,0,40,Private,Some-college,Divorced,Adm-clerical,Unmarried,Black,Female,Japan,<=50K
29,197565,11,0,0,35,Private,Assoc-voc,Never-married,Adm-clerical,Own-child,White,Female,United-States,<=50K
31,90409,10,0,0,35,Local-gov,Some-college,Married-civ-spouse,Exec-managerial,Husband,White,Male,United-States,<=50K
47,168232,10,0,0,44,Private,Some-college,Married-civ-spouse,Adm-clerical,Husband,White,Male,United-States,>50K
20,161092,10,0,0,14,Private,Some-college,Never-married,Adm-clerical,Own-child,White,Male,United-States,<=50K
55,199067,7,0,0,32,Private,11th,Married-civ-spouse,Machine-op-inspct,Husband,White,Male,United-States,<=50K
24,461678,10,0,0,50,Private,Some-college,Married-civ-spouse,Farming-fishing,Husband,White,Male,United-States,>50K
54,34832,16,0,0,60,Local-gov,Doctorate,Married-civ-spouse,Exec-managerial,Husband,White,Male,United-States,>50K
27,31935,10,0,0,80,State-gov,Some-college,Never-married,Tech-support,Own-child,White,Female,United-States,<=50K
48,119471,16,0,0,40,Private,Doctorate,Married-civ-spouse,Prof-specialty,Husband,Asian-Pac-Islander,Male,India,>50K
57,425161,14,15024,0,40,Federal-gov,Masters,Married-civ-spouse,Sales,Husband,White,Male,United-States,>50K
26,89648,13,0,0,50,Private,Bachelors,Never-married,Exec-managerial,Not-in-family,White,Female,United-States,<=50K
25,334267,10,0,0,40,Local-gov,Some-college,Married-civ-spouse,Exec-managerial,Husband,White,Male,United-States,>50K
49,186539,14,0,0,40,Local-gov,Masters,Married-civ-spouse,Protective-serv,Husband,White,Male,United-States,>50K
29,265638,10,0,0,40,Private,Some-college,Never-married,Other-service,Unmarried,Black,Female,United-States,<=50K
44,37618,9,0,0,40,Self-emp-not-inc,HS-grad,Married-civ-spouse,Farming-fishing,Husband,White,Male,United-States,>50K
27,213842,13,0,0,38,Private,Bachelors,Never-married,Adm-clerical,Own-child,White,Male,United-States,<=50K
42,109067,13,0,0,40,Private,Bachelors,Separated,Tech-support,Not-in-family,White,Male,United-States,<=50K
35,129573,9,0,0,65,Private,HS-grad,Married-civ-spouse,Transport-moving,Husband,White,Male,United-States,<=50K
50,114056,11,0,0,84,Private,Assoc-voc,Married-civ-spouse,Protective-serv,Husband,White,Male,United-States,<=50K
62,88055,10,0,0,60,Private,Some-college,Married-civ-spouse,Adm-clerical,Husband,White,Male,United-States,>50K
58,33725,14,0,0,20,Private,Masters,Divorced,Prof-specialty,Not-in-family,White,Male,United-States,<=50K
30,130078,13,0,0,45,Private,Bachelors,Never-married,Sales,Not-in-family,White,Female,United-States,<=50K
20,308654,10,0,0,20,Local-gov,Some-college,Never-married,Protective-serv,Own-child,Asian-Pac-Islander,Female,United-States,<=50K
25,160445,9,0,0,40,Private,HS-grad,Divorced,Craft-repair,Not-in-family,White,Male,United-States,<=50K
36,124818,9,0,0,40,Private,HS-grad,Married-civ-spouse,Machine-op-inspct,Husband,White,Male,United-States,<=50K
36,183902,13,0,0,4,Private,Bachelors,Married-civ-spouse,Prof-specialty,Wife,White,Female,United-States,>50K
50,204518,4,0,0,40,Private,7th-8th,Divorced,Craft-repair,Not-in-family,White,Male,United-States,<=50K
28,215014,9,0,0,50,Private,HS-grad,Married-civ-spouse,Transport-moving,Husband,White,Male,United-States,<=50K
23,210053,10,0,0,28,Private,Some-college,Never-married,Other-service,Not-in-family,White,Female,United-States,<=50K
40,53727,14,0,0,50,Private,Masters,Never-married,Sales,Not-in-family,White,Male,United-States,>50K
42,24264,10,0,0,38,State-gov,Some-college,Divorced,Transport-moving,Unmarried,White,Male,United-States,<=50K
17,160758,6,0,0,30,Private,10th,Never-married,Sales,Other-relative,White,Male,United-States,<=50K
17,256173,6,0,0,15,MISSING,10th,Never-married,MISSING,Own-child,White,Female,United-States,<=50K
30,270577,9,0,0,40,Private,HS-grad,Separated,Adm-clerical,Unmarried,White,Female,United-States,<=50K
22,229456,10,0,0,35,Private,Some-college,Never-married,Adm-clerical,Own-child,Black,Female,United-States,<=50K
29,129856,11,0,0,40,Private,Assoc-voc,Never-married,Adm-clerical,Own-child,White,Female,United-States,<=50K
48,407495,12,0,0,56,Local-gov,Assoc-acdm,Married-civ-spouse,Protective-serv,Husband,White,Male,United-States,>50K
54,145098,10,0,0,40,Private,Some-college,Married-civ-spouse,Sales,Husband,White,Male,United-States,>50K
33,149184,15,0,1977,50,Private,Prof-school,Married-civ-spouse,Prof-specialty,Husband,White,Male,United-States,>50K
20,112847,9,0,0,40,Private,HS-grad,Never-married,Farming-fishing,Own-child,Asian-Pac-Islander,Male,United-States,<=50K
21,102942,10,0,2001,40,Local-gov,Some-college,Never-married,Other-service,Not-in-family,White,Female,United-States,<=50K
29,220419,13,0,0,56,Local-gov,Bachelors,Never-married,Protective-serv,Not-in-family,White,Male,United-States,<=50K
49,119904,13,7688,0,30,Local-gov,Bachelors,Married-civ-spouse,Prof-specialty,Wife,White,Female,United-States,>50K
47,73064,4,0,0,35,Private,7th-8th,Married-civ-spouse,Machine-op-inspct,Wife,Black,Female,United-States,<=50K
21,315303,10,0,0,20,Private,Some-college,Never-married,Other-service,Own-child,Black,Male,United-States,<=50K
31,166343,9,0,0,50,Private,HS-grad,Never-married,Machine-op-inspct,Own-child,Black,Male,MISSING,<=50K
27,102889,10,0,0,40,Private,Some-college,Divorced,Machine-op-inspct,Unmarried,White,Female,United-States,<=50K
58,275859,9,8614,0,52,Private,HS-grad,Widowed,Craft-repair,Unmarried,White,Male,Mexico,>50K
26,287233,13,0,0,40,Local-gov,Bachelors,Married-civ-spouse,Prof-specialty,Wife,Black,Female,United-States,>50K
40,179666,13,0,0,30,Private,Bachelors,Never-married,Exec-managerial,Not-in-family,White,Male,Canada,<=50K
33,177675,13,0,0,50,Private,Bachelors,Married-civ-spouse,Exec-managerial,Husband,White,Male,Germany,>50K
43,216116,14,0,0,37,Local-gov,Masters,Separated,Prof-specialty,Unmarried,Black,Female,United-States,<=50K
45,192835,13,0,1977,55,Private,Bachelors,Married-civ-spouse,Exec-managerial,Husband,White,Male,United-States,>50K
20,333505,9,0,0,30,Private,HS-grad,Never-married,Adm-clerical,Own-child,White,Male,Nicaragua,<=50K
22,67234,9,0,0,60,Private,HS-grad,Never-married,Sales,Not-in-family,White,Male,United-States,<=50K
73,29675,9,0,0,12,Private,HS-grad,Widowed,Other-service,Other-relative,White,Female,United-States,<=50K
46,95256,9,0,0,50,Self-emp-not-inc,HS-grad,Divorced,Transport-moving,Not-in-family,White,Male,United-States,<=50K
51,166461,16,0,0,40,Local-gov,Doctorate,Married-civ-spouse,Prof-specialty,Wife,Black,Female,United-States,>50K
48,41504,9,0,0,40,Private,HS-grad,Married-civ-spouse,Transport-moving,Husband,White,Male,United-States,>50K
48,238959,14,9562,0,40,Local-gov,Masters,Divorced,Exec-managerial,Unmarried,Black,Female,United-States,>50K
50,242517,13,0,0,40,State-gov,Bachelors,Divorced,Exec-managerial,Not-in-family,White,Female,United-States,<=50K
38,130007,13,0,0,40,Private,Bachelors,Never-married,Other-service,Not-in-family,White,Male,United-States,<=50K
58,110517,16,4064,0,40,State-gov,Doctorate,Married-civ-spouse,Prof-specialty,Husband,Asian-Pac-Islander,Male,India,<=50K
33,192644,9,0,0,40,MISSING,HS-grad,Never-married,MISSING,Not-in-family,White,Male,United-States,<=50K
71,229110,9,0,0,33,Local-gov,HS-grad,Widowed,Exec-managerial,Other-relative,White,Female,United-States,<=50K
31,181824,13,0,1902,35,State-gov,Bachelors,Married-civ-spouse,Prof-specialty,Wife,White,Female,United-States,>50K
19,376240,9,0,0,42,Private,HS-grad,Never-married,Machine-op-inspct,Own-child,White,Male,United-States,<=50K
28,245790,9,0,0,40,Private,HS-grad,Never-married,Craft-repair,Own-child,White,Male,United-States,<=50K
31,178623,13,14084,0,60,Private,Bachelors,Never-married,Prof-specialty,Not-in-family,Black,Female,United-States,>50K
40,283724,5,0,0,49,Private,9th,Never-married,Craft-repair,Other-relative,Black,Male,United-States,<=50K
64,151364,10,0,0,40,Private,Some-college,Never-married,Adm-clerical,Not-in-family,White,Female,United-States,<=50K
52,392668,11,0,0,40,Local-gov,Assoc-voc,Married-civ-spouse,Protective-serv,Husband,White,Male,United-States,>50K
32,50178,10,0,0,35,Private,Some-college,Never-married,Sales,Own-child,White,Male,United-States,<=50K
30,136651,3,0,0,40,Private,5th-6th,Married-civ-spouse,Craft-repair,Husband,White,Male,Mexico,<=50K
24,177526,13,0,0,15,State-gov,Bachelors,Never-married,Prof-specialty,Not-in-family,White,Male,United-States,<=50K
38,140117,10,0,0,20,Self-emp-not-inc,Some-college,Never-married,Other-service,Not-in-family,White,Female,United-States,<=50K
24,148320,10,0,0,40,Private,Some-college,Married-civ-spouse,Adm-clerical,Husband,Black,Male,United-States,<=50K
30,203277,9,0,0,60,Private,HS-grad,Married-civ-spouse,Protective-serv,Husband,White,Male,United-States,>50K
30,235271,13,0,0,50,Local-gov,Bachelors,Married-civ-spouse,Prof-specialty,Husband,White,Male,United-States,>50K
33,97939,12,0,0,42,Private,Assoc-acdm,Divorced,Machine-op-inspct,Not-in-family,White,Female,United-States,<=50K
46,157991,11,0,625,40,Private,Assoc-voc,Divorced,Tech-support,Unmarried,Black,Female,United-States,<=50K
23,173851,10,0,0,40,Private,Some-college,Never-married,Craft-repair,Not-in-family,White,Male,United-States,<=50K
31,19491,10,0,0,40,Private,Some-college,Never-married,Craft-repair,Not-in-family,White,Male,United-States,<=50K
36,114988,9,0,0,40,Private,HS-grad,Never-married,Other-service,Not-in-family,White,Female,United-States,<=50K
35,161141,9,0,0,40,Private,HS-grad,Married-civ-spouse,Machine-op-inspct,Husband,White,Male,United-States,<=50K
36,174640,11,0,0,60,Local-gov,Assoc-voc,Never-married,Protective-serv,Not-in-family,Black,Female,United-States,>50K
41,82161,9,0,0,40,Private,HS-grad,Married-civ-spouse,Transport-moving,Husband,White,Male,United-States,<=50K
50,222020,9,0,0,48,Federal-gov,HS-grad,Married-civ-spouse,Adm-clerical,Husband,White,Male,United-States,<=50K
36,133974,11,0,0,40,Private,Assoc-voc,Divorced,Sales,Unmarried,White,Female,United-States,<=50K
42,265698,14,0,0,40,Private,Masters,Divorced,Prof-specialty,Unmarried,White,Female,United-States,<=50K
36,49626,9,0,0,40,Private,HS-grad,Married-civ-spouse,Exec-managerial,Husband,White,Male,United-States,<=50K
26,48099,13,0,0,40,Federal-gov,Bachelors,Never-married,Exec-managerial,Not-in-family,White,Female,United-States,<=50K
18,130652,10,0,0,25,Private,Some-college,Never-married,Adm-clerical,Own-child,White,Female,United-States,<=50K
31,170430,15,0,0,80,Private,Prof-school,Never-married,Prof-specialty,Not-in-family,White,Female,MISSING,<=50K
56,435022,10,0,0,50,Private,Some-college,Divorced,Other-service,Not-in-family,White,Female,United-States,<=50K
49,127921,9,0,0,40,Self-emp-not-inc,HS-grad,Married-civ-spouse,Craft-repair,Husband,White,Male,United-States,<=50K
27,116207,5,0,0,32,Private,9th,Married-civ-spouse,Craft-repair,Husband,White,Male,United-States,<=50K
34,176185,13,0,1741,40,Private,Bachelors,Never-married,Exec-managerial,Not-in-family,White,Male,United-States,<=50K
47,334679,14,0,0,42,Private,Masters,Separated,Machine-op-inspct,Unmarried,Asian-Pac-Islander,Female,India,<=50K
39,227597,9,0,0,50,Federal-gov,HS-grad,Never-married,Armed-Forces,Not-in-family,White,Male,United-States,<=50K
27,267147,9,0,0,40,Private,HS-grad,Never-married,Sales,Own-child,White,Male,United-States,<=50K
39,324420,2,0,0,45,Private,1st-4th,Married-civ-spouse,Craft-repair,Husband,White,Male,Mexico,<=50K
38,197711,6,0,0,40,Private,10th,Divorced,Machine-op-inspct,Not-in-family,Asian-Pac-Islander,Female,Portugal,<=50K
33,164707,12,2174,0,55,Private,Assoc-acdm,Never-married,Exec-managerial,Unmarried,White,Female,MISSING,<=50K
56,238638,4,0,0,40,Private,7th-8th,Married-civ-spouse,Craft-repair,Husband,White,Male,United-States,<=50K
26,102476,13,0,0,25,Private,Bachelors,Never-married,Adm-clerical,Own-child,White,Male,United-States,<=50K
52,121942,4,0,0,40,MISSING,7th-8th,Married-civ-spouse,MISSING,Husband,White,Male,United-States,<=50K
63,124242,9,0,0,40,Private,HS-grad,Married-civ-spouse,Adm-clerical,Husband,Black,Male,United-States,<=50K
32,154950,15,0,0,40,Private,Prof-school,Never-married,Prof-specialty,Not-in-family,White,Male,United-States,<=50K
52,114758,13,15024,0,50,Self-emp-inc,Bachelors,Married-civ-spouse,Sales,Husband,White,Male,United-States,>50K
62,290754,6,0,0,40,Private,10th,Widowed,Handlers-cleaners,Not-in-family,White,Female,United-States,<=50K
47,162595,10,0,0,45,Local-gov,Some-college,Married-spouse-absent,Craft-repair,Other-relative,White,Male,United-States,<=50K
24,32616,13,0,0,40,MISSING,Bachelors,Divorced,MISSING,Not-in-family,White,Female,United-States,<=50K
44,483201,13,0,0,40,Self-emp-not-inc,Bachelors,Married-civ-spouse,Exec-managerial,Husband,White,Male,United-States,<=50K
45,171335,14,0,0,50,Federal-gov,Masters,Married-civ-spouse,Sales,Husband,White,Male,United-States,>50K
37,195148,9,3137,0,40,Private,HS-grad,Married-civ-spouse,Craft-repair,Own-child,White,Male,United-States,<=50K
18,118847,8,0,0,20,Private,12th,Never-married,Sales,Own-child,White,Female,United-States,<=50K
24,211345,10,0,0,40,Private,Some-college,Never-married,Other-service,Own-child,White,Female,Mexico,<=50K
21,221955,9,0,0,40,Private,HS-grad,Never-married,Machine-op-inspct,Unmarried,White,Male,Mexico,<=50K
61,225970,9,0,0,40,Private,HS-grad,Married-civ-spouse,Tech-support,Husband,White,Male,United-States,>50K
54,392502,10,0,0,40,Federal-gov,Some-college,Married-civ-spouse,Prof-specialty,Husband,White,Male,United-States,>50K
32,71151,13,0,0,20,State-gov,Bachelors,Married-civ-spouse,Tech-support,Husband,White,Male,United-States,<=50K
19,198663,9,0,0,40,Private,HS-grad,Never-married,Tech-support,Own-child,White,Male,United-States,<=50K
49,423222,14,99999,0,80,State-gov,Masters,Married-civ-spouse,Sales,Husband,White,Male,United-States,>50K
70,92593,10,0,0,25,MISSING,Some-college,Widowed,MISSING,Not-in-family,White,Female,United-States,<=50K
41,115849,9,0,0,40,Private,HS-grad,Married-civ-spouse,Transport-moving,Husband,White,Male,United-States,<=50K
27,311446,9,5178,0,40,Private,HS-grad,Married-civ-spouse,Adm-clerical,Wife,White,Female,United-States,>50K
26,291968,15,0,1977,40,Private,Prof-school,Married-civ-spouse,Prof-specialty,Husband,White,Male,United-States,>50K
35,134367,12,0,0,40,Private,Assoc-acdm,Divorced,Adm-clerical,Unmarried,White,Female,United-States,<=50K
22,448626,10,0,0,40,Private,Some-college,Never-married,Sales,Own-child,White,Male,United-States,<=50K
31,304212,10,0,0,45,Self-emp-inc,Some-college,Never-married,Exec-managerial,Own-child,White,Male,United-States,<=50K
25,277444,13,0,0,50,Private,Bachelors,Married-civ-spouse,Sales,Husband,White,Male,United-States,<=50K
45,98524,12,0,0,40,Federal-gov,Assoc-acdm,Married-civ-spouse,Adm-clerical,Husband,White,Male,United-States,>50K
38,169672,9,0,0,40,Private,HS-grad,Married-civ-spouse,Exec-managerial,Husband,White,Male,United-States,<=50K
55,463072,13,0,0,60,Private,Bachelors,Married-civ-spouse,Prof-specialty,Husband,White,Male,United-States,>50K
23,188505,13,0,0,25,Private,Bachelors,Never-married,Other-service,Own-child,White,Female,United-States,<=50K
23,115326,10,0,0,20,Private,Some-college,Never-married,Sales,Own-child,White,Female,United-States,<=50K
27,244566,6,0,0,40,Private,10th,Married-civ-spouse,Handlers-cleaners,Husband,White,Male,United-States,<=50K
32,443546,9,0,0,40,Self-emp-not-inc,HS-grad,Never-married,Craft-repair,Not-in-family,White,Male,United-States,<=50K
62,39610,10,0,0,80,Self-emp-not-inc,Some-college,Married-civ-spouse,Farming-fishing,Husband,White,Male,United-States,<=50K
40,222756,10,0,0,40,Private,Some-college,Married-civ-spouse,Machine-op-inspct,Husband,White,Male,United-States,>50K
32,190228,9,0,0,60,Private,HS-grad,Never-married,Other-service,Not-in-family,White,Male,United-States,<=50K
45,229967,9,13550,0,50,Private,HS-grad,Divorced,Exec-managerial,Not-in-family,White,Male,United-States,>50K
67,141797,4,0,0,40,Self-emp-not-inc,7th-8th,Married-civ-spouse,Exec-managerial,Husband,White,Male,United-States,<=50K
24,197666,13,0,0,40,Private,Bachelors,Never-married,Exec-managerial,Not-in-family,White,Female,United-States,<=50K
19,279968,10,0,0,20,Private,Some-college,Never-married,Adm-clerical,Own-child,White,Female,United-States,<=50K
18,245199,10,0,0,40,Private,Some-college,Never-married,Other-service,Own-child,White,Male,United-States,<=50K
22,191342,13,0,0,50,Private,Bachelors,Never-married,Sales,Own-child,Asian-Pac-Islander,Male,Taiwan,<=50K
20,34590,10,0,0,60,Private,Some-college,Never-married,Farming-fishing,Own-child,White,Male,United-States,<=50K
37,191779,10,0,0,40,State-gov,Some-college,Married-civ-spouse,Craft-repair,Husband,White,Male,United-States,<=50K
50,67794,9,0,0,60,Self-emp-inc,HS-grad,Married-spouse-absent,Sales,Not-in-family,White,Male,United-States,<=50K
25,303431,9,0,0,40,Private,HS-grad,Married-civ-spouse,Adm-clerical,Wife,White,Female,United-States,<=50K
44,194924,9,0,0,35,Private,HS-grad,Married-civ-spouse,Sales,Husband,White,Male,United-States,>50K
41,112763,9,0,0,40,Private,HS-grad,Widowed,Sales,Not-in-family,White,Female,United-States,<=50K
58,212864,9,0,0,40,Private,HS-grad,Divorced,Handlers-cleaners,Not-in-family,White,Male,United-States,<=50K
59,99131,14,0,0,40,Private,Masters,Widowed,Exec-managerial,Not-in-family,White,Female,United-States,>50K
40,26929,14,0,0,40,Local-gov,Masters,Never-married,Prof-specialty,Not-in-family,White,Female,United-States,<=50K
23,119665,9,0,0,60,Private,HS-grad,Never-married,Adm-clerical,Not-in-family,White,Male,United-States,<=50K
28,76313,10,0,0,60,Private,Some-college,Married-civ-spouse,Craft-repair,Husband,Amer-Indian-Eskimo,Male,United-States,<=50K
34,340458,9,0,0,40,Private,HS-grad,Divorced,Machine-op-inspct,Unmarried,White,Female,United-States,<=50K
42,212847,9,0,0,85,Self-emp-not-inc,HS-grad,Never-married,Farming-fishing,Own-child,White,Male,United-States,<=50K
57,184553,9,0,0,50,Self-emp-not-inc,HS-grad,Married-civ-spouse,Craft-repair,Husband,White,Male,United-States,>50K
41,336571,10,0,0,40,Local-gov,Some-college,Married-civ-spouse,Exec-managerial,Husband,White,Male,United-States,<=50K
28,241895,9,0,1628,40,Private,HS-grad,Married-civ-spouse,Sales,Husband,White,Male,United-States,<=50K
24,27939,10,0,0,24,State-gov,Some-college,Married-civ-spouse,Other-service,Husband,Asian-Pac-Islander,Male,MISSING,<=50K
42,97688,10,5178,0,40,Local-gov,Some-college,Married-civ-spouse,Craft-repair,Husband,White,Male,United-States,>50K
32,188246,9,0,1590,62,Self-emp-not-inc,HS-grad,Divorced,Sales,Own-child,White,Male,United-States,<=50K
23,348092,9,0,0,40,Private,HS-grad,Never-married,Transport-moving,Own-child,Black,Male,Haiti,<=50K
21,162228,10,0,0,40,Private,Some-college,Never-married,Adm-clerical,Own-child,White,Male,United-States,<=50K
65,338316,10,0,0,40,Self-emp-inc,Some-college,Married-civ-spouse,Sales,Husband,White,Male,United-States,<=50K
45,89028,9,10520,0,40,Private,HS-grad,Divorced,Craft-repair,Not-in-family,Asian-Pac-Islander,Male,United-States,>50K
28,411950,9,0,0,40,Private,HS-grad,Divorced,Adm-clerical,Not-in-family,White,Male,United-States,<=50K
33,239781,1,0,0,40,Private,Preschool,Married-civ-spouse,Farming-fishing,Husband,White,Male,Mexico,<=50K
40,342164,9,0,0,37,Private,HS-grad,Separated,Adm-clerical,Unmarried,White,Female,United-States,<=50K
47,126500,4,0,0,40,Self-emp-not-inc,7th-8th,Married-civ-spouse,Sales,Husband,White,Male,Puerto-Rico,<=50K
34,473133,9,0,0,60,Private,HS-grad,Married-civ-spouse,Sales,Husband,White,Male,United-States,<=50K
22,107801,11,0,0,40,Private,Assoc-voc,Never-married,Adm-clerical,Own-child,White,Female,United-States,<=50K
59,159472,5,0,0,40,State-gov,9th,Married-civ-spouse,Transport-moving,Husband,White,Male,United-States,<=50K
25,450246,9,0,0,40,Private,HS-grad,Never-married,Craft-repair,Own-child,White,Male,United-States,<=50K
57,170411,13,0,0,40,Private,Bachelors,Married-civ-spouse,Protective-serv,Husband,White,Male,United-States,>50K
68,236943,5,0,0,20,Private,9th,Divorced,Farming-fishing,Not-in-family,Black,Male,United-States,<=50K
49,194895,13,0,0,40,State-gov,Bachelors,Divorced,Prof-specialty,Not-in-family,White,Male,United-States,<=50K
46,98012,11,0,0,40,Private,Assoc-voc,Divorced,Adm-clerical,Not-in-family,White,Female,United-States,<=50K
41,233955,14,0,0,45,Private,Masters,Married-civ-spouse,Prof-specialty,Husband,Asian-Pac-Islander,Male,China,>50K
61,199198,4,0,0,21,Private,7th-8th,Widowed,Other-service,Not-in-family,Black,Female,United-States,<=50K
21,156687,10,0,0,30,Private,Some-college,Never-married,Sales,Own-child,Asian-Pac-Islander,Male,India,<=50K
66,28367,13,0,0,99,Private,Bachelors,Married-civ-spouse,Priv-house-serv,Other-relative,White,Male,United-States,<=50K
38,119741,14,0,0,40,Private,Masters,Married-civ-spouse,Craft-repair,Husband,Black,Male,United-States,>50K
34,137088,9,0,0,40,Private,HS-grad,Married-civ-spouse,Craft-repair,Other-relative,Amer-Indian-Eskimo,Male,United-States,<=50K
48,47343,14,0,0,40,Private,Masters,Married-civ-spouse,Prof-specialty,Husband,White,Male,United-States,>50K
41,264663,10,0,3900,40,Private,Some-college,Separated,Prof-specialty,Own-child,White,Female,United-States,<=50K
31,118551,5,0,0,40,Private,9th,Divorced,Adm-clerical,Not-in-family,White,Female,United-States,<=50K
51,145409,9,0,0,40,Private,HS-grad,Married-civ-spouse,Craft-repair,Husband,White,Male,United-States,<=50K
34,113838,10,0,0,45,Private,Some-college,Married-civ-spouse,Craft-repair,Husband,White,Male,United-States,<=50K
49,50748,13,1506,0,35,Private,Bachelors,Widowed,Prof-specialty,Unmarried,White,Female,United-States,<=50K
22,204160,9,0,0,40,Private,HS-grad,Divorced,Machine-op-inspct,Own-child,White,Female,United-States,<=50K
58,33309,9,0,0,80,Self-emp-not-inc,HS-grad,Widowed,Farming-fishing,Not-in-family,White,Male,United-States,<=50K
36,288585,9,0,0,20,Self-emp-not-inc,HS-grad,Married-civ-spouse,Other-service,Wife,Asian-Pac-Islander,Female,South,<=50K
20,58740,10,0,0,15,MISSING,Some-college,Never-married,MISSING,Own-child,White,Male,United-States,<=50K
19,257750,10,0,0,25,Private,Some-college,Never-married,Sales,Other-relative,White,Female,United-States,<=50K
29,148431,12,7688,0,45,Private,Assoc-acdm,Married-civ-spouse,Sales,Wife,Other,Female,United-States,>50K
51,103995,12,0,0,25,Self-emp-inc,Assoc-acdm,Never-married,Sales,Not-in-family,White,Female,United-States,<=50K
58,49893,10,0,0,45,Private,Some-college,Married-civ-spouse,Sales,Husband,White,Male,United-States,<=50K
41,152636,9,0,0,50,Private,HS-grad,Divorced,Craft-repair,Unmarried,White,Female,United-States,<=50K
54,184620,14,0,0,40,Local-gov,Masters,Divorced,Prof-specialty,Not-in-family,White,Female,United-States,<=50K
43,315971,14,0,0,40,Self-emp-not-inc,Masters,Never-married,Exec-managerial,Not-in-family,White,Female,United-States,<=50K
25,512771,5,0,0,45,Private,9th,Married-civ-spouse,Transport-moving,Husband,White,Male,United-States,<=50K
24,256240,4,0,0,60,MISSING,7th-8th,Married-civ-spouse,MISSING,Own-child,White,Male,United-States,<=50K
36,279485,9,0,0,38,Private,HS-grad,Never-married,Exec-managerial,Not-in-family,White,Female,United-States,<=50K
35,90406,7,0,0,40,Private,11th,Married-civ-spouse,Sales,Wife,White,Female,United-States,<=50K
25,175370,10,0,0,40,Private,Some-college,Divorced,Machine-op-inspct,Own-child,White,Female,United-States,<=50K
35,225330,13,0,0,40,Private,Bachelors,Never-married,Adm-clerical,Not-in-family,White,Female,United-States,<=50K
45,175262,5,0,0,40,Private,9th,Married-civ-spouse,Handlers-cleaners,Husband,Asian-Pac-Islander,Male,India,<=50K
55,123382,9,0,2001,40,MISSING,HS-grad,Separated,MISSING,Not-in-family,Black,Female,United-States,<=50K
34,156464,13,0,0,85,Private,Bachelors,Divorced,Exec-managerial,Not-in-family,White,Male,England,>50K
61,162432,9,0,0,40,Private,HS-grad,Widowed,Exec-managerial,Not-in-family,White,Female,United-States,<=50K
19,194608,10,0,0,20,Private,Some-college,Never-married,Other-service,Own-child,White,Female,United-States,<=50K
32,95885,7,13550,0,60,Private,11th,Never-married,Craft-repair,Not-in-family,Amer-Indian-Eskimo,Male,United-States,>50K
38,48779,10,0,0,40,Private,Some-college,Married-civ-spouse,Transport-moving,Husband,White,Male,United-States,>50K
30,123178,6,0,0,50,Private,10th,Never-married,Craft-repair,Not-in-family,White,Male,United-States,<=50K
47,34845,13,0,0,45,Federal-gov,Bachelors,Married-civ-spouse,Adm-clerical,Husband,White,Male,Germany,>50K
22,160398,10,0,0,38,Private,Some-college,Never-married,Sales,Other-relative,White,Male,United-States,<=50K
58,248841,9,15024,0,40,Self-emp-not-inc,HS-grad,Married-civ-spouse,Sales,Husband,White,Male,United-States,>50K
38,41591,13,0,0,30,Self-emp-not-inc,Bachelors,Never-married,Craft-repair,Not-in-family,Amer-Indian-Eskimo,Male,United-States,<=50K
55,199713,13,0,0,15,State-gov,Bachelors,Married-civ-spouse,Prof-specialty,Husband,White,Male,United-States,<=50K
50,27539,10,7688,0,40,Self-emp-not-inc,Some-college,Married-civ-spouse,Farming-fishing,Husband,White,Male,United-States,>50K
42,113770,9,0,0,40,Private,HS-grad,Married-civ-spouse,Adm-clerical,Wife,White,Female,United-States,<=50K
34,192900,10,0,0,40,Private,Some-college,Married-civ-spouse,Craft-repair,Husband,White,Male,United-States,>50K
25,160261,10,0,0,40,Private,Some-college,Never-married,Exec-managerial,Own-child,Asian-Pac-Islander,Male,China,<=50K
33,93930,9,0,0,40,Self-emp-not-inc,HS-grad,Married-civ-spouse,Exec-managerial,Husband,White,Male,United-States,<=50K
33,249249,3,0,0,50,Self-emp-not-inc,5th-6th,Married-civ-spouse,Craft-repair,Husband,White,Male,United-States,>50K
45,275995,13,0,0,50,Private,Bachelors,Married-civ-spouse,Tech-support,Husband,White,Male,United-States,>50K
33,67072,9,0,0,50,Private,HS-grad,Married-civ-spouse,Sales,Husband,White,Male,United-States,>50K
20,270436,9,0,0,40,Private,HS-grad,Never-married,Machine-op-inspct,Own-child,White,Male,United-States,<=50K
39,191841,12,0,0,30,Private,Assoc-acdm,Separated,Prof-specialty,Not-in-family,White,Female,United-States,<=50K
31,272856,9,0,0,50,Private,HS-grad,Never-married,Craft-repair,Own-child,Black,Male,England,<=50K
24,164529,8,0,0,40,Private,12th,Never-married,Farming-fishing,Own-child,Black,Male,United-States,<=50K
31,193285,13,0,0,40,Private,Bachelors,Never-married,Prof-specialty,Not-in-family,White,Male,United-States,<=50K
31,243773,5,0,0,20,Private,9th,Never-married,Other-service,Unmarried,White,Female,United-States,<=50K
18,118376,10,0,0,15,Private,Some-college,Never-married,Other-service,Own-child,White,Female,United-States,<=50K
28,190060,9,0,0,40,Private,HS-grad,Married-civ-spouse,Sales,Husband,White,Male,United-States,>50K
25,156334,6,0,0,40,Private,10th,Married-civ-spouse,Machine-op-inspct,Husband,White,Male,United-States,<=50K
27,114158,11,0,0,35,Private,Assoc-voc,Never-married,Adm-clerical,Own-child,White,Female,United-States,<=50K
22,412156,10,0,0,40,Private,Some-college,Never-married,Adm-clerical,Own-child,White,Female,United-States,<=50K
70,121993,9,0,0,5,Private,HS-grad,Married-civ-spouse,Adm-clerical,Wife,White,Female,United-States,<=50K
38,414991,9,0,0,70,Self-emp-not-inc,HS-grad,Married-civ-spouse,Machine-op-inspct,Husband,White,Male,MISSING,<=50K
30,122889,14,0,0,50,Private,Masters,Married-civ-spouse,Prof-specialty,Husband,Asian-Pac-Islander,Male,India,>50K
35,193106,9,0,0,32,Private,HS-grad,Separated,Adm-clerical,Unmarried,White,Female,United-States,<=50K
50,421132,9,0,0,40,Private,HS-grad,Married-civ-spouse,Craft-repair,Husband,White,Male,United-States,<=50K
36,166509,9,0,0,40,Private,HS-grad,Divorced,Craft-repair,Not-in-family,White,Female,United-States,<=50K
40,114537,11,0,0,50,Private,Assoc-voc,Married-civ-spouse,Exec-managerial,Husband,White,Male,United-States,>50K
48,109421,13,0,0,55,Private,Bachelors,Married-civ-spouse,Prof-specialty,Husband,White,Male,United-States,<=50K
38,110402,11,0,0,40,Private,Assoc-voc,Married-civ-spouse,Machine-op-inspct,Husband,White,Male,United-States,<=50K
34,242460,13,7688,0,40,Private,Bachelors,Married-civ-spouse,Exec-managerial,Husband,White,Male,United-States,>50K
27,137629,9,0,0,80,Local-gov,HS-grad,Married-civ-spouse,Exec-managerial,Husband,White,Male,United-States,>50K
29,253593,9,0,0,40,Private,HS-grad,Never-married,Craft-repair,Own-child,Black,Male,United-States,<=50K
31,254304,6,0,0,38,Private,10th,Divorced,Craft-repair,Not-in-family,White,Male,United-States,<=50K
46,84402,13,0,0,45,Private,Bachelors,Divorced,Prof-specialty,Not-in-family,White,Male,United-States,>50K
61,167138,9,0,0,40,Private,HS-grad,Divorced,Exec-managerial,Not-in-family,White,Female,United-States,<=50K
55,255364,10,0,0,60,Private,Some-college,Married-civ-spouse,Exec-managerial,Husband,White,Male,United-States,>50K
59,279232,6,0,0,40,Private,10th,Married-civ-spouse,Transport-moving,Husband,White,Male,Puerto-Rico,<=50K
29,29361,9,0,0,38,Private,HS-grad,Never-married,Other-service,Not-in-family,White,Female,United-States,<=50K
29,160786,9,0,0,55,Self-emp-not-inc,HS-grad,Married-civ-spouse,Exec-managerial,Husband,White,Male,United-States,<=50K
21,231160,10,0,0,25,Private,Some-college,Never-married,Other-service,Own-child,White,Male,United-States,<=50K
62,138621,11,0,0,20,Private,Assoc-voc,Separated,Priv-house-serv,Not-in-family,Black,Female,United-States,<=50K
45,337825,9,0,0,45,Private,HS-grad,Married-civ-spouse,Craft-repair,Husband,White,Male,United-States,<=50K
22,120518,9,0,0,40,Private,HS-grad,Widowed,Adm-clerical,Own-child,White,Female,United-States,<=50K
49,159641,13,0,625,40,Local-gov,Bachelors,Divorced,Exec-managerial,Unmarried,White,Female,United-States,<=50K
22,99829,10,0,0,30,Private,Some-college,Never-married,Machine-op-inspct,Own-child,White,Female,United-States,<=50K
29,211482,13,0,0,40,Private,Bachelors,Married-civ-spouse,Sales,Husband,White,Male,United-States,<=50K
68,123464,9,0,0,45,MISSING,HS-grad,Married-civ-spouse,MISSING,Husband,White,Male,United-States,<=50K
35,112271,14,0,0,40,Private,Masters,Married-civ-spouse,Adm-clerical,Husband,White,Male,United-States,<=50K
59,223131,9,0,0,60,Self-emp-not-inc,HS-grad,Divorced,Exec-managerial,Not-in-family,White,Male,United-States,<=50K
37,167851,9,0,0,50,Private,HS-grad,Married-civ-spouse,Craft-repair,Husband,White,Male,United-States,<=50K
65,195733,10,0,0,30,MISSING,Some-college,Married-civ-spouse,MISSING,Husband,White,Male,United-States,>50K
60,177665,9,0,0,35,Private,HS-grad,Married-civ-spouse,Craft-repair,Husband,White,Male,United-States,<=50K
19,220101,10,0,0,40,Private,Some-college,Never-married,Adm-clerical,Not-in-family,White,Female,United-States,<=50K
46,82946,9,0,0,40,Private,HS-grad,Never-married,Sales,Not-in-family,White,Female,United-States,<=50K
47,139268,15,0,1977,60,Self-emp-inc,Prof-school,Married-civ-spouse,Prof-specialty,Husband,White,Male,United-States,>50K
38,193026,9,0,0,50,Local-gov,HS-grad,Married-civ-spouse,Craft-repair,Husband,White,Male,United-States,>50K
43,133060,9,0,0,40,Self-emp-inc,HS-grad,Married-civ-spouse,Craft-repair,Husband,White,Male,United-States,<=50K
76,127016,4,0,0,40,Private,7th-8th,Widowed,Priv-house-serv,Not-in-family,White,Female,United-States,<=50K
19,140590,8,0,0,30,MISSING,12th,Never-married,MISSING,Own-child,Black,Male,United-States,<=50K
46,225456,9,0,0,40,Self-emp-not-inc,HS-grad,Married-civ-spouse,Exec-managerial,Husband,White,Male,United-States,<=50K
26,161007,11,0,0,80,Private,Assoc-voc,Married-civ-spouse,Handlers-cleaners,Husband,White,Male,United-States,<=50K
30,85708,9,0,0,40,Private,HS-grad,Married-civ-spouse,Adm-clerical,Husband,White,Male,United-States,<=50K
27,144133,13,0,0,50,Private,Bachelors,Married-civ-spouse,Exec-managerial,Other-relative,White,Male,United-States,<=50K
42,34037,13,0,0,35,Self-emp-not-inc,Bachelors,Never-married,Farming-fishing,Own-child,White,Male,United-States,<=50K
32,205152,9,3103,0,40,Private,HS-grad,Married-civ-spouse,Exec-managerial,Husband,White,Male,United-States,>50K
44,34935,10,0,0,40,Local-gov,Some-college,Never-married,Other-service,Own-child,Black,Male,United-States,<=50K
20,170800,10,0,0,40,Private,Some-college,Never-married,Farming-fishing,Own-child,White,Female,United-States,<=50K
28,261278,11,0,0,40,Private,Assoc-voc,Never-married,Tech-support,Not-in-family,Black,Female,United-States,<=50K
44,469454,11,7298,0,48,Federal-gov,Assoc-voc,Married-civ-spouse,Protective-serv,Husband,White,Male,United-States,>50K
32,244147,9,0,0,10,Private,HS-grad,Never-married,Craft-repair,Unmarried,White,Male,United-States,<=50K
33,295589,10,0,0,35,State-gov,Some-college,Separated,Adm-clerical,Own-child,Black,Male,United-States,<=50K
46,175262,12,0,0,40,Private,Assoc-acdm,Married-civ-spouse,Adm-clerical,Husband,Asian-Pac-Islander,Male,India,<=50K
49,185041,9,0,0,40,Private,HS-grad,Married-civ-spouse,Machine-op-inspct,Husband,White,Male,United-States,<=50K
33,166961,7,0,0,20,Private,11th,Separated,Sales,Own-child,White,Female,United-States,<=50K
19,204868,9,0,0,36,MISSING,HS-grad,Married-civ-spouse,MISSING,Wife,White,Female,United-States,<=50K
27,284741,10,0,0,30,Private,Some-college,Never-married,Sales,Not-in-family,White,Female,United-States,<=50K
37,48211,9,0,0,35,State-gov,HS-grad,Divorced,Adm-clerical,Unmarried,White,Female,United-States,<=50K
22,354351,10,0,0,40,MISSING,Some-college,Never-married,MISSING,Not-in-family,White,Male,United-States,<=50K
54,138179,9,0,0,40,Private,HS-grad,Married-civ-spouse,Machine-op-inspct,Husband,White,Male,United-States,<=50K
32,132601,15,0,0,40,Private,Prof-school,Married-civ-spouse,Prof-specialty,Husband,White,Male,United-States,>50K
45,148900,13,0,0,50,Private,Bachelors,Married-civ-spouse,Prof-specialty,Husband,White,Male,United-States,>50K
26,211424,10,0,0,40,Private,Some-college,Married-civ-spouse,Handlers-cleaners,Husband,White,Male,United-States,>50K
18,144711,9,0,1721,40,Private,HS-grad,Never-married,Sales,Not-in-family,White,Female,United-States,<=50K
47,303637,9,0,0,49,Private,HS-grad,Married-civ-spouse,Exec-managerial,Husband,White,Male,United-States,>50K
44,351228,9,0,0,40,State-gov,HS-grad,Married-civ-spouse,Adm-clerical,Husband,White,Male,United-States,<=50K
41,287306,12,15024,0,60,Private,Assoc-acdm,Married-civ-spouse,Prof-specialty,Husband,White,Male,United-States,>50K
35,45937,9,0,0,40,Private,HS-grad,Never-married,Machine-op-inspct,Not-in-family,White,Female,United-States,<=50K
67,105216,10,0,0,25,Private,Some-college,Widowed,Adm-clerical,Not-in-family,White,Female,United-States,<=50K
36,228157,10,0,0,40,Private,Some-college,Never-married,Craft-repair,Not-in-family,Asian-Pac-Islander,Male,Laos,<=50K
88,206291,15,0,0,40,Self-emp-not-inc,Prof-school,Married-civ-spouse,Prof-specialty,Husband,White,Male,United-States,<=50K
30,378009,14,0,0,50,Private,Masters,Married-civ-spouse,Exec-managerial,Husband,White,Male,United-States,>50K
35,79050,9,0,0,72,Private,HS-grad,Never-married,Transport-moving,Unmarried,Black,Male,United-States,<=50K
46,175428,14,0,0,40,Local-gov,Masters,Married-civ-spouse,Prof-specialty,Husband,White,Male,United-States,>50K
26,181920,13,0,0,45,Private,Bachelors,Married-civ-spouse,Prof-specialty,Wife,White,Female,United-States,>50K
31,347166,10,4650,0,40,Private,Some-college,Divorced,Craft-repair,Own-child,White,Male,United-States,<=50K
44,160829,13,0,0,20,Private,Bachelors,Married-civ-spouse,Tech-support,Wife,White,Female,United-States,>50K
36,103323,12,2829,0,40,Private,Assoc-acdm,Married-civ-spouse,Machine-op-inspct,Husband,White,Male,United-States,<=50K
56,98418,9,0,0,30,Private,HS-grad,Divorced,Transport-moving,Not-in-family,White,Male,United-States,<=50K
38,215646,9,0,0,40,Private,HS-grad,Divorced,Handlers-cleaners,Not-in-family,White,Male,United-States,<=50K
47,543162,9,0,0,40,Local-gov,HS-grad,Separated,Adm-clerical,Unmarried,Black,Female,United-States,<=50K
24,293091,9,0,0,40,Private,HS-grad,Married-civ-spouse,Handlers-cleaners,Husband,White,Male,United-States,<=50K
36,127573,9,0,0,38,Private,HS-grad,Separated,Adm-clerical,Not-in-family,White,Female,United-States,<=50K
20,194138,7,0,0,20,Private,11th,Never-married,Craft-repair,Own-child,White,Male,United-States,<=50K
47,123681,14,7688,0,60,Local-gov,Masters,Married-civ-spouse,Prof-specialty,Husband,White,Male,United-States,>50K
41,224799,10,0,0,40,Private,Some-college,Married-civ-spouse,Craft-repair,Husband,White,Male,United-States,<=50K
43,260761,9,0,0,40,Private,HS-grad,Married-civ-spouse,Machine-op-inspct,Husband,White,Male,Mexico,<=50K
56,193130,15,0,0,16,Private,Prof-school,Married-civ-spouse,Exec-managerial,Husband,White,Male,United-States,<=50K
34,226883,9,0,0,40,Private,HS-grad,Divorced,Craft-repair,Not-in-family,White,Male,United-States,<=50K
29,150861,9,0,0,40,Private,HS-grad,Never-married,Adm-clerical,Not-in-family,White,Female,United-States,<=50K
60,224644,6,0,0,40,Private,10th,Married-civ-spouse,Sales,Husband,White,Male,United-States,<=50K
39,207568,9,0,0,48,Private,HS-grad,Married-civ-spouse,Handlers-cleaners,Husband,White,Male,United-States,>50K
30,169186,9,0,0,60,Private,HS-grad,Never-married,Machine-op-inspct,Own-child,White,Male,United-States,<=50K
26,211435,9,0,0,40,Private,HS-grad,Never-married,Machine-op-inspct,Unmarried,White,Female,United-States,<=50K
41,268183,15,0,0,45,Private,Prof-school,Married-civ-spouse,Prof-specialty,Husband,White,Male,United-States,>50K
25,120268,13,0,0,70,Private,Bachelors,Never-married,Prof-specialty,Own-child,White,Male,United-States,<=50K
65,111916,9,0,0,40,MISSING,HS-grad,Married-civ-spouse,MISSING,Husband,White,Male,United-States,<=50K
38,182526,13,0,0,40,Private,Bachelors,Married-spouse-absent,Prof-specialty,Not-in-family,White,Female,United-States,<=50K
71,422149,10,20051,0,40,Federal-gov,Some-college,Married-civ-spouse,Exec-managerial,Husband,White,Male,United-States,>50K
34,199934,10,0,0,40,Federal-gov,Some-college,Married-civ-spouse,Adm-clerical,Husband,Black,Male,United-States,>50K
40,117860,9,0,0,40,Private,HS-grad,Divorced,Other-service,Not-in-family,Black,Male,United-States,<=50K
51,133461,10,0,0,40,Private,Some-college,Married-civ-spouse,Exec-managerial,Husband,White,Male,United-States,<=50K
41,202168,10,0,0,60,Private,Some-college,Married-civ-spouse,Exec-managerial,Husband,White,Male,United-States,>50K
19,323421,10,0,0,20,Private,Some-college,Never-married,Handlers-cleaners,Own-child,White,Male,United-States,<=50K
18,285013,9,0,0,10,Private,HS-grad,Never-married,Sales,Own-child,White,Male,United-States,<=50K
51,138852,9,7298,0,40,Private,HS-grad,Married-civ-spouse,Other-service,Husband,White,Male,El-Salvador,>50K
37,173780,10,0,0,30,State-gov,Some-college,Divorced,Prof-specialty,Unmarried,White,Female,United-States,<=50K
43,170721,10,0,0,20,Self-emp-not-inc,Some-college,Married-civ-spouse,Craft-repair,Husband,White,Male,United-States,<=50K
19,164320,9,0,0,40,Private,HS-grad,Never-married,Transport-moving,Own-child,White,Male,United-States,<=50K
23,227594,13,0,0,38,Private,Bachelors,Never-married,Prof-specialty,Own-child,White,Female,United-States,<=50K
23,245147,10,0,0,40,Private,Some-college,Never-married,Handlers-cleaners,Own-child,Black,Male,United-States,<=50K
32,117779,9,0,0,35,Private,HS-grad,Never-married,Transport-moving,Own-child,White,Female,United-States,<=50K
40,90222,10,0,0,40,Private,Some-college,Never-married,Sales,Not-in-family,White,Female,United-States,<=50K
66,140456,13,0,0,40,Self-emp-not-inc,Bachelors,Married-civ-spouse,Sales,Husband,White,Male,United-States,>50K
64,203783,9,0,0,8,Private,HS-grad,Widowed,Adm-clerical,Unmarried,White,Female,United-States,<=50K
40,144594,9,2829,0,40,Private,HS-grad,Married-civ-spouse,Adm-clerical,Husband,White,Male,United-States,<=50K
45,142719,9,0,0,40,Self-emp-inc,HS-grad,Married-civ-spouse,Sales,Husband,White,Male,United-States,<=50K
64,212838,9,0,0,65,Private,HS-grad,Married-civ-spouse,Sales,Husband,White,Male,United-States,>50K
37,172256,10,0,0,20,MISSING,Some-college,Married-civ-spouse,MISSING,Husband,White,Male,United-States,<=50K
40,353142,10,0,0,40,Private,Some-college,Divorced,Machine-op-inspct,Unmarried,Black,Female,United-States,<=50K
28,205337,9,0,0,40,Private,HS-grad,Married-civ-spouse,Craft-repair,Husband,White,Male,United-States,<=50K
36,189674,9,0,0,28,Private,HS-grad,Never-married,Priv-house-serv,Unmarried,Black,Female,MISSING,<=50K
54,102828,9,0,0,49,Private,HS-grad,Married-civ-spouse,Craft-repair,Husband,White,Male,United-States,<=50K
29,112847,11,7298,0,32,Private,Assoc-voc,Married-civ-spouse,Craft-repair,Husband,Asian-Pac-Islander,Male,United-States,>50K
32,129020,9,0,0,40,Private,HS-grad,Married-civ-spouse,Exec-managerial,Husband,White,Male,United-States,<=50K
44,174675,9,0,0,40,State-gov,HS-grad,Married-civ-spouse,Prof-specialty,Wife,White,Female,United-States,>50K
23,224059,9,0,0,40,Private,HS-grad,Married-civ-spouse,Machine-op-inspct,Husband,White,Male,United-States,<=50K
38,104089,11,0,0,40,Private,Assoc-voc,Never-married,Craft-repair,Own-child,White,Male,United-States,<=50K
45,172822,9,0,0,52,Private,HS-grad,Married-civ-spouse,Machine-op-inspct,Husband,White,Male,United-States,>50K
33,169973,11,0,0,40,Private,Assoc-voc,Separated,Protective-serv,Not-in-family,White,Female,United-States,<=50K
30,232356,13,0,0,40,Private,Bachelors,Married-civ-spouse,Exec-managerial,Husband,White,Male,United-States,>50K
39,70240,10,0,0,40,Private,Some-college,Married-civ-spouse,Sales,Wife,Asian-Pac-Islander,Female,Philippines,<=50K
56,53366,7,0,0,20,Self-emp-not-inc,11th,Married-civ-spouse,Craft-repair,Husband,White,Male,United-States,<=50K
32,375833,7,0,0,40,Private,11th,Never-married,Craft-repair,Other-relative,White,Male,United-States,<=50K
19,279968,9,0,0,42,Private,HS-grad,Never-married,Adm-clerical,Not-in-family,White,Female,United-States,<=50K
17,234780,9,0,0,40,Private,HS-grad,Never-married,Farming-fishing,Own-child,Black,Male,United-States,<=50K
41,36651,14,0,1848,40,Federal-gov,Masters,Married-civ-spouse,Exec-managerial,Husband,White,Male,United-States,>50K
37,187589,9,5178,0,40,Private,HS-grad,Married-civ-spouse,Handlers-cleaners,Husband,White,Male,United-States,>50K
26,163189,9,0,0,40,Self-emp-not-inc,HS-grad,Never-married,Sales,Own-child,White,Male,United-States,<=50K
30,194901,9,0,0,40,Private,HS-grad,Never-married,Sales,Other-relative,White,Male,United-States,<=50K
41,495061,16,99999,0,70,Self-emp-inc,Doctorate,Married-civ-spouse,Prof-specialty,Husband,White,Male,United-States,>50K
58,100960,5,0,0,40,Private,9th,Married-civ-spouse,Handlers-cleaners,Husband,White,Male,United-States,<=50K
55,95149,10,0,0,99,Self-emp-not-inc,Some-college,Married-civ-spouse,Transport-moving,Husband,White,Male,United-States,<=50K
37,359001,11,15024,0,50,Private,Assoc-voc,Married-civ-spouse,Transport-moving,Husband,White,Male,United-States,>50K
30,86808,13,0,0,40,Private,Bachelors,Never-married,Prof-specialty,Other-relative,White,Female,United-States,<=50K
31,186787,9,0,0,42,Private,HS-grad,Never-married,Craft-repair,Own-child,White,Male,United-States,<=50K
21,182614,10,0,0,40,Private,Some-college,Never-married,Sales,Other-relative,White,Female,Poland,<=50K
25,419658,9,0,0,8,Private,HS-grad,Never-married,Other-service,Own-child,White,Female,United-States,<=50K
24,97212,12,0,0,40,Private,Assoc-acdm,Married-civ-spouse,Adm-clerical,Wife,White,Female,United-States,<=50K
34,186824,9,0,0,70,Private,HS-grad,Married-civ-spouse,Handlers-cleaners,Husband,White,Male,United-States,<=50K
30,345705,10,0,0,40,Private,Some-college,Married-civ-spouse,Exec-managerial,Other-relative,White,Male,United-States,<=50K
64,104756,10,0,0,8,MISSING,Some-college,Widowed,MISSING,Unmarried,White,Female,United-States,<=50K
33,520078,12,0,0,60,Self-emp-not-inc,Assoc-acdm,Divorced,Sales,Unmarried,Black,Male,United-States,<=50K
27,47907,13,0,0,48,Private,Bachelors,Never-married,Prof-specialty,Not-in-family,White,Female,United-States,<=50K
52,104280,10,0,0,50,State-gov,Some-college,Married-civ-spouse,Tech-support,Husband,White,Male,United-States,<=50K
47,159550,9,0,0,40,Private,HS-grad,Divorced,Adm-clerical,Not-in-family,Black,Female,United-States,<=50K
30,78980,11,0,0,40,Private,Assoc-voc,Married-civ-spouse,Machine-op-inspct,Husband,White,Male,United-States,>50K
50,400630,15,0,0,36,Private,Prof-school,Married-civ-spouse,Prof-specialty,Husband,White,Male,United-States,>50K
18,230373,7,594,0,4,Self-emp-not-inc,11th,Never-married,Other-service,Own-child,White,Female,United-States,<=50K
44,126199,10,1831,0,50,Private,Some-college,Divorced,Transport-moving,Unmarried,White,Male,United-States,<=50K
23,113466,9,0,0,40,Private,HS-grad,Never-married,Craft-repair,Not-in-family,White,Male,United-States,<=50K
78,83511,4,0,0,40,MISSING,7th-8th,Married-civ-spouse,MISSING,Husband,White,Male,Portugal,<=50K
39,706180,13,0,0,40,Private,Bachelors,Divorced,Sales,Unmarried,White,Female,United-States,<=50K
23,214227,11,0,0,30,Private,Assoc-voc,Divorced,Adm-clerical,Not-in-family,White,Female,United-States,<=50K
34,227359,10,0,0,42,Private,Some-college,Married-civ-spouse,Other-service,Husband,White,Male,United-States,<=50K
51,88528,12,0,0,99,Self-emp-not-inc,Assoc-acdm,Divorced,Exec-managerial,Unmarried,White,Female,United-States,<=50K
22,216134,10,0,0,40,Private,Some-college,Never-married,Sales,Own-child,Black,Female,United-States,<=50K
21,226145,10,0,0,30,Private,Some-college,Never-married,Handlers-cleaners,Own-child,White,Male,United-States,<=50K
20,247794,11,0,0,35,Local-gov,Assoc-voc,Never-married,Adm-clerical,Own-child,White,Female,United-States,<=50K
39,206520,9,0,0,45,Private,HS-grad,Never-married,Adm-clerical,Not-in-family,White,Male,United-States,<=50K
20,216472,10,0,0,25,Private,Some-college,Never-married,Sales,Own-child,White,Female,United-States,<=50K
54,439608,10,0,0,40,Federal-gov,Some-college,Divorced,Adm-clerical,Not-in-family,White,Female,United-States,<=50K
25,557082,9,0,0,38,Private,HS-grad,Never-married,Adm-clerical,Not-in-family,White,Female,United-States,<=50K
23,203715,9,0,0,40,Private,HS-grad,Never-married,Farming-fishing,Own-child,White,Male,United-States,<=50K
36,58602,3,0,0,35,Private,5th-6th,Never-married,Other-service,Not-in-family,White,Male,United-States,<=50K
20,36235,12,0,0,40,Private,Assoc-acdm,Never-married,Adm-clerical,Not-in-family,White,Female,United-States,<=50K
58,285885,5,0,0,40,Private,9th,Divorced,Other-service,Unmarried,White,Female,United-States,<=50K
39,87556,14,6849,0,40,Private,Masters,Never-married,Prof-specialty,Not-in-family,White,Male,United-States,<=50K
45,182313,13,7688,0,50,Private,Bachelors,Married-civ-spouse,Exec-managerial,Husband,White,Male,United-States,>50K
43,410867,16,0,0,50,Federal-gov,Doctorate,Never-married,Prof-specialty,Not-in-family,White,Female,United-States,>50K
23,233711,9,0,0,50,Private,HS-grad,Married-civ-spouse,Other-service,Husband,White,Male,United-States,<=50K
59,398626,16,25236,0,45,State-gov,Doctorate,Divorced,Prof-specialty,Unmarried,White,Male,United-States,>50K
36,358682,13,0,0,50,Private,Bachelors,Never-married,Exec-managerial,Other-relative,White,Male,MISSING,<=50K
31,325658,9,0,0,40,Private,HS-grad,Divorced,Craft-repair,Unmarried,White,Male,United-States,<=50K
80,86111,16,0,0,30,Private,Doctorate,Married-civ-spouse,Prof-specialty,Husband,White,Male,United-States,<=50K
48,174533,7,0,0,40,MISSING,11th,Separated,MISSING,Unmarried,White,Male,United-States,<=50K
21,195248,10,0,0,20,Private,Some-college,Never-married,Sales,Own-child,Other,Female,United-States,<=50K
31,318647,7,0,0,40,Private,11th,Never-married,Craft-repair,Not-in-family,White,Male,United-States,<=50K
42,225193,9,0,0,40,Private,HS-grad,Married-civ-spouse,Craft-repair,Husband,White,Male,United-States,<=50K
55,174478,6,0,0,29,Private,10th,Never-married,Other-service,Not-in-family,White,Male,United-States,<=50K
62,41718,6,0,0,35,Private,10th,Married-civ-spouse,Sales,Husband,White,Male,United-States,<=50K
28,24153,6,0,0,40,Federal-gov,10th,Married-civ-spouse,Other-service,Wife,Amer-Indian-Eskimo,Female,United-States,<=50K
21,197583,10,0,0,20,Private,Some-college,Never-married,Adm-clerical,Own-child,White,Female,United-States,<=50K
46,219962,13,7298,0,40,Self-emp-inc,Bachelors,Married-civ-spouse,Machine-op-inspct,Husband,White,Male,MISSING,>50K
19,164585,9,0,0,40,Private,HS-grad,Never-married,Machine-op-inspct,Own-child,White,Female,United-States,<=50K
23,224954,10,0,0,25,Private,Some-college,Never-married,Machine-op-inspct,Own-child,White,Male,United-States,<=50K
33,129707,13,0,0,60,Private,Bachelors,Never-married,Adm-clerical,Not-in-family,White,Male,United-States,>50K
57,366563,10,0,0,40,MISSING,Some-college,Divorced,MISSING,Not-in-family,White,Female,United-States,<=50K
57,264148,9,0,0,45,Self-emp-not-inc,HS-grad,Married-civ-spouse,Farming-fishing,Husband,White,Male,United-States,<=50K
47,160440,13,0,0,55,Private,Bachelors,Married-civ-spouse,Sales,Husband,White,Male,United-States,>50K
45,123681,9,0,0,40,Private,HS-grad,Married-civ-spouse,Sales,Husband,White,Male,United-States,>50K
30,27207,7,0,0,45,Private,11th,Married-civ-spouse,Craft-repair,Husband,White,Male,United-States,<=50K
52,254285,16,0,1887,70,State-gov,Doctorate,Married-civ-spouse,Prof-specialty,Husband,White,Male,Germany,>50K
33,41610,13,0,0,40,Private,Bachelors,Married-civ-spouse,Prof-specialty,Husband,White,Male,United-States,<=50K
27,208725,12,0,0,42,Private,Assoc-acdm,Never-married,Sales,Not-in-family,White,Male,United-States,<=50K
25,144259,9,0,0,50,Private,HS-grad,Never-married,Craft-repair,Own-child,Black,Male,United-States,<=50K
24,43387,13,0,0,55,Private,Bachelors,Married-civ-spouse,Exec-managerial,Husband,White,Male,England,>50K
41,115411,10,2174,0,45,Private,Some-college,Divorced,Sales,Own-child,White,Male,United-States,<=50K
29,102345,10,0,0,52,Private,Some-college,Never-married,Tech-support,Not-in-family,White,Male,United-States,<=50K
45,277434,12,0,0,40,Private,Assoc-acdm,Widowed,Tech-support,Unmarried,White,Male,United-States,>50K
29,37933,10,2174,0,40,Federal-gov,Some-college,Never-married,Adm-clerical,Unmarried,Black,Female,United-States,<=50K
51,199005,13,0,0,40,Self-emp-not-inc,Bachelors,Married-civ-spouse,Exec-managerial,Wife,White,Female,United-States,>50K
29,144808,10,0,0,40,Private,Some-college,Married-civ-spouse,Exec-managerial,Own-child,Black,Female,United-States,<=50K
25,120238,7,5178,0,40,Private,11th,Married-civ-spouse,Transport-moving,Husband,White,Male,Poland,>50K
27,101618,9,0,0,50,Private,HS-grad,Married-civ-spouse,Exec-managerial,Husband,White,Male,United-States,<=50K
25,108301,9,0,0,20,Private,HS-grad,Separated,Other-service,Unmarried,White,Female,United-States,<=50K
52,334273,16,99999,0,65,Self-emp-inc,Doctorate,Married-civ-spouse,Prof-specialty,Husband,White,Male,United-States,>50K
35,207568,6,0,0,40,Private,10th,Never-married,Other-service,Own-child,White,Male,United-States,<=50K
29,124680,13,13550,0,35,Private,Bachelors,Never-married,Sales,Not-in-family,White,Female,United-States,>50K
25,153841,10,0,0,40,Private,Some-college,Never-married,Adm-clerical,Own-child,White,Female,United-States,<=50K
31,113838,9,0,0,45,Private,HS-grad,Married-civ-spouse,Machine-op-inspct,Husband,White,Male,United-States,<=50K
40,506329,16,0,0,40,State-gov,Doctorate,Married-civ-spouse,Prof-specialty,Husband,Asian-Pac-Islander,Male,Taiwan,>50K
33,115488,13,0,0,50,Local-gov,Bachelors,Married-civ-spouse,Prof-specialty,Husband,White,Male,United-States,<=50K
44,252930,6,0,0,42,Private,10th,Divorced,Adm-clerical,Unmarried,Other,Female,United-States,<=50K
33,207201,9,0,0,55,Private,HS-grad,Married-civ-spouse,Machine-op-inspct,Husband,White,Male,United-States,>50K
53,94081,13,0,0,44,Private,Bachelors,Married-civ-spouse,Exec-managerial,Husband,White,Male,United-States,>50K
58,49884,9,0,0,50,Self-emp-not-inc,HS-grad,Married-civ-spouse,Farming-fishing,Husband,White,Male,United-States,<=50K
42,144778,9,0,0,50,Private,HS-grad,Married-civ-spouse,Craft-repair,Husband,White,Male,United-States,<=50K
27,198188,9,2580,0,45,Private,HS-grad,Married-civ-spouse,Adm-clerical,Husband,White,Male,United-States,<=50K
20,188950,10,0,0,25,Local-gov,Some-college,Never-married,Protective-serv,Own-child,White,Male,United-States,<=50K
41,147110,9,0,0,25,Self-emp-not-inc,HS-grad,Married-civ-spouse,Machine-op-inspct,Husband,White,Male,United-States,<=50K
39,680390,9,0,0,24,Private,HS-grad,Separated,Machine-op-inspct,Unmarried,White,Female,United-States,<=50K
64,110150,9,0,0,40,Private,HS-grad,Married-civ-spouse,Protective-serv,Husband,White,Male,United-States,<=50K
76,316185,4,0,0,12,Private,7th-8th,Widowed,Protective-serv,Not-in-family,White,Female,United-States,<=50K
29,241431,9,0,0,45,Self-emp-not-inc,HS-grad,Never-married,Craft-repair,Not-in-family,White,Male,United-States,<=50K
60,313946,9,0,0,40,State-gov,HS-grad,Married-civ-spouse,Other-service,Husband,White,Male,United-States,<=50K
56,52953,16,0,1669,38,Local-gov,Doctorate,Divorced,Prof-specialty,Not-in-family,White,Female,United-States,<=50K
51,237819,13,0,0,50,Federal-gov,Bachelors,Married-civ-spouse,Prof-specialty,Husband,White,Male,United-States,>50K
40,79531,13,0,0,75,Private,Bachelors,Married-civ-spouse,Exec-managerial,Husband,White,Male,United-States,>50K
29,229729,9,0,0,40,Private,HS-grad,Never-married,Transport-moving,Not-in-family,White,Male,United-States,<=50K
30,426017,7,0,0,19,Private,11th,Never-married,Other-service,Own-child,White,Female,United-States,<=50K
26,136309,13,0,0,40,Private,Bachelors,Never-married,Other-service,Not-in-family,White,Male,United-States,<=50K
45,122206,9,0,0,40,Private,HS-grad,Married-civ-spouse,Transport-moving,Husband,White,Male,United-States,<=50K
24,32921,10,0,0,50,Private,Some-college,Never-married,Farming-fishing,Own-child,White,Male,United-States,<=50K
42,196797,9,0,0,38,Private,HS-grad,Never-married,Transport-moving,Unmarried,Black,Female,United-States,<=50K
36,37778,10,0,0,40,Private,Some-college,Married-civ-spouse,Exec-managerial,Husband,White,Male,United-States,<=50K
27,155057,10,0,0,50,Private,Some-college,Married-civ-spouse,Prof-specialty,Husband,White,Male,United-States,>50K
36,180667,9,0,1887,60,Private,HS-grad,Married-civ-spouse,Craft-repair,Husband,White,Male,United-States,>50K
32,313729,9,0,0,40,Private,HS-grad,Married-civ-spouse,Adm-clerical,Husband,White,Male,United-States,<=50K
35,297767,10,0,0,40,Private,Some-college,Separated,Adm-clerical,Not-in-family,Black,Male,United-States,<=50K
43,56063,13,0,0,60,Federal-gov,Bachelors,Married-civ-spouse,Sales,Husband,White,Male,United-States,<=50K
33,228696,2,0,2603,32,Private,1st-4th,Married-civ-spouse,Craft-repair,Not-in-family,White,Male,Mexico,<=50K
52,256861,13,0,0,50,Private,Bachelors,Married-civ-spouse,Exec-managerial,Husband,White,Male,United-States,<=50K
42,177307,15,0,0,65,Self-emp-not-inc,Prof-school,Married-civ-spouse,Farming-fishing,Husband,White,Male,United-States,>50K
21,154835,10,0,0,40,Private,Some-college,Never-married,Adm-clerical,Own-child,Asian-Pac-Islander,Female,Vietnam,<=50K
41,174491,9,0,0,40,Local-gov,HS-grad,Separated,Other-service,Unmarried,Black,Female,United-States,<=50K
19,29250,10,0,0,10,Private,Some-college,Never-married,Prof-specialty,Own-child,White,Male,United-States,<=50K
38,176101,13,0,0,40,Private,Bachelors,Married-civ-spouse,Exec-managerial,Husband,White,Male,United-States,<=50K
27,114967,5,0,0,40,Private,9th,Married-civ-spouse,Craft-repair,Husband,White,Male,United-States,<=50K
17,333100,6,1055,0,30,MISSING,10th,Never-married,MISSING,Own-child,White,Male,United-States,<=50K
41,160837,7,0,0,40,Private,11th,Married-spouse-absent,Machine-op-inspct,Not-in-family,White,Male,Guatemala,<=50K
41,219155,15,0,0,50,Federal-gov,Prof-school,Married-civ-spouse,Prof-specialty,Husband,White,Male,India,>50K
47,302711,7,0,0,40,Private,11th,Divorced,Adm-clerical,Unmarried,White,Female,United-States,<=50K
29,168221,13,0,1740,70,Self-emp-inc,Bachelors,Married-civ-spouse,Exec-managerial,Husband,White,Male,United-States,<=50K
25,257310,9,0,0,40,Private,HS-grad,Never-married,Machine-op-inspct,Not-in-family,White,Male,United-States,<=50K
29,114158,13,3325,0,10,Private,Bachelors,Never-married,Exec-managerial,Own-child,White,Female,United-States,<=50K
39,193689,9,0,0,65,Self-emp-not-inc,HS-grad,Never-married,Exec-managerial,Not-in-family,White,Male,United-States,<=50K
53,29658,9,0,0,40,Private,HS-grad,Married-civ-spouse,Craft-repair,Husband,White,Male,United-States,>50K
40,270324,11,0,0,30,State-gov,Assoc-voc,Married-civ-spouse,Other-service,Husband,Black,Male,United-States,<=50K
60,56248,10,0,0,40,Private,Some-college,Married-civ-spouse,Sales,Husband,White,Male,United-States,<=50K
34,176831,13,0,0,40,Private,Bachelors,Divorced,Prof-specialty,Unmarried,White,Female,United-States,>50K
40,157240,14,15024,0,30,Self-emp-inc,Masters,Married-civ-spouse,Exec-managerial,Wife,White,Female,Iran,>50K
30,147596,10,0,0,40,Private,Some-college,Divorced,Adm-clerical,Unmarried,Black,Female,United-States,<=50K
23,419394,10,0,0,9,Private,Some-college,Never-married,Sales,Own-child,Black,Male,United-States,<=50K
65,208452,10,0,0,35,Self-emp-inc,Some-college,Married-civ-spouse,Sales,Husband,White,Male,United-States,>50K
21,73679,10,0,0,40,Private,Some-college,Never-married,Exec-managerial,Own-child,White,Female,United-States,<=50K
35,142282,10,0,0,25,Private,Some-college,Separated,Other-service,Unmarried,White,Female,United-States,<=50K
49,211005,10,0,0,60,Private,Some-college,Married-civ-spouse,Machine-op-inspct,Husband,Black,Male,United-States,<=50K
57,286836,6,0,0,8,Self-emp-not-inc,10th,Married-civ-spouse,Craft-repair,Husband,White,Male,United-States,<=50K
58,34788,10,0,1887,40,Private,Some-college,Married-civ-spouse,Sales,Husband,White,Male,United-States,>50K
38,193815,12,0,0,55,Private,Assoc-acdm,Married-civ-spouse,Exec-managerial,Husband,White,Male,Italy,<=50K
28,369114,9,0,0,40,Private,HS-grad,Separated,Sales,Other-relative,White,Female,United-States,<=50K
40,30759,11,0,0,60,Self-emp-not-inc,Assoc-voc,Married-civ-spouse,Farming-fishing,Husband,White,Male,United-States,<=50K
67,174603,9,0,0,35,Private,HS-grad,Never-married,Exec-managerial,Not-in-family,White,Female,United-States,<=50K
36,161141,12,0,0,40,Private,Assoc-acdm,Married-civ-spouse,Prof-specialty,Husband,White,Male,United-States,<=50K
63,391121,4,0,0,30,Self-emp-not-inc,7th-8th,Married-civ-spouse,Farming-fishing,Husband,White,Male,United-States,<=50K
31,165949,9,0,0,40,Private,HS-grad,Divorced,Other-service,Unmarried,White,Female,United-States,<=50K
35,36270,9,0,0,60,Private,HS-grad,Divorced,Craft-repair,Not-in-family,White,Male,United-States,<=50K
54,231482,13,0,0,40,Private,Bachelors,Married-civ-spouse,Exec-managerial,Husband,White,Male,United-States,<=50K
30,284395,9,0,0,50,Private,HS-grad,Married-civ-spouse,Craft-repair,Husband,White,Male,United-States,<=50K
38,405284,13,0,0,35,Private,Bachelors,Never-married,Other-service,Own-child,White,Female,United-States,<=50K
61,84409,9,0,0,35,Self-emp-inc,HS-grad,Married-civ-spouse,Exec-managerial,Husband,White,Male,United-States,>50K
33,136331,9,0,0,50,Private,HS-grad,Married-spouse-absent,Craft-repair,Unmarried,White,Male,United-States,<=50K
58,172333,9,7688,0,40,Private,HS-grad,Married-civ-spouse,Sales,Husband,White,Male,United-States,>50K
35,170174,9,7298,0,60,Self-emp-not-inc,HS-grad,Married-civ-spouse,Craft-repair,Husband,White,Male,United-States,>50K
49,122177,10,0,0,40,State-gov,Some-college,Married-civ-spouse,Machine-op-inspct,Husband,White,Male,United-States,>50K
45,183710,9,0,0,48,State-gov,HS-grad,Divorced,Transport-moving,Not-in-family,White,Male,United-States,<=50K
18,200603,9,0,0,30,Private,HS-grad,Never-married,Adm-clerical,Other-relative,White,Female,United-States,<=50K
24,34568,11,0,0,40,Private,Assoc-voc,Never-married,Transport-moving,Not-in-family,White,Male,United-States,<=50K
47,151584,15,7688,0,60,Private,Prof-school,Married-civ-spouse,Exec-managerial,Husband,White,Male,United-States,>50K
31,226624,5,0,0,60,Self-emp-not-inc,9th,Married-civ-spouse,Craft-repair,Husband,White,Male,United-States,<=50K
24,192766,9,0,0,40,Private,HS-grad,Married-civ-spouse,Handlers-cleaners,Husband,White,Male,United-States,<=50K
24,241185,9,0,0,48,Private,HS-grad,Never-married,Sales,Not-in-family,White,Female,United-States,<=50K
38,165848,13,0,0,44,Private,Bachelors,Married-civ-spouse,Sales,Husband,White,Male,United-States,<=50K
36,344351,9,0,0,40,Self-emp-not-inc,HS-grad,Never-married,Transport-moving,Own-child,White,Male,United-States,<=50K
58,112945,15,27828,0,40,Self-emp-inc,Prof-school,Never-married,Prof-specialty,Not-in-family,White,Male,United-States,>50K
30,324120,9,0,0,50,Private,HS-grad,Married-civ-spouse,Handlers-cleaners,Husband,White,Male,United-States,<=50K
46,456062,16,0,2415,55,Private,Doctorate,Married-civ-spouse,Prof-specialty,Husband,White,Male,United-States,>50K
37,136028,11,0,0,40,Private,Assoc-voc,Married-civ-spouse,Other-service,Husband,White,Male,United-States,<=50K
52,74024,14,0,0,45,Private,Masters,Married-civ-spouse,Prof-specialty,Husband,White,Male,United-States,>50K
44,201742,13,0,2415,50,Self-emp-not-inc,Bachelors,Married-civ-spouse,Exec-managerial,Husband,White,Male,United-States,>50K
51,104748,10,0,0,45,Private,Some-college,Married-civ-spouse,Exec-managerial,Husband,White,Male,United-States,<=50K
56,193818,5,0,0,40,Private,9th,Divorced,Craft-repair,Not-in-family,White,Male,United-States,<=50K
67,160456,7,0,0,40,Private,11th,Widowed,Other-service,Not-in-family,White,Female,United-States,<=50K
43,55294,10,0,0,40,Private,Some-college,Married-civ-spouse,Craft-repair,Husband,White,Male,United-States,<=50K
33,357691,14,0,0,40,State-gov,Masters,Married-civ-spouse,Protective-serv,Husband,Black,Male,United-States,<=50K
26,213081,9,0,0,40,Private,HS-grad,Never-married,Adm-clerical,Unmarried,Black,Female,Jamaica,<=50K
48,160724,13,0,0,40,Self-emp-not-inc,Bachelors,Married-civ-spouse,Exec-managerial,Husband,Asian-Pac-Islander,Male,Japan,<=50K
52,153751,5,0,0,30,Private,9th,Separated,Other-service,Not-in-family,Black,Female,United-States,<=50K
30,54608,10,0,0,48,Private,Some-college,Married-civ-spouse,Machine-op-inspct,Husband,White,Male,United-States,<=50K
40,145160,16,0,0,40,Private,Doctorate,Married-civ-spouse,Prof-specialty,Husband,White,Male,United-States,>50K
43,75742,9,0,0,40,Private,HS-grad,Married-civ-spouse,Machine-op-inspct,Husband,White,Male,United-States,<=50K
25,35829,10,0,0,50,MISSING,Some-college,Divorced,MISSING,Unmarried,White,Female,United-States,<=50K
45,348854,10,0,0,27,Private,Some-college,Separated,Adm-clerical,Unmarried,White,Female,United-States,<=50K
74,92298,13,0,0,10,Self-emp-not-inc,Bachelors,Married-civ-spouse,Exec-managerial,Husband,White,Male,United-States,<=50K
32,43403,10,0,1590,54,Private,Some-college,Divorced,Farming-fishing,Not-in-family,White,Female,United-States,<=50K
29,87905,9,10520,0,40,Private,HS-grad,Divorced,Other-service,Not-in-family,White,Male,United-States,>50K
56,112840,9,0,0,55,Private,HS-grad,Married-civ-spouse,Exec-managerial,Husband,White,Male,United-States,>50K
40,105936,9,5013,0,20,Private,HS-grad,Married-civ-spouse,Sales,Wife,White,Female,United-States,<=50K
36,408427,15,0,0,60,Self-emp-not-inc,Prof-school,Married-civ-spouse,Prof-specialty,Husband,White,Male,United-States,>50K
28,215955,13,3103,0,40,Private,Bachelors,Married-civ-spouse,Exec-managerial,Husband,White,Male,United-States,>50K
23,211527,10,0,0,60,Private,Some-college,Never-married,Handlers-cleaners,Own-child,White,Male,United-States,<=50K
47,155664,14,99999,0,55,Private,Masters,Married-civ-spouse,Exec-managerial,Husband,White,Male,United-States,>50K
42,109912,12,0,0,40,MISSING,Assoc-acdm,Never-married,MISSING,Other-relative,White,Female,United-States,<=50K
87,90338,9,0,0,2,MISSING,HS-grad,Widowed,MISSING,Not-in-family,White,Male,United-States,<=50K
50,548361,13,0,0,20,Private,Bachelors,Married-civ-spouse,Tech-support,Husband,White,Male,United-States,>50K
22,369387,7,0,0,35,Private,11th,Married-civ-spouse,Craft-repair,Husband,White,Male,United-States,<=50K
26,53209,9,0,0,40,Private,HS-grad,Never-married,Other-service,Own-child,White,Male,United-States,<=50K
51,386773,13,0,0,55,Private,Bachelors,Never-married,Sales,Not-in-family,White,Male,United-States,>50K
38,188612,10,0,0,45,Local-gov,Some-college,Married-civ-spouse,Craft-repair,Husband,White,Male,United-States,<=50K
32,134737,13,99999,0,50,Private,Bachelors,Married-civ-spouse,Prof-specialty,Husband,White,Male,United-States,>50K
62,113080,4,0,0,40,Private,7th-8th,Divorced,Craft-repair,Own-child,White,Male,United-States,<=50K
25,177625,9,0,0,40,Private,HS-grad,Never-married,Machine-op-inspct,Not-in-family,White,Male,United-States,<=50K
45,45857,9,0,0,28,Private,HS-grad,Divorced,Adm-clerical,Not-in-family,White,Female,United-States,<=50K
24,138938,10,0,0,40,Private,Some-college,Divorced,Adm-clerical,Not-in-family,White,Female,United-States,<=50K
20,137895,9,0,0,45,Private,HS-grad,Married-civ-spouse,Sales,Husband,White,Male,United-States,<=50K
58,31732,10,0,0,45,Private,Some-college,Married-civ-spouse,Sales,Husband,White,Male,United-States,>50K
64,144182,9,0,0,23,Private,HS-grad,Widowed,Prof-specialty,Not-in-family,White,Female,United-States,<=50K
26,188767,9,0,0,40,Private,HS-grad,Never-married,Handlers-cleaners,Not-in-family,White,Male,United-States,<=50K
49,277434,9,0,0,50,Private,HS-grad,Married-civ-spouse,Transport-moving,Husband,White,Male,United-States,<=50K
60,238913,13,0,0,46,Private,Bachelors,Married-civ-spouse,Sales,Husband,White,Male,United-States,>50K
42,139126,9,0,0,40,Private,HS-grad,Divorced,Transport-moving,Not-in-family,White,Male,United-States,<=50K
39,85566,13,0,0,40,State-gov,Bachelors,Married-civ-spouse,Prof-specialty,Husband,White,Male,United-States,<=50K
19,220001,10,0,0,50,Private,Some-college,Never-married,Farming-fishing,Own-child,White,Male,United-States,<=50K
47,107231,12,0,1672,65,Self-emp-not-inc,Assoc-acdm,Married-civ-spouse,Craft-repair,Husband,White,Male,United-States,<=50K
22,189277,9,0,0,40,Private,HS-grad,Never-married,Machine-op-inspct,Unmarried,Black,Female,United-States,<=50K
35,127930,9,0,0,60,Self-emp-not-inc,HS-grad,Married-spouse-absent,Farming-fishing,Not-in-family,White,Male,United-States,<=50K
35,184655,9,0,0,62,Self-emp-inc,HS-grad,Married-civ-spouse,Sales,Husband,White,Male,United-States,<=50K
38,30916,12,0,0,60,Self-emp-not-inc,Assoc-acdm,Married-civ-spouse,Sales,Husband,White,Male,United-States,<=50K
44,191256,9,0,0,65,Private,HS-grad,Married-civ-spouse,Transport-moving,Husband,White,Male,United-States,>50K
27,191628,9,2174,0,40,Private,HS-grad,Never-married,Transport-moving,Not-in-family,Black,Male,United-States,<=50K
43,180096,11,0,0,50,Private,Assoc-voc,Married-civ-spouse,Craft-repair,Husband,White,Male,United-States,>50K
47,175958,15,0,0,45,Private,Prof-school,Married-civ-spouse,Sales,Husband,White,Male,United-States,>50K
23,117480,6,0,0,44,Private,10th,Never-married,Craft-repair,Own-child,White,Male,United-States,<=50K
21,149809,9,0,0,24,Private,HS-grad,Never-married,Farming-fishing,Own-child,White,Male,United-States,<=50K
28,107411,9,0,0,45,Private,HS-grad,Never-married,Exec-managerial,Not-in-family,White,Female,United-States,<=50K
44,174283,13,0,0,50,Private,Bachelors,Married-civ-spouse,Sales,Husband,White,Male,United-States,>50K
35,258339,15,0,0,55,Private,Prof-school,Married-civ-spouse,Prof-specialty,Husband,White,Male,United-States,>50K
39,85874,9,0,0,40,State-gov,HS-grad,Divorced,Adm-clerical,Unmarried,White,Female,United-States,<=50K
36,337039,12,14344,0,40,Private,Assoc-acdm,Never-married,Tech-support,Not-in-family,Black,Male,England,>50K
39,150057,10,0,0,55,Private,Some-college,Married-civ-spouse,Craft-repair,Husband,White,Male,United-States,>50K
20,224640,10,0,0,40,Private,Some-college,Never-married,Adm-clerical,Own-child,White,Female,United-States,<=50K
45,145637,10,0,0,48,Private,Some-college,Divorced,Adm-clerical,Unmarried,White,Female,United-States,<=50K
53,22978,14,0,0,50,Private,Masters,Married-civ-spouse,Exec-managerial,Wife,White,Female,United-States,>50K
44,54611,10,0,0,50,Private,Some-college,Divorced,Machine-op-inspct,Not-in-family,White,Male,United-States,<=50K
29,212588,10,0,0,65,Without-pay,Some-college,Married-civ-spouse,Farming-fishing,Own-child,White,Male,United-States,<=50K
26,183171,7,1055,0,32,Private,11th,Never-married,Other-service,Own-child,Black,Male,United-States,<=50K
27,37088,5,0,0,30,Private,9th,Never-married,Other-service,Own-child,White,Male,United-States,<=50K
33,221324,9,0,0,40,Private,HS-grad,Never-married,Machine-op-inspct,Unmarried,Black,Female,United-States,<=50K
58,300623,9,0,0,40,State-gov,HS-grad,Divorced,Adm-clerical,Unmarried,White,Female,United-States,<=50K
57,342906,5,0,0,55,Private,9th,Married-civ-spouse,Sales,Husband,Black,Male,United-States,>50K
41,24763,9,7443,0,40,Private,HS-grad,Divorced,Transport-moving,Unmarried,White,Male,United-States,<=50K
41,238355,3,0,0,40,Private,5th-6th,Married-civ-spouse,Farming-fishing,Husband,White,Male,Mexico,<=50K
37,213841,10,0,0,50,Private,Some-college,Married-civ-spouse,Craft-repair,Husband,White,Male,United-States,>50K
29,22641,9,0,0,45,Private,HS-grad,Married-civ-spouse,Machine-op-inspct,Husband,Amer-Indian-Eskimo,Male,United-States,<=50K
47,328610,9,0,0,40,Local-gov,HS-grad,Married-civ-spouse,Craft-repair,Husband,White,Male,United-States,<=50K
70,262345,10,0,0,6,Private,Some-college,Never-married,Adm-clerical,Not-in-family,White,Female,United-States,<=50K
29,204862,12,0,0,36,Private,Assoc-acdm,Divorced,Prof-specialty,Not-in-family,White,Female,United-States,<=50K
21,169003,8,0,0,25,Federal-gov,12th,Never-married,Adm-clerical,Own-child,Black,Male,United-States,<=50K
31,158092,10,0,0,35,Local-gov,Some-college,Never-married,Adm-clerical,Own-child,White,Female,United-States,<=50K
23,213115,9,0,0,40,Private,HS-grad,Never-married,Adm-clerical,Own-child,Black,Female,United-States,<=50K
50,175804,9,0,0,48,Private,HS-grad,Married-civ-spouse,Sales,Husband,White,Male,United-States,<=50K
22,214399,10,0,0,30,Private,Some-college,Never-married,Sales,Own-child,White,Female,United-States,<=50K
26,150361,13,0,0,40,Private,Bachelors,Never-married,Prof-specialty,Not-in-family,White,Female,United-States,<=50K
29,60722,9,0,0,40,Private,HS-grad,Never-married,Exec-managerial,Not-in-family,Asian-Pac-Islander,Female,United-States,<=50K
44,222703,4,0,0,40,Private,7th-8th,Married-civ-spouse,Machine-op-inspct,Husband,Other,Male,Nicaragua,<=50K
18,187240,7,0,0,18,Private,11th,Never-married,Handlers-cleaners,Own-child,White,Male,United-States,<=50K
65,178934,9,0,0,20,Private,HS-grad,Widowed,Other-service,Unmarried,Black,Female,Jamaica,<=50K
44,326232,4,0,0,48,Private,7th-8th,Divorced,Handlers-cleaners,Not-in-family,White,Male,United-States,<=50K
51,24790,10,0,0,99,Self-emp-not-inc,Some-college,Married-civ-spouse,Exec-managerial,Husband,White,Male,United-States,>50K
20,186849,9,0,0,40,Private,HS-grad,Never-married,Transport-moving,Other-relative,White,Male,United-States,<=50K
32,127651,13,0,0,40,Federal-gov,Bachelors,Married-civ-spouse,Prof-specialty,Husband,White,Male,United-States,>50K
51,201560,13,0,0,40,Local-gov,Bachelors,Married-civ-spouse,Prof-specialty,Wife,White,Female,United-States,>50K
24,187397,10,1151,0,40,Local-gov,Some-college,Never-married,Protective-serv,Unmarried,Other,Male,United-States,<=50K
46,227310,10,0,0,40,Federal-gov,Some-college,Never-married,Adm-clerical,Unmarried,Black,Female,United-States,<=50K
47,115813,12,0,0,57,Private,Assoc-acdm,Separated,Adm-clerical,Unmarried,White,Female,United-States,<=50K
46,154430,14,0,0,50,Private,Masters,Divorced,Exec-managerial,Not-in-family,White,Female,United-States,>50K
29,152461,13,14344,0,50,Private,Bachelors,Never-married,Prof-specialty,Unmarried,White,Female,United-States,>50K
50,237819,9,0,0,40,Private,HS-grad,Married-civ-spouse,Transport-moving,Husband,White,Male,United-States,>50K
22,35663,9,0,0,40,Private,HS-grad,Never-married,Other-service,Not-in-family,White,Female,United-States,<=50K
51,246519,6,2105,0,45,Private,10th,Married-civ-spouse,Handlers-cleaners,Husband,White,Male,United-States,<=50K
38,354591,9,114,0,38,State-gov,HS-grad,Never-married,Other-service,Unmarried,Black,Female,United-States,<=50K
59,108496,14,0,0,45,Private,Masters,Married-civ-spouse,Exec-managerial,Husband,White,Male,United-States,>50K
39,160808,10,0,0,40,Self-emp-not-inc,Some-college,Married-civ-spouse,Other-service,Husband,Black,Male,United-States,<=50K
25,47353,6,0,0,40,Private,10th,Married-civ-spouse,Other-service,Wife,White,Female,United-States,<=50K
20,298635,10,0,0,30,Private,Some-college,Never-married,Sales,Own-child,Asian-Pac-Islander,Male,Philippines,<=50K
18,152004,7,0,0,20,Private,11th,Never-married,Other-service,Own-child,Black,Male,United-States,<=50K
22,214635,9,0,0,42,Private,HS-grad,Never-married,Machine-op-inspct,Not-in-family,White,Male,United-States,<=50K
26,290213,10,0,0,40,Private,Some-college,Separated,Farming-fishing,Own-child,White,Male,United-States,<=50K
30,137076,9,0,0,40,Private,HS-grad,Married-civ-spouse,Transport-moving,Husband,White,Male,United-States,>50K
22,223019,9,0,0,40,Private,HS-grad,Never-married,Adm-clerical,Not-in-family,White,Female,United-States,<=50K
27,340269,10,0,0,40,State-gov,Some-college,Never-married,Protective-serv,Not-in-family,White,Male,United-States,<=50K
40,198953,12,0,0,2,Self-emp-not-inc,Assoc-acdm,Never-married,Prof-specialty,Own-child,Black,Female,United-States,<=50K
64,341695,10,0,0,40,Federal-gov,Some-college,Married-civ-spouse,Adm-clerical,Wife,White,Female,United-States,>50K
23,175837,7,0,0,40,Private,11th,Never-married,Farming-fishing,Other-relative,White,Female,Puerto-Rico,<=50K
37,353298,9,99999,0,50,Self-emp-not-inc,HS-grad,Married-civ-spouse,Sales,Husband,White,Male,United-States,>50K
41,29762,9,0,0,52,Private,HS-grad,Married-civ-spouse,Craft-repair,Husband,White,Male,United-States,>50K
35,142874,12,0,0,36,Private,Assoc-acdm,Married-spouse-absent,Sales,Own-child,Black,Female,United-States,<=50K
41,227644,10,0,0,40,Local-gov,Some-college,Married-civ-spouse,Craft-repair,Husband,White,Male,United-States,<=50K
61,190682,9,0,1669,50,Private,HS-grad,Widowed,Craft-repair,Not-in-family,Black,Female,United-States,<=50K
41,152742,11,3325,0,40,Private,Assoc-voc,Divorced,Tech-support,Not-in-family,White,Female,United-States,<=50K
51,205100,10,0,0,45,Private,Some-college,Divorced,Sales,Not-in-family,White,Female,United-States,>50K
32,164190,9,0,0,30,Private,HS-grad,Married-civ-spouse,Handlers-cleaners,Husband,White,Male,United-States,<=50K
62,152148,5,0,0,40,Private,9th,Married-civ-spouse,Other-service,Husband,White,Male,United-States,<=50K
43,160815,11,0,0,40,Private,Assoc-voc,Divorced,Prof-specialty,Unmarried,White,Female,United-States,<=50K
46,65353,10,3325,0,55,Private,Some-college,Divorced,Transport-moving,Own-child,White,Male,United-States,<=50K
36,147548,9,0,0,85,Private,HS-grad,Married-civ-spouse,Machine-op-inspct,Husband,White,Male,United-States,<=50K
53,202733,14,7688,0,70,Local-gov,Masters,Married-civ-spouse,Exec-managerial,Husband,White,Male,United-States,>50K
48,131309,14,0,0,45,Private,Masters,Married-civ-spouse,Prof-specialty,Husband,White,Male,United-States,>50K
35,240467,9,0,0,40,Private,HS-grad,Married-spouse-absent,Adm-clerical,Unmarried,Black,Female,United-States,<=50K
70,405362,4,0,0,38,Private,7th-8th,Widowed,Other-service,Unmarried,Black,Female,United-States,<=50K
23,388811,9,0,0,40,Private,HS-grad,Never-married,Adm-clerical,Own-child,White,Female,United-States,<=50K
24,283806,10,0,0,40,Private,Some-college,Never-married,Other-service,Not-in-family,White,Female,United-States,<=50K
33,263561,10,0,0,60,Private,Some-college,Married-civ-spouse,Craft-repair,Husband,White,Male,United-States,>50K
44,79864,14,0,0,20,Private,Masters,Separated,Exec-managerial,Unmarried,White,Female,United-States,<=50K
45,166636,9,0,0,35,Private,HS-grad,Divorced,Other-service,Other-relative,Black,Female,United-States,<=50K
22,174975,11,0,0,36,Private,Assoc-voc,Never-married,Tech-support,Own-child,White,Female,United-States,<=50K
37,175390,9,0,0,40,Private,HS-grad,Divorced,Machine-op-inspct,Unmarried,Black,Female,United-States,<=50K
45,178922,9,0,0,20,Private,HS-grad,Never-married,Sales,Not-in-family,White,Female,United-States,<=50K
54,83311,15,0,0,30,Self-emp-not-inc,Prof-school,Married-civ-spouse,Prof-specialty,Husband,White,Male,United-States,>50K
44,177937,16,0,0,36,Local-gov,Doctorate,Married-civ-spouse,Prof-specialty,Husband,White,Male,United-States,>50K
36,184655,6,0,0,48,Private,10th,Divorced,Transport-moving,Unmarried,White,Male,United-States,<=50K
39,106297,9,0,0,42,Local-gov,HS-grad,Divorced,Adm-clerical,Own-child,White,Male,United-States,<=50K
53,103586,13,0,0,55,Private,Bachelors,Married-civ-spouse,Handlers-cleaners,Husband,White,Male,United-States,<=50K
42,154076,9,7688,0,50,Private,HS-grad,Married-civ-spouse,Prof-specialty,Husband,White,Male,United-States,>50K
18,153405,7,0,0,25,Local-gov,11th,Never-married,Adm-clerical,Other-relative,White,Female,United-States,<=50K
33,259301,10,0,0,41,Private,Some-college,Married-civ-spouse,Transport-moving,Husband,White,Male,United-States,<=50K
21,159567,9,0,0,50,Private,HS-grad,Never-married,Machine-op-inspct,Not-in-family,White,Male,United-States,<=50K
25,288519,13,0,0,40,Private,Bachelors,Never-married,Adm-clerical,Not-in-family,White,Female,United-States,<=50K
51,63424,14,0,0,40,Private,Masters,Married-civ-spouse,Prof-specialty,Wife,White,Female,United-States,>50K
25,312966,5,0,0,40,Private,9th,Separated,Handlers-cleaners,Other-relative,White,Male,El-Salvador,<=50K
51,155118,14,0,0,70,Local-gov,Masters,Married-civ-spouse,Prof-specialty,Wife,White,Female,United-States,>50K
36,140583,9,0,0,40,Private,HS-grad,Divorced,Handlers-cleaners,Not-in-family,White,Male,United-States,<=50K
47,340982,10,3103,0,40,Private,Some-college,Married-civ-spouse,Machine-op-inspct,Husband,Asian-Pac-Islander,Male,Philippines,>50K
54,86837,9,0,1902,40,Private,HS-grad,Married-civ-spouse,Craft-repair,Husband,Asian-Pac-Islander,Male,United-States,>50K
39,160728,9,2977,0,40,Private,HS-grad,Divorced,Machine-op-inspct,Unmarried,White,Male,United-States,<=50K
29,350162,13,0,0,40,Private,Bachelors,Married-civ-spouse,Exec-managerial,Wife,White,Male,United-States,>50K
37,243409,9,0,0,50,Private,HS-grad,Married-civ-spouse,Transport-moving,Husband,White,Male,United-States,<=50K
61,231323,10,0,0,40,Private,Some-college,Married-civ-spouse,Craft-repair,Husband,White,Male,United-States,<=50K
40,242521,11,0,0,40,Private,Assoc-voc,Married-civ-spouse,Craft-repair,Husband,White,Male,United-States,>50K
20,291407,7,0,0,40,Private,11th,Never-married,Handlers-cleaners,Own-child,Black,Male,United-States,<=50K
32,379412,11,0,0,40,Self-emp-not-inc,Assoc-voc,Married-civ-spouse,Craft-repair,Husband,White,Male,United-States,<=50K
44,195881,10,0,0,45,Private,Some-college,Divorced,Exec-managerial,Other-relative,White,Female,United-States,<=50K
22,194630,13,0,0,45,Private,Bachelors,Never-married,Sales,Not-in-family,White,Male,United-States,<=50K
27,197905,10,0,0,40,Private,Some-college,Married-civ-spouse,Other-service,Husband,White,Male,United-States,<=50K
18,126154,10,0,0,40,MISSING,Some-college,Never-married,MISSING,Own-child,White,Male,United-States,<=50K
36,36635,10,0,0,25,MISSING,Some-college,Never-married,MISSING,Unmarried,White,Female,United-States,<=50K
24,295763,13,0,0,50,Private,Bachelors,Never-married,Exec-managerial,Own-child,White,Female,United-States,<=50K
44,260761,9,0,0,40,Private,HS-grad,Married-civ-spouse,Craft-repair,Husband,White,Male,United-States,>50K
32,542265,9,0,0,40,State-gov,HS-grad,Never-married,Adm-clerical,Not-in-family,White,Female,United-States,<=50K
54,175804,13,0,0,40,Self-emp-not-inc,Bachelors,Married-civ-spouse,Exec-managerial,Husband,White,Male,United-States,>50K
34,399386,11,0,0,53,Private,Assoc-voc,Married-civ-spouse,Craft-repair,Husband,White,Male,United-States,<=50K
45,128736,6,0,0,40,Private,10th,Divorced,Sales,Not-in-family,White,Female,United-States,<=50K
51,220537,9,0,0,40,Private,HS-grad,Divorced,Machine-op-inspct,Not-in-family,White,Female,United-States,<=50K
78,212660,7,0,0,10,Self-emp-inc,11th,Married-civ-spouse,Exec-managerial,Husband,White,Male,United-States,<=50K
24,117779,13,0,0,10,Private,Bachelors,Never-married,Prof-specialty,Not-in-family,White,Male,Hungary,<=50K
37,280464,10,0,0,80,Private,Some-college,Married-civ-spouse,Exec-managerial,Husband,Black,Male,United-States,>50K
41,66632,10,0,0,40,Self-emp-not-inc,Some-college,Divorced,Craft-repair,Not-in-family,White,Male,United-States,<=50K
42,195584,12,0,0,40,Private,Assoc-acdm,Separated,Adm-clerical,Unmarried,Black,Female,United-States,<=50K
52,259583,9,0,0,40,Private,HS-grad,Married-civ-spouse,Adm-clerical,Husband,White,Male,United-States,<=50K
32,114733,13,0,0,35,Local-gov,Bachelors,Divorced,Prof-specialty,Unmarried,White,Female,United-States,<=50K
50,157043,14,2202,0,30,Local-gov,Masters,Divorced,Prof-specialty,Not-in-family,Black,Female,MISSING,<=50K
42,172307,9,0,0,48,Federal-gov,HS-grad,Married-civ-spouse,Adm-clerical,Husband,White,Male,United-States,>50K
55,342121,10,0,0,40,Private,Some-college,Married-civ-spouse,Tech-support,Husband,White,Male,United-States,<=50K
33,119913,11,0,0,40,Private,Assoc-voc,Married-civ-spouse,Prof-specialty,Husband,White,Male,United-States,>50K
40,280433,13,0,0,50,Self-emp-not-inc,Bachelors,Married-civ-spouse,Craft-repair,Husband,White,Male,United-States,<=50K
47,183013,9,0,0,40,Private,HS-grad,Married-civ-spouse,Other-service,Husband,White,Male,United-States,<=50K
34,185408,10,0,0,40,Private,Some-college,Never-married,Exec-managerial,Not-in-family,White,Female,United-States,<=50K
52,279129,10,0,0,37,Private,Some-college,Never-married,Prof-specialty,Not-in-family,White,Male,United-States,>50K
50,287598,10,0,0,70,Self-emp-inc,Some-college,Married-civ-spouse,Craft-repair,Husband,White,Male,United-States,<=50K
37,263094,13,7298,0,40,Private,Bachelors,Married-civ-spouse,Exec-managerial,Husband,White,Male,United-States,>50K
45,97176,7,0,0,16,Private,11th,Divorced,Adm-clerical,Unmarried,White,Female,United-States,<=50K
40,182136,9,0,0,40,Private,HS-grad,Married-civ-spouse,Transport-moving,Husband,White,Male,United-States,<=50K
38,116358,10,0,0,40,Private,Some-college,Married-civ-spouse,Other-service,Husband,Asian-Pac-Islander,Male,Philippines,<=50K
42,201723,10,0,0,40,Local-gov,Some-college,Never-married,Craft-repair,Not-in-family,White,Male,United-States,<=50K
27,280758,7,0,0,60,Private,11th,Never-married,Craft-repair,Other-relative,White,Male,United-States,<=50K
33,86492,9,0,0,87,Private,HS-grad,Never-married,Transport-moving,Not-in-family,White,Male,United-States,<=50K
34,112820,9,2463,0,40,Private,HS-grad,Separated,Handlers-cleaners,Not-in-family,White,Male,United-States,<=50K
46,129007,13,0,1977,40,Private,Bachelors,Married-civ-spouse,Sales,Husband,White,Male,United-States,>50K
28,137296,12,0,0,40,Private,Assoc-acdm,Never-married,Other-service,Not-in-family,Black,Female,United-States,<=50K
27,217200,10,0,0,40,Private,Some-college,Never-married,Prof-specialty,Not-in-family,White,Male,United-States,<=50K
54,172281,14,0,0,40,Private,Masters,Divorced,Tech-support,Not-in-family,White,Male,United-States,>50K
22,215546,12,0,0,55,Private,Assoc-acdm,Never-married,Exec-managerial,Not-in-family,White,Male,United-States,<=50K
37,336598,3,0,0,36,Private,5th-6th,Married-civ-spouse,Farming-fishing,Husband,White,Male,Mexico,<=50K
38,108293,14,0,0,40,State-gov,Masters,Never-married,Prof-specialty,Other-relative,White,Female,United-States,<=50K
20,472789,2,0,0,30,Private,1st-4th,Never-married,Farming-fishing,Not-in-family,White,Male,El-Salvador,<=50K
49,124604,9,0,0,32,Private,HS-grad,Divorced,Adm-clerical,Not-in-family,White,Male,United-States,<=50K
41,564135,14,0,0,40,Federal-gov,Masters,Married-civ-spouse,Exec-managerial,Husband,White,Male,United-States,>50K
48,32825,9,0,0,40,Self-emp-not-inc,HS-grad,Married-civ-spouse,Craft-repair,Husband,White,Male,United-States,<=50K
53,155963,13,0,0,30,Private,Bachelors,Married-civ-spouse,Sales,Husband,White,Male,United-States,<=50K
19,35245,9,0,0,40,Private,HS-grad,Never-married,Transport-moving,Own-child,White,Male,United-States,<=50K
81,137018,9,0,0,20,Self-emp-not-inc,HS-grad,Widowed,Adm-clerical,Not-in-family,White,Female,United-States,<=50K
38,119992,10,0,0,40,Private,Some-college,Married-civ-spouse,Prof-specialty,Husband,White,Male,United-States,<=50K
46,273771,9,0,0,40,State-gov,HS-grad,Married-civ-spouse,Tech-support,Husband,White,Male,United-States,<=50K
28,375313,9,0,0,40,Private,HS-grad,Married-civ-spouse,Machine-op-inspct,Husband,Asian-Pac-Islander,Male,Philippines,<=50K
53,234721,7,0,0,40,Private,11th,Married-civ-spouse,Handlers-cleaners,Husband,Black,Male,United-States,<=50K
23,265356,13,0,0,40,Private,Bachelors,Never-married,Exec-managerial,Unmarried,White,Male,United-States,<=50K
30,213722,9,0,0,40,Private,HS-grad,Never-married,Handlers-cleaners,Own-child,White,Male,United-States,<=50K
17,216137,7,0,0,8,Private,11th,Never-married,Sales,Own-child,White,Female,United-States,<=50K
52,185407,9,0,0,40,Private,HS-grad,Married-civ-spouse,Craft-repair,Husband,White,Male,MISSING,<=50K
36,219814,5,0,0,35,Private,9th,Married-civ-spouse,Craft-repair,Husband,White,Male,Guatemala,<=50K
37,247750,11,0,0,40,Local-gov,Assoc-voc,Married-civ-spouse,Protective-serv,Husband,Black,Male,United-States,<=50K
46,121124,13,15024,0,40,Local-gov,Bachelors,Married-civ-spouse,Protective-serv,Husband,White,Male,United-States,>50K
52,386397,13,0,0,45,Private,Bachelors,Married-civ-spouse,Exec-managerial,Husband,White,Male,United-States,>50K
58,229498,10,0,0,20,Self-emp-inc,Some-college,Widowed,Sales,Not-in-family,White,Female,United-States,>50K
48,54759,9,0,0,38,Private,HS-grad,Divorced,Prof-specialty,Unmarried,White,Female,United-States,<=50K
51,198186,13,0,0,40,Federal-gov,Bachelors,Widowed,Prof-specialty,Not-in-family,Black,Female,United-States,<=50K
34,351810,13,0,0,45,Private,Bachelors,Never-married,Prof-specialty,Not-in-family,White,Female,Cuba,<=50K
43,221172,13,0,0,24,Private,Bachelors,Married-civ-spouse,Tech-support,Husband,White,Male,United-States,>50K
19,229431,10,0,0,11,Private,Some-college,Never-married,Prof-specialty,Own-child,White,Male,United-States,<=50K
27,306747,13,0,0,40,Private,Bachelors,Divorced,Handlers-cleaners,Own-child,Black,Male,United-States,<=50K
28,83879,9,0,0,40,Private,HS-grad,Married-civ-spouse,Machine-op-inspct,Husband,Black,Male,United-States,<=50K
20,113511,7,0,0,40,Private,11th,Never-married,Transport-moving,Own-child,White,Male,United-States,<=50K
41,237452,13,0,0,15,Private,Bachelors,Married-civ-spouse,Prof-specialty,Wife,White,Female,Cuba,>50K
55,50164,16,0,0,60,Private,Doctorate,Married-civ-spouse,Exec-managerial,Husband,White,Male,United-States,>50K
27,285432,12,0,0,40,Federal-gov,Assoc-acdm,Never-married,Transport-moving,Not-in-family,Black,Male,United-States,<=50K
90,46786,13,9386,0,15,Private,Bachelors,Married-civ-spouse,Sales,Husband,White,Male,United-States,>50K
54,260052,14,0,0,40,Private,Masters,Married-civ-spouse,Prof-specialty,Husband,White,Male,United-States,>50K
45,330535,9,3325,0,40,Private,HS-grad,Never-married,Adm-clerical,Not-in-family,White,Male,United-States,<=50K
62,258124,14,0,0,40,Federal-gov,Masters,Married-civ-spouse,Adm-clerical,Husband,White,Male,Italy,>50K
53,196278,10,0,0,40,Private,Some-college,Widowed,Sales,Not-in-family,White,Female,United-States,<=50K
46,357338,13,0,0,40,Private,Bachelors,Married-civ-spouse,Tech-support,Husband,White,Male,United-States,<=50K
31,288419,6,0,0,40,Private,10th,Married-civ-spouse,Machine-op-inspct,Husband,White,Male,United-States,<=50K
38,34364,14,0,0,40,State-gov,Masters,Divorced,Adm-clerical,Not-in-family,White,Female,United-States,<=50K
20,196643,10,0,0,20,Private,Some-college,Never-married,Other-service,Own-child,White,Male,United-States,<=50K
69,159191,10,0,810,38,State-gov,Some-college,Widowed,Adm-clerical,Not-in-family,White,Female,United-States,<=50K
35,75855,14,7298,0,40,Private,Masters,Married-civ-spouse,Prof-specialty,Husband,Black,Male,MISSING,>50K
21,176356,12,0,0,20,Private,Assoc-acdm,Never-married,Adm-clerical,Own-child,White,Female,United-States,<=50K
32,240979,10,0,0,60,Local-gov,Some-college,Married-civ-spouse,Craft-repair,Husband,White,Male,United-States,>50K
39,278557,11,0,1628,48,Private,Assoc-voc,Married-civ-spouse,Craft-repair,Husband,White,Male,United-States,<=50K
42,148316,11,0,0,40,State-gov,Assoc-voc,Married-civ-spouse,Protective-serv,Husband,White,Male,United-States,>50K
31,22201,9,0,0,40,Private,HS-grad,Married-civ-spouse,Adm-clerical,Husband,Amer-Indian-Eskimo,Male,United-States,>50K
40,109969,7,0,0,20,Private,11th,Divorced,Other-service,Other-relative,White,Female,United-States,<=50K
36,218542,10,0,0,40,Private,Some-college,Divorced,Craft-repair,Unmarried,White,Female,United-States,<=50K
42,188615,13,0,0,60,Self-emp-inc,Bachelors,Married-civ-spouse,Sales,Husband,White,Male,United-States,>50K
26,132661,9,5013,0,40,Private,HS-grad,Married-civ-spouse,Exec-managerial,Wife,White,Female,United-States,<=50K
63,86108,9,0,0,6,Private,HS-grad,Widowed,Farming-fishing,Not-in-family,White,Male,United-States,<=50K
45,198759,16,0,0,60,Private,Doctorate,Married-civ-spouse,Exec-managerial,Husband,White,Male,United-States,<=50K
61,71209,9,0,0,45,Private,HS-grad,Married-civ-spouse,Craft-repair,Husband,White,Male,United-States,>50K
33,460408,9,3325,0,50,Private,HS-grad,Never-married,Sales,Not-in-family,White,Male,United-States,<=50K
50,174102,9,0,0,40,Private,HS-grad,Divorced,Craft-repair,Own-child,White,Male,Puerto-Rico,<=50K
27,192384,15,0,0,40,Private,Prof-school,Married-civ-spouse,Adm-clerical,Husband,White,Male,United-States,<=50K
32,188557,9,0,0,40,Private,HS-grad,Never-married,Machine-op-inspct,Not-in-family,White,Male,United-States,<=50K
45,194772,10,0,0,55,Private,Some-college,Married-civ-spouse,Transport-moving,Husband,White,Male,United-States,<=50K
37,160920,12,0,0,40,Private,Assoc-acdm,Married-civ-spouse,Adm-clerical,Husband,White,Male,United-States,<=50K
43,64506,10,0,0,30,Private,Some-college,Divorced,Other-service,Not-in-family,White,Male,United-States,<=50K
20,388156,10,0,0,24,Private,Some-college,Never-married,Prof-specialty,Own-child,White,Male,United-States,<=50K
25,262664,13,0,0,40,State-gov,Bachelors,Married-civ-spouse,Protective-serv,Husband,White,Male,United-States,>50K
57,265099,15,0,0,60,Private,Prof-school,Married-civ-spouse,Prof-specialty,Husband,White,Male,United-States,<=50K
75,242108,9,2346,0,15,Self-emp-not-inc,HS-grad,Divorced,Sales,Not-in-family,White,Male,United-States,<=50K
29,369114,9,0,0,40,Private,HS-grad,Divorced,Adm-clerical,Not-in-family,White,Female,United-States,<=50K
38,107513,9,0,0,40,Local-gov,HS-grad,Married-civ-spouse,Transport-moving,Husband,White,Male,United-States,<=50K
59,169639,12,0,0,40,Private,Assoc-acdm,Widowed,Exec-managerial,Unmarried,White,Female,United-States,<=50K
36,224531,13,0,0,50,Private,Bachelors,Married-civ-spouse,Sales,Husband,White,Male,United-States,>50K
66,66008,9,0,0,50,Private,HS-grad,Widowed,Priv-house-serv,Not-in-family,White,Female,England,<=50K
44,286750,13,0,1902,40,Private,Bachelors,Married-civ-spouse,Exec-managerial,Husband,Black,Male,United-States,>50K
18,142647,10,0,0,20,Private,Some-college,Never-married,Other-service,Own-child,White,Female,United-States,<=50K
54,138852,10,0,0,45,Self-emp-inc,Some-college,Married-civ-spouse,Sales,Husband,White,Male,United-States,>50K
39,340091,10,0,0,75,Private,Some-college,Separated,Other-service,Unmarried,White,Female,United-States,<=50K
29,119004,9,0,2179,40,Private,HS-grad,Married-civ-spouse,Adm-clerical,Wife,White,Female,United-States,<=50K
33,242150,11,0,0,50,Local-gov,Assoc-voc,Married-civ-spouse,Tech-support,Husband,White,Male,United-States,<=50K
33,90668,9,0,0,40,Private,HS-grad,Never-married,Adm-clerical,Not-in-family,White,Female,United-States,<=50K
53,355802,10,0,0,30,Private,Some-college,Widowed,Sales,Unmarried,White,Female,United-States,<=50K
43,106982,13,0,0,40,Local-gov,Bachelors,Separated,Prof-specialty,Unmarried,White,Female,United-States,<=50K
18,426836,3,0,0,40,Private,5th-6th,Never-married,Handlers-cleaners,Other-relative,White,Male,Mexico,<=50K
49,250733,9,0,0,46,Private,HS-grad,Married-civ-spouse,Craft-repair,Husband,White,Male,United-States,<=50K
28,203710,13,0,0,40,Private,Bachelors,Never-married,Machine-op-inspct,Not-in-family,White,Male,United-States,<=50K
27,187392,9,0,0,40,Private,HS-grad,Never-married,Other-service,Not-in-family,White,Female,United-States,<=50K
27,230563,9,0,0,40,Private,HS-grad,Never-married,Adm-clerical,Own-child,White,Female,United-States,<=50K
27,177072,9,0,0,40,Private,HS-grad,Never-married,Handlers-cleaners,Own-child,White,Male,United-States,<=50K
17,179715,6,0,0,40,MISSING,10th,Never-married,MISSING,Own-child,White,Male,United-States,<=50K
42,78765,10,0,0,90,Self-emp-inc,Some-college,Divorced,Exec-managerial,Unmarried,White,Male,United-States,>50K
36,200360,10,0,0,40,Private,Some-college,Never-married,Craft-repair,Not-in-family,White,Male,United-States,<=50K
28,291374,8,0,0,40,Private,12th,Never-married,Sales,Unmarried,Black,Female,United-States,<=50K
42,198692,10,0,0,45,Self-emp-not-inc,Some-college,Married-civ-spouse,Craft-repair,Husband,White,Male,United-States,>50K
72,237229,11,0,0,30,MISSING,Assoc-voc,Widowed,MISSING,Not-in-family,White,Female,United-States,<=50K
31,368517,12,0,0,40,Private,Assoc-acdm,Never-married,Prof-specialty,Not-in-family,Asian-Pac-Islander,Male,United-States,<=50K
22,210781,13,0,0,35,Private,Bachelors,Never-married,Adm-clerical,Own-child,White,Female,United-States,<=50K
40,170866,12,0,0,50,Self-emp-not-inc,Assoc-acdm,Married-civ-spouse,Farming-fishing,Husband,White,Male,United-States,>50K
59,146391,16,0,0,50,Private,Doctorate,Married-civ-spouse,Prof-specialty,Husband,White,Male,United-States,>50K
63,170529,13,0,0,45,MISSING,Bachelors,Married-civ-spouse,MISSING,Wife,Black,Female,United-States,<=50K
42,326083,11,0,0,40,Self-emp-not-inc,Assoc-voc,Married-civ-spouse,Prof-specialty,Husband,White,Male,United-States,<=50K
57,300104,9,0,0,84,Private,HS-grad,Married-civ-spouse,Craft-repair,Husband,White,Male,United-States,>50K
20,70708,9,0,0,60,Private,HS-grad,Married-civ-spouse,Handlers-cleaners,Husband,White,Male,United-States,<=50K
18,173255,9,1055,0,25,Private,HS-grad,Never-married,Transport-moving,Own-child,White,Male,United-States,<=50K
32,340940,13,0,0,40,Private,Bachelors,Married-civ-spouse,Exec-managerial,Husband,White,Male,United-States,<=50K
23,156513,9,0,0,40,Private,HS-grad,Never-married,Handlers-cleaners,Own-child,Black,Male,United-States,<=50K
57,198145,14,0,0,14,Local-gov,Masters,Married-civ-spouse,Protective-serv,Husband,White,Male,United-States,>50K
41,83411,9,0,0,40,Self-emp-not-inc,HS-grad,Married-civ-spouse,Exec-managerial,Husband,White,Male,United-States,>50K
30,255486,9,0,0,25,Private,HS-grad,Married-civ-spouse,Other-service,Husband,Black,Male,United-States,<=50K
17,151141,7,0,0,15,Private,11th,Never-married,Handlers-cleaners,Own-child,White,Male,United-States,<=50K
35,119421,13,0,0,35,State-gov,Bachelors,Married-civ-spouse,Exec-managerial,Wife,White,Female,United-States,>50K
39,33983,10,15024,0,40,Private,Some-college,Married-civ-spouse,Adm-clerical,Husband,White,Male,United-States,>50K
34,204461,14,0,0,50,State-gov,Masters,Married-civ-spouse,Prof-specialty,Husband,White,Male,United-States,>50K
56,210731,4,0,0,20,Self-emp-not-inc,7th-8th,Divorced,Sales,Other-relative,White,Male,Mexico,<=50K
23,98283,13,0,0,40,Private,Bachelors,Never-married,Exec-managerial,Own-child,Asian-Pac-Islander,Male,United-States,<=50K
28,200819,4,0,0,84,MISSING,7th-8th,Divorced,MISSING,Own-child,White,Male,United-States,<=50K
60,106282,5,0,0,40,MISSING,9th,Widowed,MISSING,Not-in-family,White,Female,United-States,<=50K
28,51461,9,0,0,40,Self-emp-not-inc,HS-grad,Married-civ-spouse,Farming-fishing,Husband,White,Male,United-States,<=50K
31,381645,13,0,0,40,Federal-gov,Bachelors,Separated,Prof-specialty,Not-in-family,White,Male,United-States,<=50K
41,187322,13,0,0,40,State-gov,Bachelors,Never-married,Prof-specialty,Not-in-family,White,Male,United-States,<=50K
23,234460,4,0,0,40,Private,7th-8th,Never-married,Machine-op-inspct,Own-child,Black,Female,Dominican-Republic,<=50K
42,155972,9,0,0,40,Private,HS-grad,Married-civ-spouse,Handlers-cleaners,Husband,White,Male,United-States,>50K
51,259323,9,0,0,70,Self-emp-not-inc,HS-grad,Married-civ-spouse,Craft-repair,Husband,White,Male,United-States,<=50K
42,70055,7,0,0,45,Private,11th,Married-civ-spouse,Transport-moving,Husband,White,Male,United-States,<=50K
64,222966,4,0,0,40,State-gov,7th-8th,Married-civ-spouse,Other-service,Wife,Black,Female,United-States,<=50K
47,39530,9,0,0,4,Private,HS-grad,Divorced,Other-service,Not-in-family,White,Female,United-States,<=50K
32,176185,10,0,0,60,Private,Some-college,Divorced,Exec-managerial,Other-relative,White,Male,United-States,<=50K
55,99131,9,0,2246,40,Local-gov,HS-grad,Married-civ-spouse,Prof-specialty,Other-relative,White,Female,United-States,>50K
43,292175,14,0,0,45,Self-emp-not-inc,Masters,Divorced,Exec-managerial,Unmarried,White,Female,United-States,>50K
31,117963,16,0,0,40,Self-emp-inc,Doctorate,Never-married,Prof-specialty,Own-child,White,Male,United-States,<=50K
39,236391,9,0,0,38,Local-gov,HS-grad,Married-civ-spouse,Machine-op-inspct,Husband,White,Male,United-States,>50K
33,238002,5,0,0,40,Private,9th,Married-civ-spouse,Transport-moving,Other-relative,White,Male,Mexico,<=50K
66,169804,13,20051,0,40,Private,Bachelors,Married-civ-spouse,Sales,Husband,White,Male,United-States,>50K
17,217342,6,0,0,5,Private,10th,Never-married,Sales,Own-child,White,Female,United-States,<=50K
50,229272,9,0,0,40,State-gov,HS-grad,Married-civ-spouse,Craft-repair,Husband,Black,Male,United-States,>50K
41,147372,9,0,0,48,Private,HS-grad,Married-civ-spouse,Adm-clerical,Husband,White,Male,United-States,<=50K
35,204621,12,0,0,40,Private,Assoc-acdm,Divorced,Other-service,Own-child,White,Female,United-States,<=50K
42,198316,14,0,0,40,Federal-gov,Masters,Married-civ-spouse,Exec-managerial,Husband,White,Male,United-States,>50K
49,93639,13,0,0,43,Private,Bachelors,Married-civ-spouse,Exec-managerial,Wife,White,Female,United-States,<=50K
47,199832,9,0,0,40,Private,HS-grad,Married-civ-spouse,Craft-repair,Husband,White,Male,United-States,<=50K
34,144949,6,0,0,45,Private,10th,Married-civ-spouse,Craft-repair,Husband,White,Male,United-States,>50K
51,100653,9,0,0,8,Federal-gov,HS-grad,Divorced,Adm-clerical,Not-in-family,White,Female,United-States,<=50K
34,152667,10,0,0,35,Private,Some-college,Married-civ-spouse,Machine-op-inspct,Husband,White,Male,United-States,<=50K
32,209184,13,0,0,40,Private,Bachelors,Married-civ-spouse,Sales,Husband,Other,Male,Puerto-Rico,<=50K
27,178709,14,0,0,40,Private,Masters,Never-married,Machine-op-inspct,Not-in-family,White,Female,United-States,<=50K
57,201991,13,0,0,40,Private,Bachelors,Married-civ-spouse,Prof-specialty,Husband,White,Male,United-States,<=50K
45,217654,10,0,0,40,Private,Some-college,Married-civ-spouse,Handlers-cleaners,Husband,White,Male,Germany,>50K
31,254293,10,0,0,40,Private,Some-college,Never-married,Prof-specialty,Not-in-family,White,Male,United-States,<=50K
46,42972,14,0,0,22,Private,Masters,Married-civ-spouse,Prof-specialty,Wife,White,Female,United-States,>50K
69,628797,10,0,0,20,MISSING,Some-college,Widowed,MISSING,Not-in-family,White,Female,United-States,<=50K
53,88725,9,0,0,40,Private,HS-grad,Never-married,Craft-repair,Not-in-family,Other,Female,MISSING,<=50K
62,114060,9,0,0,40,Local-gov,HS-grad,Married-civ-spouse,Transport-moving,Husband,White,Male,United-States,<=50K
40,367533,10,2580,0,40,Private,Some-college,Married-civ-spouse,Machine-op-inspct,Husband,White,Male,United-States,<=50K
21,451996,9,0,0,40,Private,HS-grad,Never-married,Sales,Own-child,White,Male,United-States,<=50K
34,252646,10,7298,0,50,Private,Some-college,Married-civ-spouse,Prof-specialty,Husband,White,Male,United-States,>50K
38,104094,10,0,0,15,MISSING,Some-college,Married-civ-spouse,MISSING,Husband,White,Male,United-States,<=50K
31,236599,13,0,0,45,Private,Bachelors,Married-civ-spouse,Exec-managerial,Husband,White,Male,United-States,>50K
45,98765,9,0,0,40,Private,HS-grad,Never-married,Machine-op-inspct,Unmarried,White,Female,Canada,<=50K
36,127306,9,0,0,47,Private,HS-grad,Never-married,Adm-clerical,Not-in-family,White,Female,United-States,<=50K
37,188576,16,0,0,40,Private,Doctorate,Married-civ-spouse,Prof-specialty,Husband,Asian-Pac-Islander,Male,MISSING,<=50K
42,44121,14,0,1876,40,Private,Masters,Divorced,Prof-specialty,Not-in-family,White,Female,United-States,<=50K
42,27821,11,0,0,60,Self-emp-not-inc,Assoc-voc,Married-civ-spouse,Exec-managerial,Husband,White,Male,United-States,<=50K
49,187454,9,99999,0,65,Private,HS-grad,Married-civ-spouse,Sales,Husband,White,Male,United-States,>50K
52,192065,10,0,0,40,Federal-gov,Some-college,Separated,Exec-managerial,Not-in-family,White,Female,United-States,<=50K
32,209317,9,0,0,40,Private,HS-grad,Separated,Exec-managerial,Not-in-family,White,Male,MISSING,<=50K
37,315291,13,0,0,40,Private,Bachelors,Never-married,Adm-clerical,Other-relative,Black,Female,United-States,<=50K
30,326199,5,2580,0,40,Private,9th,Married-civ-spouse,Craft-repair,Husband,White,Male,United-States,<=50K
25,120238,10,2885,0,43,Private,Some-college,Married-civ-spouse,Sales,Husband,White,Male,United-States,<=50K
43,247981,9,5455,0,50,Self-emp-inc,HS-grad,Divorced,Craft-repair,Unmarried,White,Male,United-States,<=50K
42,183765,13,0,0,50,Self-emp-not-inc,Bachelors,Never-married,Prof-specialty,Not-in-family,White,Male,MISSING,<=50K
31,295697,9,0,0,40,Private,HS-grad,Separated,Other-service,Unmarried,Black,Female,United-States,<=50K
25,366207,9,0,0,40,Federal-gov,HS-grad,Never-married,Transport-moving,Own-child,White,Male,United-States,<=50K
25,224361,9,0,0,40,Private,HS-grad,Never-married,Other-service,Not-in-family,White,Male,United-States,<=50K
26,30793,13,0,0,55,Local-gov,Bachelors,Married-civ-spouse,Prof-specialty,Wife,White,Female,United-States,>50K
42,200574,10,0,0,40,Private,Some-college,Married-civ-spouse,Sales,Husband,White,Male,United-States,<=50K
56,179641,9,0,0,45,Private,HS-grad,Never-married,Prof-specialty,Not-in-family,White,Female,United-States,<=50K
25,310864,13,0,0,40,Private,Bachelors,Never-married,Tech-support,Not-in-family,Black,Male,MISSING,<=50K
34,114691,9,0,0,40,Self-emp-not-inc,HS-grad,Married-civ-spouse,Prof-specialty,Husband,White,Male,United-States,>50K
53,171924,13,14344,0,55,Private,Bachelors,Divorced,Prof-specialty,Not-in-family,White,Male,United-States,>50K
39,403489,7,0,0,40,Private,11th,Divorced,Transport-moving,Own-child,White,Male,United-States,<=50K
29,82242,15,27828,0,45,Private,Prof-school,Never-married,Prof-specialty,Unmarried,White,Male,Germany,>50K
49,52590,9,0,0,40,Local-gov,HS-grad,Widowed,Protective-serv,Not-in-family,Black,Male,United-States,<=50K
28,296537,9,0,0,45,Local-gov,HS-grad,Married-civ-spouse,Craft-repair,Husband,White,Male,United-States,<=50K
33,127215,10,0,0,48,Private,Some-college,Married-civ-spouse,Sales,Husband,White,Male,United-States,>50K
40,218903,9,0,0,40,Private,HS-grad,Divorced,Tech-support,Unmarried,White,Female,United-States,<=50K
28,61435,9,0,0,45,Private,HS-grad,Married-civ-spouse,Craft-repair,Husband,White,Male,United-States,<=50K
29,241895,9,0,0,40,Private,HS-grad,Married-civ-spouse,Transport-moving,Other-relative,White,Male,United-States,<=50K
41,175674,10,0,0,40,Private,Some-college,Married-civ-spouse,Sales,Husband,White,Male,United-States,>50K
51,53833,9,0,0,46,Private,HS-grad,Married-civ-spouse,Prof-specialty,Husband,White,Male,United-States,>50K
26,203492,9,0,0,40,Private,HS-grad,Divorced,Craft-repair,Not-in-family,White,Male,United-States,<=50K
39,286789,16,0,0,45,Private,Doctorate,Married-civ-spouse,Exec-managerial,Husband,White,Male,United-States,>50K
44,254146,14,0,0,40,Local-gov,Masters,Married-civ-spouse,Prof-specialty,Husband,White,Male,United-States,>50K
29,53271,13,0,0,40,Private,Bachelors,Married-civ-spouse,Exec-managerial,Husband,White,Male,United-States,>50K
17,295488,7,0,0,25,Private,11th,Never-married,Other-service,Own-child,Black,Female,United-States,<=50K
34,355700,9,0,0,20,State-gov,HS-grad,Separated,Adm-clerical,Unmarried,White,Female,United-States,<=50K
47,191858,12,0,0,40,Federal-gov,Assoc-acdm,Married-civ-spouse,Adm-clerical,Husband,White,Male,United-States,>50K
62,77884,9,0,0,40,Private,HS-grad,Married-civ-spouse,Sales,Husband,Asian-Pac-Islander,Male,Philippines,<=50K
29,188401,9,0,0,40,Private,HS-grad,Divorced,Farming-fishing,Not-in-family,White,Male,United-States,<=50K
39,126675,14,0,0,50,Private,Masters,Married-civ-spouse,Sales,Husband,White,Male,United-States,>50K
36,112271,9,0,0,40,Private,HS-grad,Married-civ-spouse,Transport-moving,Husband,White,Male,United-States,<=50K
38,31964,5,0,0,40,Private,9th,Married-civ-spouse,Adm-clerical,Husband,White,Male,United-States,<=50K
41,351161,9,0,1848,45,Private,HS-grad,Married-civ-spouse,Sales,Husband,White,Male,United-States,>50K
17,126771,8,0,0,7,Private,12th,Never-married,Prof-specialty,Own-child,White,Male,United-States,<=50K
50,138514,10,0,0,40,Private,Some-college,Divorced,Adm-clerical,Unmarried,Black,Female,United-States,<=50K
36,313853,13,0,0,45,Self-emp-not-inc,Bachelors,Divorced,Other-service,Unmarried,Black,Male,United-States,>50K
37,171150,9,0,1887,50,Private,HS-grad,Married-civ-spouse,Exec-managerial,Husband,White,Male,United-States,>50K
62,155094,11,0,0,45,Private,Assoc-voc,Married-civ-spouse,Exec-managerial,Wife,White,Female,United-States,>50K
33,369386,10,5178,0,40,MISSING,Some-college,Married-civ-spouse,MISSING,Wife,White,Female,United-States,>50K
20,91733,10,0,0,8,Private,Some-college,Never-married,Sales,Own-child,White,Female,United-States,<=50K
20,94744,9,0,0,20,Private,HS-grad,Never-married,Adm-clerical,Own-child,Black,Female,United-States,<=50K
53,98829,13,0,0,50,Self-emp-not-inc,Bachelors,Married-civ-spouse,Prof-specialty,Husband,White,Male,United-States,<=50K
47,101299,9,0,0,40,Private,HS-grad,Married-civ-spouse,Craft-repair,Husband,White,Male,United-States,<=50K
20,174391,9,0,0,40,Private,HS-grad,Never-married,Handlers-cleaners,Own-child,White,Female,United-States,<=50K
22,117779,13,0,0,40,Private,Bachelors,Never-married,Prof-specialty,Own-child,White,Male,United-States,<=50K
32,331539,13,0,0,50,Private,Bachelors,Married-civ-spouse,Exec-managerial,Husband,Asian-Pac-Islander,Male,China,>50K
52,294991,13,0,0,40,Private,Bachelors,Married-civ-spouse,Prof-specialty,Husband,White,Male,United-States,>50K
22,200109,9,4508,0,40,Private,HS-grad,Married-civ-spouse,Priv-house-serv,Wife,White,Female,United-States,<=50K
32,303942,9,0,0,40,Private,HS-grad,Married-civ-spouse,Machine-op-inspct,Husband,White,Male,United-States,<=50K
43,154076,10,0,0,40,Private,Some-college,Married-civ-spouse,Handlers-cleaners,Husband,White,Male,United-States,>50K
33,150154,9,0,0,40,Private,HS-grad,Married-civ-spouse,Craft-repair,Husband,White,Male,United-States,<=50K
25,137301,12,0,0,40,Private,Assoc-acdm,Never-married,Prof-specialty,Own-child,White,Female,United-States,<=50K
24,121023,13,0,0,40,Private,Bachelors,Never-married,Prof-specialty,Not-in-family,White,Female,United-States,<=50K
58,310085,3,0,0,40,Private,5th-6th,Married-civ-spouse,Machine-op-inspct,Husband,White,Male,United-States,<=50K
37,172722,10,0,0,40,Private,Some-college,Married-civ-spouse,Craft-repair,Husband,White,Male,United-States,<=50K
17,166290,5,0,0,20,Private,9th,Never-married,Other-service,Own-child,White,Female,United-States,<=50K
20,360457,10,0,0,30,Private,Some-college,Never-married,Exec-managerial,Own-child,White,Female,United-States,<=50K
27,39665,9,0,0,37,Private,HS-grad,Divorced,Sales,Unmarried,White,Female,United-States,<=50K
36,176050,10,0,0,40,Private,Some-college,Married-civ-spouse,Machine-op-inspct,Husband,White,Male,United-States,<=50K
52,181901,9,0,0,20,Private,HS-grad,Married-spouse-absent,Farming-fishing,Other-relative,White,Male,Mexico,<=50K
63,172740,10,0,0,40,Private,Some-college,Married-civ-spouse,Prof-specialty,Husband,White,Male,United-States,<=50K
55,334308,9,0,0,30,Private,HS-grad,Married-civ-spouse,Exec-managerial,Wife,White,Female,United-States,>50K
28,119793,9,0,0,60,Private,HS-grad,Never-married,Sales,Own-child,White,Male,United-States,<=50K
57,109015,8,0,0,40,State-gov,12th,Divorced,Other-service,Unmarried,White,Female,United-States,<=50K
36,218542,12,0,0,40,Federal-gov,Assoc-acdm,Married-civ-spouse,Adm-clerical,Wife,White,Female,United-States,>50K
25,183575,7,0,0,40,Private,11th,Never-married,Craft-repair,Own-child,White,Male,United-States,<=50K
58,241056,10,0,0,46,Private,Some-college,Divorced,Adm-clerical,Unmarried,White,Female,United-States,<=50K
29,44921,9,0,0,40,MISSING,HS-grad,Married-civ-spouse,MISSING,Wife,White,Female,United-States,<=50K
80,202483,9,0,0,16,Private,HS-grad,Married-spouse-absent,Adm-clerical,Not-in-family,White,Female,United-States,<=50K
26,132749,13,0,0,80,MISSING,Bachelors,Never-married,MISSING,Not-in-family,White,Female,United-States,<=50K
29,87507,16,0,0,60,Private,Doctorate,Married-civ-spouse,Prof-specialty,Husband,Asian-Pac-Islander,Male,India,<=50K
74,162340,10,0,0,40,Self-emp-inc,Some-college,Widowed,Exec-managerial,Unmarried,White,Male,United-States,<=50K
23,107452,10,0,0,40,Private,Some-college,Married-civ-spouse,Transport-moving,Husband,White,Male,United-States,<=50K
43,59107,9,4101,0,40,Private,HS-grad,Separated,Other-service,Not-in-family,White,Female,United-States,<=50K
36,226918,13,0,0,48,Private,Bachelors,Never-married,Sales,Not-in-family,Black,Male,United-States,<=50K
35,248010,13,0,0,40,Private,Bachelors,Married-spouse-absent,Craft-repair,Unmarried,White,Male,United-States,<=50K
68,117542,9,1409,0,15,MISSING,HS-grad,Married-civ-spouse,MISSING,Husband,White,Male,United-States,<=50K
35,241306,9,0,0,45,Private,HS-grad,Married-civ-spouse,Adm-clerical,Husband,White,Male,United-States,<=50K
25,72338,9,0,0,40,Self-emp-not-inc,HS-grad,Never-married,Sales,Unmarried,Asian-Pac-Islander,Female,United-States,<=50K
22,264710,13,0,0,40,State-gov,Bachelors,Never-married,Tech-support,Own-child,White,Female,United-States,<=50K
36,75073,10,0,0,55,Private,Some-college,Never-married,Craft-repair,Not-in-family,Black,Male,United-States,<=50K
44,69333,13,0,0,50,Self-emp-inc,Bachelors,Married-civ-spouse,Craft-repair,Husband,White,Male,United-States,>50K
18,577521,7,0,0,13,Private,11th,Never-married,Sales,Own-child,White,Male,United-States,<=50K
40,406463,14,0,0,40,Federal-gov,Masters,Never-married,Tech-support,Not-in-family,White,Female,United-States,<=50K
69,89477,10,0,0,14,Self-emp-not-inc,Some-college,Widowed,Farming-fishing,Not-in-family,White,Female,United-States,<=50K
22,205940,13,0,0,40,Private,Bachelors,Never-married,Exec-managerial,Not-in-family,White,Female,United-States,<=50K
58,190997,10,0,0,40,Private,Some-college,Married-civ-spouse,Exec-managerial,Husband,White,Male,United-States,>50K
24,222005,9,0,0,30,Private,HS-grad,Never-married,Other-service,Other-relative,White,Male,United-States,<=50K
25,212495,13,0,1340,40,Private,Bachelors,Never-married,Exec-managerial,Own-child,White,Male,United-States,<=50K
18,226956,9,0,0,30,Private,HS-grad,Never-married,Other-service,Own-child,White,Female,MISSING,<=50K
30,114912,13,3103,0,60,Private,Bachelors,Married-civ-spouse,Exec-managerial,Husband,White,Male,United-States,>50K
29,240172,13,0,0,50,Self-emp-not-inc,Bachelors,Never-married,Exec-managerial,Other-relative,White,Male,United-States,<=50K
36,301227,3,0,0,35,Private,5th-6th,Separated,Priv-house-serv,Unmarried,Other,Female,Mexico,<=50K
58,110213,9,0,0,40,Private,HS-grad,Widowed,Adm-clerical,Not-in-family,White,Female,United-States,>50K
18,334676,9,0,0,25,Private,HS-grad,Never-married,Handlers-cleaners,Own-child,White,Male,United-States,<=50K
53,470368,12,0,0,48,Private,Assoc-acdm,Divorced,Adm-clerical,Unmarried,White,Female,United-States,<=50K
25,109526,9,0,0,38,Local-gov,HS-grad,Married-civ-spouse,Craft-repair,Husband,White,Male,United-States,<=50K
37,348796,13,0,0,40,Private,Bachelors,Divorced,Other-service,Not-in-family,White,Male,United-States,<=50K
26,151551,10,2597,0,48,Private,Some-college,Separated,Sales,Own-child,Amer-Indian-Eskimo,Male,United-States,<=50K
28,192283,14,0,0,80,Private,Masters,Married-spouse-absent,Sales,Not-in-family,White,Female,United-States,>50K
44,121781,10,0,0,37,Private,Some-college,Divorced,Adm-clerical,Not-in-family,Asian-Pac-Islander,Female,United-States,<=50K
23,378546,10,0,0,40,Private,Some-college,Never-married,Craft-repair,Own-child,White,Male,United-States,<=50K
28,132870,7,0,0,45,Private,11th,Married-civ-spouse,Craft-repair,Husband,White,Male,United-States,<=50K
28,115971,10,0,0,40,Private,Some-college,Divorced,Adm-clerical,Unmarried,White,Female,United-States,<=50K
34,218164,9,0,0,44,Private,HS-grad,Divorced,Craft-repair,Unmarried,White,Male,United-States,<=50K
27,230959,13,0,0,40,Private,Bachelors,Never-married,Tech-support,Own-child,Asian-Pac-Islander,Female,Philippines,<=50K
38,60355,9,0,0,40,Private,HS-grad,Never-married,Adm-clerical,Unmarried,White,Female,United-States,<=50K
29,107998,9,0,0,40,Private,HS-grad,Divorced,Machine-op-inspct,Own-child,White,Female,United-States,<=50K
31,261943,10,0,0,40,Private,Some-college,Married-civ-spouse,Exec-managerial,Husband,White,Male,United-States,<=50K
20,183083,10,0,0,20,MISSING,Some-college,Never-married,MISSING,Own-child,White,Female,United-States,<=50K
60,109530,11,7298,0,40,Private,Assoc-voc,Married-civ-spouse,Tech-support,Husband,White,Male,United-States,>50K
49,118701,9,0,0,40,Federal-gov,HS-grad,Divorced,Adm-clerical,Unmarried,Black,Female,United-States,<=50K
50,23780,14,0,0,40,MISSING,Masters,Married-spouse-absent,MISSING,Other-relative,White,Male,United-States,<=50K
38,277022,10,0,0,40,Private,Some-college,Divorced,Adm-clerical,Unmarried,White,Female,Columbia,<=50K
27,118799,9,0,0,40,Private,HS-grad,Divorced,Adm-clerical,Not-in-family,White,Female,United-States,<=50K
40,95639,9,0,0,40,Private,HS-grad,Never-married,Craft-repair,Not-in-family,Amer-Indian-Eskimo,Male,United-States,<=50K
78,111189,4,0,0,35,Private,7th-8th,Never-married,Machine-op-inspct,Not-in-family,White,Female,Dominican-Republic,<=50K
32,218407,10,0,0,70,Self-emp-inc,Some-college,Never-married,Exec-managerial,Not-in-family,White,Male,Cuba,<=50K
68,73773,9,0,0,24,Private,HS-grad,Widowed,Sales,Not-in-family,White,Female,United-States,<=50K
32,158002,10,0,0,55,Private,Some-college,Never-married,Machine-op-inspct,Other-relative,White,Male,Ecuador,<=50K
47,160045,10,0,0,35,Self-emp-not-inc,Some-college,Widowed,Other-service,Unmarried,White,Female,United-States,<=50K
23,45834,13,0,0,50,Private,Bachelors,Never-married,Exec-managerial,Not-in-family,White,Female,United-States,<=50K
27,215873,9,0,0,40,Private,HS-grad,Never-married,Machine-op-inspct,Own-child,Black,Male,United-States,<=50K
21,230248,9,0,0,25,Private,HS-grad,Never-married,Adm-clerical,Not-in-family,White,Female,United-States,<=50K
56,73746,10,0,0,50,Self-emp-not-inc,Some-college,Married-civ-spouse,Exec-managerial,Husband,White,Male,United-States,>50K
27,168827,9,0,0,40,Private,HS-grad,Married-civ-spouse,Machine-op-inspct,Husband,White,Male,United-States,<=50K
39,144688,9,0,0,50,Private,HS-grad,Married-civ-spouse,Adm-clerical,Wife,Black,Female,United-States,<=50K
21,383603,6,0,0,35,Private,10th,Never-married,Other-service,Not-in-family,White,Female,United-States,<=50K
57,199114,13,0,2258,40,Federal-gov,Bachelors,Never-married,Adm-clerical,Not-in-family,White,Male,United-States,<=50K
21,25631,10,0,0,40,Self-emp-not-inc,Some-college,Never-married,Farming-fishing,Own-child,White,Male,United-States,<=50K
39,352248,12,0,0,40,Private,Assoc-acdm,Married-civ-spouse,Adm-clerical,Husband,White,Male,United-States,<=50K
50,222020,9,0,0,40,Private,HS-grad,Married-civ-spouse,Craft-repair,Husband,White,Male,United-States,<=50K
53,196328,13,0,0,40,Private,Bachelors,Married-civ-spouse,Exec-managerial,Husband,Black,Male,United-States,<=50K
35,64874,12,0,0,40,Self-emp-inc,Assoc-acdm,Never-married,Sales,Own-child,White,Male,United-States,<=50K
47,168232,13,7298,0,40,Private,Bachelors,Married-civ-spouse,Adm-clerical,Husband,White,Male,United-States,>50K
56,357118,14,0,0,40,Private,Masters,Married-civ-spouse,Prof-specialty,Wife,White,Female,United-States,>50K
49,23074,10,0,0,40,Private,Some-college,Widowed,Exec-managerial,Not-in-family,White,Female,United-States,>50K
35,138992,14,7298,0,40,Private,Masters,Married-civ-spouse,Prof-specialty,Other-relative,White,Male,United-States,>50K
55,139843,9,0,0,60,Private,HS-grad,Divorced,Exec-managerial,Not-in-family,White,Female,United-States,<=50K
37,185359,9,0,0,40,Private,HS-grad,Married-civ-spouse,Adm-clerical,Husband,White,Male,United-States,<=50K
44,228729,9,0,0,40,Private,HS-grad,Married-civ-spouse,Craft-repair,Husband,Black,Male,MISSING,<=50K
35,103214,16,0,0,60,Federal-gov,Doctorate,Never-married,Prof-specialty,Not-in-family,Amer-Indian-Eskimo,Female,United-States,>50K
60,230165,13,0,0,40,MISSING,Bachelors,Married-civ-spouse,MISSING,Husband,Black,Male,United-States,<=50K
48,94461,9,0,0,16,Private,HS-grad,Widowed,Machine-op-inspct,Not-in-family,White,Female,United-States,<=50K
25,122999,9,0,0,40,Private,HS-grad,Never-married,Craft-repair,Other-relative,White,Male,United-States,<=50K
39,177907,9,0,1887,40,Local-gov,HS-grad,Married-civ-spouse,Protective-serv,Husband,White,Male,United-States,>50K
48,300168,8,0,0,40,Private,12th,Separated,Adm-clerical,Own-child,Black,Female,United-States,<=50K
39,78171,10,0,0,40,Private,Some-college,Married-spouse-absent,Adm-clerical,Unmarried,Amer-Indian-Eskimo,Female,United-States,<=50K
26,163747,13,0,0,55,Private,Bachelors,Never-married,Sales,Not-in-family,White,Female,United-States,<=50K
50,172046,10,0,0,40,Federal-gov,Some-college,Married-civ-spouse,Exec-managerial,Husband,White,Male,United-States,>50K
38,149419,11,0,0,50,Private,Assoc-voc,Never-married,Tech-support,Not-in-family,White,Male,United-States,<=50K
24,142404,13,0,0,40,Self-emp-inc,Bachelors,Married-civ-spouse,Exec-managerial,Husband,White,Male,United-States,>50K
35,204277,13,0,0,40,Local-gov,Bachelors,Married-civ-spouse,Prof-specialty,Husband,White,Male,United-States,<=50K
38,33983,10,0,0,40,Private,Some-college,Married-civ-spouse,Transport-moving,Husband,White,Male,United-States,<=50K
31,302626,10,0,0,40,Private,Some-college,Divorced,Adm-clerical,Unmarried,White,Female,United-States,<=50K
35,154410,13,0,0,50,Private,Bachelors,Married-civ-spouse,Exec-managerial,Husband,White,Male,United-States,>50K
34,318982,14,0,1848,40,State-gov,Masters,Married-civ-spouse,Machine-op-inspct,Husband,White,Male,United-States,>50K
25,181528,14,0,0,43,Private,Masters,Never-married,Exec-managerial,Not-in-family,White,Female,United-States,<=50K
47,174533,10,0,0,40,Self-emp-not-inc,Some-college,Married-civ-spouse,Craft-repair,Husband,White,Male,United-States,<=50K
35,257416,11,0,0,40,Private,Assoc-voc,Never-married,Craft-repair,Own-child,Black,Male,United-States,<=50K
52,289436,16,0,0,60,Self-emp-not-inc,Doctorate,Married-civ-spouse,Prof-specialty,Husband,White,Male,United-States,>50K
34,206609,10,0,0,35,Private,Some-college,Never-married,Sales,Unmarried,White,Male,United-States,<=50K
45,179638,14,0,0,40,Federal-gov,Masters,Divorced,Exec-managerial,Not-in-family,White,Male,United-States,>50K
37,169426,9,0,0,60,Private,HS-grad,Married-civ-spouse,Craft-repair,Husband,White,Male,United-States,>50K
43,96102,14,0,0,50,Private,Masters,Married-spouse-absent,Exec-managerial,Not-in-family,White,Male,United-States,<=50K
26,64293,10,0,0,35,Private,Some-college,Never-married,Prof-specialty,Not-in-family,White,Female,United-States,<=50K
40,346532,10,0,0,40,Federal-gov,Some-college,Married-civ-spouse,Adm-clerical,Husband,Black,Male,United-States,>50K
21,344891,10,0,0,20,Private,Some-college,Never-married,Adm-clerical,Own-child,Asian-Pac-Islander,Male,United-States,<=50K
26,151626,9,0,0,40,Self-emp-not-inc,HS-grad,Never-married,Prof-specialty,Own-child,Black,Female,United-States,<=50K
42,212027,13,0,0,40,State-gov,Bachelors,Divorced,Prof-specialty,Not-in-family,Black,Male,United-States,<=50K
18,145005,10,0,0,20,Private,Some-college,Never-married,Other-service,Own-child,White,Male,United-States,<=50K
27,122038,9,0,0,48,Private,HS-grad,Married-civ-spouse,Craft-repair,Husband,White,Male,United-States,<=50K
59,197148,9,0,0,24,Private,HS-grad,Married-civ-spouse,Protective-serv,Husband,White,Male,United-States,>50K
33,206051,9,0,0,40,Private,HS-grad,Married-civ-spouse,Craft-repair,Husband,White,Male,United-States,<=50K
32,385959,9,0,0,50,Private,HS-grad,Never-married,Craft-repair,Own-child,White,Male,United-States,<=50K
29,172865,9,0,0,50,Private,HS-grad,Married-civ-spouse,Machine-op-inspct,Husband,White,Male,United-States,<=50K
44,207685,9,0,1564,55,Private,HS-grad,Never-married,Exec-managerial,Not-in-family,White,Male,England,>50K
50,44368,9,15024,0,55,Self-emp-not-inc,HS-grad,Married-civ-spouse,Sales,Husband,White,Male,El-Salvador,>50K
20,203240,5,0,0,32,Private,9th,Never-married,Sales,Own-child,White,Female,United-States,<=50K
35,60269,9,0,0,60,Self-emp-not-inc,HS-grad,Married-civ-spouse,Exec-managerial,Husband,White,Male,United-States,<=50K
20,107658,10,0,0,10,Private,Some-college,Never-married,Tech-support,Not-in-family,White,Female,Canada,<=50K
29,193125,9,0,0,40,Private,HS-grad,Never-married,Machine-op-inspct,Not-in-family,White,Female,United-States,<=50K
31,442429,9,0,0,40,Private,HS-grad,Separated,Craft-repair,Unmarried,White,Female,Mexico,<=50K
19,170125,9,0,0,40,Self-emp-inc,HS-grad,Never-married,Sales,Own-child,White,Male,United-States,<=50K
24,90046,13,0,0,40,Private,Bachelors,Separated,Exec-managerial,Not-in-family,White,Female,United-States,<=50K
34,286689,14,4650,0,30,MISSING,Masters,Never-married,MISSING,Not-in-family,White,Male,United-States,<=50K
48,355978,14,0,0,40,Private,Masters,Married-civ-spouse,Exec-managerial,Husband,White,Male,United-States,<=50K
48,379883,14,0,0,40,Private,Masters,Married-civ-spouse,Prof-specialty,Husband,White,Male,Cuba,>50K
43,117915,14,0,0,40,Private,Masters,Never-married,Adm-clerical,Not-in-family,White,Male,United-States,<=50K
44,115896,11,0,0,40,Self-emp-not-inc,Assoc-voc,Widowed,Prof-specialty,Unmarried,White,Female,United-States,<=50K
41,70092,10,0,0,38,Private,Some-college,Divorced,Adm-clerical,Unmarried,White,Female,United-States,<=50K
74,104661,10,0,0,12,MISSING,Some-college,Widowed,MISSING,Not-in-family,White,Female,United-States,<=50K
27,190525,13,7298,0,55,Private,Bachelors,Married-civ-spouse,Exec-managerial,Husband,White,Male,United-States,>50K
66,174788,10,0,0,20,Private,Some-college,Divorced,Adm-clerical,Not-in-family,White,Female,United-States,<=50K
39,101260,9,0,0,40,Private,HS-grad,Never-married,Machine-op-inspct,Own-child,White,Male,United-States,<=50K
44,111483,14,0,0,40,State-gov,Masters,Married-civ-spouse,Prof-specialty,Husband,White,Male,United-States,>50K
19,47577,10,0,0,50,Private,Some-college,Never-married,Transport-moving,Not-in-family,White,Male,United-States,<=50K
31,138416,3,0,0,56,Private,5th-6th,Married-civ-spouse,Handlers-cleaners,Husband,White,Male,Mexico,<=50K
30,65920,9,0,0,40,Private,HS-grad,Never-married,Exec-managerial,Not-in-family,Black,Male,United-States,<=50K
48,246891,15,0,0,60,Self-emp-not-inc,Prof-school,Married-civ-spouse,Craft-repair,Husband,White,Male,United-States,<=50K
28,62535,9,0,0,43,Private,HS-grad,Married-civ-spouse,Craft-repair,Husband,White,Male,United-States,<=50K
48,247043,9,0,0,40,Federal-gov,HS-grad,Divorced,Adm-clerical,Not-in-family,White,Male,United-States,<=50K
36,227615,3,0,0,32,Private,5th-6th,Married-spouse-absent,Craft-repair,Other-relative,White,Male,Mexico,<=50K
70,139889,10,2653,0,70,Self-emp-not-inc,Some-college,Married-civ-spouse,Farming-fishing,Husband,White,Male,United-States,<=50K
41,253060,15,0,0,50,Private,Prof-school,Married-civ-spouse,Sales,Husband,White,Male,United-States,<=50K
26,195994,10,0,0,15,Private,Some-college,Never-married,Sales,Not-in-family,White,Female,United-States,<=50K
32,295282,9,0,0,48,Private,HS-grad,Married-civ-spouse,Craft-repair,Husband,White,Male,United-States,<=50K
22,210802,10,0,0,35,MISSING,Some-college,Never-married,MISSING,Not-in-family,Black,Female,United-States,<=50K
43,187778,9,0,0,20,Self-emp-not-inc,HS-grad,Married-civ-spouse,Craft-repair,Husband,White,Male,United-States,<=50K
59,243226,6,0,0,40,Private,10th,Divorced,Machine-op-inspct,Not-in-family,White,Female,United-States,<=50K
31,112062,13,0,0,40,Private,Bachelors,Never-married,Prof-specialty,Not-in-family,White,Female,United-States,<=50K
41,147314,9,0,0,50,Private,HS-grad,Married-civ-spouse,Sales,Husband,Amer-Indian-Eskimo,Male,United-States,<=50K
38,177305,13,0,0,38,Local-gov,Bachelors,Married-civ-spouse,Prof-specialty,Husband,White,Male,United-States,<=50K
61,98776,7,0,0,30,Private,11th,Widowed,Handlers-cleaners,Not-in-family,White,Female,United-States,<=50K
46,73019,13,0,0,40,Private,Bachelors,Never-married,Prof-specialty,Not-in-family,White,Female,United-States,<=50K
39,224566,13,0,0,60,Private,Bachelors,Married-civ-spouse,Exec-managerial,Husband,White,Male,United-States,>50K
50,128478,9,0,0,70,Private,HS-grad,Married-civ-spouse,Transport-moving,Husband,White,Male,United-States,<=50K
42,170230,14,14084,0,60,Federal-gov,Masters,Never-married,Exec-managerial,Not-in-family,White,Female,United-States,>50K
29,245310,10,0,0,35,State-gov,Some-college,Never-married,Prof-specialty,Not-in-family,White,Male,United-States,<=50K
34,734193,10,0,0,50,Private,Some-college,Never-married,Exec-managerial,Not-in-family,White,Female,United-States,<=50K
33,187560,11,0,0,36,Private,Assoc-voc,Married-civ-spouse,Sales,Husband,White,Male,United-States,<=50K
50,112873,13,0,0,40,Private,Bachelors,Married-civ-spouse,Sales,Husband,White,Male,United-States,<=50K
40,195520,10,0,0,49,State-gov,Some-college,Never-married,Adm-clerical,Unmarried,Black,Female,United-States,<=50K
17,141590,7,0,0,12,Private,11th,Never-married,Priv-house-serv,Own-child,White,Female,United-States,<=50K
36,122493,9,0,0,47,Self-emp-not-inc,HS-grad,Married-civ-spouse,Craft-repair,Husband,White,Male,United-States,<=50K
59,354037,15,15024,0,50,Private,Prof-school,Married-civ-spouse,Transport-moving,Husband,Black,Male,United-States,>50K
29,34383,11,0,0,55,Private,Assoc-voc,Married-civ-spouse,Transport-moving,Husband,White,Male,United-States,<=50K
27,207352,13,0,0,40,Private,Bachelors,Married-civ-spouse,Tech-support,Husband,Asian-Pac-Islander,Male,India,>50K
56,134195,14,0,0,50,Private,Masters,Never-married,Sales,Not-in-family,White,Male,United-States,<=50K
51,183173,9,0,0,40,Self-emp-not-inc,HS-grad,Married-civ-spouse,Sales,Husband,White,Male,United-States,>50K
30,427474,5,0,0,40,Private,9th,Married-civ-spouse,Other-service,Husband,White,Male,Mexico,<=50K
41,119079,9,0,0,49,Private,HS-grad,Married-civ-spouse,Sales,Husband,White,Male,United-States,>50K
20,284737,10,0,0,20,Private,Some-college,Never-married,Other-service,Own-child,White,Male,United-States,<=50K
23,143062,9,0,0,40,Private,HS-grad,Never-married,Sales,Own-child,White,Male,United-States,<=50K
59,279636,9,0,0,50,Private,HS-grad,Never-married,Adm-clerical,Not-in-family,White,Male,Guatemala,<=50K
35,82051,10,0,0,40,Self-emp-inc,Some-college,Married-civ-spouse,Sales,Wife,White,Female,United-States,<=50K
25,202091,9,0,0,40,Private,HS-grad,Never-married,Exec-managerial,Own-child,White,Female,United-States,<=50K
23,211678,10,0,0,40,Private,Some-college,Never-married,Machine-op-inspct,Not-in-family,White,Male,United-States,<=50K
41,149102,9,0,0,40,Private,HS-grad,Married-spouse-absent,Craft-repair,Not-in-family,White,Male,Poland,<=50K
61,198686,12,0,0,2,MISSING,Assoc-acdm,Married-civ-spouse,MISSING,Husband,White,Male,United-States,>50K
48,336540,9,0,0,40,Private,HS-grad,Married-civ-spouse,Sales,Husband,White,Male,United-States,<=50K
74,192413,15,0,0,40,Self-emp-not-inc,Prof-school,Divorced,Prof-specialty,Other-relative,White,Male,United-States,<=50K
39,119421,9,0,625,35,State-gov,HS-grad,Separated,Adm-clerical,Unmarried,White,Female,United-States,<=50K
21,142766,10,0,0,10,State-gov,Some-college,Never-married,Other-service,Own-child,White,Male,United-States,<=50K
45,155664,3,0,0,40,Self-emp-inc,5th-6th,Married-civ-spouse,Craft-repair,Husband,White,Male,MISSING,>50K
77,154205,9,0,0,10,Private,HS-grad,Widowed,Adm-clerical,Not-in-family,White,Female,United-States,<=50K
26,33610,9,0,0,40,Private,HS-grad,Never-married,Transport-moving,Own-child,White,Male,United-States,<=50K
25,96268,7,0,0,40,Private,11th,Divorced,Exec-managerial,Unmarried,White,Female,United-States,<=50K
23,95989,10,0,0,30,Private,Some-college,Never-married,Other-service,Own-child,White,Female,United-States,<=50K
33,144949,9,0,0,40,Private,HS-grad,Never-married,Handlers-cleaners,Not-in-family,White,Male,United-States,<=50K
40,119225,11,0,0,40,Private,Assoc-voc,Married-civ-spouse,Prof-specialty,Husband,White,Male,United-States,<=50K
27,298510,9,0,0,40,Local-gov,HS-grad,Divorced,Protective-serv,Own-child,White,Male,United-States,<=50K
52,317733,13,7688,0,40,Local-gov,Bachelors,Married-civ-spouse,Prof-specialty,Husband,White,Male,United-States,>50K
40,236021,10,0,0,50,Private,Some-college,Never-married,Exec-managerial,Not-in-family,White,Male,United-States,<=50K
20,306710,9,0,0,40,Self-emp-not-inc,HS-grad,Never-married,Farming-fishing,Own-child,White,Male,United-States,<=50K
23,182812,10,0,0,40,Private,Some-college,Never-married,Other-service,Own-child,White,Female,Dominican-Republic,<=50K
39,147258,6,0,0,40,Private,10th,Married-civ-spouse,Craft-repair,Husband,White,Male,United-States,<=50K
32,251612,3,0,0,45,MISSING,5th-6th,Never-married,MISSING,Unmarried,White,Female,Mexico,<=50K
46,120121,13,0,0,50,Self-emp-inc,Bachelors,Married-civ-spouse,Sales,Husband,White,Male,United-States,>50K
51,208899,13,0,0,40,Private,Bachelors,Separated,Adm-clerical,Unmarried,White,Female,United-States,<=50K
39,90646,11,0,0,40,Private,Assoc-voc,Divorced,Adm-clerical,Unmarried,White,Female,United-States,<=50K
41,342164,10,0,0,15,Private,Some-college,Divorced,Sales,Not-in-family,White,Female,United-States,<=50K
40,110028,10,0,0,40,Private,Some-college,Married-civ-spouse,Craft-repair,Husband,White,Male,United-States,<=50K
23,235894,7,0,0,55,Private,11th,Married-civ-spouse,Exec-managerial,Husband,White,Male,United-States,<=50K
28,259351,6,0,0,40,Private,10th,Never-married,Other-service,Other-relative,Amer-Indian-Eskimo,Male,Mexico,<=50K
40,143069,9,0,0,40,Private,HS-grad,Married-civ-spouse,Machine-op-inspct,Husband,White,Male,United-States,<=50K
44,175485,13,0,0,12,Private,Bachelors,Married-civ-spouse,Craft-repair,Husband,White,Male,United-States,<=50K
18,376647,9,2176,0,25,Private,HS-grad,Never-married,Handlers-cleaners,Own-child,White,Male,United-States,<=50K
42,511068,13,7688,0,40,Private,Bachelors,Married-civ-spouse,Prof-specialty,Husband,White,Male,United-States,>50K
29,78261,9,0,0,40,Private,HS-grad,Married-civ-spouse,Machine-op-inspct,Husband,White,Male,United-States,<=50K
36,340091,16,0,0,36,State-gov,Doctorate,Married-civ-spouse,Prof-specialty,Wife,White,Female,United-States,>50K
22,222993,9,0,0,40,Private,HS-grad,Never-married,Handlers-cleaners,Own-child,White,Male,United-States,<=50K
33,59083,13,0,1902,45,Private,Bachelors,Married-civ-spouse,Adm-clerical,Husband,White,Male,United-States,>50K
20,179423,10,0,0,8,Private,Some-college,Never-married,Handlers-cleaners,Own-child,White,Female,United-States,<=50K
45,170850,9,0,0,44,Private,HS-grad,Married-civ-spouse,Machine-op-inspct,Husband,White,Male,United-States,>50K
50,184007,10,0,0,40,Federal-gov,Some-college,Married-civ-spouse,Adm-clerical,Husband,White,Male,United-States,<=50K
39,103986,9,0,1590,40,MISSING,HS-grad,Never-married,MISSING,Not-in-family,White,Male,United-States,<=50K
41,184466,7,0,0,55,Private,11th,Married-civ-spouse,Protective-serv,Husband,White,Male,United-States,<=50K
37,140713,10,0,0,40,Private,Some-college,Married-civ-spouse,Adm-clerical,Husband,Black,Male,Jamaica,>50K
55,294395,11,6849,0,40,State-gov,Assoc-voc,Widowed,Prof-specialty,Unmarried,White,Female,United-States,<=50K
19,278115,10,0,0,12,Private,Some-college,Never-married,Other-service,Own-child,White,Male,United-States,<=50K
40,115932,13,0,0,60,Private,Bachelors,Married-civ-spouse,Prof-specialty,Husband,White,Male,Ireland,>50K
48,243631,10,7688,0,40,Self-emp-not-inc,Some-college,Married-civ-spouse,Craft-repair,Husband,Amer-Indian-Eskimo,Male,United-States,>50K
45,175958,5,0,0,40,Local-gov,9th,Never-married,Other-service,Own-child,White,Male,United-States,<=50K
37,233490,9,0,0,50,Private,HS-grad,Never-married,Farming-fishing,Not-in-family,White,Male,United-States,<=50K
35,98389,7,0,0,40,Private,11th,Married-civ-spouse,Farming-fishing,Husband,White,Male,United-States,<=50K
51,163921,13,0,0,56,Private,Bachelors,Married-civ-spouse,Transport-moving,Husband,White,Male,United-States,>50K
32,328060,5,0,0,40,Private,9th,Separated,Other-service,Unmarried,Other,Female,Mexico,<=50K
40,115161,9,0,0,30,Private,HS-grad,Married-civ-spouse,Transport-moving,Husband,White,Male,United-States,<=50K
22,109482,10,0,0,98,Private,Some-college,Never-married,Prof-specialty,Own-child,White,Male,United-States,<=50K
31,231043,10,0,0,50,Private,Some-college,Married-civ-spouse,Transport-moving,Husband,White,Male,United-States,<=50K
41,144002,13,0,0,60,Self-emp-not-inc,Bachelors,Married-civ-spouse,Exec-managerial,Husband,White,Male,United-States,>50K
44,147206,10,0,0,12,Self-emp-not-inc,Some-college,Never-married,Craft-repair,Own-child,White,Male,United-States,<=50K
73,139049,9,0,0,22,MISSING,HS-grad,Widowed,MISSING,Not-in-family,White,Female,United-States,>50K
24,55424,13,0,0,40,Private,Bachelors,Never-married,Exec-managerial,Own-child,White,Male,United-States,<=50K
18,294253,9,0,0,27,Private,HS-grad,Never-married,Other-service,Own-child,White,Female,United-States,<=50K
43,158177,10,0,0,35,Private,Some-college,Divorced,Adm-clerical,Unmarried,Black,Female,United-States,<=50K
42,167581,13,0,0,40,State-gov,Bachelors,Never-married,Adm-clerical,Other-relative,White,Female,United-States,<=50K
44,383493,9,0,0,60,Self-emp-inc,HS-grad,Married-civ-spouse,Craft-repair,Husband,White,Male,United-States,>50K
23,144165,13,0,0,30,Local-gov,Bachelors,Never-married,Prof-specialty,Own-child,Amer-Indian-Eskimo,Male,United-States,<=50K
26,160261,14,0,0,20,Private,Masters,Never-married,Prof-specialty,Not-in-family,Asian-Pac-Islander,Male,India,<=50K
20,163003,9,0,0,15,Private,HS-grad,Never-married,Adm-clerical,Unmarried,Asian-Pac-Islander,Female,United-States,<=50K
59,296253,9,0,0,40,Private,HS-grad,Divorced,Exec-managerial,Not-in-family,White,Female,United-States,<=50K
20,225515,10,0,0,24,Federal-gov,Some-college,Never-married,Tech-support,Own-child,White,Female,United-States,<=50K
49,170846,14,0,0,40,Local-gov,Masters,Divorced,Exec-managerial,Not-in-family,White,Female,United-States,<=50K
51,193374,2,0,0,40,Private,1st-4th,Married-civ-spouse,Craft-repair,Husband,White,Male,Mexico,<=50K
36,126569,10,0,0,40,Local-gov,Some-college,Married-civ-spouse,Protective-serv,Husband,White,Male,United-States,>50K
76,431192,4,0,0,2,MISSING,7th-8th,Widowed,MISSING,Not-in-family,White,Male,United-States,<=50K
39,288551,9,0,0,40,Private,HS-grad,Married-civ-spouse,Craft-repair,Husband,Black,Male,United-States,<=50K
17,38611,7,0,0,23,Private,11th,Never-married,Adm-clerical,Own-child,White,Female,United-States,<=50K
19,196857,10,0,0,20,Private,Some-college,Never-married,Sales,Own-child,White,Female,United-States,<=50K
25,266820,1,0,0,35,Private,Preschool,Never-married,Farming-fishing,Not-in-family,White,Male,Mexico,<=50K
17,258872,7,0,0,5,MISSING,11th,Never-married,MISSING,Own-child,White,Female,United-States,<=50K
39,301614,7,0,0,40,Local-gov,11th,Married-civ-spouse,Other-service,Husband,White,Male,United-States,<=50K
43,144811,15,0,0,50,State-gov,Prof-school,Divorced,Prof-specialty,Not-in-family,White,Male,United-States,<=50K
43,301638,8,0,1579,40,Local-gov,12th,Married-civ-spouse,Transport-moving,Husband,White,Male,United-States,<=50K
27,214385,9,0,0,40,Federal-gov,HS-grad,Never-married,Adm-clerical,Not-in-family,Black,Female,United-States,<=50K
28,226198,9,0,0,40,Self-emp-not-inc,HS-grad,Divorced,Exec-managerial,Not-in-family,White,Female,United-States,<=50K
31,208657,10,0,0,40,Private,Some-college,Divorced,Adm-clerical,Unmarried,White,Female,United-States,<=50K
42,64632,9,0,0,50,Self-emp-not-inc,HS-grad,Married-civ-spouse,Exec-managerial,Husband,White,Male,United-States,<=50K
48,39530,9,0,0,40,Private,HS-grad,Divorced,Adm-clerical,Not-in-family,White,Female,United-States,<=50K
60,188236,6,0,0,40,Private,10th,Widowed,Tech-support,Unmarried,White,Female,United-States,<=50K
31,126950,9,0,0,40,Private,HS-grad,Divorced,Transport-moving,Not-in-family,White,Male,United-States,<=50K
28,407672,13,0,0,40,Local-gov,Bachelors,Never-married,Prof-specialty,Not-in-family,White,Female,United-States,<=50K
39,140854,9,0,0,50,Private,HS-grad,Never-married,Prof-specialty,Not-in-family,White,Male,United-States,<=50K
59,375049,9,0,0,41,MISSING,HS-grad,Married-civ-spouse,MISSING,Husband,White,Male,United-States,>50K
40,223548,9,0,0,40,Private,HS-grad,Married-civ-spouse,Adm-clerical,Husband,White,Male,Mexico,<=50K
67,92061,9,0,0,8,MISSING,HS-grad,Widowed,MISSING,Other-relative,White,Female,United-States,<=50K
55,200992,10,0,0,35,Private,Some-college,Widowed,Other-service,Not-in-family,White,Female,United-States,<=50K
50,156606,10,0,0,30,Self-emp-not-inc,Some-college,Married-civ-spouse,Exec-managerial,Wife,White,Female,United-States,<=50K
25,279667,6,0,0,45,Private,10th,Married-civ-spouse,Craft-repair,Husband,White,Male,United-States,<=50K
44,75227,15,14084,0,40,Private,Prof-school,Never-married,Prof-specialty,Not-in-family,White,Male,United-States,>50K
26,242651,10,0,0,48,Self-emp-inc,Some-college,Never-married,Sales,Not-in-family,White,Male,United-States,<=50K
27,287476,9,3325,0,40,Private,HS-grad,Never-married,Craft-repair,Not-in-family,Black,Male,United-States,<=50K
40,510072,13,0,0,55,Private,Bachelors,Married-civ-spouse,Sales,Husband,White,Male,United-States,>50K
50,177487,9,0,0,40,Private,HS-grad,Married-civ-spouse,Craft-repair,Husband,White,Male,United-States,<=50K
48,238726,9,0,0,40,Private,HS-grad,Widowed,Adm-clerical,Unmarried,White,Female,United-States,<=50K
63,187919,7,0,0,30,Private,11th,Married-civ-spouse,Other-service,Husband,White,Male,United-States,<=50K
33,164190,11,7298,0,40,Private,Assoc-voc,Married-civ-spouse,Craft-repair,Husband,White,Male,United-States,>50K
75,260543,6,0,0,1,MISSING,10th,Widowed,MISSING,Other-relative,Asian-Pac-Islander,Female,China,<=50K
53,257126,8,0,0,45,Self-emp-not-inc,12th,Married-civ-spouse,Craft-repair,Husband,White,Male,United-States,<=50K
44,104196,14,0,0,45,Private,Masters,Married-civ-spouse,Exec-managerial,Husband,White,Male,United-States,>50K
38,91039,14,0,0,65,Private,Masters,Married-civ-spouse,Exec-managerial,Husband,White,Male,United-States,>50K
29,370509,13,0,0,50,Private,Bachelors,Married-civ-spouse,Exec-managerial,Husband,White,Male,France,>50K
32,111836,10,0,0,50,Private,Some-college,Married-civ-spouse,Other-service,Husband,Black,Male,United-States,<=50K
35,210150,9,0,0,40,Private,HS-grad,Divorced,Adm-clerical,Unmarried,White,Female,United-States,<=50K
31,511289,9,2907,0,99,Private,HS-grad,Never-married,Farming-fishing,Not-in-family,White,Male,United-States,<=50K
43,54611,9,0,0,40,Private,HS-grad,Married-civ-spouse,Machine-op-inspct,Husband,White,Male,United-States,<=50K
46,187226,5,0,0,25,Private,9th,Divorced,Other-service,Not-in-family,White,Male,United-States,<=50K
42,190543,10,0,0,40,Private,Some-college,Married-civ-spouse,Tech-support,Wife,White,Female,United-States,>50K
28,66777,11,3137,0,40,Private,Assoc-voc,Married-civ-spouse,Other-service,Other-relative,White,Female,United-States,<=50K
47,332355,14,15024,0,50,Self-emp-inc,Masters,Married-civ-spouse,Exec-managerial,Husband,White,Male,United-States,>50K
37,97986,12,0,0,68,Self-emp-inc,Assoc-acdm,Married-civ-spouse,Sales,Husband,White,Male,United-States,<=50K
23,81281,10,0,0,40,Private,Some-college,Married-civ-spouse,Adm-clerical,Husband,White,Male,United-States,<=50K
65,118779,9,0,0,30,Private,HS-grad,Married-civ-spouse,Craft-repair,Husband,White,Male,United-States,<=50K
30,108386,11,0,0,40,Local-gov,Assoc-voc,Married-civ-spouse,Protective-serv,Husband,White,Male,United-States,<=50K
45,232586,10,0,0,50,Private,Some-college,Married-civ-spouse,Craft-repair,Husband,White,Male,United-States,>50K
46,160474,9,0,1590,43,Private,HS-grad,Divorced,Adm-clerical,Unmarried,White,Female,United-States,<=50K
62,115387,9,0,0,40,Private,HS-grad,Never-married,Handlers-cleaners,Other-relative,Black,Female,United-States,<=50K
66,157942,9,0,0,40,Local-gov,HS-grad,Widowed,Transport-moving,Not-in-family,Black,Female,United-States,<=50K
46,130364,9,0,0,40,Private,HS-grad,Never-married,Craft-repair,Unmarried,White,Male,United-States,<=50K
46,180010,13,0,0,40,Local-gov,Bachelors,Married-civ-spouse,Prof-specialty,Wife,White,Female,United-States,>50K
23,82998,10,0,0,30,Private,Some-college,Never-married,Sales,Not-in-family,White,Male,United-States,<=50K
61,219886,10,0,0,40,Private,Some-college,Married-civ-spouse,Tech-support,Wife,White,Female,United-States,>50K
51,177727,12,0,0,45,Private,Assoc-acdm,Married-civ-spouse,Craft-repair,Husband,White,Male,United-States,>50K
19,472807,2,0,0,52,Private,1st-4th,Never-married,Handlers-cleaners,Other-relative,White,Male,Mexico,<=50K
28,82531,10,0,0,40,Private,Some-college,Never-married,Other-service,Not-in-family,Black,Male,United-States,<=50K
25,200408,10,2174,0,40,Private,Some-college,Never-married,Tech-support,Not-in-family,White,Male,United-States,<=50K
23,41356,12,0,0,32,Federal-gov,Assoc-acdm,Never-married,Exec-managerial,Unmarried,White,Female,United-States,<=50K
28,96020,13,0,0,50,Private,Bachelors,Married-civ-spouse,Exec-managerial,Wife,White,Female,United-States,>50K
79,142171,4,1409,0,35,MISSING,7th-8th,Married-civ-spouse,MISSING,Husband,White,Male,United-States,<=50K
21,355287,5,0,0,48,Private,9th,Never-married,Machine-op-inspct,Not-in-family,White,Male,Mexico,<=50K
19,369463,9,0,0,40,Private,HS-grad,Never-married,Adm-clerical,Own-child,White,Female,United-States,<=50K
36,36397,13,0,0,55,State-gov,Bachelors,Divorced,Prof-specialty,Not-in-family,White,Female,United-States,<=50K
17,215743,7,0,0,40,MISSING,11th,Never-married,MISSING,Own-child,White,Male,United-States,<=50K
37,180150,15,0,0,45,Self-emp-not-inc,Prof-school,Married-civ-spouse,Prof-specialty,Husband,White,Male,United-States,>50K
32,24961,11,0,0,40,Private,Assoc-voc,Married-civ-spouse,Tech-support,Husband,White,Male,United-States,<=50K
58,204816,10,0,0,60,Self-emp-not-inc,Some-college,Married-civ-spouse,Exec-managerial,Husband,White,Male,United-States,>50K
23,188535,4,0,0,35,Never-worked,7th-8th,Divorced,MISSING,Not-in-family,White,Male,United-States,<=50K
23,67958,10,0,0,30,Private,Some-college,Never-married,Other-service,Not-in-family,White,Female,United-States,<=50K
28,269246,7,0,0,40,Private,11th,Married-civ-spouse,Farming-fishing,Husband,White,Male,United-States,<=50K
57,368797,9,0,0,40,Self-emp-inc,HS-grad,Married-civ-spouse,Exec-managerial,Husband,White,Male,United-States,<=50K
42,135056,10,0,0,40,Private,Some-college,Married-civ-spouse,Adm-clerical,Wife,White,Female,United-States,<=50K
24,196675,9,0,0,70,Private,HS-grad,Married-civ-spouse,Handlers-cleaners,Husband,Black,Male,United-States,<=50K
20,100605,9,0,0,40,Private,HS-grad,Never-married,Sales,Own-child,Other,Male,Puerto-Rico,<=50K
27,212622,14,0,0,40,Private,Masters,Never-married,Exec-managerial,Own-child,White,Female,United-States,<=50K
36,248010,9,0,0,45,Private,HS-grad,Married-civ-spouse,Adm-clerical,Husband,White,Male,United-States,<=50K
49,64216,9,0,0,90,Private,HS-grad,Divorced,Transport-moving,Not-in-family,White,Male,United-States,<=50K
22,196280,10,0,0,20,MISSING,Some-college,Never-married,MISSING,Own-child,White,Female,United-States,<=50K
43,198965,14,0,0,40,State-gov,Masters,Married-civ-spouse,Prof-specialty,Husband,White,Male,United-States,>50K
31,182896,9,0,0,40,Private,HS-grad,Never-married,Craft-repair,Not-in-family,White,Female,United-States,<=50K
18,71792,9,0,0,40,Private,HS-grad,Never-married,Sales,Own-child,Asian-Pac-Islander,Female,United-States,<=50K
39,104089,11,0,0,50,Private,Assoc-voc,Married-civ-spouse,Craft-repair,Husband,White,Male,United-States,>50K
20,368852,10,0,0,20,Private,Some-college,Never-married,Other-service,Own-child,White,Female,United-States,<=50K
49,155489,13,0,0,40,Private,Bachelors,Married-civ-spouse,Craft-repair,Husband,White,Male,United-States,<=50K
19,120691,9,0,0,25,Private,HS-grad,Never-married,Sales,Own-child,Black,Male,United-States,<=50K
35,171968,9,0,0,40,Private,HS-grad,Married-civ-spouse,Machine-op-inspct,Husband,White,Male,United-States,<=50K
25,208591,9,0,0,40,Private,HS-grad,Never-married,Machine-op-inspct,Own-child,White,Male,United-States,<=50K
44,315406,7,0,0,88,Self-emp-not-inc,11th,Married-civ-spouse,Farming-fishing,Husband,White,Male,United-States,<=50K
42,177937,13,0,0,50,Local-gov,Bachelors,Divorced,Prof-specialty,Not-in-family,White,Male,MISSING,<=50K
43,35236,10,0,0,84,Self-emp-not-inc,Some-college,Married-civ-spouse,Farming-fishing,Husband,White,Male,United-States,<=50K
31,82473,5,0,0,25,MISSING,9th,Divorced,MISSING,Not-in-family,White,Female,United-States,<=50K
34,226296,9,0,0,51,Self-emp-not-inc,HS-grad,Married-civ-spouse,Prof-specialty,Husband,White,Male,United-States,<=50K
53,288020,13,0,0,40,Private,Bachelors,Married-civ-spouse,Prof-specialty,Husband,Asian-Pac-Islander,Male,Japan,<=50K
47,106255,10,0,0,40,Private,Some-college,Married-civ-spouse,Craft-repair,Husband,White,Male,United-States,<=50K
46,102308,15,15024,0,50,Federal-gov,Prof-school,Married-civ-spouse,Prof-specialty,Husband,White,Male,United-States,>50K
58,100313,10,0,1902,40,Private,Some-college,Married-civ-spouse,Protective-serv,Husband,White,Male,United-States,>50K
42,190767,11,0,0,40,Private,Assoc-voc,Divorced,Tech-support,Unmarried,White,Female,United-States,<=50K
26,167350,9,0,0,50,Private,HS-grad,Never-married,Transport-moving,Own-child,White,Male,United-States,<=50K
20,154781,9,0,0,40,Private,HS-grad,Never-married,Adm-clerical,Not-in-family,White,Female,United-States,<=50K
18,160984,7,0,0,15,Private,11th,Never-married,Other-service,Own-child,White,Female,United-States,<=50K
36,130589,10,0,0,45,Private,Some-college,Divorced,Exec-managerial,Not-in-family,White,Male,United-States,<=50K
38,187983,15,0,0,40,Private,Prof-school,Married-civ-spouse,Sales,Wife,White,Female,United-States,<=50K
32,100135,9,0,0,40,Local-gov,HS-grad,Divorced,Adm-clerical,Unmarried,White,Female,United-States,<=50K
45,209912,13,0,0,40,Private,Bachelors,Married-civ-spouse,Exec-managerial,Husband,Asian-Pac-Islander,Male,India,>50K
19,219867,9,0,0,35,Private,HS-grad,Never-married,Adm-clerical,Other-relative,White,Female,United-States,<=50K
40,248094,9,0,0,40,Private,HS-grad,Married-civ-spouse,Transport-moving,Husband,White,Male,United-States,<=50K
20,224238,8,0,0,40,Private,12th,Never-married,Craft-repair,Own-child,White,Male,United-States,<=50K
54,124993,9,0,0,40,MISSING,HS-grad,Married-civ-spouse,MISSING,Husband,White,Male,United-States,>50K
36,132879,2,0,0,40,Private,1st-4th,Married-civ-spouse,Handlers-cleaners,Husband,White,Male,Italy,<=50K
40,126845,10,0,0,40,Private,Some-college,Married-civ-spouse,Adm-clerical,Husband,White,Male,United-States,>50K
24,185452,13,0,0,50,Private,Bachelors,Never-married,Tech-support,Not-in-family,White,Female,United-States,<=50K
34,684015,3,0,0,40,Private,5th-6th,Never-married,Handlers-cleaners,Own-child,White,Male,El-Salvador,<=50K
39,211440,13,0,0,50,Private,Bachelors,Married-civ-spouse,Sales,Husband,White,Male,United-States,>50K
39,290922,14,0,0,40,Private,Masters,Never-married,Prof-specialty,Own-child,White,Female,United-States,<=50K
37,280966,10,0,0,50,Private,Some-college,Married-civ-spouse,Machine-op-inspct,Husband,White,Male,United-States,>50K
41,179580,10,0,0,36,Private,Some-college,Divorced,Other-service,Not-in-family,White,Female,United-States,>50K
21,205759,9,0,0,40,Private,HS-grad,Never-married,Handlers-cleaners,Own-child,White,Male,United-States,<=50K
66,127921,9,2050,0,55,Private,HS-grad,Never-married,Transport-moving,Not-in-family,White,Male,United-States,<=50K
67,74335,9,0,0,10,MISSING,HS-grad,Widowed,MISSING,Not-in-family,White,Female,Germany,<=50K
34,97306,13,0,0,25,Private,Bachelors,Divorced,Craft-repair,Unmarried,White,Female,United-States,<=50K
22,186452,10,0,0,36,MISSING,Some-college,Never-married,MISSING,Own-child,White,Male,United-States,<=50K
28,268726,9,0,0,46,Private,HS-grad,Married-civ-spouse,Craft-repair,Husband,White,Male,United-States,<=50K
18,102182,8,0,0,30,Private,12th,Never-married,Priv-house-serv,Not-in-family,White,Female,United-States,<=50K
23,124259,10,0,0,40,Private,Some-college,Never-married,Protective-serv,Own-child,Black,Female,United-States,<=50K
28,176137,9,0,0,32,Private,HS-grad,Never-married,Other-service,Own-child,White,Female,United-States,<=50K
46,265275,14,0,0,60,Private,Masters,Married-civ-spouse,Prof-specialty,Husband,White,Male,United-States,<=50K
54,166459,15,99999,0,60,Self-emp-inc,Prof-school,Married-civ-spouse,Prof-specialty,Husband,White,Male,United-States,>50K
54,93415,13,0,0,40,State-gov,Bachelors,Never-married,Prof-specialty,Unmarried,Asian-Pac-Islander,Female,United-States,>50K
39,150480,15,0,0,55,Private,Prof-school,Married-civ-spouse,Prof-specialty,Husband,White,Male,United-States,>50K
46,337050,14,0,1977,45,Private,Masters,Married-civ-spouse,Exec-managerial,Husband,White,Male,United-States,>50K
24,216563,9,0,0,40,Private,HS-grad,Married-civ-spouse,Machine-op-inspct,Wife,White,Female,United-States,<=50K
31,63437,9,0,0,40,Private,HS-grad,Never-married,Farming-fishing,Not-in-family,White,Male,Ireland,<=50K
90,139660,10,0,0,37,Private,Some-college,Divorced,Sales,Unmarried,Black,Female,United-States,<=50K
38,100375,15,99999,0,60,Private,Prof-school,Married-civ-spouse,Prof-specialty,Husband,White,Male,United-States,>50K
20,33551,9,0,0,40,Private,HS-grad,Never-married,Transport-moving,Own-child,White,Male,United-States,<=50K
40,141583,10,0,0,35,State-gov,Some-college,Divorced,Adm-clerical,Unmarried,Black,Female,United-States,<=50K
38,275223,13,7688,0,40,Self-emp-inc,Bachelors,Married-civ-spouse,Sales,Husband,White,Male,United-States,>50K
41,169995,10,0,0,20,Local-gov,Some-college,Divorced,Protective-serv,Not-in-family,White,Male,United-States,<=50K
53,263925,9,99999,0,40,Self-emp-inc,HS-grad,Married-civ-spouse,Sales,Husband,White,Male,United-States,>50K
38,275338,13,1151,0,40,Private,Bachelors,Divorced,Sales,Unmarried,White,Female,United-States,<=50K
23,32616,13,0,0,20,Private,Bachelors,Never-married,Adm-clerical,Own-child,White,Female,United-States,<=50K
45,191098,13,0,0,40,Private,Bachelors,Married-civ-spouse,Prof-specialty,Husband,Asian-Pac-Islander,Male,China,<=50K
35,338320,9,0,0,50,Self-emp-inc,HS-grad,Married-civ-spouse,Exec-managerial,Husband,White,Male,United-States,>50K
32,171814,9,0,0,40,Private,HS-grad,Never-married,Machine-op-inspct,Not-in-family,White,Female,United-States,<=50K
26,201481,13,0,0,40,Private,Bachelors,Never-married,Exec-managerial,Not-in-family,White,Female,United-States,<=50K
59,159048,9,0,0,40,Private,HS-grad,Divorced,Other-service,Not-in-family,White,Female,United-States,<=50K
33,117983,6,0,0,45,Private,10th,Divorced,Other-service,Unmarried,White,Female,United-States,<=50K
47,183522,10,0,0,40,Private,Some-college,Married-civ-spouse,Exec-managerial,Wife,Black,Female,United-States,>50K
28,50814,9,0,0,40,Private,HS-grad,Never-married,Adm-clerical,Not-in-family,White,Female,United-States,<=50K
54,101017,4,0,0,40,Private,7th-8th,Married-civ-spouse,Craft-repair,Husband,White,Male,United-States,<=50K
64,177825,9,1055,0,40,Self-emp-not-inc,HS-grad,Never-married,Other-service,Not-in-family,White,Male,United-States,<=50K
18,318082,10,0,0,35,Private,Some-college,Never-married,Sales,Own-child,White,Male,United-States,<=50K
64,114994,10,0,0,40,Private,Some-college,Separated,Other-service,Not-in-family,White,Male,United-States,<=50K
35,233533,13,0,0,65,Self-emp-not-inc,Bachelors,Separated,Craft-repair,Not-in-family,White,Male,United-States,<=50K
43,112763,9,8614,0,43,Private,HS-grad,Never-married,Adm-clerical,Unmarried,White,Female,United-States,>50K
43,197069,13,0,0,40,Federal-gov,Bachelors,Married-civ-spouse,Prof-specialty,Husband,White,Male,Philippines,>50K
33,332379,9,0,0,40,State-gov,HS-grad,Married-civ-spouse,Craft-repair,Husband,White,Male,United-States,>50K
38,20308,9,0,0,40,Private,HS-grad,Never-married,Other-service,Own-child,White,Male,United-States,<=50K
30,230224,13,0,0,55,Private,Bachelors,Never-married,Exec-managerial,Not-in-family,White,Male,United-States,>50K
30,288419,3,0,0,40,MISSING,5th-6th,Married-civ-spouse,MISSING,Husband,White,Male,Mexico,<=50K
61,124648,6,0,0,40,MISSING,10th,Divorced,MISSING,Not-in-family,White,Female,United-States,<=50K
42,183479,11,0,0,40,Private,Assoc-voc,Married-civ-spouse,Sales,Husband,White,Male,United-States,>50K
38,52738,10,0,0,40,Private,Some-college,Married-civ-spouse,Craft-repair,Husband,White,Male,United-States,<=50K
55,141807,9,13550,0,40,MISSING,HS-grad,Never-married,MISSING,Not-in-family,White,Male,United-States,>50K
22,210781,13,0,0,40,Private,Bachelors,Never-married,Adm-clerical,Own-child,White,Female,United-States,<=50K
61,136787,10,0,0,40,Federal-gov,Some-college,Married-civ-spouse,Adm-clerical,Husband,White,Male,United-States,>50K
35,98776,9,0,0,40,State-gov,HS-grad,Never-married,Tech-support,Own-child,White,Male,United-States,<=50K
51,154949,9,0,0,40,Private,HS-grad,Widowed,Machine-op-inspct,Not-in-family,Black,Female,United-States,<=50K
37,272950,9,0,0,40,Private,HS-grad,Divorced,Craft-repair,Not-in-family,White,Male,United-States,<=50K
18,40293,9,0,0,40,Self-emp-not-inc,HS-grad,Never-married,Farming-fishing,Other-relative,White,Male,United-States,<=50K
55,117299,9,7688,0,40,Private,HS-grad,Married-civ-spouse,Craft-repair,Husband,White,Male,United-States,>50K
56,67153,14,0,0,40,Federal-gov,Masters,Married-civ-spouse,Exec-managerial,Husband,White,Male,Portugal,>50K
31,183801,14,0,1902,43,Private,Masters,Married-civ-spouse,Prof-specialty,Husband,White,Male,United-States,>50K
17,170455,7,0,0,8,Private,11th,Never-married,Sales,Own-child,White,Female,United-States,<=50K
46,143189,3,0,0,40,Private,5th-6th,Never-married,Machine-op-inspct,Own-child,White,Female,Dominican-Republic,<=50K
43,255635,3,0,0,40,Private,5th-6th,Married-civ-spouse,Machine-op-inspct,Husband,Other,Male,Mexico,<=50K
36,182863,13,0,0,50,Private,Bachelors,Married-civ-spouse,Exec-managerial,Husband,White,Male,United-States,>50K
26,292353,4,0,0,40,Private,7th-8th,Married-civ-spouse,Machine-op-inspct,Husband,Other,Male,United-States,<=50K
42,227065,10,15024,0,32,Private,Some-college,Married-civ-spouse,Prof-specialty,Husband,White,Male,United-States,>50K
34,192002,13,0,0,40,Private,Bachelors,Married-civ-spouse,Exec-managerial,Husband,White,Male,United-States,>50K
30,302473,9,0,0,40,Private,HS-grad,Never-married,Adm-clerical,Own-child,White,Female,United-States,<=50K
29,87523,9,0,0,40,Private,HS-grad,Never-married,Sales,Own-child,White,Female,United-States,<=50K
40,124915,9,0,0,40,Private,HS-grad,Married-civ-spouse,Machine-op-inspct,Husband,White,Male,United-States,<=50K
43,134026,10,2174,0,40,Federal-gov,Some-college,Never-married,Adm-clerical,Other-relative,White,Male,United-States,<=50K
51,173291,9,0,0,40,Private,HS-grad,Divorced,Other-service,Not-in-family,White,Female,United-States,<=50K
38,109231,9,0,0,40,Private,HS-grad,Married-civ-spouse,Craft-repair,Husband,White,Male,United-States,<=50K
77,177550,13,3818,0,14,Local-gov,Bachelors,Married-civ-spouse,Adm-clerical,Husband,White,Male,United-States,<=50K
25,123586,10,0,0,40,Private,Some-college,Never-married,Adm-clerical,Unmarried,Other,Male,United-States,<=50K
41,114580,15,0,2415,55,Self-emp-inc,Prof-school,Married-civ-spouse,Exec-managerial,Wife,White,Female,United-States,>50K
31,48189,9,0,0,45,Private,HS-grad,Married-civ-spouse,Transport-moving,Husband,White,Male,United-States,<=50K
36,194630,9,0,0,40,State-gov,HS-grad,Widowed,Exec-managerial,Not-in-family,White,Female,United-States,<=50K
33,254221,16,0,0,60,Private,Doctorate,Never-married,Prof-specialty,Not-in-family,White,Female,United-States,>50K
43,174325,4,0,0,40,Private,7th-8th,Married-civ-spouse,Transport-moving,Husband,Black,Male,United-States,<=50K
27,587310,4,0,0,35,Private,7th-8th,Never-married,Other-service,Other-relative,White,Male,Guatemala,<=50K
27,194773,14,0,0,50,State-gov,Masters,Never-married,Prof-specialty,Not-in-family,White,Female,Germany,<=50K
45,204405,11,0,0,20,Self-emp-not-inc,Assoc-voc,Married-civ-spouse,Prof-specialty,Husband,White,Male,United-States,<=50K
34,163110,13,0,0,45,Private,Bachelors,Married-civ-spouse,Craft-repair,Husband,White,Male,United-States,>50K
25,179953,14,2597,0,31,Private,Masters,Never-married,Prof-specialty,Own-child,White,Female,United-States,<=50K
62,24050,9,0,0,15,Self-emp-inc,HS-grad,Widowed,Sales,Not-in-family,White,Female,United-States,<=50K
38,257250,10,7298,0,60,Private,Some-college,Married-civ-spouse,Transport-moving,Husband,White,Male,United-States,>50K
44,100584,9,0,0,40,Private,HS-grad,Married-civ-spouse,Machine-op-inspct,Husband,Amer-Indian-Eskimo,Male,United-States,<=50K
64,198728,10,0,0,40,Local-gov,Some-college,Never-married,Transport-moving,Unmarried,White,Male,United-States,<=50K
51,98791,10,0,0,40,Private,Some-college,Married-civ-spouse,Sales,Husband,White,Male,United-States,>50K
56,174351,8,0,0,40,Private,12th,Married-civ-spouse,Craft-repair,Husband,White,Male,Italy,<=50K
23,253190,12,0,0,25,Private,Assoc-acdm,Married-civ-spouse,Handlers-cleaners,Husband,White,Male,United-States,<=50K
47,217509,9,0,0,45,Private,HS-grad,Widowed,Priv-house-serv,Not-in-family,Asian-Pac-Islander,Female,Thailand,<=50K
48,38819,9,0,0,36,Self-emp-inc,HS-grad,Married-civ-spouse,Craft-repair,Husband,White,Male,United-States,<=50K
26,258550,13,0,0,40,Private,Bachelors,Never-married,Adm-clerical,Own-child,White,Male,United-States,<=50K
32,198211,11,0,0,40,Local-gov,Assoc-voc,Married-spouse-absent,Craft-repair,Not-in-family,White,Male,United-States,<=50K
42,246011,13,0,0,55,Private,Bachelors,Married-civ-spouse,Prof-specialty,Wife,White,Female,United-States,<=50K
37,189922,12,0,0,50,Private,Assoc-acdm,Married-civ-spouse,Tech-support,Husband,White,Male,United-States,>50K
47,44216,9,0,0,45,Private,HS-grad,Divorced,Exec-managerial,Unmarried,White,Female,United-States,<=50K
20,224217,9,0,0,40,Private,HS-grad,Never-married,Transport-moving,Not-in-family,White,Male,United-States,<=50K
23,87867,9,0,0,35,Private,HS-grad,Never-married,Sales,Own-child,White,Male,United-States,<=50K
65,105491,13,99999,0,40,Private,Bachelors,Married-civ-spouse,Exec-managerial,Husband,White,Male,United-States,>50K
25,184303,10,0,0,30,Private,Some-college,Separated,Priv-house-serv,Other-relative,White,Female,El-Salvador,<=50K
39,105813,9,0,0,40,Private,HS-grad,Married-civ-spouse,Craft-repair,Husband,White,Male,United-States,<=50K
49,193960,14,0,1902,40,Local-gov,Masters,Married-civ-spouse,Prof-specialty,Husband,White,Male,United-States,>50K
28,220754,9,0,0,25,Local-gov,HS-grad,Separated,Transport-moving,Own-child,White,Female,United-States,<=50K
41,58124,9,0,0,40,Private,HS-grad,Married-civ-spouse,Other-service,Husband,White,Male,United-States,<=50K
26,126829,10,0,0,40,Private,Some-college,Never-married,Sales,Not-in-family,White,Male,United-States,<=50K
43,274731,13,0,0,40,Private,Bachelors,Married-civ-spouse,Prof-specialty,Husband,White,Male,United-States,>50K
22,272615,7,0,0,40,Private,11th,Never-married,Craft-repair,Own-child,White,Male,United-States,<=50K
18,198614,7,0,0,8,Private,11th,Never-married,Sales,Own-child,Black,Female,United-States,<=50K
22,433669,12,0,0,36,Private,Assoc-acdm,Never-married,Handlers-cleaners,Not-in-family,White,Male,MISSING,<=50K
41,32121,9,0,0,40,Private,HS-grad,Married-civ-spouse,Machine-op-inspct,Husband,White,Male,United-States,>50K
33,598802,10,0,0,40,Private,Some-college,Divorced,Adm-clerical,Unmarried,Black,Female,United-States,<=50K
68,99491,10,0,0,20,Private,Some-college,Widowed,Other-service,Not-in-family,White,Female,United-States,<=50K
31,106347,7,0,0,42,Private,11th,Separated,Other-service,Not-in-family,Black,Female,United-States,<=50K
18,92112,9,0,0,30,Private,HS-grad,Never-married,Other-service,Own-child,White,Female,United-States,<=50K
33,132705,5,0,0,48,Private,9th,Separated,Adm-clerical,Not-in-family,White,Male,United-States,<=50K
30,311696,7,0,0,30,Private,11th,Married-civ-spouse,Other-service,Wife,Black,Female,United-States,<=50K
44,119281,15,0,0,50,Private,Prof-school,Married-civ-spouse,Prof-specialty,Husband,White,Male,United-States,>50K
39,129764,9,0,0,40,Private,HS-grad,Married-civ-spouse,Craft-repair,Husband,White,Male,United-States,<=50K
44,151985,14,0,0,24,Private,Masters,Married-civ-spouse,Exec-managerial,Wife,White,Female,United-States,>50K
42,325353,12,7688,0,42,Private,Assoc-acdm,Married-civ-spouse,Adm-clerical,Husband,White,Male,United-States,>50K
26,208122,10,0,0,45,Private,Some-college,Divorced,Handlers-cleaners,Not-in-family,White,Male,United-States,<=50K
30,345898,9,0,0,46,Private,HS-grad,Never-married,Craft-repair,Not-in-family,Black,Male,United-States,<=50K
25,159603,9,0,0,34,Private,HS-grad,Never-married,Other-service,Unmarried,White,Female,United-States,<=50K
47,184945,10,0,0,35,Private,Some-college,Separated,Other-service,Not-in-family,Black,Female,United-States,<=50K
24,99970,13,0,0,40,Private,Bachelors,Never-married,Tech-support,Own-child,White,Male,United-States,<=50K
74,181508,9,0,0,17,Federal-gov,HS-grad,Widowed,Other-service,Not-in-family,White,Male,United-States,<=50K
44,116632,12,0,0,40,Private,Assoc-acdm,Never-married,Farming-fishing,Own-child,White,Male,United-States,<=50K
53,95864,9,0,0,35,Private,HS-grad,Never-married,Adm-clerical,Other-relative,White,Male,United-States,<=50K
43,236985,9,0,0,40,Private,HS-grad,Married-civ-spouse,Craft-repair,Husband,Black,Male,United-States,<=50K
61,79827,9,0,0,50,Private,HS-grad,Married-civ-spouse,Exec-managerial,Husband,White,Male,United-States,<=50K
68,170182,10,0,0,40,MISSING,Some-college,Never-married,MISSING,Unmarried,Black,Female,United-States,<=50K
52,246197,9,0,0,40,Local-gov,HS-grad,Married-civ-spouse,Craft-repair,Husband,White,Male,United-States,<=50K
69,163689,10,0,0,16,State-gov,Some-college,Married-civ-spouse,Transport-moving,Husband,White,Male,United-States,<=50K
49,188330,9,0,0,40,Private,HS-grad,Married-civ-spouse,Sales,Husband,White,Male,United-States,>50K
34,155343,9,0,1848,50,Private,HS-grad,Married-civ-spouse,Craft-repair,Husband,White,Male,United-States,>50K
36,83471,9,0,0,20,Private,HS-grad,Widowed,Other-service,Unmarried,Asian-Pac-Islander,Female,United-States,<=50K
54,298215,13,0,0,50,Self-emp-inc,Bachelors,Married-civ-spouse,Exec-managerial,Husband,White,Male,United-States,>50K
45,81534,9,0,0,84,Private,HS-grad,Married-civ-spouse,Other-service,Husband,Asian-Pac-Islander,Male,Japan,>50K
28,296450,13,0,0,40,Private,Bachelors,Married-civ-spouse,Prof-specialty,Husband,White,Male,United-States,<=50K
35,379959,9,0,0,40,Private,HS-grad,Divorced,Other-service,Not-in-family,White,Female,United-States,<=50K
25,469697,10,0,0,40,Private,Some-college,Married-civ-spouse,Craft-repair,Own-child,White,Male,United-States,<=50K
30,179112,13,0,0,40,Private,Bachelors,Never-married,Prof-specialty,Own-child,Black,Male,MISSING,<=50K
54,203635,9,7298,0,60,Private,HS-grad,Married-civ-spouse,Adm-clerical,Husband,White,Male,United-States,>50K
55,183580,10,0,0,38,Private,Some-college,Married-civ-spouse,Craft-repair,Husband,White,Male,United-States,<=50K
29,277323,9,0,0,45,Local-gov,HS-grad,Never-married,Protective-serv,Unmarried,White,Male,United-States,<=50K
43,180985,10,0,0,60,Private,Some-college,Married-civ-spouse,Transport-moving,Husband,White,Male,United-States,>50K
30,430283,9,7298,0,40,Private,HS-grad,Married-civ-spouse,Adm-clerical,Wife,White,Female,United-States,>50K
30,117393,9,0,0,40,Private,HS-grad,Never-married,Sales,Not-in-family,White,Female,United-States,<=50K
65,326691,10,0,0,40,State-gov,Some-college,Married-civ-spouse,Machine-op-inspct,Husband,Black,Male,United-States,>50K
21,96844,10,0,0,20,Private,Some-college,Never-married,Adm-clerical,Not-in-family,White,Female,United-States,<=50K
40,321856,9,0,0,60,Private,HS-grad,Divorced,Transport-moving,Not-in-family,White,Male,United-States,>50K
34,24266,11,7688,0,40,Private,Assoc-voc,Married-civ-spouse,Craft-repair,Husband,White,Male,United-States,>50K
41,107584,10,0,0,35,Private,Some-college,Separated,Transport-moving,Not-in-family,White,Male,United-States,<=50K
22,231053,7,0,0,70,Private,11th,Married-civ-spouse,Machine-op-inspct,Husband,White,Male,United-States,>50K
48,247685,10,3325,0,40,Private,Some-college,Divorced,Craft-repair,Not-in-family,White,Male,United-States,<=50K
45,339681,14,1506,0,45,Local-gov,Masters,Divorced,Prof-specialty,Unmarried,White,Female,United-States,<=50K
36,107410,9,0,0,40,Private,HS-grad,Married-civ-spouse,Sales,Husband,White,Male,United-States,<=50K
24,201179,9,0,0,40,Private,HS-grad,Never-married,Other-service,Own-child,White,Male,United-States,<=50K
30,313038,9,0,0,40,Private,HS-grad,Never-married,Craft-repair,Not-in-family,White,Male,United-States,<=50K
34,84119,9,0,0,40,Private,HS-grad,Never-married,Craft-repair,Own-child,White,Male,United-States,<=50K
48,120131,9,8614,0,40,State-gov,HS-grad,Divorced,Craft-repair,Own-child,White,Male,United-States,>50K
50,163921,4,0,0,40,Local-gov,7th-8th,Married-civ-spouse,Transport-moving,Husband,White,Male,United-States,<=50K
22,211129,11,0,0,10,Local-gov,Assoc-voc,Never-married,Adm-clerical,Own-child,White,Female,MISSING,<=50K
19,170800,10,0,0,20,Private,Some-college,Never-married,Other-service,Own-child,White,Male,United-States,<=50K
44,198316,13,15024,0,50,Private,Bachelors,Married-civ-spouse,Exec-managerial,Husband,White,Male,United-States,>50K
63,181863,13,0,0,27,Private,Bachelors,Never-married,Sales,Not-in-family,White,Male,United-States,<=50K
53,188644,3,0,0,40,Local-gov,5th-6th,Married-civ-spouse,Other-service,Husband,White,Male,Mexico,<=50K
29,144592,15,0,0,50,Private,Prof-school,Married-civ-spouse,Prof-specialty,Husband,White,Male,United-States,>50K
27,85918,13,0,0,68,Local-gov,Bachelors,Married-civ-spouse,Protective-serv,Husband,White,Male,United-States,<=50K
24,196943,9,0,0,40,Private,HS-grad,Never-married,Sales,Own-child,White,Male,United-States,<=50K
38,329980,13,0,0,55,Private,Bachelors,Never-married,Exec-managerial,Not-in-family,White,Male,United-States,<=50K
34,265917,9,0,0,40,Self-emp-inc,HS-grad,Married-civ-spouse,Exec-managerial,Husband,White,Male,United-States,>50K
37,329980,10,0,0,40,Private,Some-college,Married-civ-spouse,Craft-repair,Husband,White,Male,United-States,<=50K
42,103980,11,0,0,50,Self-emp-not-inc,Assoc-voc,Married-civ-spouse,Prof-specialty,Husband,White,Male,United-States,<=50K
29,183151,9,0,0,48,Self-emp-not-inc,HS-grad,Married-civ-spouse,Transport-moving,Husband,White,Male,United-States,<=50K
58,212534,9,0,0,40,Private,HS-grad,Married-civ-spouse,Craft-repair,Husband,White,Male,United-States,<=50K
26,112847,9,0,0,40,Private,HS-grad,Never-married,Handlers-cleaners,Not-in-family,White,Male,United-States,<=50K
30,186346,13,0,0,50,Private,Bachelors,Never-married,Exec-managerial,Not-in-family,White,Female,United-States,<=50K
20,70240,9,0,0,24,Private,HS-grad,Never-married,Sales,Own-child,Asian-Pac-Islander,Female,Philippines,<=50K
53,221722,14,14344,0,50,Local-gov,Masters,Never-married,Exec-managerial,Not-in-family,White,Female,United-States,>50K
23,199070,9,0,0,16,Private,HS-grad,Never-married,Protective-serv,Own-child,Black,Male,United-States,<=50K
64,86972,10,0,0,40,Private,Some-college,Divorced,Exec-managerial,Unmarried,White,Female,United-States,<=50K
46,33794,10,0,0,10,Private,Some-college,Married-civ-spouse,Prof-specialty,Husband,White,Male,United-States,<=50K
57,68830,9,0,0,50,State-gov,HS-grad,Divorced,Exec-managerial,Not-in-family,White,Female,United-States,<=50K
38,152621,13,0,0,99,Self-emp-not-inc,Bachelors,Married-civ-spouse,Farming-fishing,Husband,White,Male,United-States,<=50K
46,108699,10,0,0,40,Private,Some-college,Divorced,Sales,Not-in-family,White,Female,United-States,<=50K
42,288154,10,0,0,89,Private,Some-college,Married-civ-spouse,Craft-repair,Husband,White,Male,United-States,>50K
69,174474,6,0,0,28,Private,10th,Separated,Machine-op-inspct,Not-in-family,White,Female,Peru,<=50K
46,102771,14,0,1977,40,Private,Masters,Married-civ-spouse,Tech-support,Husband,White,Male,United-States,>50K
26,191648,12,0,0,15,Private,Assoc-acdm,Never-married,Machine-op-inspct,Other-relative,White,Female,United-States,<=50K
56,425497,12,0,0,20,MISSING,Assoc-acdm,Married-civ-spouse,MISSING,Husband,White,Male,United-States,<=50K
35,475324,13,0,0,45,Private,Bachelors,Married-civ-spouse,Exec-managerial,Husband,White,Male,United-States,<=50K
33,119176,10,0,0,40,Private,Some-college,Widowed,Adm-clerical,Unmarried,White,Female,United-States,<=50K
21,185251,9,0,0,40,Private,HS-grad,Never-married,Sales,Own-child,White,Male,United-States,<=50K
33,245378,6,0,0,40,Private,10th,Married-civ-spouse,Machine-op-inspct,Husband,White,Male,United-States,<=50K
60,121832,7,0,0,40,Private,11th,Married-civ-spouse,Sales,Husband,White,Male,United-States,>50K
29,271012,6,0,0,40,State-gov,10th,Never-married,Other-service,Own-child,Black,Female,United-States,<=50K
59,170988,9,0,0,55,Private,HS-grad,Married-civ-spouse,Sales,Husband,White,Male,United-States,<=50K
19,27433,8,0,0,30,Federal-gov,12th,Never-married,Other-service,Own-child,White,Female,United-States,<=50K
42,320744,9,3908,0,45,Self-emp-not-inc,HS-grad,Married-civ-spouse,Sales,Husband,White,Male,United-States,<=50K
61,280088,4,0,0,40,Private,7th-8th,Divorced,Machine-op-inspct,Unmarried,White,Female,United-States,<=50K
23,146499,9,0,0,48,Private,HS-grad,Separated,Machine-op-inspct,Unmarried,White,Female,United-States,<=50K
51,205100,14,0,0,30,Self-emp-not-inc,Masters,Married-civ-spouse,Prof-specialty,Wife,White,Female,United-States,>50K
37,220644,9,0,0,40,Private,HS-grad,Divorced,Other-service,Unmarried,Black,Female,MISSING,<=50K
40,237671,10,0,0,40,Private,Some-college,Married-civ-spouse,Tech-support,Wife,White,Female,United-States,>50K
48,172709,9,0,0,40,Private,HS-grad,Divorced,Other-service,Unmarried,Black,Female,United-States,<=50K
19,80710,9,0,0,40,MISSING,HS-grad,Never-married,MISSING,Own-child,White,Female,United-States,<=50K
38,165466,9,0,0,60,Private,HS-grad,Married-civ-spouse,Adm-clerical,Husband,White,Male,United-States,>50K
23,350680,12,0,0,40,Federal-gov,Assoc-acdm,Never-married,Exec-managerial,Own-child,White,Female,Poland,<=50K
61,116230,13,0,0,40,MISSING,Bachelors,Married-civ-spouse,MISSING,Husband,White,Male,United-States,>50K
60,186446,4,0,0,40,Private,7th-8th,Married-civ-spouse,Machine-op-inspct,Wife,White,Female,United-States,<=50K
44,173590,13,0,0,3,Private,Bachelors,Married-civ-spouse,Prof-specialty,Husband,White,Male,United-States,<=50K
43,269733,9,0,0,40,Local-gov,HS-grad,Separated,Other-service,Not-in-family,White,Male,United-States,<=50K
40,77975,10,0,0,40,Private,Some-college,Married-civ-spouse,Exec-managerial,Husband,White,Male,United-States,<=50K
40,456110,7,0,0,52,State-gov,11th,Divorced,Transport-moving,Unmarried,White,Female,United-States,<=50K
60,389254,9,0,0,40,Private,HS-grad,Married-civ-spouse,Sales,Husband,White,Male,United-States,>50K
38,266325,13,0,0,32,Private,Bachelors,Married-civ-spouse,Prof-specialty,Wife,White,Female,United-States,>50K
34,117983,9,0,0,40,Private,HS-grad,Never-married,Adm-clerical,Not-in-family,White,Female,United-States,<=50K
24,202721,10,0,0,40,Private,Some-college,Never-married,Adm-clerical,Own-child,Black,Female,United-States,<=50K
58,29928,10,0,0,36,Private,Some-college,Married-civ-spouse,Sales,Wife,White,Female,United-States,<=50K
21,351381,9,0,0,40,Private,HS-grad,Never-married,Adm-clerical,Own-child,White,Female,United-States,<=50K
56,184598,5,0,0,99,Self-emp-inc,9th,Married-civ-spouse,Transport-moving,Husband,White,Male,United-States,<=50K
19,188008,10,0,0,20,Private,Some-college,Never-married,Sales,Own-child,Black,Female,United-States,<=50K
29,108594,9,0,0,40,Private,HS-grad,Never-married,Craft-repair,Own-child,White,Male,United-States,<=50K
48,185143,14,0,0,40,Private,Masters,Married-civ-spouse,Exec-managerial,Husband,White,Male,United-States,<=50K
62,223975,4,0,0,20,Private,7th-8th,Married-civ-spouse,Prof-specialty,Husband,White,Male,United-States,<=50K
19,208506,10,0,0,28,Private,Some-college,Never-married,Exec-managerial,Own-child,White,Female,United-States,<=50K
65,404601,9,2414,0,30,MISSING,HS-grad,Married-civ-spouse,MISSING,Husband,White,Male,United-States,<=50K
41,77373,10,0,1848,65,Private,Some-college,Married-civ-spouse,Transport-moving,Husband,White,Male,United-States,>50K
55,183810,14,0,0,55,Self-emp-not-inc,Masters,Married-civ-spouse,Prof-specialty,Husband,White,Male,United-States,>50K
49,336509,6,0,0,40,State-gov,10th,Married-civ-spouse,Other-service,Husband,White,Male,United-States,<=50K
33,137310,9,0,0,40,Private,HS-grad,Never-married,Machine-op-inspct,Own-child,White,Female,MISSING,<=50K
46,140782,12,0,0,50,Private,Assoc-acdm,Divorced,Prof-specialty,Not-in-family,White,Female,United-States,<=50K
42,227397,13,0,0,40,Private,Bachelors,Married-civ-spouse,Adm-clerical,Wife,White,Female,United-States,>50K
69,197080,9,0,0,8,Private,HS-grad,Widowed,Adm-clerical,Unmarried,White,Male,United-States,<=50K
22,440969,10,0,0,24,Private,Some-college,Never-married,Other-service,Own-child,White,Female,United-States,<=50K
36,170376,9,0,0,45,Private,HS-grad,Married-civ-spouse,Craft-repair,Husband,White,Male,United-States,>50K
52,298035,14,0,0,40,Local-gov,Masters,Married-civ-spouse,Prof-specialty,Husband,White,Male,United-States,<=50K
25,190107,9,0,1719,16,Local-gov,HS-grad,Never-married,Farming-fishing,Own-child,White,Male,United-States,<=50K
24,346909,9,0,0,44,Private,HS-grad,Married-civ-spouse,Craft-repair,Husband,White,Male,Mexico,<=50K
32,200323,15,0,0,60,Private,Prof-school,Never-married,Prof-specialty,Not-in-family,White,Male,United-States,<=50K
36,102864,9,0,0,40,Private,HS-grad,Never-married,Machine-op-inspct,Own-child,White,Female,United-States,<=50K
47,162187,10,0,1887,40,Local-gov,Some-college,Married-civ-spouse,Transport-moving,Husband,White,Male,United-States,>50K
29,183887,13,0,0,40,Private,Bachelors,Never-married,Adm-clerical,Own-child,White,Male,United-States,<=50K
59,255822,9,0,0,60,Self-emp-inc,HS-grad,Divorced,Exec-managerial,Not-in-family,White,Male,United-States,<=50K
56,183169,14,0,0,40,Local-gov,Masters,Widowed,Prof-specialty,Not-in-family,White,Female,United-States,<=50K
19,203319,7,0,0,30,Private,11th,Never-married,Sales,Own-child,White,Male,United-States,<=50K
28,68021,10,0,0,30,Private,Some-college,Never-married,Other-service,Not-in-family,White,Female,United-States,<=50K
28,281860,13,0,0,40,Federal-gov,Bachelors,Never-married,Prof-specialty,Not-in-family,White,Female,United-States,<=50K
27,410351,9,0,0,40,Private,HS-grad,Married-civ-spouse,Craft-repair,Husband,White,Male,United-States,<=50K
41,230168,10,0,0,91,Self-emp-inc,Some-college,Married-civ-spouse,Sales,Husband,White,Male,United-States,<=50K
49,175622,13,0,0,40,Self-emp-not-inc,Bachelors,Married-civ-spouse,Prof-specialty,Husband,White,Male,United-States,>50K
37,255621,9,0,0,50,Private,HS-grad,Separated,Craft-repair,Not-in-family,White,Male,United-States,<=50K
21,39943,10,0,0,20,Private,Some-college,Never-married,Sales,Own-child,White,Female,United-States,<=50K
61,154600,9,0,0,4,Private,HS-grad,Married-civ-spouse,Other-service,Wife,White,Female,United-States,<=50K
65,224472,15,25124,0,80,MISSING,Prof-school,Never-married,MISSING,Not-in-family,White,Male,United-States,>50K
24,236696,13,0,0,40,Private,Bachelors,Never-married,Exec-managerial,Not-in-family,White,Male,United-States,<=50K
21,187088,10,0,0,20,Private,Some-college,Never-married,Adm-clerical,Own-child,Other,Female,Cuba,<=50K
39,326400,14,0,0,40,Self-emp-not-inc,Masters,Never-married,Prof-specialty,Not-in-family,White,Male,United-States,<=50K
41,183203,9,0,0,50,Private,HS-grad,Married-civ-spouse,Transport-moving,Husband,White,Male,United-States,>50K
24,390608,9,0,0,36,MISSING,HS-grad,Never-married,MISSING,Not-in-family,White,Female,United-States,<=50K
66,249043,13,5556,0,26,Self-emp-inc,Bachelors,Married-civ-spouse,Sales,Husband,White,Male,United-States,>50K
28,54042,11,2463,0,35,Private,Assoc-voc,Never-married,Other-service,Not-in-family,White,Female,United-States,<=50K
43,477983,9,0,0,40,Private,HS-grad,Married-civ-spouse,Handlers-cleaners,Husband,Black,Male,United-States,<=50K
53,146378,3,0,0,40,Private,5th-6th,Married-civ-spouse,Craft-repair,Husband,White,Male,United-States,<=50K
45,48271,10,0,0,40,Private,Some-college,Married-civ-spouse,Adm-clerical,Wife,White,Female,United-States,>50K
21,305874,10,0,0,40,Private,Some-college,Married-civ-spouse,Other-service,Husband,White,Male,United-States,<=50K
41,352834,13,7688,0,55,Private,Bachelors,Married-civ-spouse,Prof-specialty,Husband,White,Male,United-States,>50K
22,112130,9,0,0,40,Private,HS-grad,Never-married,Other-service,Not-in-family,Black,Female,United-States,<=50K
61,201273,10,0,0,40,Self-emp-not-inc,Some-college,Widowed,Machine-op-inspct,Not-in-family,White,Female,United-States,<=50K
53,169182,6,0,0,40,Private,10th,Married-spouse-absent,Machine-op-inspct,Not-in-family,White,Female,Columbia,<=50K
21,226181,13,0,0,40,Private,Bachelors,Never-married,Handlers-cleaners,Not-in-family,White,Male,United-States,<=50K
42,52781,10,0,0,40,Private,Some-college,Married-civ-spouse,Tech-support,Husband,White,Male,United-States,<=50K
35,150057,10,0,0,40,Private,Some-college,Married-civ-spouse,Exec-managerial,Husband,White,Male,United-States,>50K
18,118376,10,0,0,16,Private,Some-college,Never-married,Other-service,Own-child,White,Female,MISSING,<=50K
52,41496,10,0,0,45,Self-emp-not-inc,Some-college,Married-civ-spouse,Sales,Husband,White,Male,United-States,<=50K
30,131699,9,0,0,40,Private,HS-grad,Divorced,Transport-moving,Not-in-family,White,Male,United-States,<=50K
63,96930,12,0,0,40,Self-emp-inc,Assoc-acdm,Married-civ-spouse,Sales,Husband,White,Male,United-States,>50K
54,312897,16,0,0,46,State-gov,Doctorate,Married-civ-spouse,Prof-specialty,Husband,White,Male,England,>50K
57,206206,13,0,0,40,Private,Bachelors,Married-civ-spouse,Sales,Husband,White,Male,United-States,>50K
27,141545,9,0,1902,45,Private,HS-grad,Married-civ-spouse,Transport-moving,Husband,White,Male,United-States,<=50K
35,230268,10,0,0,40,Self-emp-not-inc,Some-college,Married-civ-spouse,Other-service,Husband,White,Male,United-States,<=50K
25,268222,9,0,0,40,Private,HS-grad,Separated,Handlers-cleaners,Unmarried,Black,Female,United-States,<=50K
40,207025,9,6849,0,38,Private,HS-grad,Never-married,Adm-clerical,Not-in-family,White,Female,United-States,<=50K
27,195562,9,0,0,20,Private,HS-grad,Never-married,Craft-repair,Own-child,Black,Male,United-States,<=50K
75,92792,9,0,0,35,Self-emp-not-inc,HS-grad,Married-civ-spouse,Sales,Husband,White,Male,United-States,<=50K
60,129379,10,0,0,40,Federal-gov,Some-college,Married-civ-spouse,Tech-support,Husband,White,Male,United-States,<=50K
41,47902,10,0,0,35,Private,Some-college,Married-civ-spouse,Sales,Husband,White,Male,United-States,>50K
19,282721,10,0,0,12,State-gov,Some-college,Never-married,Other-service,Not-in-family,Black,Male,United-States,<=50K
64,165479,9,0,0,5,Self-emp-not-inc,HS-grad,Married-civ-spouse,Sales,Husband,White,Male,United-States,<=50K
64,50442,5,0,0,40,Local-gov,9th,Never-married,Adm-clerical,Other-relative,White,Male,United-States,<=50K
61,54373,10,0,0,40,Private,Some-college,Married-civ-spouse,Sales,Husband,White,Male,United-States,<=50K
50,320386,12,0,0,40,Local-gov,Assoc-acdm,Divorced,Prof-specialty,Not-in-family,White,Female,United-States,<=50K
23,33551,13,0,0,38,State-gov,Bachelors,Married-civ-spouse,Tech-support,Husband,White,Male,United-States,<=50K
50,194231,14,0,0,40,Private,Masters,Divorced,Sales,Not-in-family,White,Female,United-States,>50K
34,177675,13,0,0,55,Local-gov,Bachelors,Married-civ-spouse,Exec-managerial,Husband,White,Male,United-States,>50K
20,231286,10,0,0,15,Private,Some-college,Never-married,Handlers-cleaners,Not-in-family,Black,Male,United-States,<=50K
29,231287,10,0,0,40,Private,Some-college,Divorced,Tech-support,Unmarried,White,Male,United-States,<=50K
38,217054,10,0,0,40,Self-emp-not-inc,Some-college,Divorced,Farming-fishing,Not-in-family,White,Male,United-States,<=50K
26,294400,9,0,0,38,State-gov,HS-grad,Married-civ-spouse,Protective-serv,Husband,White,Male,United-States,<=50K
28,206088,13,0,0,40,Private,Bachelors,Never-married,Sales,Not-in-family,White,Female,United-States,<=50K
29,168873,10,0,0,30,MISSING,Some-college,Divorced,MISSING,Unmarried,White,Female,United-States,<=50K
39,134475,13,0,1762,40,Self-emp-not-inc,Bachelors,Divorced,Adm-clerical,Not-in-family,White,Male,United-States,<=50K
60,210064,9,0,0,40,Private,HS-grad,Divorced,Protective-serv,Not-in-family,White,Male,United-States,<=50K
48,117251,9,0,0,32,Private,HS-grad,Widowed,Adm-clerical,Not-in-family,White,Female,United-States,<=50K
56,101338,13,0,0,40,Federal-gov,Bachelors,Married-civ-spouse,Sales,Husband,White,Male,United-States,<=50K
61,139391,10,0,1902,35,Self-emp-inc,Some-college,Married-civ-spouse,Sales,Husband,White,Male,United-States,>50K
48,31264,10,5178,0,40,Local-gov,Some-college,Married-civ-spouse,Exec-managerial,Wife,White,Female,United-States,>50K
57,121821,2,0,0,40,Private,1st-4th,Married-civ-spouse,Other-service,Husband,Other,Male,Dominican-Republic,<=50K
75,239038,10,0,0,16,Private,Some-college,Married-civ-spouse,Transport-moving,Husband,White,Male,United-States,<=50K
25,309098,11,0,0,40,Private,Assoc-voc,Never-married,Prof-specialty,Not-in-family,White,Male,United-States,<=50K
40,298635,14,0,1902,40,Federal-gov,Masters,Married-civ-spouse,Tech-support,Husband,Asian-Pac-Islander,Male,Philippines,>50K
37,179481,13,0,0,40,Private,Bachelors,Married-civ-spouse,Machine-op-inspct,Husband,White,Male,United-States,>50K
22,131573,10,0,0,8,MISSING,Some-college,Never-married,MISSING,Own-child,White,Female,United-States,<=50K
43,174295,14,0,0,55,Private,Masters,Married-civ-spouse,Prof-specialty,Husband,White,Male,United-States,<=50K
31,294870,12,0,0,40,Federal-gov,Assoc-acdm,Married-civ-spouse,Craft-repair,Husband,White,Male,United-States,<=50K
53,204397,9,0,0,60,Local-gov,HS-grad,Married-civ-spouse,Exec-managerial,Husband,White,Male,United-States,<=50K
30,287986,10,0,0,40,Private,Some-college,Never-married,Handlers-cleaners,Not-in-family,White,Male,United-States,<=50K
40,117917,9,0,0,50,Private,HS-grad,Married-civ-spouse,Prof-specialty,Husband,Amer-Indian-Eskimo,Male,United-States,<=50K
21,152246,10,0,0,40,Private,Some-college,Never-married,Handlers-cleaners,Own-child,Asian-Pac-Islander,Male,Philippines,<=50K
46,205100,11,0,0,48,Private,Assoc-voc,Married-civ-spouse,Exec-managerial,Husband,White,Male,United-States,>50K
25,632834,9,0,0,40,Private,HS-grad,Never-married,Craft-repair,Own-child,Black,Male,United-States,<=50K
53,79324,9,0,0,40,Private,HS-grad,Married-civ-spouse,Craft-repair,Husband,White,Male,United-States,>50K
29,142443,13,0,0,60,Local-gov,Bachelors,Married-civ-spouse,Prof-specialty,Husband,White,Male,United-States,<=50K
60,204486,13,0,0,8,MISSING,Bachelors,Married-civ-spouse,MISSING,Husband,White,Male,United-States,>50K
34,159929,9,0,0,40,Private,HS-grad,Divorced,Handlers-cleaners,Own-child,White,Male,United-States,<=50K
29,326330,10,1831,0,40,Private,Some-college,Divorced,Exec-managerial,Own-child,White,Female,United-States,<=50K
26,206199,9,0,0,40,Private,HS-grad,Never-married,Adm-clerical,Own-child,Black,Male,United-States,<=50K
23,248344,10,0,0,30,Local-gov,Some-college,Never-married,Other-service,Not-in-family,Black,Male,United-States,<=50K
59,188003,13,0,0,50,Self-emp-not-inc,Bachelors,Widowed,Prof-specialty,Not-in-family,White,Female,United-States,>50K
24,51973,13,0,0,45,Private,Bachelors,Never-married,Adm-clerical,Not-in-family,White,Female,United-States,<=50K
37,549174,9,0,0,50,Private,HS-grad,Married-civ-spouse,Craft-repair,Husband,White,Male,United-States,>50K
44,33068,8,0,0,55,Local-gov,12th,Married-civ-spouse,Craft-repair,Husband,White,Male,United-States,<=50K
37,289886,10,0,0,30,Private,Some-college,Never-married,Other-service,Other-relative,Asian-Pac-Islander,Male,Vietnam,<=50K
57,317969,9,0,0,50,Private,HS-grad,Married-civ-spouse,Exec-managerial,Husband,White,Male,United-States,<=50K
23,119704,10,0,0,40,Private,Some-college,Separated,Sales,Unmarried,White,Female,United-States,<=50K
59,424468,9,0,0,40,Private,HS-grad,Married-civ-spouse,Craft-repair,Husband,White,Male,MISSING,<=50K
48,334409,13,0,0,50,Local-gov,Bachelors,Married-civ-spouse,Prof-specialty,Wife,White,Female,United-States,>50K
42,102069,4,0,0,30,Self-emp-not-inc,7th-8th,Married-civ-spouse,Sales,Husband,White,Male,United-States,<=50K
42,557644,9,0,0,40,Federal-gov,HS-grad,Never-married,Adm-clerical,Unmarried,White,Female,United-States,<=50K
36,156400,10,0,0,40,Private,Some-college,Divorced,Adm-clerical,Unmarried,White,Female,United-States,<=50K
41,363591,11,0,0,40,State-gov,Assoc-voc,Married-civ-spouse,Exec-managerial,Husband,White,Male,United-States,<=50K
38,97759,8,0,0,17,Private,12th,Never-married,Other-service,Unmarried,White,Female,United-States,<=50K
35,90273,4,0,0,40,Private,7th-8th,Married-civ-spouse,Machine-op-inspct,Husband,White,Male,MISSING,>50K
38,65706,10,0,0,38,Federal-gov,Some-college,Divorced,Exec-managerial,Unmarried,White,Female,United-States,<=50K
31,154297,9,0,0,24,Private,HS-grad,Never-married,Sales,Unmarried,Black,Female,United-States,<=50K
28,339002,9,0,0,20,Private,HS-grad,Never-married,Transport-moving,Own-child,White,Male,United-States,<=50K
64,103021,4,0,0,40,Private,7th-8th,Married-civ-spouse,Craft-repair,Husband,White,Male,United-States,<=50K
39,164733,10,0,0,45,Private,Some-college,Divorced,Adm-clerical,Not-in-family,White,Female,United-States,<=50K
17,114798,7,0,0,18,MISSING,11th,Never-married,MISSING,Own-child,White,Female,United-States,<=50K
67,81761,14,0,0,2,MISSING,Masters,Married-civ-spouse,MISSING,Husband,White,Male,United-States,<=50K
41,170299,11,0,0,43,Private,Assoc-voc,Divorced,Prof-specialty,Unmarried,White,Female,United-States,<=50K
43,242804,9,0,0,40,Private,HS-grad,Separated,Handlers-cleaners,Not-in-family,White,Male,United-States,<=50K
27,302422,9,0,0,40,Private,HS-grad,Never-married,Adm-clerical,Not-in-family,White,Male,United-States,<=50K
46,182715,4,0,0,40,Private,7th-8th,Divorced,Exec-managerial,Not-in-family,White,Male,United-States,<=50K
17,183066,6,0,0,40,Private,10th,Never-married,Other-service,Own-child,White,Female,United-States,<=50K
46,182128,14,6497,0,50,Private,Masters,Divorced,Prof-specialty,Unmarried,White,Female,United-States,<=50K
25,264055,13,0,0,40,Private,Bachelors,Never-married,Adm-clerical,Own-child,White,Male,United-States,<=50K
18,36162,7,0,0,5,Private,11th,Never-married,Craft-repair,Own-child,White,Male,United-States,<=50K
52,129177,9,0,0,40,Federal-gov,HS-grad,Divorced,Adm-clerical,Not-in-family,White,Female,United-States,<=50K
30,72630,13,0,0,50,Private,Bachelors,Never-married,Prof-specialty,Not-in-family,White,Male,United-States,<=50K
18,35065,9,0,0,35,Private,HS-grad,Never-married,Transport-moving,Not-in-family,Black,Male,United-States,<=50K
52,186272,9,0,0,40,Private,HS-grad,Divorced,Sales,Not-in-family,White,Male,United-States,<=50K
39,114251,9,0,0,40,Private,HS-grad,Married-civ-spouse,Craft-repair,Husband,White,Male,United-States,>50K
27,240172,13,0,0,40,Private,Bachelors,Married-spouse-absent,Adm-clerical,Not-in-family,White,Male,United-States,<=50K
40,45054,10,0,0,40,Self-emp-inc,Some-college,Married-civ-spouse,Transport-moving,Husband,White,Male,United-States,>50K
47,33300,12,10520,0,45,Self-emp-not-inc,Assoc-acdm,Never-married,Farming-fishing,Other-relative,White,Male,United-States,>50K
40,197919,12,0,0,40,Private,Assoc-acdm,Divorced,Sales,Unmarried,White,Female,United-States,<=50K
43,114537,11,0,0,40,State-gov,Assoc-voc,Married-civ-spouse,Protective-serv,Husband,White,Male,United-States,<=50K
20,121313,6,0,0,40,MISSING,10th,Never-married,MISSING,Own-child,White,Male,United-States,<=50K
36,128516,9,0,0,40,Private,HS-grad,Married-civ-spouse,Adm-clerical,Wife,White,Female,United-States,>50K
27,114225,10,0,0,60,Self-emp-not-inc,Some-college,Never-married,Exec-managerial,Not-in-family,White,Male,United-States,>50K
50,176924,6,0,0,38,Private,10th,Married-civ-spouse,Craft-repair,Husband,White,Male,United-States,<=50K
24,280134,6,0,0,49,Private,10th,Never-married,Sales,Not-in-family,White,Male,El-Salvador,<=50K
22,153516,13,0,0,40,Private,Bachelors,Never-married,Prof-specialty,Not-in-family,White,Male,United-States,<=50K
41,96741,12,0,0,40,Private,Assoc-acdm,Divorced,Sales,Unmarried,White,Male,United-States,<=50K
31,113838,13,0,0,50,Private,Bachelors,Married-civ-spouse,Prof-specialty,Husband,White,Male,United-States,<=50K
18,90934,10,0,0,28,Private,Some-college,Never-married,Sales,Own-child,White,Male,United-States,<=50K
29,34796,9,0,0,40,Private,HS-grad,Never-married,Exec-managerial,Not-in-family,White,Male,United-States,<=50K
35,62333,13,0,0,40,Private,Bachelors,Never-married,Prof-specialty,Not-in-family,White,Female,United-States,<=50K
20,234880,10,0,0,30,Private,Some-college,Never-married,Sales,Own-child,White,Female,United-States,<=50K
44,203761,13,10520,0,40,Private,Bachelors,Never-married,Prof-specialty,Own-child,White,Male,United-States,>50K
47,21906,14,0,0,25,Private,Masters,Never-married,Prof-specialty,Not-in-family,White,Female,United-States,<=50K
50,219420,9,0,0,50,Self-emp-inc,HS-grad,Married-civ-spouse,Sales,Husband,White,Male,United-States,>50K
31,157673,9,0,0,40,State-gov,HS-grad,Married-civ-spouse,Farming-fishing,Husband,White,Male,United-States,<=50K
36,188069,10,0,0,50,Private,Some-college,Married-civ-spouse,Exec-managerial,Husband,White,Male,United-States,>50K
21,233923,10,0,0,24,MISSING,Some-college,Never-married,MISSING,Own-child,White,Female,United-States,<=50K
36,176335,10,0,0,40,Private,Some-college,Never-married,Transport-moving,Not-in-family,White,Male,United-States,<=50K
30,343699,9,0,0,40,Private,HS-grad,Divorced,Craft-repair,Unmarried,White,Female,United-States,<=50K
37,82576,15,14084,0,36,Private,Prof-school,Divorced,Prof-specialty,Not-in-family,White,Male,United-States,>50K
28,131298,9,0,0,60,Private,HS-grad,Never-married,Other-service,Not-in-family,White,Male,United-States,<=50K
51,146767,13,0,0,40,Private,Bachelors,Married-civ-spouse,Prof-specialty,Husband,White,Male,United-States,>50K
57,32694,14,0,0,50,State-gov,Masters,Married-civ-spouse,Prof-specialty,Husband,White,Male,United-States,>50K
63,186809,13,0,0,30,MISSING,Bachelors,Married-civ-spouse,MISSING,Husband,White,Male,United-States,>50K
18,400616,10,0,0,40,Private,Some-college,Never-married,Adm-clerical,Own-child,White,Male,United-States,<=50K
22,291979,7,0,0,40,Private,11th,Separated,Craft-repair,Not-in-family,White,Male,United-States,<=50K
46,155489,14,0,0,50,Private,Masters,Married-civ-spouse,Exec-managerial,Husband,White,Male,United-States,>50K
46,164023,10,0,0,70,State-gov,Some-college,Married-civ-spouse,Protective-serv,Husband,Black,Male,United-States,>50K
30,149507,9,0,0,42,Private,HS-grad,Married-civ-spouse,Sales,Husband,White,Male,United-States,<=50K
31,162442,13,0,0,40,Self-emp-not-inc,Bachelors,Married-civ-spouse,Exec-managerial,Wife,White,Female,United-States,>50K
36,109766,13,0,0,60,Local-gov,Bachelors,Never-married,Protective-serv,Not-in-family,White,Male,United-States,<=50K
27,247507,13,0,0,35,Local-gov,Bachelors,Never-married,Prof-specialty,Own-child,White,Male,United-States,<=50K
68,204082,10,0,0,45,Private,Some-college,Widowed,Exec-managerial,Not-in-family,White,Female,United-States,<=50K
62,88579,9,0,0,38,Private,HS-grad,Never-married,Adm-clerical,Not-in-family,White,Female,United-States,<=50K
28,116531,9,0,0,40,Private,HS-grad,Never-married,Adm-clerical,Not-in-family,White,Female,United-States,<=50K
46,28419,15,99999,0,50,Private,Prof-school,Married-civ-spouse,Prof-specialty,Husband,White,Male,United-States,>50K
32,106541,3,0,0,40,Private,5th-6th,Married-civ-spouse,Other-service,Other-relative,White,Male,United-States,<=50K
46,29437,12,0,0,50,Private,Assoc-acdm,Married-civ-spouse,Sales,Husband,White,Male,United-States,<=50K
26,276548,9,0,0,20,Private,HS-grad,Married-civ-spouse,Sales,Wife,White,Female,United-States,<=50K
48,115585,13,0,0,40,Private,Bachelors,Married-civ-spouse,Sales,Husband,White,Male,United-States,<=50K
41,220132,9,7298,0,40,Private,HS-grad,Married-civ-spouse,Exec-managerial,Husband,White,Male,United-States,>50K
26,154571,10,0,0,45,Private,Some-college,Never-married,Machine-op-inspct,Not-in-family,Asian-Pac-Islander,Male,United-States,>50K
35,117381,13,0,0,40,Private,Bachelors,Divorced,Sales,Not-in-family,White,Male,United-States,<=50K
24,236696,9,0,0,35,Private,HS-grad,Married-civ-spouse,Handlers-cleaners,Own-child,White,Male,United-States,<=50K
31,61559,9,0,0,50,Private,HS-grad,Never-married,Other-service,Not-in-family,White,Male,United-States,<=50K
90,40388,13,0,0,55,Private,Bachelors,Never-married,Exec-managerial,Not-in-family,White,Male,United-States,<=50K
27,208703,9,0,0,40,Private,HS-grad,Never-married,Protective-serv,Own-child,White,Male,Japan,<=50K
40,226902,14,15024,0,50,Private,Masters,Married-civ-spouse,Exec-managerial,Husband,White,Male,United-States,>50K
27,116358,10,0,1980,40,Private,Some-college,Never-married,Craft-repair,Own-child,Asian-Pac-Islander,Male,Philippines,<=50K
62,162245,15,0,1628,70,Private,Prof-school,Married-civ-spouse,Prof-specialty,Husband,White,Male,United-States,<=50K
41,32016,9,0,0,62,Self-emp-inc,HS-grad,Married-civ-spouse,Sales,Husband,White,Male,United-States,<=50K
39,168894,10,0,0,40,Private,Some-college,Never-married,Adm-clerical,Not-in-family,White,Female,United-States,<=50K
36,112497,13,0,0,40,Private,Bachelors,Married-civ-spouse,Tech-support,Husband,White,Male,United-States,<=50K
35,103605,7,0,0,40,Private,11th,Married-civ-spouse,Farming-fishing,Husband,White,Male,United-States,<=50K
25,19214,9,0,0,40,Private,HS-grad,Never-married,Handlers-cleaners,Not-in-family,White,Male,United-States,<=50K
50,117496,13,0,0,24,Local-gov,Bachelors,Married-civ-spouse,Prof-specialty,Wife,White,Female,United-States,<=50K
63,200474,2,0,0,40,Private,1st-4th,Divorced,Transport-moving,Not-in-family,White,Male,United-States,<=50K
25,260754,13,0,0,40,State-gov,Bachelors,Never-married,Protective-serv,Not-in-family,Black,Male,United-States,<=50K
50,181139,10,0,0,40,Private,Some-college,Never-married,Farming-fishing,Not-in-family,White,Male,United-States,<=50K
34,223267,9,0,0,50,Private,HS-grad,Never-married,Exec-managerial,Other-relative,White,Male,United-States,<=50K
44,138975,9,0,0,55,Self-emp-not-inc,HS-grad,Married-civ-spouse,Craft-repair,Husband,White,Male,United-States,<=50K
49,407495,9,0,0,70,MISSING,HS-grad,Married-spouse-absent,MISSING,Not-in-family,White,Male,United-States,<=50K
35,114366,13,0,0,40,Self-emp-not-inc,Bachelors,Married-civ-spouse,Prof-specialty,Husband,White,Male,United-States,<=50K
33,177331,11,0,0,40,Private,Assoc-voc,Married-civ-spouse,Craft-repair,Husband,Black,Male,United-States,<=50K
26,190650,13,0,0,40,Private,Bachelors,Never-married,Adm-clerical,Own-child,Asian-Pac-Islander,Male,Taiwan,<=50K
37,103323,9,0,0,40,Private,HS-grad,Never-married,Craft-repair,Not-in-family,White,Male,United-States,<=50K
33,241885,10,0,0,40,Private,Some-college,Separated,Machine-op-inspct,Not-in-family,White,Male,United-States,<=50K
26,189590,10,0,0,30,Private,Some-college,Never-married,Adm-clerical,Not-in-family,White,Male,United-States,<=50K
27,200500,4,0,0,45,Private,7th-8th,Married-civ-spouse,Transport-moving,Husband,White,Male,United-States,<=50K
56,220187,10,0,0,45,Self-emp-not-inc,Some-college,Married-civ-spouse,Other-service,Husband,White,Male,United-States,>50K
38,203836,9,3464,0,40,Private,HS-grad,Married-civ-spouse,Sales,Husband,White,Male,Columbia,<=50K
45,421412,9,0,0,45,Private,HS-grad,Married-civ-spouse,Machine-op-inspct,Husband,White,Male,United-States,>50K
35,170617,9,0,0,48,Private,HS-grad,Never-married,Machine-op-inspct,Unmarried,Black,Female,United-States,<=50K
19,92863,9,0,0,20,Private,HS-grad,Never-married,Sales,Own-child,White,Male,United-States,<=50K
34,157747,13,0,0,40,Private,Bachelors,Married-civ-spouse,Exec-managerial,Husband,White,Male,United-States,>50K
42,31251,11,0,0,37,Private,Assoc-voc,Married-civ-spouse,Sales,Husband,White,Male,United-States,<=50K
49,232586,3,0,0,40,Private,5th-6th,Married-civ-spouse,Craft-repair,Husband,White,Male,United-States,<=50K
63,226422,9,0,0,40,Private,HS-grad,Married-civ-spouse,Craft-repair,Husband,White,Male,United-States,<=50K
51,221532,13,0,0,40,Private,Bachelors,Divorced,Exec-managerial,Unmarried,White,Male,United-States,>50K
42,403187,9,0,0,40,Private,HS-grad,Divorced,Handlers-cleaners,Unmarried,Black,Female,United-States,<=50K
35,30673,8,0,0,84,Private,12th,Married-civ-spouse,Craft-repair,Husband,White,Male,United-States,<=50K
47,98012,14,7688,0,40,Private,Masters,Married-civ-spouse,Prof-specialty,Wife,White,Female,United-States,>50K
50,338033,10,0,0,32,Private,Some-college,Never-married,Other-service,Not-in-family,White,Male,United-States,<=50K
47,335973,9,0,0,40,Private,HS-grad,Divorced,Adm-clerical,Unmarried,White,Female,United-States,<=50K
49,166039,9,0,0,40,Local-gov,HS-grad,Divorced,Other-service,Unmarried,White,Female,United-States,<=50K
43,258049,14,7688,0,53,Private,Masters,Married-civ-spouse,Exec-managerial,Husband,White,Male,United-States,>50K
37,271013,9,0,0,40,Private,HS-grad,Divorced,Handlers-cleaners,Not-in-family,White,Male,United-States,<=50K
27,176514,13,0,0,40,Private,Bachelors,Never-married,Adm-clerical,Not-in-family,White,Female,United-States,<=50K
27,292120,9,0,0,45,Private,HS-grad,Divorced,Tech-support,Not-in-family,White,Female,United-States,<=50K
45,183168,13,0,0,40,Private,Bachelors,Divorced,Exec-managerial,Unmarried,White,Female,United-States,<=50K
41,187802,10,0,0,50,Private,Some-college,Divorced,Tech-support,Not-in-family,White,Male,United-States,<=50K
36,185744,10,0,0,35,Private,Some-college,Married-civ-spouse,Exec-managerial,Wife,White,Female,United-States,>50K
44,245317,10,0,0,56,Private,Some-college,Married-civ-spouse,Craft-repair,Husband,White,Male,United-States,>50K
26,166295,13,0,2339,55,Local-gov,Bachelors,Never-married,Prof-specialty,Not-in-family,White,Male,United-States,<=50K
22,436798,10,0,0,40,Private,Some-college,Married-civ-spouse,Tech-support,Husband,White,Male,United-States,<=50K
39,111129,9,0,0,40,Private,HS-grad,Married-civ-spouse,Handlers-cleaners,Husband,White,Male,United-States,<=50K
58,233193,9,0,0,27,Private,HS-grad,Widowed,Adm-clerical,Not-in-family,White,Female,United-States,<=50K
26,59306,13,0,0,40,Private,Bachelors,Never-married,Sales,Not-in-family,White,Male,United-States,<=50K
48,176140,7,0,0,40,Private,11th,Divorced,Other-service,Unmarried,Black,Female,United-States,<=50K
46,192779,12,0,2258,38,State-gov,Assoc-acdm,Divorced,Adm-clerical,Unmarried,White,Male,United-States,>50K
31,258932,9,0,0,80,Private,HS-grad,Married-spouse-absent,Other-service,Not-in-family,White,Female,Italy,<=50K
25,75759,9,0,0,44,Private,HS-grad,Married-civ-spouse,Transport-moving,Husband,White,Male,United-States,>50K
21,107801,10,0,0,6,MISSING,Some-college,Never-married,MISSING,Own-child,White,Female,United-States,<=50K
23,348420,13,0,0,40,Private,Bachelors,Never-married,Tech-support,Not-in-family,White,Male,United-States,<=50K
21,174907,12,0,0,32,Private,Assoc-acdm,Never-married,Sales,Own-child,White,Female,United-States,<=50K
22,105043,10,0,0,40,Private,Some-college,Never-married,Adm-clerical,Unmarried,White,Female,United-States,<=50K
45,199590,3,0,0,38,Private,5th-6th,Married-civ-spouse,Transport-moving,Husband,White,Male,Mexico,<=50K
21,103205,9,0,0,40,Private,HS-grad,Married-civ-spouse,Machine-op-inspct,Husband,White,Male,United-States,<=50K
23,278107,9,0,1573,30,Private,HS-grad,Married-civ-spouse,Machine-op-inspct,Husband,White,Male,United-States,<=50K
25,82560,12,0,0,43,Private,Assoc-acdm,Never-married,Other-service,Own-child,White,Male,United-States,<=50K
22,239612,9,0,0,20,Private,HS-grad,Never-married,Adm-clerical,Own-child,White,Male,United-States,<=50K
41,27444,10,0,0,46,Private,Some-college,Married-civ-spouse,Adm-clerical,Husband,White,Male,United-States,>50K
23,77581,13,0,0,40,Private,Bachelors,Never-married,Exec-managerial,Own-child,White,Male,United-States,<=50K
18,217743,7,0,0,40,Private,11th,Never-married,Sales,Own-child,White,Female,United-States,<=50K
48,160647,10,0,0,40,Private,Some-college,Never-married,Exec-managerial,Not-in-family,White,Female,Ireland,>50K
45,191703,9,0,0,40,Private,HS-grad,Never-married,Adm-clerical,Own-child,Black,Female,United-States,<=50K
42,657397,9,0,0,40,Private,HS-grad,Married-civ-spouse,Machine-op-inspct,Husband,White,Male,Mexico,<=50K
41,406603,9,0,0,6,Private,HS-grad,Never-married,Other-service,Not-in-family,White,Male,Iran,<=50K
32,216908,9,0,0,24,MISSING,HS-grad,Married-civ-spouse,MISSING,Husband,White,Male,United-States,<=50K
30,44419,10,0,0,40,Private,Some-college,Never-married,Tech-support,Unmarried,White,Female,United-States,<=50K
43,57600,16,0,0,40,Private,Doctorate,Married-spouse-absent,Prof-specialty,Not-in-family,White,Female,MISSING,<=50K
22,51985,10,0,0,30,Private,Some-college,Never-married,Craft-repair,Own-child,White,Male,United-States,<=50K
41,111891,4,0,0,40,Local-gov,7th-8th,Never-married,Other-service,Unmarried,Black,Female,United-States,<=50K
38,108140,13,0,0,20,Private,Bachelors,Never-married,Other-service,Not-in-family,White,Male,United-States,<=50K
56,170148,9,0,0,40,Private,HS-grad,Divorced,Craft-repair,Unmarried,Black,Male,United-States,<=50K
29,115305,11,7688,0,40,Local-gov,Assoc-voc,Married-civ-spouse,Protective-serv,Husband,White,Male,United-States,>50K
59,241297,10,6849,0,40,Self-emp-not-inc,Some-college,Widowed,Farming-fishing,Not-in-family,White,Female,United-States,<=50K
32,182556,13,0,1887,45,State-gov,Bachelors,Married-civ-spouse,Protective-serv,Husband,White,Male,United-States,>50K
54,123011,10,0,0,45,Private,Some-college,Married-civ-spouse,Sales,Husband,White,Male,United-States,>50K
47,137917,10,0,0,40,Federal-gov,Some-college,Married-civ-spouse,Adm-clerical,Husband,Black,Male,United-States,>50K
36,196348,9,0,0,60,State-gov,HS-grad,Married-civ-spouse,Exec-managerial,Husband,White,Male,United-States,>50K
46,329752,7,0,0,30,Local-gov,11th,Married-civ-spouse,Transport-moving,Husband,White,Male,United-States,<=50K
31,102130,14,0,0,45,Local-gov,Masters,Married-civ-spouse,Prof-specialty,Husband,White,Male,United-States,<=50K
34,34080,11,0,0,40,Private,Assoc-voc,Married-civ-spouse,Craft-repair,Husband,White,Male,England,<=50K
28,161607,10,0,0,45,Private,Some-college,Married-civ-spouse,Transport-moving,Husband,White,Male,United-States,<=50K
41,216461,10,0,0,40,Private,Some-college,Divorced,Adm-clerical,Own-child,Black,Female,United-States,<=50K
33,174789,9,0,0,40,Private,HS-grad,Married-civ-spouse,Craft-repair,Husband,White,Male,United-States,<=50K
29,36601,13,0,0,50,Private,Bachelors,Never-married,Prof-specialty,Not-in-family,White,Female,United-States,<=50K
58,143266,13,0,0,40,Self-emp-inc,Bachelors,Married-civ-spouse,Prof-specialty,Husband,White,Male,United-States,<=50K
41,187462,11,0,0,40,Federal-gov,Assoc-voc,Divorced,Adm-clerical,Own-child,Black,Female,United-States,<=50K
53,223696,8,0,0,56,Private,12th,Married-spouse-absent,Handlers-cleaners,Not-in-family,Other,Male,Dominican-Republic,<=50K
56,314149,16,0,0,50,Private,Doctorate,Married-civ-spouse,Prof-specialty,Husband,White,Male,United-States,>50K
55,141409,6,7688,0,50,Self-emp-not-inc,10th,Married-civ-spouse,Sales,Husband,White,Male,United-States,>50K
40,114580,9,0,0,40,Private,HS-grad,Divorced,Craft-repair,Other-relative,White,Female,Vietnam,<=50K
55,116442,9,0,0,38,Private,HS-grad,Never-married,Sales,Not-in-family,White,Male,United-States,<=50K
62,162825,9,0,0,40,Private,HS-grad,Married-civ-spouse,Machine-op-inspct,Husband,White,Male,United-States,>50K
57,94429,9,0,0,40,Private,HS-grad,Married-civ-spouse,Handlers-cleaners,Husband,White,Male,United-States,<=50K
53,195813,3,5178,0,40,Private,5th-6th,Married-civ-spouse,Craft-repair,Husband,Other,Male,Puerto-Rico,>50K
60,165630,9,0,1977,40,Federal-gov,HS-grad,Married-civ-spouse,Tech-support,Husband,White,Male,United-States,>50K
61,230545,9,0,0,35,Federal-gov,HS-grad,Never-married,Adm-clerical,Unmarried,White,Female,Puerto-Rico,<=50K
18,329054,7,0,0,15,Private,11th,Never-married,Adm-clerical,Own-child,White,Female,United-States,<=50K
50,198103,13,0,0,40,State-gov,Bachelors,Never-married,Exec-managerial,Not-in-family,White,Female,United-States,<=50K
73,220019,5,0,0,9,Private,9th,Widowed,Other-service,Unmarried,White,Female,United-States,<=50K
74,199136,13,15831,0,8,Self-emp-not-inc,Bachelors,Widowed,Craft-repair,Not-in-family,White,Male,Germany,>50K
34,156890,9,0,0,50,Self-emp-not-inc,HS-grad,Married-civ-spouse,Exec-managerial,Husband,White,Male,United-States,<=50K
68,45508,3,0,0,22,Private,5th-6th,Married-spouse-absent,Sales,Not-in-family,White,Male,United-States,<=50K
28,146949,9,0,0,40,Local-gov,HS-grad,Married-civ-spouse,Handlers-cleaners,Husband,White,Male,United-States,<=50K
53,144586,10,0,0,40,State-gov,Some-college,Never-married,Protective-serv,Not-in-family,White,Female,United-States,<=50K
25,139012,13,2174,0,40,Private,Bachelors,Never-married,Sales,Own-child,Asian-Pac-Islander,Male,Vietnam,<=50K
45,162923,9,0,0,60,Self-emp-not-inc,HS-grad,Married-civ-spouse,Craft-repair,Husband,White,Male,United-States,<=50K
41,113324,11,0,0,70,Self-emp-not-inc,Assoc-voc,Married-civ-spouse,Farming-fishing,Husband,White,Male,United-States,>50K
53,240138,9,0,0,60,Self-emp-not-inc,HS-grad,Married-civ-spouse,Craft-repair,Husband,White,Male,United-States,<=50K
60,184183,9,4650,0,40,Private,HS-grad,Divorced,Machine-op-inspct,Not-in-family,White,Male,United-States,<=50K
28,221317,10,0,0,40,Private,Some-college,Married-civ-spouse,Handlers-cleaners,Husband,White,Male,Mexico,<=50K
23,211601,10,0,0,40,Private,Some-college,Married-civ-spouse,Exec-managerial,Wife,Black,Female,United-States,<=50K
40,184105,11,0,0,40,Private,Assoc-voc,Married-civ-spouse,Craft-repair,Husband,White,Male,United-States,>50K
35,341643,13,0,0,55,Private,Bachelors,Never-married,Sales,Not-in-family,White,Male,United-States,<=50K
23,123490,7,0,0,35,Private,11th,Divorced,Other-service,Unmarried,White,Female,United-States,<=50K
24,203924,13,0,0,45,Local-gov,Bachelors,Married-civ-spouse,Protective-serv,Husband,White,Male,United-States,<=50K
37,42645,9,0,0,40,Private,HS-grad,Married-civ-spouse,Farming-fishing,Husband,White,Male,United-States,<=50K
38,234901,14,0,1977,60,Private,Masters,Married-civ-spouse,Exec-managerial,Husband,White,Male,United-States,>50K
51,92463,9,0,0,40,Private,HS-grad,Married-civ-spouse,Adm-clerical,Husband,White,Male,United-States,<=50K
19,291509,8,0,0,28,MISSING,12th,Never-married,MISSING,Own-child,White,Male,United-States,<=50K
34,55717,9,0,1848,50,Private,HS-grad,Married-civ-spouse,Craft-repair,Husband,White,Male,United-States,>50K
43,195258,9,0,0,40,Private,HS-grad,Married-civ-spouse,Craft-repair,Husband,White,Male,United-States,>50K
36,316298,13,0,0,40,Private,Bachelors,Never-married,Tech-support,Own-child,White,Male,United-States,<=50K
19,278915,8,0,0,52,Private,12th,Never-married,Handlers-cleaners,Own-child,Black,Female,United-States,<=50K
53,104413,9,0,0,20,Private,HS-grad,Widowed,Other-service,Unmarried,Black,Female,United-States,<=50K
32,101709,13,0,0,40,Private,Bachelors,Married-civ-spouse,Prof-specialty,Husband,Asian-Pac-Islander,Male,United-States,>50K
59,325732,9,0,1902,52,Self-emp-not-inc,HS-grad,Married-civ-spouse,Exec-managerial,Husband,White,Male,United-States,>50K
45,123681,13,0,0,30,Self-emp-not-inc,Bachelors,Married-civ-spouse,Prof-specialty,Husband,White,Male,United-States,<=50K
27,273929,9,0,0,40,Local-gov,HS-grad,Never-married,Farming-fishing,Own-child,White,Male,United-States,<=50K
53,30244,12,15024,0,40,Private,Assoc-acdm,Married-civ-spouse,Exec-managerial,Husband,White,Male,United-States,>50K
38,30509,14,0,1669,55,Local-gov,Masters,Never-married,Prof-specialty,Not-in-family,White,Female,United-States,<=50K
40,226585,10,0,0,35,Private,Some-college,Married-civ-spouse,Adm-clerical,Wife,White,Female,United-States,>50K
52,234286,9,15024,0,40,Self-emp-inc,HS-grad,Married-civ-spouse,Exec-managerial,Husband,White,Male,United-States,>50K
32,348152,14,0,0,40,Private,Masters,Married-civ-spouse,Exec-managerial,Husband,White,Male,United-States,>50K
24,403671,10,0,0,40,Private,Some-college,Never-married,Machine-op-inspct,Not-in-family,White,Male,United-States,<=50K
17,145258,7,0,0,25,MISSING,11th,Never-married,MISSING,Other-relative,White,Female,United-States,<=50K
28,47907,13,0,0,40,Private,Bachelors,Never-married,Adm-clerical,Not-in-family,White,Female,United-States,<=50K
40,212760,9,0,0,40,Private,HS-grad,Divorced,Craft-repair,Not-in-family,White,Male,United-States,<=50K
19,43003,10,0,0,20,Private,Some-college,Never-married,Other-service,Own-child,White,Male,United-States,<=50K
32,186824,13,0,0,40,Private,Bachelors,Married-civ-spouse,Craft-repair,Husband,White,Male,United-States,>50K
56,107165,9,0,0,18,Private,HS-grad,Married-civ-spouse,Handlers-cleaners,Husband,White,Male,United-States,<=50K
26,78172,10,0,0,40,Private,Some-college,Married-AF-spouse,Protective-serv,Husband,White,Male,United-States,<=50K
25,222539,6,2597,0,50,Private,10th,Never-married,Transport-moving,Not-in-family,White,Male,United-States,<=50K
22,264874,10,0,0,40,Private,Some-college,Never-married,Tech-support,Other-relative,White,Female,United-States,<=50K
31,334744,9,0,0,40,Private,HS-grad,Separated,Transport-moving,Not-in-family,White,Male,United-States,<=50K
27,278720,9,0,0,45,Private,HS-grad,Married-civ-spouse,Craft-repair,Husband,White,Male,United-States,>50K
22,194031,10,0,0,15,Private,Some-college,Never-married,Other-service,Own-child,White,Female,United-States,<=50K
30,149787,10,0,0,40,Private,Some-college,Married-civ-spouse,Handlers-cleaners,Husband,White,Male,United-States,<=50K
26,273399,10,0,0,40,Local-gov,Some-college,Never-married,Protective-serv,Not-in-family,White,Male,Peru,<=50K
46,192894,4,0,0,30,Private,7th-8th,Married-civ-spouse,Farming-fishing,Husband,Black,Male,United-States,<=50K
38,123983,13,0,1741,40,Local-gov,Bachelors,Never-married,Exec-managerial,Unmarried,Asian-Pac-Islander,Male,Vietnam,<=50K
70,89787,9,0,0,20,Private,HS-grad,Married-civ-spouse,Prof-specialty,Husband,White,Male,United-States,<=50K
55,199067,9,0,0,40,Private,HS-grad,Married-civ-spouse,Craft-repair,Husband,White,Male,United-States,>50K
36,61778,10,0,0,60,Private,Some-college,Married-civ-spouse,Craft-repair,Husband,White,Male,United-States,>50K
54,343242,13,0,0,40,Private,Bachelors,Married-civ-spouse,Sales,Husband,White,Male,United-States,>50K
47,265097,9,0,0,45,Self-emp-not-inc,HS-grad,Married-civ-spouse,Transport-moving,Husband,White,Male,United-States,>50K
32,65278,16,0,0,40,Self-emp-not-inc,Doctorate,Married-civ-spouse,Exec-managerial,Husband,White,Male,United-States,<=50K
31,279015,14,0,2415,70,Private,Masters,Married-civ-spouse,Exec-managerial,Husband,White,Male,Taiwan,>50K
22,284317,12,0,0,40,Private,Assoc-acdm,Never-married,Adm-clerical,Not-in-family,White,Female,United-States,<=50K
57,301514,9,0,0,40,Private,HS-grad,Married-civ-spouse,Sales,Husband,White,Male,United-States,<=50K
49,157569,9,0,0,40,Private,HS-grad,Married-civ-spouse,Craft-repair,Husband,White,Male,United-States,<=50K
58,130454,10,0,0,50,Self-emp-inc,Some-college,Married-civ-spouse,Exec-managerial,Husband,White,Male,United-States,>50K
28,160786,9,0,0,40,Self-emp-not-inc,HS-grad,Never-married,Craft-repair,Own-child,White,Male,United-States,<=50K
62,141308,10,0,0,40,Private,Some-college,Never-married,Adm-clerical,Not-in-family,White,Female,United-States,<=50K
40,123306,15,0,0,45,Self-emp-not-inc,Prof-school,Married-civ-spouse,Prof-specialty,Husband,White,Male,United-States,>50K
66,38621,11,3273,0,40,Federal-gov,Assoc-voc,Widowed,Other-service,Unmarried,Black,Female,United-States,<=50K
58,198145,13,0,0,35,State-gov,Bachelors,Married-civ-spouse,Adm-clerical,Husband,White,Male,United-States,>50K
68,186943,9,0,0,8,Private,HS-grad,Married-civ-spouse,Craft-repair,Husband,White,Male,United-States,<=50K
36,212433,9,0,0,40,Private,HS-grad,Never-married,Craft-repair,Own-child,Black,Male,United-States,<=50K
62,221558,14,0,0,24,State-gov,Masters,Separated,Prof-specialty,Unmarried,White,Female,MISSING,<=50K
36,48093,10,0,0,92,Self-emp-not-inc,Some-college,Married-civ-spouse,Sales,Husband,White,Male,United-States,<=50K
33,48010,10,0,0,40,Private,Some-college,Divorced,Exec-managerial,Unmarried,White,Female,United-States,<=50K
41,106900,13,0,0,38,Private,Bachelors,Married-civ-spouse,Tech-support,Husband,White,Male,United-States,<=50K
62,155256,9,0,0,45,Private,HS-grad,Married-civ-spouse,Exec-managerial,Husband,White,Male,United-States,>50K
61,232808,6,0,0,24,Private,10th,Divorced,Other-service,Not-in-family,White,Male,United-States,<=50K
28,163772,9,0,0,40,Private,HS-grad,Married-civ-spouse,Other-service,Husband,Other,Male,United-States,<=50K
35,202027,10,0,0,60,Self-emp-inc,Some-college,Divorced,Exec-managerial,Not-in-family,White,Male,United-States,<=50K
48,193188,13,0,0,40,Self-emp-inc,Bachelors,Married-civ-spouse,Exec-managerial,Husband,White,Male,United-States,>50K
43,167298,9,0,0,40,State-gov,HS-grad,Divorced,Exec-managerial,Unmarried,White,Female,United-States,<=50K
22,112137,10,0,0,20,Private,Some-college,Never-married,Prof-specialty,Other-relative,Asian-Pac-Islander,Female,South,<=50K
48,243631,9,0,0,30,Self-emp-not-inc,HS-grad,Married-civ-spouse,Exec-managerial,Husband,Asian-Pac-Islander,Male,South,<=50K
36,74791,13,0,0,60,Private,Bachelors,Married-civ-spouse,Sales,Wife,White,Male,MISSING,<=50K
21,91819,11,0,0,30,Private,Assoc-voc,Never-married,Other-service,Not-in-family,White,Male,United-States,<=50K
27,34273,11,0,1876,36,Private,Assoc-voc,Never-married,Prof-specialty,Not-in-family,White,Female,Canada,<=50K
59,167963,9,0,0,40,Private,HS-grad,Never-married,Adm-clerical,Unmarried,White,Male,United-States,<=50K
19,198943,10,0,0,35,Private,Some-college,Never-married,Other-service,Own-child,White,Female,United-States,<=50K
31,319146,11,4386,0,40,Private,Assoc-voc,Married-civ-spouse,Craft-repair,Husband,White,Male,Mexico,>50K
50,154728,10,0,0,40,Private,Some-college,Married-civ-spouse,Tech-support,Husband,White,Male,United-States,>50K
21,250051,10,0,0,10,Private,Some-college,Never-married,Prof-specialty,Own-child,White,Female,United-States,<=50K
39,189911,7,0,0,40,Local-gov,11th,Divorced,Adm-clerical,Unmarried,White,Female,United-States,<=50K
34,153942,11,0,0,40,Private,Assoc-voc,Married-civ-spouse,Sales,Husband,White,Male,United-States,<=50K
52,270142,11,0,0,60,Private,Assoc-voc,Separated,Exec-managerial,Unmarried,Black,Female,United-States,<=50K
17,121425,7,0,0,16,Private,11th,Never-married,Adm-clerical,Own-child,White,Female,United-States,<=50K
39,235259,10,0,0,40,Private,Some-college,Divorced,Adm-clerical,Not-in-family,White,Female,United-States,<=50K
25,132749,7,0,0,12,Private,11th,Divorced,Other-service,Unmarried,White,Female,United-States,<=50K
51,290856,9,0,0,40,Private,HS-grad,Married-civ-spouse,Adm-clerical,Husband,White,Male,United-States,>50K
30,100734,10,0,0,40,Private,Some-college,Married-civ-spouse,Adm-clerical,Wife,White,Female,United-States,<=50K
30,295612,9,0,0,40,State-gov,HS-grad,Separated,Adm-clerical,Not-in-family,White,Female,United-States,<=50K
54,117674,10,0,0,40,Self-emp-not-inc,Some-college,Divorced,Craft-repair,Not-in-family,White,Male,MISSING,<=50K
68,365020,9,0,0,40,Self-emp-not-inc,HS-grad,Married-civ-spouse,Sales,Husband,White,Male,United-States,<=50K
17,110723,7,0,0,25,Private,11th,Never-married,Sales,Own-child,White,Female,United-States,<=50K
45,201699,11,0,0,40,Private,Assoc-voc,Married-civ-spouse,Machine-op-inspct,Husband,White,Male,United-States,>50K
49,174702,10,0,0,35,MISSING,Some-college,Never-married,MISSING,Not-in-family,White,Male,United-States,<=50K
36,114059,13,0,0,45,Private,Bachelors,Married-civ-spouse,Exec-managerial,Husband,White,Male,United-States,<=50K
38,103456,13,0,0,40,Private,Bachelors,Separated,Prof-specialty,Unmarried,White,Male,United-States,<=50K
39,152023,7,0,0,40,State-gov,11th,Married-civ-spouse,Craft-repair,Husband,White,Male,United-States,<=50K
57,291529,13,4386,0,13,Self-emp-not-inc,Bachelors,Married-civ-spouse,Exec-managerial,Husband,White,Male,United-States,>50K
31,33308,11,0,0,40,State-gov,Assoc-voc,Married-civ-spouse,Craft-repair,Husband,White,Male,United-States,<=50K
66,306178,6,2050,0,40,MISSING,10th,Divorced,MISSING,Not-in-family,White,Male,United-States,<=50K
47,139268,9,0,0,40,Private,HS-grad,Married-civ-spouse,Tech-support,Husband,White,Male,United-States,<=50K
70,306563,9,0,0,40,MISSING,HS-grad,Married-civ-spouse,MISSING,Husband,White,Male,United-States,<=50K
47,339863,9,0,0,45,Private,HS-grad,Married-civ-spouse,Sales,Husband,White,Male,United-States,>50K
32,168854,13,0,1848,50,Private,Bachelors,Married-civ-spouse,Sales,Husband,White,Male,United-States,>50K
31,87891,12,0,0,60,Private,Assoc-acdm,Married-civ-spouse,Sales,Husband,White,Male,United-States,<=50K
44,60735,13,0,0,60,Local-gov,Bachelors,Divorced,Prof-specialty,Own-child,White,Female,United-States,<=50K
42,331651,14,8614,0,50,Private,Masters,Never-married,Prof-specialty,Not-in-family,White,Female,United-States,>50K
68,146645,16,20051,0,50,MISSING,Doctorate,Married-civ-spouse,MISSING,Husband,White,Male,United-States,>50K
21,156980,9,0,0,60,Private,HS-grad,Never-married,Machine-op-inspct,Own-child,White,Male,United-States,<=50K
24,216129,9,0,1408,50,Private,HS-grad,Never-married,Craft-repair,Own-child,White,Male,United-States,<=50K
31,155781,13,0,0,40,Private,Bachelors,Married-civ-spouse,Sales,Husband,White,Male,United-States,>50K
49,123598,9,0,0,30,Self-emp-not-inc,HS-grad,Never-married,Craft-repair,Not-in-family,White,Male,United-States,<=50K
67,154035,9,0,0,32,Private,HS-grad,Widowed,Handlers-cleaners,Other-relative,Black,Male,United-States,<=50K
62,178249,13,0,0,35,Private,Bachelors,Married-civ-spouse,Exec-managerial,Husband,White,Male,United-States,>50K
20,206215,9,0,0,40,Private,HS-grad,Never-married,Adm-clerical,Own-child,White,Female,United-States,<=50K
54,206369,9,5178,0,50,Private,HS-grad,Married-civ-spouse,Machine-op-inspct,Husband,White,Male,United-States,>50K
29,189565,9,2174,0,50,Private,HS-grad,Never-married,Exec-managerial,Not-in-family,White,Male,United-States,<=50K
38,75826,15,0,0,40,Private,Prof-school,Married-civ-spouse,Prof-specialty,Wife,White,Female,United-States,<=50K
30,44566,13,0,0,80,Local-gov,Bachelors,Married-civ-spouse,Prof-specialty,Husband,White,Male,United-States,<=50K
57,180779,13,7298,0,40,Private,Bachelors,Married-civ-spouse,Prof-specialty,Husband,White,Male,United-States,>50K
51,124963,14,0,0,40,Self-emp-inc,Masters,Married-civ-spouse,Sales,Husband,White,Male,United-States,>50K
41,171615,10,0,0,48,Private,Some-college,Married-civ-spouse,Other-service,Husband,White,Male,United-States,<=50K
46,113806,8,7298,0,40,Private,12th,Married-civ-spouse,Craft-repair,Husband,White,Male,MISSING,>50K
58,97969,2,0,0,40,MISSING,1st-4th,Married-spouse-absent,MISSING,Unmarried,Amer-Indian-Eskimo,Male,United-States,<=50K
22,67234,9,0,0,45,Private,HS-grad,Never-married,Handlers-cleaners,Unmarried,White,Male,United-States,<=50K
28,145284,9,0,0,70,Private,HS-grad,Divorced,Transport-moving,Not-in-family,White,Male,United-States,<=50K
25,212302,10,0,0,40,Private,Some-college,Separated,Adm-clerical,Unmarried,White,Female,United-States,<=50K
41,104892,14,0,0,40,Private,Masters,Married-civ-spouse,Exec-managerial,Husband,White,Male,United-States,>50K
36,269042,9,0,0,40,Private,HS-grad,Married-civ-spouse,Machine-op-inspct,Husband,Asian-Pac-Islander,Male,Laos,<=50K
44,56483,13,0,0,37,Private,Bachelors,Never-married,Adm-clerical,Own-child,White,Female,United-States,<=50K
46,353824,12,0,0,40,Private,Assoc-acdm,Never-married,Adm-clerical,Not-in-family,White,Male,United-States,<=50K
37,183345,11,0,0,45,Private,Assoc-voc,Never-married,Craft-repair,Not-in-family,White,Male,United-States,<=50K
50,48358,9,7688,0,40,Private,HS-grad,Married-civ-spouse,Craft-repair,Husband,White,Male,United-States,>50K
24,173679,11,0,0,20,Private,Assoc-voc,Married-civ-spouse,Other-service,Husband,White,Male,United-States,<=50K
39,56648,9,0,0,47,Private,HS-grad,Separated,Sales,Not-in-family,White,Female,United-States,<=50K
54,37289,14,0,0,55,Private,Masters,Married-civ-spouse,Exec-managerial,Wife,White,Female,United-States,>50K
59,195835,9,0,0,60,Self-emp-not-inc,HS-grad,Married-civ-spouse,Sales,Husband,White,Male,United-States,<=50K
27,236246,12,0,0,40,Private,Assoc-acdm,Married-civ-spouse,Exec-managerial,Husband,White,Male,United-States,<=50K
53,304353,10,0,0,36,Private,Some-college,Married-civ-spouse,Craft-repair,Husband,White,Male,United-States,>50K
44,215304,13,0,0,45,Private,Bachelors,Married-civ-spouse,Prof-specialty,Husband,White,Male,United-States,>50K
42,138162,10,0,0,40,State-gov,Some-college,Divorced,Adm-clerical,Own-child,White,Male,United-States,<=50K
50,96657,13,0,0,40,Federal-gov,Bachelors,Divorced,Prof-specialty,Unmarried,Black,Female,United-States,<=50K
24,315303,9,0,0,25,Private,HS-grad,Never-married,Handlers-cleaners,Own-child,Black,Male,United-States,<=50K
46,97863,11,5178,0,40,Federal-gov,Assoc-voc,Married-civ-spouse,Adm-clerical,Husband,White,Male,United-States,>50K
24,374253,9,0,0,55,Private,HS-grad,Separated,Other-service,Not-in-family,White,Female,United-States,<=50K
46,144351,14,0,0,40,Private,Masters,Married-civ-spouse,Prof-specialty,Husband,White,Male,United-States,>50K
40,520586,10,0,0,39,Private,Some-college,Divorced,Adm-clerical,Unmarried,White,Female,United-States,<=50K
31,81846,9,0,0,40,Private,HS-grad,Married-civ-spouse,Adm-clerical,Husband,Asian-Pac-Islander,Male,United-States,<=50K
27,167405,9,0,0,40,Private,HS-grad,Married-spouse-absent,Farming-fishing,Own-child,White,Female,Mexico,<=50K
41,162140,9,0,2339,40,Private,HS-grad,Divorced,Craft-repair,Not-in-family,White,Male,United-States,<=50K
50,343014,10,0,0,40,Federal-gov,Some-college,Married-civ-spouse,Exec-managerial,Husband,Black,Male,United-States,<=50K
19,217418,10,0,0,38,Private,Some-college,Never-married,Adm-clerical,Other-relative,Black,Female,United-States,<=50K
48,40666,7,0,0,60,Private,11th,Married-civ-spouse,Handlers-cleaners,Husband,White,Male,United-States,<=50K
34,271933,13,0,1741,45,Private,Bachelors,Never-married,Exec-managerial,Other-relative,White,Female,United-States,<=50K
65,323006,9,0,0,25,Local-gov,HS-grad,Widowed,Other-service,Unmarried,Black,Female,United-States,<=50K
44,174051,10,0,0,35,Private,Some-college,Never-married,Other-service,Not-in-family,White,Male,United-States,<=50K
55,98361,9,0,0,35,Self-emp-not-inc,HS-grad,Never-married,Craft-repair,Own-child,White,Male,United-States,<=50K
27,190650,13,0,0,25,MISSING,Bachelors,Never-married,MISSING,Unmarried,Asian-Pac-Islander,Male,Philippines,<=50K
25,161478,13,0,0,40,Private,Bachelors,Never-married,Prof-specialty,Not-in-family,Asian-Pac-Islander,Female,United-States,<=50K
52,226084,9,0,0,40,Private,HS-grad,Widowed,Priv-house-serv,Other-relative,White,Female,United-States,<=50K
63,308028,14,5013,0,40,Private,Masters,Married-civ-spouse,Tech-support,Husband,White,Male,United-States,<=50K
19,306225,9,0,0,25,Private,HS-grad,Never-married,Handlers-cleaners,Own-child,White,Male,United-States,<=50K
28,314659,10,0,0,42,Private,Some-college,Never-married,Machine-op-inspct,Not-in-family,White,Male,United-States,<=50K
24,161092,10,7298,0,40,Private,Some-college,Married-civ-spouse,Adm-clerical,Husband,White,Male,United-States,>50K
45,273194,9,3137,0,35,Private,HS-grad,Married-civ-spouse,Machine-op-inspct,Husband,Black,Male,United-States,<=50K
40,193144,9,0,0,36,Private,HS-grad,Divorced,Other-service,Unmarried,White,Female,United-States,<=50K
38,22245,11,0,0,40,Private,Assoc-voc,Married-civ-spouse,Craft-repair,Husband,White,Male,United-States,<=50K
49,229737,15,99999,0,37,Self-emp-inc,Prof-school,Married-civ-spouse,Prof-specialty,Husband,White,Male,United-States,>50K
25,51201,9,0,0,35,Private,HS-grad,Married-civ-spouse,Craft-repair,Husband,White,Male,United-States,<=50K
30,308812,10,0,0,60,Private,Some-college,Never-married,Sales,Not-in-family,White,Female,United-States,<=50K
42,37937,13,0,0,55,Private,Bachelors,Married-civ-spouse,Exec-managerial,Husband,White,Male,United-States,>50K
39,139743,9,0,0,20,Private,HS-grad,Separated,Adm-clerical,Not-in-family,White,Female,United-States,<=50K
61,34632,13,0,0,30,Local-gov,Bachelors,Divorced,Other-service,Not-in-family,White,Male,United-States,<=50K
57,158827,9,0,0,40,Private,HS-grad,Separated,Craft-repair,Unmarried,White,Male,United-States,<=50K
57,169329,9,0,1887,40,Private,HS-grad,Married-civ-spouse,Tech-support,Husband,Black,Male,Trinadad&Tobago,>50K
17,117477,6,0,0,40,Private,10th,Never-married,Other-service,Own-child,White,Male,United-States,<=50K
61,83045,5,0,0,40,Private,9th,Married-civ-spouse,Machine-op-inspct,Husband,White,Male,United-States,<=50K
18,404085,9,0,0,40,Private,HS-grad,Married-civ-spouse,Adm-clerical,Wife,White,Female,United-States,<=50K
25,74883,13,0,1092,40,Private,Bachelors,Never-married,Tech-support,Not-in-family,Asian-Pac-Islander,Female,Philippines,<=50K
46,91262,10,0,0,40,Private,Some-college,Married-spouse-absent,Craft-repair,Not-in-family,Asian-Pac-Islander,Male,Philippines,<=50K
22,244408,10,0,0,40,Local-gov,Some-college,Never-married,Adm-clerical,Not-in-family,Asian-Pac-Islander,Female,Vietnam,<=50K
42,70655,9,0,0,44,Local-gov,HS-grad,Married-civ-spouse,Craft-repair,Husband,White,Male,United-States,<=50K
38,103925,9,0,0,40,Private,HS-grad,Married-civ-spouse,Adm-clerical,Wife,White,Female,United-States,>50K
19,292590,10,0,0,20,Private,Some-college,Never-married,Other-service,Own-child,White,Female,United-States,<=50K
24,210781,13,0,0,40,Private,Bachelors,Never-married,Priv-house-serv,Not-in-family,White,Female,France,<=50K
44,218653,13,0,0,40,Self-emp-not-inc,Bachelors,Divorced,Craft-repair,Own-child,White,Male,United-States,<=50K
29,210464,5,0,0,40,Private,9th,Married-civ-spouse,Machine-op-inspct,Husband,White,Male,United-States,<=50K
30,316606,13,0,0,40,Private,Bachelors,Married-civ-spouse,Other-service,Wife,White,Female,United-States,<=50K
22,121471,7,0,0,40,Private,11th,Never-married,Sales,Not-in-family,White,Female,United-States,<=50K
17,297117,7,0,0,40,MISSING,11th,Never-married,MISSING,Own-child,White,Female,United-States,<=50K
36,123983,13,0,0,55,Private,Bachelors,Married-civ-spouse,Prof-specialty,Husband,Asian-Pac-Islander,Male,Japan,>50K
24,190290,11,0,0,45,Private,Assoc-voc,Married-civ-spouse,Craft-repair,Husband,White,Male,United-States,<=50K
51,175897,5,0,0,20,Self-emp-not-inc,9th,Married-civ-spouse,Craft-repair,Husband,White,Male,United-States,<=50K
24,95552,9,0,0,40,Private,HS-grad,Never-married,Tech-support,Own-child,White,Male,United-States,<=50K
46,270693,9,3674,0,30,Private,HS-grad,Never-married,Handlers-cleaners,Own-child,White,Male,United-States,<=50K
30,340917,10,0,0,40,Private,Some-college,Married-civ-spouse,Machine-op-inspct,Husband,White,Male,United-States,<=50K
43,226902,13,0,0,40,Private,Bachelors,Divorced,Machine-op-inspct,Other-relative,White,Male,United-States,<=50K
38,227615,2,0,0,40,Private,1st-4th,Married-civ-spouse,Handlers-cleaners,Husband,White,Male,Mexico,<=50K
31,99928,14,0,0,50,Private,Masters,Married-civ-spouse,Prof-specialty,Wife,White,Female,United-States,<=50K
21,216129,9,0,0,35,Private,HS-grad,Never-married,Other-service,Own-child,White,Male,United-States,<=50K
43,184625,9,0,0,40,Private,HS-grad,Married-civ-spouse,Adm-clerical,Wife,White,Female,United-States,>50K
52,306108,9,0,0,40,Private,HS-grad,Married-civ-spouse,Machine-op-inspct,Husband,White,Male,United-States,<=50K
47,111563,11,0,0,40,MISSING,Assoc-voc,Divorced,MISSING,Not-in-family,White,Male,United-States,<=50K
33,155343,9,3103,0,40,Private,HS-grad,Married-civ-spouse,Sales,Husband,White,Male,United-States,>50K
36,116608,9,0,0,40,Private,HS-grad,Divorced,Exec-managerial,Not-in-family,White,Female,United-States,<=50K
56,75214,15,0,0,32,Self-emp-inc,Prof-school,Married-civ-spouse,Prof-specialty,Husband,White,Male,United-States,>50K
25,232991,3,0,0,40,Private,5th-6th,Married-civ-spouse,Machine-op-inspct,Husband,Other,Male,Mexico,<=50K
50,136913,9,0,0,50,Self-emp-inc,HS-grad,Married-civ-spouse,Farming-fishing,Husband,White,Male,United-States,<=50K
30,363296,9,0,0,72,Private,HS-grad,Never-married,Handlers-cleaners,Unmarried,Black,Male,United-States,<=50K
19,177945,10,0,0,25,Private,Some-college,Never-married,Sales,Own-child,White,Male,United-States,<=50K
24,293579,9,0,0,20,Private,HS-grad,Never-married,Sales,Own-child,Black,Female,United-States,<=50K
28,378460,13,10520,0,60,Private,Bachelors,Never-married,Adm-clerical,Not-in-family,White,Male,United-States,>50K
79,84616,7,0,0,7,Local-gov,11th,Married-civ-spouse,Exec-managerial,Husband,White,Male,United-States,<=50K
34,164190,10,0,1902,38,Private,Some-college,Married-civ-spouse,Prof-specialty,Husband,White,Male,United-States,>50K
55,169611,7,0,0,40,Private,11th,Widowed,Adm-clerical,Unmarried,White,Female,United-States,<=50K
33,336061,9,0,0,50,Private,HS-grad,Married-civ-spouse,Exec-managerial,Husband,White,Male,United-States,<=50K
46,59767,10,0,0,50,Private,Some-college,Divorced,Sales,Not-in-family,White,Male,United-States,<=50K
77,144608,9,0,0,6,Local-gov,HS-grad,Married-civ-spouse,Exec-managerial,Husband,White,Male,United-States,<=50K
58,33350,9,0,0,35,Private,HS-grad,Divorced,Other-service,Unmarried,White,Female,United-States,<=50K
41,35166,15,15024,0,50,Private,Prof-school,Married-civ-spouse,Prof-specialty,Husband,White,Male,United-States,>50K
47,211668,9,0,0,40,Private,HS-grad,Married-civ-spouse,Machine-op-inspct,Wife,Black,Female,United-States,>50K
32,317378,13,10520,0,40,Private,Bachelors,Never-married,Exec-managerial,Own-child,White,Female,United-States,>50K
32,158784,4,0,0,40,MISSING,7th-8th,Widowed,MISSING,Not-in-family,White,Female,United-States,<=50K
36,116138,9,0,0,40,Private,HS-grad,Married-civ-spouse,Prof-specialty,Husband,Asian-Pac-Islander,Male,Cambodia,<=50K
37,120130,14,0,0,60,Self-emp-not-inc,Masters,Married-civ-spouse,Exec-managerial,Husband,White,Male,United-States,>50K
52,158993,9,0,0,38,Private,HS-grad,Divorced,Other-service,Other-relative,Black,Female,United-States,<=50K
28,80158,9,0,0,40,Self-emp-inc,HS-grad,Never-married,Exec-managerial,Own-child,White,Male,United-States,<=50K
22,189950,13,0,0,55,Private,Bachelors,Never-married,Prof-specialty,Not-in-family,White,Male,United-States,<=50K
17,221129,5,0,0,40,Private,9th,Married-civ-spouse,Other-service,Husband,White,Male,United-States,<=50K
18,280298,9,0,0,24,Private,HS-grad,Never-married,Sales,Own-child,White,Female,United-States,<=50K
59,109638,9,0,0,40,Private,HS-grad,Married-civ-spouse,Craft-repair,Husband,White,Male,United-States,>50K
60,114413,12,0,0,30,Private,Assoc-acdm,Married-civ-spouse,Sales,Husband,White,Male,United-States,<=50K
33,167474,12,0,0,40,Local-gov,Assoc-acdm,Married-civ-spouse,Adm-clerical,Husband,White,Male,United-States,<=50K
21,409230,10,0,0,30,Self-emp-not-inc,Some-college,Never-married,Adm-clerical,Own-child,White,Male,United-States,<=50K
46,148738,9,0,1740,35,Private,HS-grad,Married-civ-spouse,Handlers-cleaners,Husband,White,Male,United-States,<=50K
49,141058,10,0,2339,50,Self-emp-inc,Some-college,Divorced,Exec-managerial,Not-in-family,White,Male,United-States,<=50K
40,253370,9,0,0,35,MISSING,HS-grad,Married-civ-spouse,MISSING,Wife,White,Female,United-States,>50K
47,53498,9,0,0,40,Federal-gov,HS-grad,Divorced,Other-service,Unmarried,Black,Female,United-States,<=50K
28,478315,13,0,0,40,Private,Bachelors,Never-married,Prof-specialty,Own-child,Black,Female,United-States,<=50K
50,148953,9,0,0,50,Private,HS-grad,Married-civ-spouse,Transport-moving,Husband,White,Male,United-States,>50K
33,159322,9,0,0,40,Private,HS-grad,Divorced,Other-service,Unmarried,White,Male,United-States,<=50K
21,57916,4,0,0,40,Private,7th-8th,Never-married,Machine-op-inspct,Own-child,White,Male,United-States,<=50K
26,183224,10,0,0,35,Private,Some-college,Never-married,Adm-clerical,Own-child,Asian-Pac-Islander,Female,United-States,<=50K
46,318331,9,0,0,40,Private,HS-grad,Married-civ-spouse,Machine-op-inspct,Husband,White,Male,United-States,<=50K
33,529104,7,0,0,50,Private,11th,Married-civ-spouse,Handlers-cleaners,Husband,White,Male,United-States,<=50K
46,363875,10,0,0,40,State-gov,Some-college,Divorced,Protective-serv,Unmarried,Amer-Indian-Eskimo,Female,United-States,<=50K
36,172538,9,0,0,52,Private,HS-grad,Married-civ-spouse,Craft-repair,Husband,White,Male,United-States,>50K
33,175697,13,15024,0,60,Private,Bachelors,Married-civ-spouse,Exec-managerial,Husband,White,Male,United-States,>50K
32,194987,9,0,0,40,Private,HS-grad,Married-civ-spouse,Adm-clerical,Wife,Black,Female,United-States,<=50K
49,197371,11,0,0,40,Local-gov,Assoc-voc,Married-civ-spouse,Craft-repair,Husband,Black,Male,United-States,>50K
24,119704,9,0,0,40,Private,HS-grad,Married-civ-spouse,Adm-clerical,Wife,White,Female,United-States,<=50K
50,208630,14,0,0,50,Private,Masters,Divorced,Sales,Not-in-family,White,Female,United-States,>50K
42,123816,9,0,0,40,Private,HS-grad,Divorced,Machine-op-inspct,Not-in-family,Black,Female,United-States,<=50K
22,254547,10,0,0,40,Private,Some-college,Never-married,Exec-managerial,Unmarried,Black,Female,Jamaica,<=50K
21,265116,10,0,0,40,Self-emp-inc,Some-college,Never-married,Exec-managerial,Not-in-family,White,Male,United-States,<=50K
41,279914,10,0,0,45,Private,Some-college,Married-civ-spouse,Adm-clerical,Husband,White,Male,United-States,>50K
29,217200,9,0,0,40,Private,HS-grad,Married-civ-spouse,Craft-repair,Husband,White,Male,United-States,<=50K
30,109117,11,0,0,45,Private,Assoc-voc,Never-married,Handlers-cleaners,Own-child,White,Male,United-States,<=50K
20,148409,10,1055,0,20,Private,Some-college,Never-married,Sales,Other-relative,White,Male,United-States,<=50K
59,186385,6,0,0,40,Private,10th,Married-civ-spouse,Machine-op-inspct,Husband,White,Male,United-States,<=50K
52,343440,10,0,0,40,Private,Some-college,Married-civ-spouse,Prof-specialty,Husband,White,Male,United-States,<=50K
55,56645,13,0,0,40,Private,Bachelors,Widowed,Farming-fishing,Own-child,Asian-Pac-Islander,Male,United-States,<=50K
47,97842,10,0,0,40,Private,Some-college,Married-civ-spouse,Craft-repair,Husband,White,Male,United-States,<=50K
33,33727,14,0,0,40,Local-gov,Masters,Married-civ-spouse,Prof-specialty,Wife,White,Female,United-States,<=50K
69,473040,3,0,0,40,MISSING,5th-6th,Divorced,MISSING,Not-in-family,White,Male,United-States,<=50K
26,112754,11,0,0,65,Private,Assoc-voc,Married-civ-spouse,Craft-repair,Husband,White,Male,United-States,>50K
51,215647,9,0,0,43,Private,HS-grad,Divorced,Prof-specialty,Not-in-family,White,Female,United-States,<=50K
35,89040,13,0,0,40,State-gov,Bachelors,Married-civ-spouse,Exec-managerial,Husband,White,Male,United-States,>50K
19,286469,10,0,0,30,Private,Some-college,Never-married,Sales,Own-child,White,Female,United-States,<=50K
18,192399,10,0,0,60,MISSING,Some-college,Never-married,MISSING,Own-child,White,Male,United-States,<=50K
53,158746,10,0,0,40,Private,Some-college,Married-civ-spouse,Tech-support,Husband,White,Male,United-States,<=50K
34,157466,9,0,0,45,Self-emp-inc,HS-grad,Married-civ-spouse,Adm-clerical,Husband,White,Male,United-States,<=50K
21,364685,7,0,0,35,Private,11th,Never-married,Tech-support,Own-child,White,Female,United-States,<=50K
24,128061,9,594,0,15,Private,HS-grad,Never-married,Other-service,Own-child,White,Female,United-States,<=50K
62,203525,4,2829,0,40,Local-gov,7th-8th,Married-civ-spouse,Craft-repair,Husband,White,Male,United-States,<=50K
58,266792,10,99999,0,40,MISSING,Some-college,Married-civ-spouse,MISSING,Husband,White,Male,United-States,>50K
33,176992,10,0,0,40,Private,Some-college,Married-civ-spouse,Craft-repair,Husband,White,Male,United-States,>50K
40,37618,10,0,0,40,Private,Some-college,Married-civ-spouse,Craft-repair,Husband,White,Male,MISSING,<=50K
42,445940,5,0,0,40,Private,9th,Married-civ-spouse,Craft-repair,Husband,White,Male,Mexico,<=50K
35,87556,9,0,0,40,Private,HS-grad,Divorced,Craft-repair,Not-in-family,White,Male,United-States,<=50K
20,99891,10,0,0,30,MISSING,Some-college,Never-married,MISSING,Own-child,White,Female,United-States,<=50K
40,336707,11,0,0,60,Private,Assoc-voc,Separated,Craft-repair,Not-in-family,White,Female,United-States,<=50K
26,183965,9,0,0,40,Private,HS-grad,Never-married,Craft-repair,Not-in-family,White,Male,United-States,<=50K
62,244087,16,15024,0,50,Private,Doctorate,Married-civ-spouse,Prof-specialty,Husband,White,Male,United-States,>50K
54,169719,13,3103,0,40,Private,Bachelors,Married-civ-spouse,Sales,Husband,White,Male,United-States,>50K
66,244661,13,0,0,40,Private,Bachelors,Married-civ-spouse,Adm-clerical,Husband,Asian-Pac-Islander,Male,Philippines,<=50K
52,35305,4,0,0,7,Private,7th-8th,Never-married,Other-service,Own-child,White,Female,United-States,<=50K
54,150999,10,0,0,60,Private,Some-college,Divorced,Machine-op-inspct,Not-in-family,White,Male,United-States,<=50K
19,137578,10,0,0,16,MISSING,Some-college,Never-married,MISSING,Own-child,White,Male,United-States,<=50K
49,183013,9,0,0,40,Private,HS-grad,Married-civ-spouse,Farming-fishing,Husband,White,Male,United-States,<=50K
30,212237,13,0,1740,45,Private,Bachelors,Married-civ-spouse,Prof-specialty,Husband,White,Male,United-States,<=50K
44,399155,9,0,0,40,Federal-gov,HS-grad,Never-married,Craft-repair,Own-child,Black,Female,United-States,<=50K
22,165065,10,0,0,40,MISSING,Some-college,Never-married,MISSING,Own-child,White,Female,Italy,<=50K
35,167735,7,6849,0,40,Private,11th,Never-married,Craft-repair,Own-child,White,Male,United-States,<=50K
40,33331,10,0,0,50,Private,Some-college,Married-civ-spouse,Transport-moving,Husband,White,Male,United-States,<=50K
28,127833,9,0,0,40,MISSING,HS-grad,Never-married,MISSING,Unmarried,Black,Female,United-States,<=50K
32,113504,13,0,0,40,Private,Bachelors,Married-civ-spouse,Exec-managerial,Husband,White,Male,United-States,>50K
18,120243,7,0,0,10,Private,11th,Never-married,Other-service,Own-child,White,Male,United-States,<=50K
34,177331,10,4386,0,40,State-gov,Some-college,Married-civ-spouse,Prof-specialty,Husband,Black,Male,United-States,>50K
19,530454,9,0,0,50,Private,HS-grad,Never-married,Other-service,Not-in-family,White,Female,United-States,<=50K
61,180632,9,0,0,40,Private,HS-grad,Married-civ-spouse,Sales,Husband,White,Male,United-States,<=50K
20,235442,10,0,0,35,Private,Some-college,Never-married,Other-service,Not-in-family,White,Male,United-States,<=50K
41,271753,13,0,0,40,Private,Bachelors,Married-civ-spouse,Farming-fishing,Husband,White,Male,United-States,<=50K
32,34066,6,0,0,40,Private,10th,Married-civ-spouse,Handlers-cleaners,Husband,Amer-Indian-Eskimo,Male,United-States,<=50K
56,99894,6,0,0,30,Private,10th,Married-civ-spouse,Sales,Wife,Asian-Pac-Islander,Female,Japan,>50K
32,87643,13,0,0,40,Private,Bachelors,Married-civ-spouse,Sales,Husband,White,Male,United-States,<=50K
25,126974,9,0,0,40,Private,HS-grad,Never-married,Craft-repair,Own-child,White,Male,United-States,<=50K
46,326857,14,0,2415,65,Private,Masters,Married-civ-spouse,Sales,Husband,White,Male,United-States,>50K
46,117059,11,0,0,60,Private,Assoc-voc,Married-civ-spouse,Transport-moving,Husband,Amer-Indian-Eskimo,Male,United-States,<=50K
20,95997,9,0,0,70,Self-emp-inc,HS-grad,Never-married,Farming-fishing,Own-child,White,Male,United-States,<=50K
64,316246,13,0,0,40,Federal-gov,Bachelors,Divorced,Adm-clerical,Not-in-family,Black,Female,United-States,<=50K
35,332588,9,0,0,30,Private,HS-grad,Divorced,Other-service,Unmarried,White,Female,United-States,<=50K
30,212064,13,0,0,40,Private,Bachelors,Never-married,Prof-specialty,Own-child,White,Female,United-States,<=50K
37,167396,9,0,0,40,Private,HS-grad,Married-civ-spouse,Other-service,Husband,White,Male,Guatemala,<=50K
55,105582,9,3103,0,40,Private,HS-grad,Married-civ-spouse,Handlers-cleaners,Husband,White,Male,United-States,>50K
33,99339,12,0,880,40,Private,Assoc-acdm,Divorced,Adm-clerical,Not-in-family,White,Female,United-States,<=50K
47,84726,10,0,0,40,Private,Some-college,Married-civ-spouse,Machine-op-inspct,Husband,White,Male,United-States,<=50K
28,187479,10,0,0,55,Private,Some-college,Married-civ-spouse,Exec-managerial,Husband,White,Male,United-States,<=50K
57,173580,10,0,0,40,Private,Some-college,Widowed,Machine-op-inspct,Unmarried,White,Female,United-States,<=50K
30,167476,9,0,0,50,Private,HS-grad,Married-civ-spouse,Transport-moving,Husband,White,Male,United-States,<=50K
51,194097,9,0,0,40,Private,HS-grad,Married-civ-spouse,Protective-serv,Husband,White,Male,United-States,<=50K
36,46706,9,0,0,40,Private,HS-grad,Never-married,Other-service,Own-child,White,Male,United-States,<=50K
34,191342,13,0,0,38,Federal-gov,Bachelors,Married-civ-spouse,Adm-clerical,Husband,Asian-Pac-Islander,Male,United-States,<=50K
27,132191,9,0,0,40,Private,HS-grad,Never-married,Craft-repair,Not-in-family,White,Male,United-States,<=50K
21,126613,10,0,0,40,Private,Some-college,Never-married,Other-service,Own-child,White,Female,United-States,<=50K
29,174645,7,0,0,52,Private,11th,Divorced,Craft-repair,Unmarried,White,Female,United-States,<=50K
36,80743,9,0,0,40,Private,HS-grad,Married-civ-spouse,Other-service,Wife,Asian-Pac-Islander,Female,South,<=50K
27,278617,10,0,0,40,Private,Some-college,Never-married,Craft-repair,Not-in-family,White,Male,United-States,<=50K
29,41281,13,0,0,50,MISSING,Bachelors,Married-spouse-absent,MISSING,Not-in-family,White,Male,United-States,<=50K
61,244087,9,0,0,52,Self-emp-not-inc,HS-grad,Married-civ-spouse,Craft-repair,Husband,White,Male,United-States,>50K
65,330144,10,0,0,40,Private,Some-college,Married-civ-spouse,Exec-managerial,Husband,White,Male,United-States,<=50K
56,200235,11,0,0,48,Private,Assoc-voc,Married-civ-spouse,Craft-repair,Husband,White,Male,United-States,>50K
55,308746,15,0,0,55,Self-emp-not-inc,Prof-school,Widowed,Prof-specialty,Not-in-family,White,Male,United-States,>50K
40,238329,13,0,0,45,Private,Bachelors,Never-married,Sales,Not-in-family,White,Female,United-States,<=50K
37,361888,13,10520,0,40,Private,Bachelors,Never-married,Prof-specialty,Not-in-family,White,Male,United-States,>50K
26,108658,9,0,0,40,Private,HS-grad,Never-married,Machine-op-inspct,Not-in-family,White,Male,United-States,<=50K
27,289147,9,0,0,40,Private,HS-grad,Never-married,Machine-op-inspct,Own-child,White,Female,United-States,<=50K
23,117767,13,0,0,40,Private,Bachelors,Married-civ-spouse,Sales,Husband,White,Male,United-States,<=50K
32,213179,10,0,0,40,Private,Some-college,Divorced,Craft-repair,Own-child,White,Male,United-States,>50K
68,234859,10,0,0,30,Self-emp-not-inc,Some-college,Married-civ-spouse,Other-service,Husband,White,Male,United-States,<=50K
40,191342,13,0,0,40,Private,Bachelors,Married-civ-spouse,Exec-managerial,Husband,Asian-Pac-Islander,Male,China,>50K
23,193090,13,0,0,38,Private,Bachelors,Never-married,Prof-specialty,Not-in-family,White,Female,United-States,<=50K
37,161111,13,0,0,40,Private,Bachelors,Never-married,Sales,Not-in-family,White,Female,United-States,<=50K
34,62374,9,0,0,48,Private,HS-grad,Never-married,Craft-repair,Not-in-family,White,Male,United-States,<=50K
65,255386,9,0,0,40,Private,HS-grad,Never-married,Craft-repair,Other-relative,Asian-Pac-Islander,Male,Cambodia,<=50K
52,115851,9,0,0,40,Private,HS-grad,Married-civ-spouse,Craft-repair,Husband,White,Male,United-States,<=50K
47,186410,15,0,0,60,Self-emp-inc,Prof-school,Never-married,Other-service,Not-in-family,White,Male,United-States,>50K
36,104858,10,0,0,56,Private,Some-college,Married-civ-spouse,Farming-fishing,Husband,White,Male,United-States,>50K
18,344742,6,0,0,40,MISSING,10th,Never-married,MISSING,Own-child,White,Male,United-States,<=50K
33,215288,7,0,0,40,Private,11th,Never-married,Handlers-cleaners,Own-child,Black,Male,United-States,<=50K
63,111306,4,0,0,10,Self-emp-not-inc,7th-8th,Widowed,Farming-fishing,Unmarried,White,Female,United-States,<=50K
45,94962,9,0,0,40,Self-emp-not-inc,HS-grad,Married-civ-spouse,Craft-repair,Husband,White,Male,England,<=50K
30,140011,11,0,0,53,Private,Assoc-voc,Married-civ-spouse,Handlers-cleaners,Husband,White,Male,United-States,<=50K
52,81859,9,0,0,48,Private,HS-grad,Married-civ-spouse,Machine-op-inspct,Husband,White,Male,United-States,>50K
44,187164,9,0,0,60,Self-emp-not-inc,HS-grad,Divorced,Transport-moving,Unmarried,White,Male,United-States,<=50K
52,349795,13,0,0,40,State-gov,Bachelors,Married-civ-spouse,Protective-serv,Husband,White,Male,United-States,<=50K
53,194259,10,4386,0,40,Private,Some-college,Married-civ-spouse,Adm-clerical,Wife,White,Female,United-States,>50K
60,372838,9,0,0,40,Private,HS-grad,Married-civ-spouse,Craft-repair,Husband,White,Male,United-States,<=50K
63,76860,13,0,0,40,Private,Bachelors,Married-civ-spouse,Protective-serv,Husband,Asian-Pac-Islander,Male,Philippines,>50K
20,195767,9,0,0,40,MISSING,HS-grad,Never-married,MISSING,Own-child,White,Male,United-States,<=50K
33,69251,11,0,0,40,Private,Assoc-voc,Never-married,Sales,Own-child,Asian-Pac-Islander,Male,Philippines,<=50K
34,340917,15,2829,0,50,Private,Prof-school,Married-civ-spouse,Exec-managerial,Husband,White,Male,MISSING,<=50K
27,282664,13,0,0,45,Local-gov,Bachelors,Never-married,Prof-specialty,Not-in-family,Other,Female,MISSING,<=50K
48,148121,13,0,0,40,Local-gov,Bachelors,Married-spouse-absent,Adm-clerical,Unmarried,Asian-Pac-Islander,Female,Philippines,<=50K
30,162572,13,0,0,70,Private,Bachelors,Never-married,Exec-managerial,Not-in-family,White,Male,United-States,>50K
39,151029,9,0,0,40,Self-emp-inc,HS-grad,Married-civ-spouse,Exec-managerial,Husband,White,Male,United-States,>50K
29,242147,9,0,0,45,Federal-gov,HS-grad,Divorced,Adm-clerical,Not-in-family,Other,Male,United-States,<=50K
26,224361,9,0,0,40,Private,HS-grad,Never-married,Exec-managerial,Not-in-family,White,Male,United-States,<=50K
37,269300,10,0,0,27,Local-gov,Some-college,Married-spouse-absent,Adm-clerical,Unmarried,Black,Female,United-States,<=50K
19,158118,9,0,1719,40,Private,HS-grad,Never-married,Other-service,Not-in-family,White,Female,United-States,<=50K
50,99476,14,0,0,35,Private,Masters,Divorced,Prof-specialty,Not-in-family,White,Female,United-States,<=50K
37,253420,9,0,0,25,Private,HS-grad,Separated,Other-service,Unmarried,Black,Female,United-States,<=50K
31,152940,10,0,0,40,Private,Some-college,Married-civ-spouse,Craft-repair,Husband,White,Male,United-States,<=50K
26,192262,9,0,0,40,Private,HS-grad,Married-civ-spouse,Other-service,Husband,White,Male,United-States,<=50K
50,166220,12,3942,0,40,Private,Assoc-acdm,Married-civ-spouse,Sales,Wife,White,Female,United-States,<=50K
20,164775,3,0,0,40,Private,5th-6th,Never-married,Handlers-cleaners,Other-relative,White,Male,Guatemala,<=50K
31,48520,12,0,0,40,Local-gov,Assoc-acdm,Never-married,Protective-serv,Unmarried,White,Male,United-States,<=50K
29,32280,9,0,0,45,Self-emp-not-inc,HS-grad,Never-married,Farming-fishing,Not-in-family,White,Male,United-States,<=50K
27,165412,9,0,0,40,Private,HS-grad,Married-civ-spouse,Craft-repair,Husband,White,Male,United-States,<=50K
41,58484,13,0,0,40,Private,Bachelors,Married-civ-spouse,Exec-managerial,Wife,White,Female,United-States,<=50K
36,342719,16,0,0,45,Self-emp-not-inc,Doctorate,Married-civ-spouse,Prof-specialty,Husband,White,Male,MISSING,>50K
42,144236,10,0,0,60,Self-emp-inc,Some-college,Never-married,Sales,Not-in-family,White,Male,United-States,<=50K
82,42435,6,0,0,20,MISSING,10th,Widowed,MISSING,Not-in-family,White,Male,United-States,<=50K
18,91525,9,0,0,25,Private,HS-grad,Never-married,Sales,Other-relative,White,Male,United-States,<=50K
27,198258,13,0,0,35,Private,Bachelors,Never-married,Sales,Own-child,White,Male,United-States,<=50K
31,69056,9,0,0,15,Private,HS-grad,Divorced,Other-service,Own-child,White,Female,United-States,<=50K
45,186272,5,5178,0,40,Private,9th,Married-civ-spouse,Adm-clerical,Husband,Black,Male,United-States,>50K
21,197997,10,0,0,30,Private,Some-college,Never-married,Adm-clerical,Own-child,White,Male,United-States,<=50K
46,501671,6,0,0,40,Private,10th,Divorced,Machine-op-inspct,Unmarried,Black,Male,United-States,<=50K
36,160120,13,0,0,45,Self-emp-not-inc,Bachelors,Married-civ-spouse,Sales,Husband,Other,Male,MISSING,<=50K
19,172582,10,0,0,30,Private,Some-college,Never-married,Sales,Own-child,White,Male,United-States,<=50K
27,217379,10,0,0,40,Private,Some-college,Divorced,Prof-specialty,Own-child,White,Female,United-States,<=50K
17,211870,5,0,0,6,Private,9th,Never-married,Other-service,Not-in-family,White,Male,United-States,<=50K
47,111797,10,0,0,35,Private,Some-college,Never-married,Other-service,Not-in-family,Black,Female,Outlying-US(Guam-USVI-etc),<=50K
48,216999,9,0,0,40,Private,HS-grad,Married-civ-spouse,Craft-repair,Husband,White,Male,United-States,>50K
20,121023,10,0,0,15,Private,Some-college,Never-married,Adm-clerical,Own-child,White,Female,United-States,<=50K
17,51939,7,0,0,15,Private,11th,Never-married,Sales,Own-child,White,Female,United-States,<=50K
41,185057,11,0,0,40,Private,Assoc-voc,Never-married,Craft-repair,Not-in-family,White,Female,MISSING,<=50K
34,317809,13,0,0,50,Private,Bachelors,Married-civ-spouse,Exec-managerial,Husband,White,Male,MISSING,>50K
25,182380,9,0,0,40,Local-gov,HS-grad,Never-married,Craft-repair,Own-child,White,Male,United-States,<=50K
23,407684,5,0,0,40,Private,9th,Never-married,Machine-op-inspct,Other-relative,White,Female,Mexico,<=50K
47,80282,16,0,0,45,State-gov,Doctorate,Married-civ-spouse,Prof-specialty,Husband,White,Male,United-States,<=50K
53,53197,14,3103,0,40,Private,Masters,Married-civ-spouse,Prof-specialty,Husband,White,Male,United-States,>50K
19,67929,10,0,0,50,Self-emp-not-inc,Some-college,Never-married,Farming-fishing,Own-child,White,Male,United-States,<=50K
28,136985,9,0,0,35,Private,HS-grad,Married-civ-spouse,Other-service,Husband,White,Male,United-States,<=50K
63,231777,13,0,0,40,Self-emp-not-inc,Bachelors,Never-married,Transport-moving,Not-in-family,White,Male,United-States,<=50K
29,244473,11,0,2051,40,Private,Assoc-voc,Married-civ-spouse,Tech-support,Husband,White,Male,United-States,<=50K
49,198759,12,15024,0,60,Private,Assoc-acdm,Married-civ-spouse,Sales,Husband,White,Male,United-States,>50K
43,180985,13,0,0,35,Self-emp-not-inc,Bachelors,Separated,Craft-repair,Unmarried,White,Male,United-States,<=50K
42,323790,13,0,1977,70,Self-emp-not-inc,Bachelors,Married-civ-spouse,Exec-managerial,Husband,White,Male,United-States,>50K
47,216414,16,0,0,40,State-gov,Doctorate,Married-civ-spouse,Prof-specialty,Husband,White,Male,United-States,>50K
36,382635,13,0,0,35,Local-gov,Bachelors,Divorced,Adm-clerical,Unmarried,White,Female,Honduras,<=50K
24,509629,9,0,0,25,Private,HS-grad,Never-married,Other-service,Own-child,White,Female,United-States,<=50K
21,313702,10,0,0,40,Private,Some-college,Never-married,Sales,Not-in-family,White,Male,United-States,<=50K
60,116230,4,0,0,40,Private,7th-8th,Married-civ-spouse,Craft-repair,Husband,White,Male,United-States,<=50K
68,229016,9,0,0,25,MISSING,HS-grad,Married-civ-spouse,MISSING,Wife,White,Female,United-States,<=50K
42,201522,13,0,0,60,Self-emp-not-inc,Bachelors,Married-civ-spouse,Sales,Husband,White,Male,United-States,<=50K
47,83064,13,0,0,60,Self-emp-not-inc,Bachelors,Married-civ-spouse,Farming-fishing,Husband,White,Male,United-States,<=50K
51,193720,13,0,0,45,Private,Bachelors,Married-civ-spouse,Exec-managerial,Husband,White,Male,United-States,>50K
28,354095,10,0,0,40,Private,Some-college,Never-married,Sales,Not-in-family,White,Female,United-States,<=50K
39,24106,10,0,0,40,Private,Some-college,Married-civ-spouse,Sales,Husband,White,Male,Philippines,>50K
24,283896,9,0,0,40,Private,HS-grad,Never-married,Handlers-cleaners,Not-in-family,White,Male,United-States,<=50K
44,206878,9,0,0,15,Private,HS-grad,Never-married,Sales,Other-relative,White,Female,United-States,<=50K
43,143939,9,0,0,50,State-gov,HS-grad,Divorced,Adm-clerical,Unmarried,White,Female,United-States,>50K
54,139850,14,0,0,45,Private,Masters,Married-civ-spouse,Exec-managerial,Husband,Asian-Pac-Islander,Male,United-States,>50K
30,83066,9,0,0,40,Local-gov,HS-grad,Married-civ-spouse,Other-service,Husband,Black,Male,United-States,<=50K
44,266135,13,0,0,50,Private,Bachelors,Married-civ-spouse,Prof-specialty,Husband,White,Male,United-States,>50K
43,118600,13,0,625,40,Local-gov,Bachelors,Divorced,Prof-specialty,Unmarried,White,Female,United-States,<=50K
43,349341,13,0,0,60,Self-emp-not-inc,Bachelors,Divorced,Exec-managerial,Not-in-family,White,Male,United-States,<=50K
43,170230,14,0,0,40,Private,Masters,Never-married,Tech-support,Not-in-family,White,Female,United-States,<=50K
24,500509,9,0,0,40,Private,HS-grad,Never-married,Other-service,Own-child,Black,Male,United-States,<=50K
59,395736,9,0,0,40,Private,HS-grad,Married-civ-spouse,Handlers-cleaners,Husband,White,Male,United-States,>50K
33,198211,9,0,0,40,Private,HS-grad,Married-civ-spouse,Tech-support,Husband,White,Male,United-States,<=50K
21,232591,9,0,0,40,Private,HS-grad,Never-married,Adm-clerical,Own-child,White,Male,United-States,<=50K
17,161259,6,0,0,12,MISSING,10th,Never-married,MISSING,Other-relative,White,Male,United-States,<=50K
25,235795,12,0,0,48,Private,Assoc-acdm,Never-married,Sales,Not-in-family,White,Male,United-States,<=50K
31,96480,9,0,0,50,Private,HS-grad,Never-married,Adm-clerical,Not-in-family,White,Female,United-States,<=50K
61,202952,6,0,0,24,Private,10th,Divorced,Other-service,Not-in-family,Black,Female,United-States,<=50K
31,197023,11,0,0,40,Private,Assoc-voc,Married-civ-spouse,Machine-op-inspct,Husband,Amer-Indian-Eskimo,Male,United-States,<=50K
38,48093,9,0,0,40,Private,HS-grad,Married-civ-spouse,Handlers-cleaners,Husband,White,Male,United-States,<=50K
47,207140,9,0,0,38,Private,HS-grad,Divorced,Adm-clerical,Not-in-family,White,Female,United-States,<=50K
41,170866,13,0,0,50,Private,Bachelors,Married-civ-spouse,Exec-managerial,Husband,White,Male,United-States,>50K
47,31339,10,0,0,40,Federal-gov,Some-college,Married-civ-spouse,Adm-clerical,Husband,White,Male,United-States,<=50K
37,181705,11,0,0,40,Private,Assoc-voc,Married-civ-spouse,Craft-repair,Husband,White,Male,United-States,<=50K
54,155433,9,0,0,35,Private,HS-grad,Married-civ-spouse,Other-service,Wife,White,Female,United-States,<=50K
52,230767,13,0,1902,60,Self-emp-inc,Bachelors,Married-civ-spouse,Exec-managerial,Husband,White,Male,Cuba,>50K
35,348771,7,0,0,36,Self-emp-not-inc,11th,Married-civ-spouse,Craft-repair,Husband,White,Male,United-States,<=50K
57,303986,3,0,0,40,Private,5th-6th,Never-married,Other-service,Not-in-family,White,Male,Cuba,<=50K
41,214838,14,0,0,60,Federal-gov,Masters,Married-civ-spouse,Exec-managerial,Husband,White,Male,United-States,>50K
45,738812,9,0,0,46,Private,HS-grad,Married-civ-spouse,Craft-repair,Husband,White,Male,United-States,<=50K
45,122206,12,0,0,50,Self-emp-inc,Assoc-acdm,Married-civ-spouse,Exec-managerial,Husband,White,Male,United-States,>50K
25,198163,9,0,0,40,Private,HS-grad,Never-married,Exec-managerial,Own-child,White,Female,United-States,<=50K
43,248186,12,0,0,38,Private,Assoc-acdm,Never-married,Adm-clerical,Not-in-family,White,Female,United-States,<=50K
53,205288,9,7688,0,35,Federal-gov,HS-grad,Married-civ-spouse,Adm-clerical,Wife,White,Female,United-States,>50K
24,275884,9,0,0,40,Private,HS-grad,Separated,Other-service,Unmarried,Black,Female,United-States,<=50K
64,321166,13,0,0,5,Private,Bachelors,Divorced,Sales,Not-in-family,White,Female,United-States,<=50K
43,87284,10,0,0,40,Private,Some-college,Never-married,Handlers-cleaners,Not-in-family,White,Male,United-States,<=50K
23,292023,9,0,0,45,Private,HS-grad,Never-married,Exec-managerial,Not-in-family,White,Male,United-States,<=50K
30,326104,9,0,0,40,Local-gov,HS-grad,Married-civ-spouse,Protective-serv,Husband,White,Male,United-States,>50K
36,81896,13,0,0,45,Private,Bachelors,Never-married,Prof-specialty,Not-in-family,White,Female,United-States,<=50K
55,52888,15,0,0,10,Self-emp-not-inc,Prof-school,Married-civ-spouse,Prof-specialty,Wife,White,Female,United-States,<=50K
42,76487,9,0,0,45,Private,HS-grad,Married-civ-spouse,Adm-clerical,Husband,White,Male,United-States,<=50K
25,263300,9,0,0,50,Self-emp-not-inc,HS-grad,Never-married,Farming-fishing,Not-in-family,White,Male,United-States,<=50K
36,347491,13,0,0,50,Private,Bachelors,Married-civ-spouse,Exec-managerial,Husband,White,Male,United-States,>50K
23,549349,10,0,0,40,Private,Some-college,Never-married,Tech-support,Own-child,White,Male,United-States,<=50K
42,29393,10,0,0,40,Private,Some-college,Divorced,Machine-op-inspct,Not-in-family,White,Female,United-States,<=50K
26,270276,9,0,0,40,Private,HS-grad,Never-married,Adm-clerical,Not-in-family,White,Female,United-States,<=50K
30,391114,9,0,0,60,Private,HS-grad,Married-civ-spouse,Handlers-cleaners,Husband,White,Male,United-States,<=50K
36,311255,9,0,0,40,Private,HS-grad,Married-civ-spouse,Machine-op-inspct,Husband,Black,Male,Haiti,<=50K
32,222221,11,7298,0,42,Private,Assoc-voc,Married-civ-spouse,Prof-specialty,Husband,White,Male,United-States,>50K
53,242859,10,0,0,40,Private,Some-college,Separated,Adm-clerical,Own-child,White,Male,Cuba,<=50K
52,181677,6,0,0,30,Private,10th,Married-civ-spouse,Transport-moving,Husband,White,Male,United-States,>50K
20,148294,10,0,0,40,Private,Some-college,Never-married,Other-service,Own-child,White,Male,United-States,<=50K
37,206888,9,0,0,50,Private,HS-grad,Never-married,Exec-managerial,Not-in-family,White,Female,United-States,<=50K
47,166181,10,0,0,48,Private,Some-college,Married-civ-spouse,Adm-clerical,Wife,Black,Female,United-States,>50K
37,188774,13,0,0,55,Self-emp-not-inc,Bachelors,Never-married,Protective-serv,Not-in-family,White,Male,United-States,>50K
46,166181,10,0,0,36,Private,Some-college,Never-married,Adm-clerical,Own-child,Black,Female,United-States,<=50K
67,173935,13,0,0,8,Self-emp-not-inc,Bachelors,Married-civ-spouse,Exec-managerial,Husband,White,Male,United-States,>50K
21,175800,9,0,0,55,Private,HS-grad,Never-married,Prof-specialty,Unmarried,White,Female,United-States,<=50K
22,112164,10,0,0,40,Private,Some-college,Never-married,Exec-managerial,Own-child,White,Female,MISSING,<=50K
35,327120,12,0,0,55,MISSING,Assoc-acdm,Never-married,MISSING,Not-in-family,White,Male,United-States,<=50K
21,228395,10,0,0,20,Private,Some-college,Never-married,Sales,Other-relative,Black,Female,United-States,<=50K
37,259284,9,0,0,50,Private,HS-grad,Never-married,Transport-moving,Not-in-family,Black,Male,United-States,<=50K
26,288959,9,0,0,36,Private,HS-grad,Married-civ-spouse,Sales,Husband,Black,Male,United-States,<=50K
59,172071,9,0,0,38,Private,HS-grad,Married-civ-spouse,Prof-specialty,Wife,Black,Female,Jamaica,<=50K
25,109390,9,0,0,70,Private,HS-grad,Never-married,Transport-moving,Own-child,White,Male,United-States,<=50K
20,167787,10,0,0,20,Private,Some-college,Never-married,Sales,Own-child,White,Female,United-States,<=50K
27,46868,13,0,0,15,Private,Bachelors,Never-married,Tech-support,Not-in-family,White,Female,United-States,<=50K
42,182342,10,0,0,55,Private,Some-college,Widowed,Exec-managerial,Not-in-family,White,Female,United-States,<=50K
27,175387,13,0,1876,40,Private,Bachelors,Never-married,Exec-managerial,Not-in-family,White,Male,United-States,<=50K
20,150084,9,0,0,25,MISSING,HS-grad,Never-married,MISSING,Own-child,White,Male,United-States,<=50K
31,110643,13,0,1977,55,Private,Bachelors,Married-civ-spouse,Exec-managerial,Husband,White,Male,United-States,>50K
53,113995,13,0,0,45,Private,Bachelors,Married-civ-spouse,Exec-managerial,Husband,White,Male,United-States,>50K
74,84197,14,0,0,10,Private,Masters,Divorced,Sales,Not-in-family,White,Female,United-States,<=50K
43,88233,10,0,0,60,Private,Some-college,Married-civ-spouse,Transport-moving,Husband,White,Male,United-States,<=50K
46,175754,14,0,1876,60,Local-gov,Masters,Divorced,Prof-specialty,Not-in-family,White,Female,United-States,<=50K
25,172581,13,0,0,40,Private,Bachelors,Never-married,Prof-specialty,Not-in-family,White,Female,United-States,<=50K
45,33234,13,0,0,40,Self-emp-not-inc,Bachelors,Married-civ-spouse,Sales,Husband,White,Male,United-States,>50K
23,169104,12,0,0,16,MISSING,Assoc-acdm,Never-married,MISSING,Own-child,Asian-Pac-Islander,Male,Philippines,<=50K
55,174533,13,0,0,72,Federal-gov,Bachelors,Separated,Other-service,Unmarried,White,Female,MISSING,<=50K
30,94235,9,0,0,40,Private,HS-grad,Never-married,Craft-repair,Other-relative,White,Male,United-States,<=50K
30,29522,10,0,0,40,Private,Some-college,Married-civ-spouse,Sales,Wife,White,Female,United-States,<=50K
47,321851,13,0,0,50,Local-gov,Bachelors,Never-married,Prof-specialty,Not-in-family,White,Female,United-States,>50K
30,111567,9,0,0,48,Private,HS-grad,Never-married,Craft-repair,Own-child,White,Male,United-States,<=50K
27,120126,10,0,0,40,Self-emp-not-inc,Some-college,Married-civ-spouse,Exec-managerial,Husband,White,Male,United-States,<=50K
19,451951,9,0,0,40,Private,HS-grad,Never-married,Sales,Not-in-family,White,Female,United-States,<=50K
40,134026,7,0,0,40,Private,11th,Never-married,Other-service,Other-relative,White,Male,United-States,<=50K
19,186096,9,0,0,30,Private,HS-grad,Never-married,Other-service,Own-child,Black,Male,United-States,<=50K
29,363963,9,0,0,40,Private,HS-grad,Divorced,Other-service,Not-in-family,White,Female,United-States,<=50K
33,249716,9,0,0,45,Private,HS-grad,Never-married,Tech-support,Not-in-family,White,Male,United-States,<=50K
41,75409,13,0,0,40,State-gov,Bachelors,Married-civ-spouse,Prof-specialty,Wife,White,Female,United-States,>50K
52,123011,15,0,0,50,Self-emp-not-inc,Prof-school,Married-civ-spouse,Prof-specialty,Husband,White,Male,United-States,>50K
46,33109,9,0,1741,40,Private,HS-grad,Divorced,Craft-repair,Not-in-family,White,Male,United-States,<=50K
20,117109,10,0,0,24,Private,Some-college,Never-married,Adm-clerical,Other-relative,Black,Female,United-States,<=50K
39,53447,9,0,0,40,Private,HS-grad,Divorced,Farming-fishing,Not-in-family,White,Female,United-States,<=50K
28,149769,9,0,0,40,Private,HS-grad,Never-married,Machine-op-inspct,Not-in-family,Asian-Pac-Islander,Male,Cambodia,<=50K
34,155151,10,0,0,40,Private,Some-college,Married-civ-spouse,Craft-repair,Husband,White,Male,United-States,>50K
30,195576,10,3325,0,50,Private,Some-college,Never-married,Prof-specialty,Own-child,White,Male,United-States,<=50K
32,46691,13,0,0,40,Private,Bachelors,Never-married,Adm-clerical,Not-in-family,White,Female,United-States,<=50K
43,138184,9,0,1762,35,Private,HS-grad,Divorced,Other-service,Not-in-family,Black,Female,United-States,<=50K
26,274724,10,0,0,40,Private,Some-college,Never-married,Other-service,Other-relative,White,Male,Nicaragua,<=50K
25,299765,10,0,0,40,Private,Some-college,Separated,Adm-clerical,Other-relative,Black,Female,Jamaica,<=50K
57,124137,10,0,0,40,Self-emp-inc,Some-college,Married-civ-spouse,Exec-managerial,Husband,White,Male,United-States,<=50K
47,131826,10,0,0,40,Self-emp-not-inc,Some-college,Married-civ-spouse,Sales,Husband,White,Male,United-States,<=50K
35,267798,9,0,0,40,Private,HS-grad,Divorced,Craft-repair,Unmarried,White,Male,United-States,<=50K
47,217750,9,0,0,35,Private,HS-grad,Married-civ-spouse,Other-service,Wife,White,Female,United-States,<=50K
42,29962,13,0,0,48,Self-emp-not-inc,Bachelors,Married-civ-spouse,Sales,Husband,White,Male,United-States,<=50K
18,242893,7,0,0,35,Private,11th,Never-married,Craft-repair,Own-child,White,Male,United-States,<=50K
31,118941,10,0,0,20,Private,Some-college,Divorced,Other-service,Own-child,White,Female,United-States,<=50K
27,161155,9,0,0,40,Private,HS-grad,Married-civ-spouse,Other-service,Husband,White,Male,United-States,<=50K
33,314310,9,0,0,20,Private,HS-grad,Married-spouse-absent,Sales,Not-in-family,White,Male,United-States,<=50K
23,455361,9,0,0,40,Private,HS-grad,Never-married,Other-service,Not-in-family,White,Male,Guatemala,<=50K
46,156926,10,0,0,60,Private,Some-college,Married-civ-spouse,Exec-managerial,Husband,White,Male,United-States,>50K
37,328466,10,0,0,50,Self-emp-inc,Some-college,Married-civ-spouse,Exec-managerial,Husband,White,Male,United-States,>50K
46,241844,5,0,0,40,Private,9th,Married-civ-spouse,Other-service,Husband,White,Male,United-States,<=50K
50,102346,13,0,2415,20,Private,Bachelors,Married-civ-spouse,Exec-managerial,Wife,White,Female,United-States,>50K
34,173730,13,0,0,50,Private,Bachelors,Married-civ-spouse,Exec-managerial,Husband,White,Male,United-States,>50K
31,273324,10,0,1721,16,Private,Some-college,Never-married,Other-service,Own-child,White,Male,United-States,<=50K
28,223751,10,0,0,40,Private,Some-college,Married-civ-spouse,Adm-clerical,Husband,White,Male,United-States,>50K
42,313945,14,0,0,40,Private,Masters,Married-civ-spouse,Sales,Husband,White,Male,Ecuador,<=50K
27,202206,7,0,0,40,Private,11th,Separated,Farming-fishing,Other-relative,White,Male,Puerto-Rico,<=50K
41,347653,15,0,1977,50,Private,Prof-school,Married-civ-spouse,Prof-specialty,Husband,White,Male,United-States,>50K
33,108116,9,0,0,40,State-gov,HS-grad,Married-civ-spouse,Tech-support,Husband,White,Male,United-States,<=50K
59,53304,13,0,0,50,Local-gov,Bachelors,Married-civ-spouse,Prof-specialty,Husband,White,Male,United-States,>50K
67,36135,7,0,0,8,MISSING,11th,Married-civ-spouse,MISSING,Husband,White,Male,United-States,<=50K
28,31717,9,0,0,40,Self-emp-not-inc,HS-grad,Married-civ-spouse,Craft-repair,Husband,White,Male,United-States,<=50K
25,139730,9,0,0,80,Private,HS-grad,Married-civ-spouse,Craft-repair,Husband,White,Male,United-States,>50K
39,316211,13,0,0,40,Private,Bachelors,Never-married,Prof-specialty,Not-in-family,White,Male,United-States,>50K
18,201299,10,0,0,40,MISSING,Some-college,Never-married,MISSING,Own-child,White,Female,United-States,<=50K
29,286634,13,0,0,50,Private,Bachelors,Married-civ-spouse,Prof-specialty,Wife,White,Female,United-States,>50K
21,178255,10,0,0,30,Private,Some-college,Never-married,Adm-clerical,Not-in-family,White,Female,Columbia,<=50K
38,259019,9,0,0,44,Private,HS-grad,Married-civ-spouse,Craft-repair,Husband,White,Male,United-States,<=50K
37,178948,13,0,0,45,Private,Bachelors,Never-married,Prof-specialty,Not-in-family,White,Female,United-States,<=50K
44,190739,9,0,0,32,Private,HS-grad,Never-married,Other-service,Other-relative,Black,Male,United-States,<=50K
41,122215,14,15024,0,40,Private,Masters,Married-civ-spouse,Prof-specialty,Husband,White,Male,United-States,>50K
38,127961,10,0,0,45,Self-emp-not-inc,Some-college,Married-civ-spouse,Machine-op-inspct,Husband,White,Male,United-States,>50K
17,202344,6,0,0,25,Private,10th,Never-married,Other-service,Own-child,White,Male,United-States,<=50K
45,256649,9,0,0,40,Private,HS-grad,Married-civ-spouse,Machine-op-inspct,Husband,Black,Male,United-States,<=50K
48,149640,9,0,0,40,Private,HS-grad,Married-civ-spouse,Transport-moving,Husband,White,Male,United-States,<=50K
42,104334,9,0,0,40,Local-gov,HS-grad,Married-civ-spouse,Farming-fishing,Husband,White,Male,El-Salvador,<=50K
55,195329,9,2202,0,35,Private,HS-grad,Widowed,Other-service,Not-in-family,White,Female,Italy,<=50K
23,257683,13,0,0,40,Private,Bachelors,Never-married,Prof-specialty,Own-child,White,Male,United-States,<=50K
42,223934,12,0,0,40,Private,Assoc-acdm,Divorced,Exec-managerial,Unmarried,White,Female,United-States,<=50K
37,170718,9,0,0,40,Private,HS-grad,Married-civ-spouse,Exec-managerial,Husband,White,Male,United-States,<=50K
35,282979,9,5178,0,50,Private,HS-grad,Married-civ-spouse,Sales,Husband,White,Male,United-States,>50K
43,60001,13,0,0,44,Private,Bachelors,Divorced,Sales,Unmarried,White,Male,United-States,>50K
26,238768,9,0,0,60,Private,HS-grad,Married-civ-spouse,Machine-op-inspct,Husband,White,Male,United-States,<=50K
31,283268,13,0,0,36,Private,Bachelors,Never-married,Prof-specialty,Unmarried,White,Female,United-States,<=50K
32,195000,9,0,0,40,Private,HS-grad,Married-civ-spouse,Craft-repair,Husband,White,Male,United-States,<=50K
51,384248,10,0,0,50,Private,Some-college,Divorced,Exec-managerial,Unmarried,Black,Female,United-States,<=50K
35,126675,9,0,0,46,Private,HS-grad,Divorced,Craft-repair,Not-in-family,White,Male,MISSING,<=50K
29,115585,10,0,0,50,Local-gov,Some-college,Never-married,Handlers-cleaners,Not-in-family,White,Male,United-States,<=50K
43,143582,3,0,2129,72,Private,5th-6th,Married-civ-spouse,Machine-op-inspct,Wife,Asian-Pac-Islander,Female,MISSING,<=50K
20,175069,10,0,0,40,Private,Some-college,Never-married,Adm-clerical,Own-child,White,Male,Yugoslavia,<=50K
31,181372,9,0,0,35,Private,HS-grad,Divorced,Adm-clerical,Unmarried,White,Female,United-States,<=50K
74,119129,9,0,2149,20,Self-emp-not-inc,HS-grad,Married-civ-spouse,Sales,Husband,White,Male,United-States,<=50K
26,177951,9,0,0,48,Private,HS-grad,Married-civ-spouse,Handlers-cleaners,Husband,White,Male,United-States,<=50K
52,308764,10,0,0,40,Private,Some-college,Divorced,Exec-managerial,Unmarried,White,Female,United-States,<=50K
27,405765,9,0,0,40,Private,HS-grad,Married-civ-spouse,Craft-repair,Husband,White,Male,MISSING,>50K
32,63910,9,0,0,40,Private,HS-grad,Divorced,Adm-clerical,Own-child,Asian-Pac-Islander,Female,United-States,<=50K
35,38948,10,0,0,40,Private,Some-college,Married-civ-spouse,Prof-specialty,Husband,White,Male,United-States,>50K
23,149204,13,0,0,40,Private,Bachelors,Never-married,Exec-managerial,Own-child,White,Male,United-States,<=50K
44,221172,9,0,0,30,Private,HS-grad,Never-married,Craft-repair,Not-in-family,White,Male,United-States,<=50K
37,333664,10,0,0,40,Local-gov,Some-college,Separated,Adm-clerical,Not-in-family,White,Female,United-States,<=50K
24,103064,13,3674,0,40,Private,Bachelors,Never-married,Tech-support,Not-in-family,White,Female,United-States,<=50K
63,339473,10,0,0,60,Private,Some-college,Divorced,Sales,Not-in-family,White,Female,United-States,<=50K
37,282951,9,0,0,40,Private,HS-grad,Married-civ-spouse,Prof-specialty,Husband,White,Male,United-States,<=50K
18,266287,10,0,0,25,MISSING,Some-college,Never-married,MISSING,Own-child,White,Female,United-States,<=50K
51,209912,13,0,0,50,Private,Bachelors,Divorced,Exec-managerial,Not-in-family,Amer-Indian-Eskimo,Male,United-States,<=50K
35,84848,10,0,0,40,Federal-gov,Some-college,Never-married,Handlers-cleaners,Unmarried,White,Female,United-States,<=50K
59,199240,9,0,0,20,Self-emp-not-inc,HS-grad,Divorced,Prof-specialty,Not-in-family,White,Male,England,<=50K
72,129912,9,0,0,25,MISSING,HS-grad,Married-civ-spouse,MISSING,Husband,White,Male,United-States,<=50K
35,953588,9,0,0,40,Private,HS-grad,Married-civ-spouse,Exec-managerial,Wife,White,Female,United-States,>50K
58,192806,4,0,0,33,Private,7th-8th,Never-married,Handlers-cleaners,Not-in-family,White,Female,United-States,<=50K
26,68729,9,0,0,50,Self-emp-not-inc,HS-grad,Never-married,Sales,Other-relative,Asian-Pac-Islander,Male,United-States,>50K
31,288825,9,5013,0,40,Private,HS-grad,Married-civ-spouse,Handlers-cleaners,Husband,White,Male,United-States,<=50K
35,77146,11,0,0,45,Private,Assoc-voc,Divorced,Exec-managerial,Not-in-family,White,Male,United-States,<=50K
54,141663,9,0,0,40,Private,HS-grad,Married-civ-spouse,Adm-clerical,Husband,White,Male,United-States,>50K
37,292370,13,0,0,50,Private,Bachelors,Married-civ-spouse,Prof-specialty,Husband,Other,Male,MISSING,>50K
32,95530,10,0,0,40,Local-gov,Some-college,Married-civ-spouse,Other-service,Husband,White,Male,United-States,<=50K
30,35644,9,0,0,10,Private,HS-grad,Never-married,Other-service,Own-child,White,Male,United-States,<=50K
64,49194,7,0,0,30,MISSING,11th,Married-civ-spouse,MISSING,Husband,White,Male,United-States,<=50K
31,97453,9,0,0,40,Private,HS-grad,Divorced,Exec-managerial,Unmarried,White,Female,United-States,<=50K
55,124808,11,0,1977,50,Private,Assoc-voc,Married-civ-spouse,Prof-specialty,Husband,White,Male,Germany,>50K
20,279538,7,2961,0,35,Private,11th,Married-civ-spouse,Handlers-cleaners,Other-relative,White,Male,United-States,<=50K
34,202498,8,0,0,40,Private,12th,Married-civ-spouse,Other-service,Husband,White,Male,Dominican-Republic,<=50K
50,29231,9,0,0,45,Self-emp-not-inc,HS-grad,Married-civ-spouse,Exec-managerial,Husband,White,Male,United-States,>50K
69,262352,10,0,0,32,MISSING,Some-college,Married-civ-spouse,MISSING,Husband,White,Male,United-States,<=50K
25,188767,9,0,0,40,Private,HS-grad,Never-married,Craft-repair,Own-child,White,Male,United-States,<=50K
44,124692,14,0,0,35,Local-gov,Masters,Married-civ-spouse,Prof-specialty,Husband,White,Male,United-States,>50K
56,201318,5,3411,0,50,Self-emp-not-inc,9th,Married-civ-spouse,Exec-managerial,Other-relative,White,Male,Columbia,<=50K
57,33725,13,0,0,50,Self-emp-inc,Bachelors,Married-civ-spouse,Craft-repair,Husband,White,Male,United-States,>50K
40,121012,13,7298,0,48,Federal-gov,Bachelors,Married-civ-spouse,Adm-clerical,Husband,White,Male,United-States,>50K
20,181370,10,0,0,40,Private,Some-college,Never-married,Other-service,Own-child,Black,Male,United-States,<=50K
54,152540,10,0,0,42,Local-gov,Some-college,Divorced,Craft-repair,Unmarried,White,Male,United-States,<=50K
54,33863,9,0,0,40,Federal-gov,HS-grad,Married-civ-spouse,Adm-clerical,Husband,White,Male,United-States,>50K
29,196243,9,0,0,40,Private,HS-grad,Never-married,Machine-op-inspct,Not-in-family,White,Female,United-States,<=50K
22,138542,10,0,0,35,Private,Some-college,Married-civ-spouse,Handlers-cleaners,Husband,White,Male,United-States,<=50K
37,151835,15,0,0,45,Private,Prof-school,Married-civ-spouse,Sales,Husband,White,Male,United-States,>50K
37,186934,10,0,0,40,State-gov,Some-college,Married-civ-spouse,Other-service,Husband,White,Male,United-States,<=50K
33,240979,10,0,0,40,Private,Some-college,Never-married,Exec-managerial,Not-in-family,White,Male,United-States,<=50K
50,172511,10,0,0,40,Private,Some-college,Married-civ-spouse,Craft-repair,Husband,White,Male,United-States,>50K
75,36243,16,0,0,40,MISSING,Doctorate,Never-married,MISSING,Not-in-family,White,Male,United-States,<=50K
50,72351,13,0,0,45,Private,Bachelors,Divorced,Sales,Not-in-family,White,Male,United-States,<=50K
27,52156,10,0,0,60,Local-gov,Some-college,Married-civ-spouse,Protective-serv,Husband,White,Male,United-States,<=50K
22,205940,13,1055,0,30,Private,Bachelors,Never-married,Adm-clerical,Own-child,White,Female,United-States,<=50K
26,157617,9,0,0,40,Private,HS-grad,Married-civ-spouse,Craft-repair,Husband,White,Male,Poland,<=50K
19,30559,9,0,0,40,Federal-gov,HS-grad,Married-AF-spouse,Sales,Wife,White,Female,United-States,<=50K
53,105478,13,0,2415,40,Self-emp-not-inc,Bachelors,Married-civ-spouse,Exec-managerial,Husband,White,Male,United-States,>50K
71,66624,13,0,2392,60,Self-emp-inc,Bachelors,Married-civ-spouse,Exec-managerial,Husband,White,Male,United-States,>50K
41,123403,9,0,0,40,Private,HS-grad,Married-civ-spouse,Adm-clerical,Husband,White,Male,United-States,<=50K
34,342709,14,0,0,40,Private,Masters,Married-civ-spouse,Exec-managerial,Husband,White,Male,United-States,<=50K
36,86459,11,0,1887,50,Private,Assoc-voc,Married-civ-spouse,Exec-managerial,Husband,White,Male,United-States,>50K
36,143486,9,7298,0,50,Private,HS-grad,Married-civ-spouse,Transport-moving,Husband,White,Male,United-States,>50K
54,263925,2,0,0,50,Private,1st-4th,Married-civ-spouse,Transport-moving,Husband,White,Male,United-States,<=50K
26,184872,13,0,0,55,Private,Bachelors,Married-civ-spouse,Exec-managerial,Wife,White,Female,United-States,>50K
20,206671,10,1055,0,50,MISSING,Some-college,Never-married,MISSING,Own-child,White,Male,United-States,<=50K
18,212207,9,0,0,11,Self-emp-not-inc,HS-grad,Never-married,Farming-fishing,Own-child,White,Male,United-States,<=50K
24,142022,10,0,0,50,Private,Some-college,Never-married,Handlers-cleaners,Own-child,White,Male,United-States,<=50K
33,331615,16,0,1848,40,Federal-gov,Doctorate,Married-civ-spouse,Prof-specialty,Husband,White,Male,United-States,>50K
23,283499,9,0,0,40,State-gov,HS-grad,Never-married,Protective-serv,Own-child,White,Male,United-States,<=50K
33,157446,7,0,0,65,Private,11th,Never-married,Craft-repair,Not-in-family,White,Male,United-States,<=50K
62,31577,9,0,0,18,MISSING,HS-grad,Married-civ-spouse,MISSING,Husband,White,Male,United-States,<=50K
25,104097,14,0,0,40,State-gov,Masters,Never-married,Exec-managerial,Not-in-family,White,Male,United-States,<=50K
24,174907,9,0,0,30,Private,HS-grad,Never-married,Other-service,Own-child,White,Female,United-States,<=50K
25,40512,13,3674,0,30,Private,Bachelors,Never-married,Prof-specialty,Not-in-family,White,Male,United-States,<=50K
36,130620,13,0,0,35,Private,Bachelors,Married-civ-spouse,Prof-specialty,Wife,Asian-Pac-Islander,Female,Philippines,>50K
30,189620,13,0,0,40,Private,Bachelors,Never-married,Prof-specialty,Own-child,White,Female,Poland,<=50K
42,94600,9,5178,0,40,Private,HS-grad,Married-civ-spouse,Craft-repair,Husband,White,Male,United-States,>50K
39,421633,10,0,0,30,Private,Some-college,Divorced,Protective-serv,Unmarried,Black,Female,United-States,<=50K
21,177526,10,0,0,40,Private,Some-college,Never-married,Other-service,Own-child,White,Male,United-States,<=50K
29,240738,9,0,0,40,Private,HS-grad,Married-civ-spouse,Prof-specialty,Husband,White,Male,United-States,>50K
24,157332,10,0,0,42,Private,Some-college,Never-married,Machine-op-inspct,Own-child,White,Female,United-States,<=50K
37,87076,9,0,0,40,Private,HS-grad,Never-married,Machine-op-inspct,Own-child,White,Male,United-States,<=50K
44,64632,16,0,0,60,Self-emp-inc,Doctorate,Married-civ-spouse,Prof-specialty,Husband,White,Male,United-States,<=50K
80,87518,10,0,1816,60,Private,Some-college,Never-married,Prof-specialty,Not-in-family,White,Male,United-States,<=50K
43,177905,9,3908,0,40,Private,HS-grad,Married-civ-spouse,Handlers-cleaners,Husband,White,Male,United-States,<=50K
46,164877,10,0,0,44,Private,Some-college,Married-civ-spouse,Craft-repair,Husband,White,Male,United-States,<=50K
49,79627,10,0,0,40,Self-emp-not-inc,Some-college,Married-civ-spouse,Exec-managerial,Husband,White,Male,United-States,<=50K
31,291702,9,0,0,40,Private,HS-grad,Married-civ-spouse,Craft-repair,Husband,White,Male,United-States,<=50K
49,248895,9,0,0,45,Private,HS-grad,Married-civ-spouse,Machine-op-inspct,Husband,White,Male,United-States,<=50K
29,157262,14,0,0,45,Private,Masters,Never-married,Exec-managerial,Not-in-family,White,Female,United-States,<=50K
32,402089,13,0,0,2,Private,Bachelors,Married-civ-spouse,Adm-clerical,Wife,White,Female,United-States,<=50K
27,157624,9,0,0,40,MISSING,HS-grad,Separated,MISSING,Other-relative,White,Female,United-States,<=50K
18,115839,8,0,0,30,Private,12th,Never-married,Adm-clerical,Not-in-family,White,Female,United-States,<=50K
29,151382,9,0,0,60,Private,HS-grad,Married-civ-spouse,Transport-moving,Husband,White,Male,United-States,<=50K
47,133969,13,2885,0,65,Private,Bachelors,Married-civ-spouse,Exec-managerial,Husband,Asian-Pac-Islander,Male,Japan,<=50K
40,121772,11,0,0,40,Private,Assoc-voc,Married-civ-spouse,Craft-repair,Husband,Asian-Pac-Islander,Male,MISSING,>50K
34,114733,12,0,0,36,Self-emp-inc,Assoc-acdm,Married-civ-spouse,Adm-clerical,Wife,White,Female,United-States,<=50K
26,248990,10,0,0,40,Private,Some-college,Never-married,Craft-repair,Own-child,White,Male,United-States,<=50K
31,169122,10,0,0,50,Private,Some-college,Married-civ-spouse,Prof-specialty,Husband,White,Male,United-States,<=50K
49,249585,7,0,0,65,Self-emp-not-inc,11th,Married-civ-spouse,Exec-managerial,Husband,White,Male,United-States,<=50K
41,134524,11,0,0,45,Local-gov,Assoc-voc,Divorced,Craft-repair,Unmarried,White,Female,United-States,<=50K
60,76127,12,0,0,35,Private,Assoc-acdm,Married-civ-spouse,Adm-clerical,Husband,White,Male,United-States,>50K
23,373550,11,0,0,40,Private,Assoc-voc,Married-civ-spouse,Craft-repair,Husband,White,Male,United-States,<=50K
20,205839,10,0,0,16,Private,Some-college,Never-married,Other-service,Own-child,White,Male,United-States,<=50K
36,217077,9,0,0,50,Private,HS-grad,Married-civ-spouse,Sales,Husband,White,Male,United-States,<=50K
51,117496,14,0,0,40,Local-gov,Masters,Married-civ-spouse,Prof-specialty,Wife,White,Female,United-States,>50K
35,42044,9,0,0,30,Private,HS-grad,Married-civ-spouse,Machine-op-inspct,Husband,White,Male,United-States,<=50K
60,245062,9,0,0,40,Private,HS-grad,Married-civ-spouse,Craft-repair,Husband,White,Male,United-States,>50K
31,43716,11,0,0,43,Private,Assoc-voc,Divorced,Machine-op-inspct,Unmarried,White,Male,United-States,<=50K
26,97153,12,5178,0,40,Private,Assoc-acdm,Married-civ-spouse,Machine-op-inspct,Husband,White,Male,United-States,>50K
36,247807,11,0,0,40,Local-gov,Assoc-voc,Never-married,Protective-serv,Not-in-family,White,Male,United-States,>50K
48,184513,13,0,0,80,MISSING,Bachelors,Married-civ-spouse,MISSING,Husband,White,Male,United-States,>50K
59,420537,9,0,0,38,Local-gov,HS-grad,Married-civ-spouse,Adm-clerical,Wife,White,Female,United-States,>50K
43,110556,9,0,0,40,Private,HS-grad,Separated,Exec-managerial,Unmarried,Black,Female,United-States,<=50K
18,423052,9,0,0,30,Private,HS-grad,Never-married,Machine-op-inspct,Not-in-family,White,Female,United-States,<=50K
30,425627,10,0,0,40,Private,Some-college,Never-married,Craft-repair,Other-relative,White,Male,Mexico,<=50K
28,109001,9,0,0,40,Private,HS-grad,Never-married,Craft-repair,Not-in-family,White,Male,United-States,<=50K
40,143327,10,0,0,40,Private,Some-college,Separated,Handlers-cleaners,Not-in-family,White,Male,United-States,<=50K
38,352628,13,0,0,40,State-gov,Bachelors,Divorced,Prof-specialty,Not-in-family,White,Female,United-States,<=50K
27,271714,10,0,0,30,Private,Some-college,Never-married,Other-service,Own-child,White,Female,United-States,<=50K
24,204209,10,0,0,60,Self-emp-not-inc,Some-college,Never-married,Farming-fishing,Own-child,White,Male,United-States,<=50K
32,151053,10,0,0,40,Private,Some-college,Never-married,Craft-repair,Unmarried,White,Male,United-States,<=50K
47,37672,13,0,0,45,Local-gov,Bachelors,Married-civ-spouse,Prof-specialty,Wife,White,Female,United-States,<=50K
32,304212,9,0,0,50,State-gov,HS-grad,Never-married,Exec-managerial,Not-in-family,White,Male,United-States,<=50K
25,160300,13,0,0,35,Private,Bachelors,Never-married,Exec-managerial,Not-in-family,White,Male,United-States,<=50K
19,109928,7,0,0,35,Private,11th,Never-married,Sales,Own-child,Black,Female,United-States,<=50K
19,194260,10,0,0,15,State-gov,Some-college,Never-married,Adm-clerical,Own-child,White,Female,United-States,<=50K
45,112453,9,0,0,4,MISSING,HS-grad,Separated,MISSING,Not-in-family,Asian-Pac-Islander,Male,United-States,<=50K
56,444089,7,0,0,40,Private,11th,Divorced,Sales,Not-in-family,White,Female,United-States,<=50K
33,309630,9,0,0,40,Private,HS-grad,Married-civ-spouse,Other-service,Husband,White,Male,United-States,<=50K
45,319637,9,0,0,40,Private,HS-grad,Divorced,Other-service,Unmarried,White,Female,United-States,<=50K
32,125856,9,0,0,40,Federal-gov,HS-grad,Divorced,Craft-repair,Unmarried,White,Male,United-States,<=50K
28,199566,13,0,0,40,Private,Bachelors,Married-civ-spouse,Other-service,Husband,Black,Male,United-States,<=50K
46,125892,10,0,0,40,Local-gov,Some-college,Married-civ-spouse,Protective-serv,Husband,White,Male,United-States,>50K
23,218215,12,0,0,35,Private,Assoc-acdm,Never-married,Other-service,Own-child,White,Female,United-States,<=50K
60,103344,9,15024,0,40,Private,HS-grad,Married-civ-spouse,Craft-repair,Husband,White,Male,United-States,>50K
71,494223,10,0,1816,2,Self-emp-not-inc,Some-college,Separated,Sales,Unmarried,Black,Male,United-States,<=50K
42,79036,13,0,0,65,Self-emp-not-inc,Bachelors,Married-civ-spouse,Farming-fishing,Husband,White,Male,United-States,<=50K
34,345259,16,0,0,99,Federal-gov,Doctorate,Never-married,Prof-specialty,Not-in-family,White,Female,United-States,<=50K
24,193416,10,0,0,40,Local-gov,Some-college,Never-married,Protective-serv,Own-child,White,Female,United-States,<=50K
30,177304,10,0,0,44,Private,Some-college,Married-civ-spouse,Sales,Husband,White,Male,United-States,<=50K
45,61885,14,0,0,37,Local-gov,Masters,Married-civ-spouse,Prof-specialty,Husband,White,Male,United-States,>50K
47,172246,14,0,0,60,Local-gov,Masters,Married-civ-spouse,Prof-specialty,Husband,White,Male,United-States,>50K
49,59612,6,0,0,70,Self-emp-not-inc,10th,Divorced,Farming-fishing,Unmarried,White,Male,United-States,<=50K
64,550848,6,0,0,40,State-gov,10th,Married-civ-spouse,Exec-managerial,Husband,White,Male,United-States,>50K
18,437851,10,0,0,40,MISSING,Some-college,Never-married,MISSING,Own-child,White,Male,United-States,<=50K
27,145784,10,0,0,45,Private,Some-college,Married-civ-spouse,Adm-clerical,Wife,Amer-Indian-Eskimo,Female,United-States,<=50K
27,41099,9,0,0,30,Self-emp-not-inc,HS-grad,Never-married,Craft-repair,Not-in-family,White,Male,United-States,<=50K
39,150217,10,0,0,38,Private,Some-college,Divorced,Sales,Not-in-family,White,Female,United-States,<=50K
39,380614,10,0,0,45,Private,Some-college,Divorced,Prof-specialty,Not-in-family,White,Female,United-States,>50K
54,197481,10,0,0,40,Private,Some-college,Divorced,Adm-clerical,Unmarried,White,Female,United-States,<=50K
24,49218,9,0,0,40,Private,HS-grad,Divorced,Machine-op-inspct,Not-in-family,White,Male,United-States,<=50K
47,190139,14,0,0,40,Private,Masters,Married-civ-spouse,Exec-managerial,Husband,White,Male,United-States,>50K
38,204527,9,0,0,50,Private,HS-grad,Married-civ-spouse,Craft-repair,Husband,White,Male,United-States,<=50K
27,377680,11,0,0,50,Private,Assoc-voc,Never-married,Sales,Not-in-family,White,Male,United-States,<=50K
26,330263,9,0,0,40,Private,HS-grad,Separated,Other-service,Not-in-family,White,Male,United-States,<=50K
43,173321,9,0,0,40,Private,HS-grad,Divorced,Adm-clerical,Not-in-family,White,Female,United-States,<=50K
47,169388,7,0,0,15,Private,11th,Divorced,Other-service,Unmarried,White,Female,United-States,<=50K
31,150324,7,0,0,50,Private,11th,Divorced,Farming-fishing,Not-in-family,White,Male,United-States,<=50K
57,161964,9,0,0,55,Private,HS-grad,Married-civ-spouse,Craft-repair,Husband,White,Male,United-States,<=50K
41,207578,9,0,0,40,Private,HS-grad,Married-civ-spouse,Transport-moving,Husband,White,Male,United-States,>50K
17,168807,4,0,0,45,Private,7th-8th,Never-married,Craft-repair,Not-in-family,White,Male,United-States,<=50K
17,112942,6,0,0,40,MISSING,10th,Never-married,MISSING,Own-child,White,Male,United-States,<=50K
44,162108,13,0,0,45,Private,Bachelors,Never-married,Prof-specialty,Not-in-family,White,Female,United-States,<=50K
31,34374,15,0,0,50,Private,Prof-school,Never-married,Prof-specialty,Not-in-family,White,Male,United-States,<=50K
32,78530,10,15024,0,50,Self-emp-inc,Some-college,Married-civ-spouse,Exec-managerial,Husband,White,Male,United-States,>50K
36,732569,5,0,0,40,Private,9th,Divorced,Adm-clerical,Unmarried,White,Female,United-States,<=50K
35,94529,9,0,0,40,State-gov,HS-grad,Divorced,Protective-serv,Unmarried,White,Female,United-States,<=50K
46,200734,10,0,0,35,Private,Some-college,Divorced,Adm-clerical,Unmarried,Black,Female,Trinadad&Tobago,<=50K
29,125159,10,0,0,36,MISSING,Some-college,Never-married,MISSING,Not-in-family,Black,Male,MISSING,<=50K
38,177273,9,0,0,35,MISSING,HS-grad,Married-civ-spouse,MISSING,Wife,White,Female,United-States,<=50K
36,261241,9,0,0,50,Private,HS-grad,Married-civ-spouse,Machine-op-inspct,Husband,White,Male,United-States,>50K
25,189850,10,0,0,40,Private,Some-college,Never-married,Machine-op-inspct,Own-child,Black,Male,United-States,<=50K
33,31573,9,0,0,40,Private,HS-grad,Married-civ-spouse,Machine-op-inspct,Husband,White,Male,United-States,<=50K
44,104973,14,0,0,40,Self-emp-not-inc,Masters,Married-civ-spouse,Farming-fishing,Husband,White,Male,United-States,>50K
67,243256,5,0,0,15,MISSING,9th,Married-civ-spouse,MISSING,Husband,White,Male,United-States,<=50K
34,324654,9,0,0,40,Private,HS-grad,Never-married,Machine-op-inspct,Own-child,Asian-Pac-Islander,Male,China,<=50K
59,135647,7,0,0,60,Private,11th,Married-civ-spouse,Sales,Husband,White,Male,United-States,<=50K
63,264968,13,0,0,40,Private,Bachelors,Never-married,Adm-clerical,Not-in-family,White,Male,United-States,<=50K
29,213692,10,0,0,45,Private,Some-college,Never-married,Craft-repair,Own-child,White,Male,United-States,<=50K
18,312353,8,0,0,20,Private,12th,Never-married,Other-service,Own-child,Black,Male,United-States,<=50K
19,71592,10,0,0,40,MISSING,Some-college,Never-married,MISSING,Own-child,Asian-Pac-Islander,Female,United-States,<=50K
52,169549,10,0,0,40,Private,Some-college,Divorced,Exec-managerial,Unmarried,White,Female,United-States,<=50K
19,56424,8,0,0,20,State-gov,12th,Never-married,Transport-moving,Own-child,Black,Male,United-States,<=50K
69,113035,2,0,0,4,Private,1st-4th,Widowed,Priv-house-serv,Not-in-family,Black,Female,United-States,<=50K
40,347934,9,0,0,35,Private,HS-grad,Never-married,Other-service,Not-in-family,White,Female,United-States,<=50K
26,116044,7,2907,0,50,Private,11th,Separated,Craft-repair,Other-relative,White,Male,United-States,<=50K
47,151267,9,15024,0,40,Private,HS-grad,Married-civ-spouse,Machine-op-inspct,Wife,Black,Female,United-States,>50K
45,160187,9,0,0,40,Local-gov,HS-grad,Married-spouse-absent,Adm-clerical,Unmarried,Black,Female,United-States,<=50K
45,149218,13,0,0,77,Self-emp-not-inc,Bachelors,Married-civ-spouse,Farming-fishing,Husband,White,Male,United-States,<=50K
34,243867,7,0,0,40,Local-gov,11th,Separated,Machine-op-inspct,Not-in-family,Black,Male,United-States,<=50K
20,258298,10,0,0,20,Private,Some-college,Never-married,Handlers-cleaners,Own-child,White,Male,United-States,<=50K
30,151773,10,0,0,40,Private,Some-college,Married-civ-spouse,Machine-op-inspct,Husband,White,Male,United-States,>50K
23,60331,10,0,0,50,Private,Some-college,Divorced,Exec-managerial,Not-in-family,White,Male,United-States,<=50K
18,151386,9,0,0,40,Private,HS-grad,Married-spouse-absent,Other-service,Own-child,Black,Male,Jamaica,<=50K
44,212760,13,0,0,60,Self-emp-inc,Bachelors,Married-civ-spouse,Exec-managerial,Husband,White,Male,United-States,>50K
38,195744,13,0,0,48,Private,Bachelors,Never-married,Other-service,Not-in-family,White,Male,United-States,<=50K
48,250674,11,0,0,60,Self-emp-inc,Assoc-voc,Married-civ-spouse,Craft-repair,Husband,White,Male,United-States,<=50K
40,150874,14,1506,0,40,State-gov,Masters,Divorced,Exec-managerial,Unmarried,White,Female,United-States,<=50K
36,218948,5,0,0,40,Private,9th,Separated,Other-service,Unmarried,Black,Female,MISSING,<=50K
49,199590,9,0,0,50,Self-emp-not-inc,HS-grad,Married-civ-spouse,Craft-repair,Husband,White,Male,Mexico,<=50K
27,208577,9,0,2258,50,Self-emp-not-inc,HS-grad,Never-married,Craft-repair,Not-in-family,White,Male,United-States,<=50K
42,118947,13,0,0,40,Private,Bachelors,Married-civ-spouse,Exec-managerial,Husband,White,Male,United-States,>50K
34,111985,9,0,0,50,Self-emp-not-inc,HS-grad,Married-civ-spouse,Craft-repair,Husband,White,Male,United-States,<=50K
49,129513,14,0,0,45,Private,Masters,Married-civ-spouse,Sales,Husband,White,Male,United-States,<=50K
20,153516,10,0,0,30,Private,Some-college,Never-married,Adm-clerical,Own-child,White,Male,United-States,<=50K
41,303510,9,0,0,40,Private,HS-grad,Married-civ-spouse,Exec-managerial,Husband,White,Male,United-States,<=50K
49,122066,10,0,0,25,Self-emp-inc,Some-college,Divorced,Sales,Not-in-family,White,Male,United-States,<=50K
28,233796,10,7298,0,32,Private,Some-college,Married-civ-spouse,Adm-clerical,Wife,White,Female,United-States,>50K
50,126592,9,0,0,40,Private,HS-grad,Separated,Craft-repair,Not-in-family,Black,Male,United-States,<=50K
21,350001,10,0,0,20,Private,Some-college,Never-married,Farming-fishing,Own-child,White,Male,United-States,<=50K
24,223515,9,0,0,45,Private,HS-grad,Married-civ-spouse,Craft-repair,Husband,White,Male,United-States,<=50K
27,193701,9,0,0,45,Private,HS-grad,Never-married,Craft-repair,Own-child,White,Female,United-States,<=50K
55,194290,9,0,0,40,Private,HS-grad,Divorced,Craft-repair,Not-in-family,White,Male,United-States,<=50K
20,124751,10,0,0,24,Private,Some-college,Never-married,Adm-clerical,Own-child,White,Female,United-States,<=50K
19,46400,10,0,0,24,MISSING,Some-college,Never-married,MISSING,Not-in-family,White,Female,United-States,<=50K
34,304622,13,0,0,50,Self-emp-not-inc,Bachelors,Divorced,Prof-specialty,Unmarried,White,Female,United-States,<=50K
34,32528,11,0,974,40,Private,Assoc-voc,Married-spouse-absent,Adm-clerical,Unmarried,White,Female,United-States,<=50K
30,97521,13,0,0,50,Private,Bachelors,Married-civ-spouse,Sales,Husband,White,Male,United-States,>50K
38,63509,9,0,0,40,Private,HS-grad,Married-civ-spouse,Craft-repair,Husband,White,Male,United-States,>50K
36,125933,15,0,0,55,Self-emp-not-inc,Prof-school,Never-married,Prof-specialty,Not-in-family,White,Male,United-States,>50K
64,192884,15,0,0,60,Private,Prof-school,Married-civ-spouse,Exec-managerial,Husband,White,Male,United-States,<=50K
67,190661,16,7896,0,50,Local-gov,Doctorate,Never-married,Prof-specialty,Not-in-family,White,Female,United-States,>50K
40,70761,12,0,0,40,Private,Assoc-acdm,Never-married,Tech-support,Not-in-family,Black,Male,United-States,<=50K
49,110457,10,0,0,50,Self-emp-not-inc,Some-college,Married-civ-spouse,Craft-repair,Husband,White,Male,United-States,>50K
45,276087,11,0,0,24,Private,Assoc-voc,Married-civ-spouse,Prof-specialty,Husband,White,Male,United-States,>50K
24,403865,10,0,0,56,Private,Some-college,Married-civ-spouse,Craft-repair,Husband,White,Male,United-States,<=50K
21,346341,10,0,0,40,Private,Some-college,Never-married,Prof-specialty,Not-in-family,White,Female,United-States,<=50K
36,111499,14,14084,0,40,Private,Masters,Never-married,Exec-managerial,Not-in-family,White,Female,United-States,>50K
46,165937,11,0,0,40,Private,Assoc-voc,Divorced,Machine-op-inspct,Unmarried,White,Male,United-States,<=50K
58,190763,13,0,0,40,Self-emp-inc,Bachelors,Married-civ-spouse,Prof-specialty,Husband,White,Male,United-States,>50K
20,116791,9,0,0,40,Private,HS-grad,Never-married,Machine-op-inspct,Other-relative,White,Female,United-States,<=50K
49,192894,9,0,0,40,Private,HS-grad,Married-civ-spouse,Craft-repair,Husband,White,Male,United-States,>50K
18,174202,9,0,0,60,Self-emp-inc,HS-grad,Never-married,Transport-moving,Own-child,White,Male,United-States,<=50K
33,348618,3,0,0,20,Private,5th-6th,Married-spouse-absent,Transport-moving,Unmarried,Other,Male,El-Salvador,<=50K
47,117849,12,0,0,44,Private,Assoc-acdm,Divorced,Sales,Own-child,White,Male,United-States,<=50K
36,197495,13,0,0,40,Local-gov,Bachelors,Divorced,Prof-specialty,Unmarried,Black,Female,United-States,<=50K
34,108837,10,0,0,40,Private,Some-college,Married-civ-spouse,Handlers-cleaners,Husband,White,Male,United-States,>50K
46,192323,10,0,0,38,Local-gov,Some-college,Married-civ-spouse,Protective-serv,Husband,White,Male,United-States,>50K
36,191335,10,0,0,56,Private,Some-college,Married-civ-spouse,Craft-repair,Husband,White,Male,United-States,<=50K
50,301024,13,0,0,40,Private,Bachelors,Separated,Sales,Not-in-family,White,Male,United-States,>50K
26,328663,9,0,0,40,Private,HS-grad,Married-civ-spouse,Transport-moving,Husband,Other,Male,United-States,<=50K
30,122042,14,0,0,45,Private,Masters,Married-civ-spouse,Exec-managerial,Husband,White,Male,United-States,>50K
47,114459,16,0,0,50,Private,Doctorate,Married-civ-spouse,Prof-specialty,Husband,White,Male,United-States,>50K
28,239130,10,0,0,40,State-gov,Some-college,Divorced,Other-service,Unmarried,White,Male,United-States,<=50K
33,100228,10,0,0,40,Private,Some-college,Never-married,Machine-op-inspct,Not-in-family,Black,Male,United-States,<=50K
32,187901,11,0,0,23,Private,Assoc-voc,Never-married,Exec-managerial,Not-in-family,White,Female,United-States,<=50K
31,120461,10,0,0,40,Private,Some-college,Never-married,Sales,Own-child,White,Female,United-States,<=50K
51,121548,13,0,0,25,Self-emp-not-inc,Bachelors,Married-civ-spouse,Exec-managerial,Husband,White,Male,United-States,<=50K
28,148645,12,0,0,40,Private,Assoc-acdm,Divorced,Prof-specialty,Not-in-family,White,Female,United-States,<=50K
40,260696,9,0,0,40,Private,HS-grad,Never-married,Adm-clerical,Not-in-family,White,Female,United-States,<=50K
47,218435,9,0,0,20,Private,HS-grad,Married-spouse-absent,Sales,Unmarried,White,Female,Cuba,<=50K
32,118551,14,0,0,45,Private,Masters,Never-married,Exec-managerial,Not-in-family,White,Female,United-States,>50K
44,321824,9,0,0,38,State-gov,HS-grad,Married-civ-spouse,Protective-serv,Husband,White,Male,United-States,<=50K
17,150106,6,0,0,20,Private,10th,Never-married,Sales,Own-child,White,Female,United-States,<=50K
25,255849,9,0,0,40,Private,HS-grad,Never-married,Adm-clerical,Own-child,White,Female,United-States,<=50K
45,55377,13,0,0,40,Local-gov,Bachelors,Married-civ-spouse,Prof-specialty,Husband,Black,Male,United-States,<=50K
37,219141,7,7688,0,40,Private,11th,Married-civ-spouse,Handlers-cleaners,Husband,Black,Male,United-States,>50K
18,193290,10,0,1721,20,Private,Some-college,Never-married,Other-service,Own-child,White,Male,United-States,<=50K
57,169071,9,0,0,28,Private,HS-grad,Divorced,Sales,Unmarried,White,Female,United-States,<=50K
23,258298,13,0,2231,40,Self-emp-not-inc,Bachelors,Never-married,Adm-clerical,Own-child,White,Male,United-States,>50K
52,172165,6,0,0,25,Private,10th,Divorced,Other-service,Other-relative,White,Female,United-States,<=50K
23,580248,9,0,0,40,Private,HS-grad,Never-married,Tech-support,Not-in-family,White,Female,United-States,<=50K
20,196678,8,0,0,40,Private,12th,Never-married,Adm-clerical,Own-child,White,Female,United-States,<=50K
45,50567,9,0,0,40,State-gov,HS-grad,Married-civ-spouse,Exec-managerial,Wife,White,Female,United-States,<=50K
21,99199,9,0,0,36,Federal-gov,HS-grad,Never-married,Adm-clerical,Own-child,White,Male,United-States,<=50K
22,117606,13,0,0,25,Private,Bachelors,Never-married,Adm-clerical,Own-child,White,Female,United-States,<=50K
38,143538,9,0,0,40,Private,HS-grad,Never-married,Machine-op-inspct,Not-in-family,White,Female,United-States,<=50K
26,269060,9,0,0,40,Private,HS-grad,Never-married,Adm-clerical,Not-in-family,White,Female,United-States,<=50K
52,163998,9,99999,0,45,Private,HS-grad,Married-civ-spouse,Sales,Husband,White,Male,United-States,>50K
49,558183,11,0,0,40,MISSING,Assoc-voc,Married-spouse-absent,MISSING,Unmarried,White,Female,United-States,<=50K
58,310014,13,0,0,25,Self-emp-not-inc,Bachelors,Married-civ-spouse,Farming-fishing,Husband,White,Male,United-States,<=50K
33,166961,10,0,0,38,Private,Some-college,Never-married,Adm-clerical,Not-in-family,White,Female,United-States,<=50K
48,75104,13,0,0,50,Private,Bachelors,Married-civ-spouse,Prof-specialty,Husband,White,Male,United-States,<=50K
31,193215,10,0,0,50,Private,Some-college,Married-civ-spouse,Exec-managerial,Own-child,White,Male,United-States,<=50K
17,369909,6,0,0,20,Private,10th,Never-married,Other-service,Own-child,White,Male,United-States,<=50K
44,179136,9,0,0,40,Private,HS-grad,Never-married,Sales,Not-in-family,White,Female,United-States,<=50K
34,245173,9,0,1669,45,Private,HS-grad,Divorced,Sales,Not-in-family,White,Male,United-States,<=50K
38,205359,7,0,0,32,Private,11th,Married-civ-spouse,Adm-clerical,Wife,White,Female,United-States,<=50K
48,165267,6,0,0,40,Private,10th,Married-civ-spouse,Farming-fishing,Husband,Black,Male,United-States,<=50K
34,152453,8,0,0,40,Private,12th,Married-civ-spouse,Craft-repair,Husband,White,Male,Guatemala,<=50K
42,162003,9,0,0,55,Private,HS-grad,Divorced,Machine-op-inspct,Not-in-family,White,Male,United-States,<=50K
40,105862,13,5455,0,40,Local-gov,Bachelors,Divorced,Prof-specialty,Unmarried,White,Female,United-States,<=50K
55,99551,13,0,0,15,Self-emp-not-inc,Bachelors,Widowed,Sales,Unmarried,White,Female,United-States,<=50K
41,169023,13,7688,0,40,Self-emp-not-inc,Bachelors,Married-civ-spouse,Adm-clerical,Wife,White,Female,United-States,>50K
44,151089,9,0,0,40,Local-gov,HS-grad,Married-civ-spouse,Machine-op-inspct,Husband,White,Male,United-States,<=50K
29,163265,9,0,0,40,Private,HS-grad,Married-civ-spouse,Transport-moving,Husband,White,Male,United-States,<=50K
40,209547,13,0,1977,60,Private,Bachelors,Married-civ-spouse,Sales,Husband,White,Male,United-States,>50K
17,452406,7,0,0,15,Private,11th,Never-married,Sales,Own-child,Black,Female,United-States,<=50K
25,174592,9,0,0,25,Private,HS-grad,Never-married,Other-service,Own-child,White,Female,United-States,<=50K
27,150025,9,0,0,40,Private,HS-grad,Never-married,Sales,Not-in-family,White,Male,Puerto-Rico,<=50K
22,189924,10,0,0,50,Private,Some-college,Never-married,Other-service,Not-in-family,White,Female,United-States,<=50K
25,208881,13,0,0,60,Private,Bachelors,Married-civ-spouse,Prof-specialty,Husband,White,Male,United-States,<=50K
37,164898,10,0,0,52,Private,Some-college,Married-civ-spouse,Craft-repair,Husband,White,Male,United-States,<=50K
66,68219,5,0,0,40,MISSING,9th,Married-civ-spouse,MISSING,Husband,White,Male,United-States,<=50K
20,85041,10,0,0,20,Private,Some-college,Never-married,Exec-managerial,Own-child,White,Female,United-States,<=50K
39,70995,13,15024,0,99,Private,Bachelors,Married-civ-spouse,Transport-moving,Husband,White,Male,United-States,>50K
57,78707,9,0,0,40,Private,HS-grad,Never-married,Adm-clerical,Own-child,White,Female,United-States,<=50K
39,52187,9,0,0,40,Self-emp-not-inc,HS-grad,Married-civ-spouse,Exec-managerial,Husband,White,Male,United-States,<=50K
33,213002,13,0,1408,36,Private,Bachelors,Never-married,Prof-specialty,Not-in-family,White,Male,United-States,<=50K
20,137876,10,0,0,40,MISSING,Some-college,Never-married,MISSING,Own-child,White,Male,United-States,<=50K
56,235205,9,0,0,40,Private,HS-grad,Widowed,Other-service,Unmarried,White,Female,United-States,<=50K
49,240841,4,0,0,35,Private,7th-8th,Divorced,Other-service,Unmarried,White,Female,United-States,<=50K
61,226989,10,0,0,40,MISSING,Some-college,Married-spouse-absent,MISSING,Not-in-family,White,Male,United-States,<=50K
31,183778,13,0,0,45,Private,Bachelors,Never-married,Tech-support,Not-in-family,White,Male,United-States,<=50K
41,332703,9,0,625,40,Private,HS-grad,Divorced,Adm-clerical,Not-in-family,Other,Female,United-States,<=50K
23,197552,10,0,0,35,Private,Some-college,Never-married,Sales,Own-child,White,Female,United-States,<=50K
22,210165,10,0,0,50,Private,Some-college,Never-married,Craft-repair,Not-in-family,White,Male,United-States,<=50K
22,229987,10,0,0,32,Private,Some-college,Never-married,Tech-support,Other-relative,Asian-Pac-Islander,Female,United-States,<=50K
48,120724,8,0,0,50,Private,12th,Married-civ-spouse,Exec-managerial,Husband,White,Male,United-States,<=50K
21,197182,12,0,0,40,Private,Assoc-acdm,Never-married,Prof-specialty,Not-in-family,White,Female,United-States,<=50K
44,291568,9,0,0,40,Private,HS-grad,Married-civ-spouse,Farming-fishing,Husband,Other,Male,United-States,<=50K
22,218343,9,0,0,40,Private,HS-grad,Never-married,Other-service,Own-child,White,Female,United-States,<=50K
39,187847,10,0,0,40,Private,Some-college,Never-married,Craft-repair,Not-in-family,White,Male,United-States,<=50K
57,173832,13,0,1902,40,Private,Bachelors,Married-civ-spouse,Sales,Husband,White,Male,United-States,>50K
35,320451,14,0,0,65,Private,Masters,Married-civ-spouse,Exec-managerial,Husband,Asian-Pac-Islander,Male,Hong,>50K
41,215479,10,0,0,43,Private,Some-college,Never-married,Transport-moving,Not-in-family,Black,Male,United-States,<=50K
26,291968,13,0,0,40,Private,Bachelors,Never-married,Prof-specialty,Not-in-family,White,Male,United-States,<=50K
24,145964,13,0,0,40,Private,Bachelors,Never-married,Exec-managerial,Not-in-family,White,Male,United-States,<=50K
40,306495,13,0,0,35,Local-gov,Bachelors,Married-civ-spouse,Prof-specialty,Husband,White,Male,United-States,<=50K
51,237735,9,3103,0,40,Private,HS-grad,Married-civ-spouse,Handlers-cleaners,Husband,White,Male,United-States,>50K
59,32855,4,0,0,70,Self-emp-not-inc,7th-8th,Married-civ-spouse,Farming-fishing,Husband,White,Male,United-States,<=50K
33,104525,9,0,0,40,Private,HS-grad,Married-civ-spouse,Handlers-cleaners,Husband,White,Male,United-States,<=50K
32,199765,13,7688,0,50,Self-emp-inc,Bachelors,Married-civ-spouse,Craft-repair,Husband,White,Male,United-States,>50K
31,201292,9,0,0,40,Private,HS-grad,Married-civ-spouse,Other-service,Husband,White,Male,United-States,<=50K
76,199949,13,20051,0,50,Private,Bachelors,Married-civ-spouse,Adm-clerical,Husband,White,Male,United-States,>50K
65,28367,9,0,0,55,Self-emp-not-inc,HS-grad,Married-civ-spouse,Sales,Husband,White,Male,United-States,<=50K
38,235379,12,0,0,36,Private,Assoc-acdm,Never-married,Prof-specialty,Unmarried,White,Female,United-States,<=50K
45,329603,16,0,0,40,Private,Doctorate,Married-civ-spouse,Prof-specialty,Husband,White,Male,Poland,>50K
32,281437,10,0,0,55,Private,Some-college,Married-civ-spouse,Transport-moving,Husband,White,Male,United-States,<=50K
69,660461,9,0,0,20,Local-gov,HS-grad,Widowed,Adm-clerical,Not-in-family,Black,Female,United-States,<=50K
65,123965,13,0,0,40,Private,Bachelors,Widowed,Other-service,Not-in-family,White,Female,United-States,<=50K
51,95435,9,0,0,60,Self-emp-not-inc,HS-grad,Married-civ-spouse,Sales,Husband,White,Male,United-States,>50K
29,253799,8,0,0,42,Private,12th,Never-married,Exec-managerial,Not-in-family,White,Male,England,<=50K
27,189530,10,0,0,35,Private,Some-college,Never-married,Sales,Own-child,White,Male,United-States,<=50K
36,33887,10,0,0,40,Private,Some-college,Divorced,Prof-specialty,Not-in-family,White,Male,United-States,<=50K
58,106546,9,2174,0,40,Private,HS-grad,Divorced,Adm-clerical,Unmarried,White,Female,United-States,<=50K
62,198686,9,0,0,40,State-gov,HS-grad,Married-civ-spouse,Other-service,Husband,White,Male,United-States,<=50K
39,147548,9,0,0,40,Private,HS-grad,Married-civ-spouse,Craft-repair,Husband,White,Male,United-States,<=50K
55,151474,13,0,1590,38,Private,Bachelors,Never-married,Tech-support,Other-relative,White,Female,United-States,<=50K
47,55272,10,0,0,40,State-gov,Some-college,Married-civ-spouse,Craft-repair,Husband,White,Male,United-States,>50K
19,164938,10,0,0,25,Private,Some-college,Never-married,Other-service,Own-child,White,Female,United-States,<=50K
53,117058,9,0,0,40,Private,HS-grad,Divorced,Other-service,Unmarried,White,Female,United-States,<=50K
31,162572,13,0,0,40,Private,Bachelors,Married-civ-spouse,Exec-managerial,Husband,White,Male,United-States,<=50K
30,342709,9,0,0,40,Private,HS-grad,Married-civ-spouse,Tech-support,Husband,White,Male,United-States,<=50K
27,105830,13,0,0,60,Local-gov,Bachelors,Never-married,Prof-specialty,Not-in-family,White,Female,United-States,<=50K
43,266439,13,0,1887,40,Private,Bachelors,Married-civ-spouse,Machine-op-inspct,Husband,White,Male,United-States,>50K
45,120131,9,0,0,50,Self-emp-inc,HS-grad,Married-civ-spouse,Craft-repair,Husband,White,Male,United-States,>50K
58,211547,8,0,0,52,Self-emp-not-inc,12th,Divorced,Sales,Not-in-family,White,Female,United-States,<=50K
51,319054,9,0,0,60,Local-gov,HS-grad,Married-civ-spouse,Transport-moving,Husband,Black,Male,United-States,<=50K
20,382153,10,0,0,25,Private,Some-college,Never-married,Sales,Own-child,White,Male,United-States,<=50K
28,194940,9,0,0,40,Private,HS-grad,Married-civ-spouse,Machine-op-inspct,Husband,White,Male,United-States,<=50K
36,101481,9,0,0,40,Local-gov,HS-grad,Never-married,Adm-clerical,Not-in-family,White,Male,United-States,<=50K
41,277192,3,0,0,40,Private,5th-6th,Married-civ-spouse,Farming-fishing,Wife,White,Female,Mexico,<=50K
40,189610,9,0,0,52,Federal-gov,HS-grad,Divorced,Adm-clerical,Not-in-family,Black,Female,United-States,<=50K
49,123681,14,0,0,43,Private,Masters,Married-civ-spouse,Prof-specialty,Husband,White,Male,United-States,>50K
46,456956,9,0,0,60,Self-emp-not-inc,HS-grad,Married-civ-spouse,Prof-specialty,Husband,White,Male,United-States,<=50K
27,279580,13,10520,0,45,Private,Bachelors,Never-married,Sales,Not-in-family,White,Male,United-States,>50K
34,258675,9,0,0,40,Private,HS-grad,Never-married,Transport-moving,Own-child,White,Male,United-States,<=50K
40,301007,13,0,0,60,Self-emp-inc,Bachelors,Married-civ-spouse,Prof-specialty,Husband,White,Male,United-States,<=50K
48,182313,10,0,0,40,Private,Some-college,Married-civ-spouse,Handlers-cleaners,Husband,White,Male,United-States,<=50K
33,69311,9,0,0,40,Private,HS-grad,Never-married,Handlers-cleaners,Not-in-family,White,Male,United-States,<=50K
21,162667,13,0,0,40,Private,Bachelors,Never-married,Adm-clerical,Not-in-family,White,Male,Columbia,<=50K
77,158847,11,0,0,25,MISSING,Assoc-voc,Married-spouse-absent,MISSING,Not-in-family,White,Female,United-States,<=50K
44,164678,14,0,0,45,Private,Masters,Married-civ-spouse,Prof-specialty,Wife,White,Female,United-States,<=50K
40,282678,14,0,0,20,Self-emp-not-inc,Masters,Separated,Exec-managerial,Unmarried,White,Female,United-States,<=50K
45,142287,14,0,0,50,Private,Masters,Married-civ-spouse,Exec-managerial,Husband,White,Male,United-States,>50K
75,191446,2,0,0,16,Private,1st-4th,Married-civ-spouse,Other-service,Other-relative,Black,Female,United-States,<=50K
54,329266,9,0,0,44,Private,HS-grad,Married-civ-spouse,Craft-repair,Husband,White,Male,United-States,>50K
27,32519,10,0,0,55,Private,Some-college,Married-civ-spouse,Sales,Husband,Asian-Pac-Islander,Male,South,<=50K
32,103608,13,0,0,40,Private,Bachelors,Married-civ-spouse,Handlers-cleaners,Husband,Asian-Pac-Islander,Male,United-States,<=50K
27,193898,9,0,0,50,Private,HS-grad,Divorced,Craft-repair,Not-in-family,White,Male,United-States,<=50K
23,303121,10,0,0,30,Private,Some-college,Never-married,Adm-clerical,Own-child,White,Male,United-States,<=50K
26,101812,9,5721,0,40,Private,HS-grad,Never-married,Machine-op-inspct,Unmarried,White,Male,United-States,<=50K
79,76641,14,20051,0,40,MISSING,Masters,Married-civ-spouse,MISSING,Husband,White,Male,Poland,>50K
51,115851,9,0,0,40,Self-emp-not-inc,HS-grad,Married-civ-spouse,Craft-repair,Husband,White,Male,United-States,<=50K
44,116632,10,0,0,40,Private,Some-college,Married-civ-spouse,Prof-specialty,Husband,White,Male,United-States,>50K
37,152909,11,7688,0,40,Private,Assoc-voc,Married-civ-spouse,Adm-clerical,Husband,White,Male,United-States,>50K
32,118457,13,0,0,55,Local-gov,Bachelors,Never-married,Prof-specialty,Not-in-family,White,Male,United-States,<=50K
36,187983,13,0,0,40,Private,Bachelors,Married-civ-spouse,Prof-specialty,Wife,White,Female,United-States,<=50K
55,141877,13,0,0,40,Private,Bachelors,Married-civ-spouse,Machine-op-inspct,Husband,White,Male,United-States,<=50K
31,188246,14,0,0,50,Private,Masters,Married-civ-spouse,Prof-specialty,Husband,White,Male,United-States,<=50K
24,314823,9,0,0,40,Private,HS-grad,Never-married,Sales,Own-child,White,Male,Dominican-Republic,<=50K
51,120914,4,2961,0,40,Private,7th-8th,Married-civ-spouse,Craft-repair,Husband,White,Male,United-States,<=50K
45,203653,9,7298,0,40,Private,HS-grad,Married-civ-spouse,Adm-clerical,Husband,Black,Male,United-States,>50K
19,187724,10,0,0,25,Private,Some-college,Never-married,Other-service,Own-child,White,Female,United-States,<=50K
37,352882,9,0,0,70,Self-emp-not-inc,HS-grad,Divorced,Exec-managerial,Not-in-family,Asian-Pac-Islander,Female,South,>50K
27,120126,5,0,0,40,Self-emp-inc,9th,Never-married,Craft-repair,Own-child,White,Male,United-States,<=50K
43,163455,9,0,0,40,Private,HS-grad,Married-civ-spouse,Craft-repair,Husband,White,Male,United-States,>50K
28,215955,9,0,0,40,Private,HS-grad,Married-civ-spouse,Craft-repair,Husband,White,Male,United-States,<=50K
56,219426,6,0,0,40,Private,10th,Never-married,Handlers-cleaners,Not-in-family,White,Male,United-States,<=50K
66,270460,4,0,0,40,MISSING,7th-8th,Divorced,MISSING,Not-in-family,White,Male,United-States,<=50K
66,151227,13,0,0,40,Private,Bachelors,Married-civ-spouse,Other-service,Husband,White,Male,United-States,>50K
34,137900,9,0,0,35,Private,HS-grad,Never-married,Sales,Not-in-family,White,Female,United-States,<=50K
57,176079,9,0,0,40,Private,HS-grad,Divorced,Adm-clerical,Not-in-family,White,Female,United-States,<=50K
39,108419,10,0,0,40,Private,Some-college,Married-civ-spouse,Craft-repair,Husband,White,Male,United-States,<=50K
22,255969,8,0,0,48,MISSING,12th,Never-married,MISSING,Not-in-family,White,Male,United-States,<=50K
68,161744,6,0,0,16,Private,10th,Married-civ-spouse,Sales,Husband,White,Male,United-States,<=50K
28,157391,13,0,0,40,Private,Bachelors,Never-married,Sales,Own-child,White,Female,United-States,<=50K
26,261203,4,0,0,30,Private,7th-8th,Never-married,Other-service,Unmarried,Other,Female,MISSING,<=50K
41,103980,10,0,0,52,Private,Some-college,Married-civ-spouse,Prof-specialty,Husband,White,Male,United-States,<=50K
28,59335,13,0,0,15,Private,Bachelors,Married-civ-spouse,Adm-clerical,Other-relative,White,Female,United-States,<=50K
23,188409,7,4508,0,25,Private,11th,Married-civ-spouse,Transport-moving,Husband,White,Male,United-States,<=50K
34,209449,10,0,0,40,Private,Some-college,Married-civ-spouse,Tech-support,Husband,Black,Male,United-States,>50K
61,115023,14,0,0,4,Self-emp-not-inc,Masters,Married-civ-spouse,Craft-repair,Husband,White,Male,MISSING,<=50K
52,100226,13,0,0,40,Local-gov,Bachelors,Married-civ-spouse,Adm-clerical,Wife,White,Female,United-States,>50K
44,302424,9,0,0,55,Private,HS-grad,Divorced,Machine-op-inspct,Not-in-family,White,Male,United-States,<=50K
28,53063,13,0,0,45,Private,Bachelors,Married-civ-spouse,Exec-managerial,Husband,White,Male,United-States,<=50K
22,127647,9,0,0,36,Private,HS-grad,Never-married,Other-service,Own-child,White,Female,United-States,<=50K
62,232719,14,0,0,50,MISSING,Masters,Married-civ-spouse,MISSING,Husband,White,Male,United-States,<=50K
37,189674,13,0,0,40,Private,Bachelors,Separated,Exec-managerial,Unmarried,Black,Female,United-States,<=50K
24,229553,9,0,0,20,Private,HS-grad,Never-married,Other-service,Own-child,Black,Female,MISSING,<=50K
71,143437,14,10605,0,40,Self-emp-not-inc,Masters,Married-civ-spouse,Sales,Husband,White,Male,United-States,>50K
32,183916,9,0,0,34,Private,HS-grad,Never-married,Other-service,Not-in-family,White,Female,United-States,<=50K
32,206541,11,0,0,45,Private,Assoc-voc,Married-civ-spouse,Tech-support,Husband,White,Male,United-States,>50K
20,166527,10,0,0,20,Private,Some-college,Never-married,Adm-clerical,Own-child,Other,Female,United-States,<=50K
42,303155,12,0,0,40,Private,Assoc-acdm,Divorced,Adm-clerical,Not-in-family,White,Male,United-States,<=50K
21,212407,9,0,0,40,Private,HS-grad,Never-married,Machine-op-inspct,Other-relative,White,Male,United-States,<=50K
73,241121,4,0,0,40,Self-emp-not-inc,7th-8th,Married-civ-spouse,Farming-fishing,Husband,White,Male,United-States,<=50K
69,168794,4,0,0,48,MISSING,7th-8th,Married-civ-spouse,MISSING,Husband,White,Male,United-States,<=50K
40,100292,9,0,0,52,Private,HS-grad,Married-civ-spouse,Sales,Husband,White,Male,United-States,>50K
33,121488,13,0,0,40,Private,Bachelors,Never-married,Sales,Not-in-family,White,Female,United-States,<=50K
30,318749,11,0,0,35,Private,Assoc-voc,Married-civ-spouse,Tech-support,Wife,White,Female,Germany,<=50K
45,340341,10,0,0,40,Private,Some-college,Divorced,Adm-clerical,Unmarried,White,Female,United-States,<=50K
20,182200,9,0,0,30,Self-emp-inc,HS-grad,Never-married,Machine-op-inspct,Own-child,White,Female,United-States,<=50K
58,154950,13,0,0,40,Private,Bachelors,Married-civ-spouse,Tech-support,Husband,White,Male,United-States,>50K
28,216965,10,0,0,40,Local-gov,Some-college,Married-civ-spouse,Protective-serv,Husband,White,Male,United-States,<=50K
34,184147,9,0,0,20,Private,HS-grad,Separated,Sales,Unmarried,Black,Female,United-States,<=50K
31,206046,9,0,0,40,Private,HS-grad,Divorced,Machine-op-inspct,Not-in-family,White,Male,United-States,<=50K
26,172063,10,0,0,24,Private,Some-college,Never-married,Sales,Own-child,White,Female,United-States,<=50K
55,104724,16,0,0,40,Private,Doctorate,Married-civ-spouse,Prof-specialty,Husband,White,Male,United-States,>50K
58,217775,9,7298,0,40,Local-gov,HS-grad,Married-civ-spouse,Exec-managerial,Husband,White,Male,United-States,>50K
27,174163,10,0,0,40,MISSING,Some-college,Married-civ-spouse,MISSING,Wife,White,Female,United-States,>50K
67,407618,5,2050,0,40,MISSING,9th,Divorced,MISSING,Not-in-family,White,Female,United-States,<=50K
36,51100,10,0,0,40,Private,Some-college,Married-civ-spouse,Craft-repair,Husband,White,Male,United-States,<=50K
33,43959,14,7688,0,50,Local-gov,Masters,Married-civ-spouse,Prof-specialty,Husband,White,Male,United-States,>50K
28,95725,11,0,0,45,Private,Assoc-voc,Never-married,Handlers-cleaners,Not-in-family,White,Male,United-States,<=50K
48,156926,13,0,0,40,Private,Bachelors,Divorced,Adm-clerical,Not-in-family,White,Male,United-States,<=50K
47,287320,14,0,0,40,Local-gov,Masters,Never-married,Prof-specialty,Not-in-family,White,Male,United-States,<=50K
48,44434,14,0,0,61,State-gov,Masters,Married-civ-spouse,Prof-specialty,Husband,White,Male,United-States,>50K
29,227890,9,0,0,40,Private,HS-grad,Never-married,Protective-serv,Other-relative,Black,Male,United-States,<=50K
30,58582,13,0,0,10,Private,Bachelors,Never-married,Craft-repair,Own-child,White,Male,United-States,<=50K
20,181675,9,0,0,40,Private,HS-grad,Never-married,Other-service,Not-in-family,White,Male,United-States,<=50K
41,198196,9,0,0,40,Private,HS-grad,Married-civ-spouse,Transport-moving,Husband,White,Male,United-States,<=50K
48,135525,12,0,0,40,Private,Assoc-acdm,Divorced,Adm-clerical,Not-in-family,White,Female,United-States,<=50K
27,127833,9,0,0,40,Private,HS-grad,Never-married,Adm-clerical,Own-child,Black,Female,United-States,<=50K
30,269723,9,0,0,40,Private,HS-grad,Never-married,Exec-managerial,Not-in-family,White,Female,United-States,<=50K
31,134613,11,0,0,43,Private,Assoc-voc,Married-civ-spouse,Exec-managerial,Wife,Black,Female,United-States,<=50K
32,116834,9,0,0,5,Self-emp-not-inc,HS-grad,Married-civ-spouse,Other-service,Wife,White,Female,MISSING,<=50K
34,123429,9,0,0,60,Self-emp-not-inc,HS-grad,Married-civ-spouse,Sales,Husband,White,Male,United-States,<=50K
22,134181,9,0,0,50,Local-gov,HS-grad,Never-married,Handlers-cleaners,Other-relative,White,Male,United-States,<=50K
22,163205,9,0,0,53,Local-gov,HS-grad,Never-married,Other-service,Own-child,White,Female,United-States,<=50K
29,174163,10,0,0,40,Private,Some-college,Divorced,Exec-managerial,Not-in-family,White,Female,United-States,<=50K
65,29276,4,0,0,24,State-gov,7th-8th,Widowed,Other-service,Other-relative,White,Female,United-States,<=50K
51,143865,6,0,0,24,Local-gov,10th,Widowed,Other-service,Not-in-family,White,Female,United-States,<=50K
43,216042,10,0,1617,72,Private,Some-college,Divorced,Tech-support,Own-child,White,Female,United-States,<=50K
29,376680,9,0,0,40,Private,HS-grad,Never-married,Tech-support,Own-child,Black,Male,United-States,<=50K
46,250821,15,0,0,48,Private,Prof-school,Divorced,Farming-fishing,Unmarried,White,Male,United-States,<=50K
26,314177,9,0,0,40,Private,HS-grad,Never-married,Sales,Not-in-family,Black,Male,United-States,<=50K
35,356838,10,2829,0,55,Private,Some-college,Married-civ-spouse,Tech-support,Husband,White,Male,Poland,<=50K
59,120617,10,0,0,40,MISSING,Some-college,Never-married,MISSING,Not-in-family,Black,Female,United-States,<=50K
32,134737,13,0,0,70,Self-emp-not-inc,Bachelors,Married-civ-spouse,Machine-op-inspct,Husband,White,Male,United-States,>50K
60,145493,10,0,0,40,Private,Some-college,Divorced,Adm-clerical,Not-in-family,White,Female,United-States,<=50K
46,110015,4,0,0,75,Self-emp-not-inc,7th-8th,Married-civ-spouse,Exec-managerial,Husband,White,Male,Greece,<=50K
46,193047,9,0,0,40,Private,HS-grad,Married-civ-spouse,Exec-managerial,Husband,White,Male,United-States,>50K
39,75995,9,0,0,45,Private,HS-grad,Divorced,Exec-managerial,Unmarried,White,Female,United-States,<=50K
63,189253,10,0,0,45,Self-emp-inc,Some-college,Married-civ-spouse,Exec-managerial,Husband,White,Male,United-States,>50K
51,163826,9,0,0,40,Private,HS-grad,Married-civ-spouse,Transport-moving,Husband,White,Male,United-States,>50K
56,314727,9,0,0,35,Private,HS-grad,Married-civ-spouse,Craft-repair,Husband,White,Male,United-States,>50K
59,176647,9,0,0,40,Private,HS-grad,Married-civ-spouse,Craft-repair,Husband,White,Male,United-States,>50K
32,282611,13,0,0,40,Private,Bachelors,Never-married,Exec-managerial,Not-in-family,White,Female,United-States,<=50K
39,63021,10,0,0,20,Private,Some-college,Divorced,Other-service,Not-in-family,White,Female,United-States,<=50K
31,136398,16,0,0,50,Private,Doctorate,Married-civ-spouse,Prof-specialty,Husband,Asian-Pac-Islander,Male,Thailand,>50K
23,53245,13,0,1602,12,Private,Bachelors,Never-married,Sales,Not-in-family,White,Male,United-States,<=50K
28,335015,9,0,0,40,Local-gov,HS-grad,Married-civ-spouse,Craft-repair,Husband,White,Male,United-States,<=50K
32,153963,9,0,0,35,Private,HS-grad,Divorced,Other-service,Unmarried,White,Female,United-States,<=50K
48,127921,13,0,0,40,Local-gov,Bachelors,Married-civ-spouse,Prof-specialty,Husband,White,Male,United-States,<=50K
68,171933,4,0,0,40,Private,7th-8th,Married-civ-spouse,Craft-repair,Husband,White,Male,United-States,<=50K
51,106257,12,0,0,40,Federal-gov,Assoc-acdm,Married-civ-spouse,Tech-support,Husband,Black,Male,United-States,<=50K
42,89413,8,0,0,40,Private,12th,Never-married,Farming-fishing,Own-child,White,Male,United-States,<=50K
26,166295,13,0,0,41,Local-gov,Bachelors,Married-civ-spouse,Adm-clerical,Husband,White,Male,United-States,<=50K
19,299050,7,0,0,60,Private,11th,Married-civ-spouse,Craft-repair,Husband,White,Male,United-States,<=50K
37,243587,10,0,0,40,Self-emp-not-inc,Some-college,Separated,Other-service,Own-child,White,Female,Cuba,<=50K
27,376936,9,0,0,50,Self-emp-inc,HS-grad,Never-married,Sales,Not-in-family,White,Male,United-States,<=50K
27,132686,8,0,0,50,Private,12th,Never-married,Machine-op-inspct,Own-child,White,Male,United-States,<=50K
53,181677,10,0,0,40,Federal-gov,Some-college,Divorced,Handlers-cleaners,Not-in-family,White,Male,United-States,<=50K
37,308691,13,0,0,45,Private,Bachelors,Married-civ-spouse,Craft-repair,Husband,White,Male,United-States,>50K
32,51150,11,0,0,40,Private,Assoc-voc,Divorced,Adm-clerical,Unmarried,White,Female,United-States,<=50K
33,194901,13,0,0,40,Local-gov,Bachelors,Married-civ-spouse,Prof-specialty,Husband,White,Male,United-States,>50K
22,237498,9,0,0,40,Private,HS-grad,Never-married,Other-service,Own-child,White,Male,United-States,<=50K
40,205195,12,0,0,60,Private,Assoc-acdm,Married-civ-spouse,Sales,Husband,White,Male,United-States,>50K
36,186934,13,0,1848,55,Federal-gov,Bachelors,Married-civ-spouse,Adm-clerical,Husband,White,Male,United-States,>50K
52,183618,9,0,0,40,Private,HS-grad,Married-civ-spouse,Handlers-cleaners,Husband,White,Male,United-States,<=50K
37,208358,9,0,0,40,Private,HS-grad,Married-civ-spouse,Craft-repair,Husband,White,Male,United-States,>50K
25,244408,13,0,0,40,Local-gov,Bachelors,Never-married,Tech-support,Unmarried,Asian-Pac-Islander,Female,Vietnam,<=50K
43,184846,9,0,0,60,Private,HS-grad,Widowed,Machine-op-inspct,Unmarried,White,Female,United-States,<=50K
74,194312,5,0,0,10,Private,9th,Widowed,Craft-repair,Not-in-family,White,Male,MISSING,<=50K
30,144593,9,0,0,40,Private,HS-grad,Never-married,Other-service,Not-in-family,Black,Male,MISSING,<=50K
31,174201,9,0,0,65,Private,HS-grad,Married-civ-spouse,Transport-moving,Husband,White,Male,United-States,<=50K
22,289984,10,0,0,25,MISSING,Some-college,Never-married,MISSING,Not-in-family,Black,Female,United-States,<=50K
68,141181,5,0,0,2,MISSING,9th,Married-civ-spouse,MISSING,Husband,White,Male,United-States,<=50K
26,304283,9,0,0,40,Private,HS-grad,Married-civ-spouse,Machine-op-inspct,Husband,White,Male,United-States,<=50K
23,40021,10,0,0,70,Local-gov,Some-college,Divorced,Adm-clerical,Unmarried,White,Female,United-States,<=50K
38,94559,13,7688,0,50,MISSING,Bachelors,Married-civ-spouse,MISSING,Wife,Other,Female,MISSING,>50K
27,322208,10,0,0,40,Local-gov,Some-college,Never-married,Transport-moving,Own-child,White,Male,United-States,<=50K
37,251396,12,0,0,45,Local-gov,Assoc-acdm,Married-civ-spouse,Prof-specialty,Husband,White,Male,Canada,>50K
35,111319,12,0,1887,45,Self-emp-inc,Assoc-acdm,Married-civ-spouse,Sales,Husband,White,Male,United-States,>50K
33,213226,9,0,0,60,Private,HS-grad,Married-civ-spouse,Craft-repair,Husband,White,Male,United-States,<=50K
36,192337,9,0,0,40,Local-gov,HS-grad,Never-married,Other-service,Not-in-family,White,Male,United-States,<=50K
17,115551,7,0,0,20,Private,11th,Never-married,Other-service,Own-child,White,Female,United-States,<=50K
57,122497,5,0,0,52,Private,9th,Widowed,Other-service,Unmarried,Black,Male,MISSING,<=50K
28,115677,12,0,0,32,Private,Assoc-acdm,Never-married,Adm-clerical,Own-child,White,Male,United-States,<=50K
25,190107,13,0,0,40,Private,Bachelors,Never-married,Craft-repair,Own-child,White,Male,United-States,<=50K
43,48193,12,0,0,40,Private,Assoc-acdm,Married-civ-spouse,Tech-support,Husband,White,Male,United-States,<=50K
61,160155,10,0,0,40,Federal-gov,Some-college,Married-civ-spouse,Exec-managerial,Husband,White,Male,United-States,>50K
26,257405,3,0,0,40,Private,5th-6th,Never-married,Farming-fishing,Other-relative,Black,Male,Mexico,<=50K
36,301614,9,0,0,40,Private,HS-grad,Married-civ-spouse,Craft-repair,Husband,White,Male,United-States,<=50K
29,206351,13,0,0,40,Private,Bachelors,Never-married,Prof-specialty,Not-in-family,White,Male,United-States,<=50K
43,34218,10,0,0,40,Self-emp-inc,Some-college,Married-civ-spouse,Exec-managerial,Husband,White,Male,United-States,<=50K
34,154120,14,0,0,60,Self-emp-inc,Masters,Married-civ-spouse,Sales,Husband,White,Male,United-States,>50K
39,112158,10,0,0,26,Private,Some-college,Married-civ-spouse,Sales,Husband,White,Male,MISSING,<=50K
35,215323,11,0,0,35,Private,Assoc-voc,Divorced,Other-service,Unmarried,White,Female,United-States,<=50K
45,201127,9,0,0,40,Private,HS-grad,Married-civ-spouse,Machine-op-inspct,Husband,White,Male,United-States,<=50K
22,122346,9,0,0,40,Private,HS-grad,Divorced,Craft-repair,Not-in-family,White,Male,United-States,<=50K
22,211968,13,0,0,40,Private,Bachelors,Never-married,Adm-clerical,Own-child,White,Female,United-States,<=50K
44,261899,10,0,0,44,Private,Some-college,Married-civ-spouse,Machine-op-inspct,Husband,White,Male,United-States,<=50K
41,208470,9,0,0,40,Private,HS-grad,Married-civ-spouse,Exec-managerial,Husband,White,Male,United-States,>50K
32,212064,13,0,0,40,Private,Bachelors,Married-civ-spouse,Exec-managerial,Wife,White,Female,United-States,>50K
40,191544,9,0,0,35,Private,HS-grad,Never-married,Other-service,Not-in-family,White,Female,United-States,<=50K
18,338836,9,0,0,20,Private,HS-grad,Never-married,Other-service,Own-child,White,Male,United-States,<=50K
20,115057,9,0,0,40,Private,HS-grad,Never-married,Craft-repair,Not-in-family,White,Male,United-States,<=50K
27,43652,13,0,0,40,Private,Bachelors,Never-married,Adm-clerical,Not-in-family,White,Female,United-States,<=50K
45,112305,10,0,0,40,Private,Some-college,Divorced,Other-service,Unmarried,Black,Female,United-States,<=50K
57,275943,4,0,0,40,Self-emp-not-inc,7th-8th,Married-civ-spouse,Prof-specialty,Husband,White,Male,MISSING,<=50K
39,58972,12,1506,0,40,Private,Assoc-acdm,Divorced,Exec-managerial,Unmarried,White,Male,United-States,<=50K
32,158438,10,0,0,60,Private,Some-college,Married-civ-spouse,Exec-managerial,Husband,White,Male,United-States,>50K
43,169628,13,0,0,35,Private,Bachelors,Never-married,Sales,Unmarried,Black,Female,United-States,>50K
55,189719,13,0,0,45,Private,Bachelors,Married-civ-spouse,Exec-managerial,Husband,White,Male,United-States,>50K
34,159322,13,0,0,50,Private,Bachelors,Married-civ-spouse,Exec-managerial,Husband,White,Male,United-States,>50K
48,148306,14,0,0,40,State-gov,Masters,Divorced,Prof-specialty,Unmarried,White,Female,United-States,<=50K
30,159303,13,0,0,4,MISSING,Bachelors,Married-civ-spouse,MISSING,Wife,White,Female,United-States,<=50K
30,145692,10,0,1974,40,Local-gov,Some-college,Never-married,Protective-serv,Not-in-family,Black,Male,United-States,<=50K
61,160625,13,4386,0,15,MISSING,Bachelors,Married-civ-spouse,MISSING,Husband,White,Male,United-States,>50K
28,201954,12,0,0,65,Private,Assoc-acdm,Never-married,Exec-managerial,Not-in-family,White,Male,United-States,>50K
40,199381,14,15024,0,37,State-gov,Masters,Married-civ-spouse,Prof-specialty,Wife,White,Female,United-States,>50K
25,503012,3,0,0,40,Private,5th-6th,Never-married,Craft-repair,Not-in-family,White,Male,Mexico,<=50K
43,220776,14,0,0,35,Private,Masters,Married-civ-spouse,Exec-managerial,Husband,White,Male,United-States,>50K
41,227734,9,3464,0,40,State-gov,HS-grad,Married-civ-spouse,Adm-clerical,Husband,White,Male,United-States,<=50K
24,113936,13,0,0,40,Private,Bachelors,Never-married,Prof-specialty,Own-child,White,Male,United-States,<=50K
36,321733,13,0,1741,40,Private,Bachelors,Divorced,Exec-managerial,Not-in-family,White,Male,United-States,<=50K
45,90803,10,0,0,40,State-gov,Some-college,Married-civ-spouse,Adm-clerical,Husband,White,Male,United-States,<=50K
33,109959,10,0,0,25,Self-emp-not-inc,Some-college,Married-civ-spouse,Sales,Husband,White,Male,United-States,<=50K
63,133166,16,0,0,12,MISSING,Doctorate,Married-civ-spouse,MISSING,Husband,White,Male,United-States,<=50K
38,298841,10,0,0,45,Private,Some-college,Never-married,Exec-managerial,Not-in-family,White,Female,United-States,<=50K
34,120672,4,0,0,10,Self-emp-not-inc,7th-8th,Never-married,Handlers-cleaners,Unmarried,Black,Male,United-States,<=50K
47,149337,9,0,0,38,State-gov,HS-grad,Divorced,Adm-clerical,Unmarried,White,Male,United-States,<=50K
46,110171,10,7688,0,40,Private,Some-college,Married-civ-spouse,Craft-repair,Husband,White,Male,United-States,>50K
25,195118,9,0,0,35,Private,HS-grad,Never-married,Handlers-cleaners,Other-relative,White,Male,United-States,<=50K
24,103277,13,0,0,50,Local-gov,Bachelors,Never-married,Prof-specialty,Own-child,White,Female,United-States,<=50K
60,174073,9,0,0,40,MISSING,HS-grad,Married-civ-spouse,MISSING,Husband,White,Male,United-States,<=50K
30,214993,9,0,0,40,Private,HS-grad,Married-civ-spouse,Craft-repair,Husband,White,Male,United-States,<=50K
69,195779,11,0,0,1,MISSING,Assoc-voc,Widowed,MISSING,Not-in-family,White,Female,United-States,<=50K
43,131899,13,0,0,40,Private,Bachelors,Married-civ-spouse,Exec-managerial,Husband,White,Male,United-States,>50K
23,216129,12,0,0,30,Self-emp-not-inc,Assoc-acdm,Never-married,Craft-repair,Not-in-family,White,Male,United-States,<=50K
75,208426,15,0,0,35,Self-emp-not-inc,Prof-school,Married-civ-spouse,Prof-specialty,Husband,White,Male,United-States,<=50K
23,201680,8,0,0,40,Private,12th,Married-civ-spouse,Craft-repair,Husband,White,Male,United-States,<=50K
22,157332,10,0,0,15,State-gov,Some-college,Never-married,Other-service,Own-child,White,Female,United-States,<=50K
39,163204,9,0,0,40,Self-emp-not-inc,HS-grad,Married-civ-spouse,Sales,Husband,White,Male,United-States,<=50K
77,149912,13,0,0,10,Private,Bachelors,Never-married,Prof-specialty,Not-in-family,White,Female,United-States,<=50K
27,246974,11,0,0,40,Private,Assoc-voc,Married-civ-spouse,Sales,Husband,White,Male,United-States,<=50K
31,124569,10,0,0,40,Private,Some-college,Married-civ-spouse,Adm-clerical,Wife,White,Female,United-States,>50K
45,390368,10,15024,0,99,Private,Some-college,Married-civ-spouse,Sales,Husband,Black,Male,United-States,>50K
21,161930,9,0,1504,30,MISSING,HS-grad,Never-married,MISSING,Own-child,Black,Female,United-States,<=50K
23,291248,9,0,0,40,Private,HS-grad,Never-married,Machine-op-inspct,Other-relative,Black,Male,United-States,<=50K
35,255635,5,0,0,40,Private,9th,Married-civ-spouse,Craft-repair,Husband,Other,Male,Mexico,<=50K
43,88913,10,1055,0,40,Private,Some-college,Never-married,Handlers-cleaners,Own-child,Asian-Pac-Islander,Female,United-States,<=50K
24,212300,9,0,0,38,MISSING,HS-grad,Separated,MISSING,Not-in-family,White,Female,United-States,<=50K
20,289944,10,0,0,20,Private,Some-college,Never-married,Prof-specialty,Not-in-family,White,Female,United-States,<=50K
37,343721,13,0,0,40,Private,Bachelors,Married-civ-spouse,Prof-specialty,Husband,White,Male,United-States,>50K
45,198223,13,0,1902,45,Private,Bachelors,Married-civ-spouse,Sales,Husband,White,Male,United-States,>50K
56,279340,7,0,0,40,Private,11th,Separated,Other-service,Not-in-family,Black,Female,United-States,<=50K
30,382368,9,0,0,40,Private,HS-grad,Married-civ-spouse,Handlers-cleaners,Husband,White,Male,United-States,<=50K
29,490332,10,0,0,45,Private,Some-college,Married-civ-spouse,Transport-moving,Husband,White,Male,United-States,>50K
24,22966,13,0,0,45,Private,Bachelors,Married-civ-spouse,Sales,Husband,White,Male,United-States,<=50K
24,235894,9,0,0,38,Private,HS-grad,Married-civ-spouse,Craft-repair,Husband,White,Male,United-States,<=50K
47,198200,13,0,0,50,Private,Bachelors,Never-married,Exec-managerial,Not-in-family,White,Male,United-States,<=50K
39,498785,9,0,0,40,Private,HS-grad,Divorced,Adm-clerical,Not-in-family,White,Male,United-States,<=50K
42,121718,9,0,0,24,Self-emp-not-inc,HS-grad,Married-civ-spouse,Craft-repair,Husband,White,Male,United-States,<=50K
37,166339,10,0,0,40,Private,Some-college,Divorced,Tech-support,Unmarried,White,Female,United-States,<=50K
66,151793,4,0,0,10,Private,7th-8th,Widowed,Other-service,Not-in-family,Black,Female,United-States,<=50K
43,47261,10,0,0,50,Self-emp-not-inc,Some-college,Married-civ-spouse,Farming-fishing,Husband,White,Male,United-States,<=50K
28,169069,9,0,0,40,Private,HS-grad,Never-married,Craft-repair,Own-child,White,Male,United-States,<=50K
35,207202,6,0,0,70,Private,10th,Married-civ-spouse,Transport-moving,Husband,White,Male,United-States,<=50K
36,95855,14,0,0,60,Local-gov,Masters,Married-civ-spouse,Prof-specialty,Wife,White,Female,United-States,>50K
24,136687,9,0,0,40,Private,HS-grad,Separated,Machine-op-inspct,Unmarried,Other,Female,United-States,<=50K
49,113513,13,0,0,50,Self-emp-not-inc,Bachelors,Married-civ-spouse,Farming-fishing,Husband,White,Male,United-States,<=50K
54,123374,4,0,0,40,Private,7th-8th,Married-civ-spouse,Craft-repair,Husband,White,Male,United-States,<=50K
33,190511,4,2176,0,35,Private,7th-8th,Divorced,Handlers-cleaners,Not-in-family,White,Male,United-States,<=50K
39,204756,10,0,0,20,MISSING,Some-college,Divorced,MISSING,Not-in-family,White,Female,United-States,<=50K
17,130125,6,1055,0,20,Private,10th,Never-married,Other-service,Own-child,Amer-Indian-Eskimo,Female,United-States,<=50K
38,273285,7,0,0,32,MISSING,11th,Never-married,MISSING,Not-in-family,White,Female,United-States,<=50K
34,39609,11,0,0,40,Private,Assoc-voc,Divorced,Adm-clerical,Unmarried,White,Female,United-States,<=50K
56,170217,9,0,0,45,Self-emp-not-inc,HS-grad,Married-civ-spouse,Farming-fishing,Husband,White,Male,United-States,<=50K
19,57206,9,0,0,20,Private,HS-grad,Never-married,Sales,Own-child,White,Female,United-States,<=50K
34,103371,11,0,0,40,State-gov,Assoc-voc,Never-married,Adm-clerical,Unmarried,White,Female,United-States,<=50K
47,203067,13,0,0,50,Local-gov,Bachelors,Divorced,Prof-specialty,Not-in-family,White,Male,United-States,<=50K
27,58654,11,0,0,40,Private,Assoc-voc,Separated,Adm-clerical,Unmarried,White,Female,United-States,<=50K
40,76625,9,0,0,40,Self-emp-inc,HS-grad,Married-civ-spouse,Handlers-cleaners,Husband,White,Male,United-States,<=50K
57,233382,14,0,0,40,Private,Masters,Never-married,Exec-managerial,Not-in-family,White,Male,Cuba,<=50K
46,119944,14,0,0,50,Self-emp-not-inc,Masters,Married-civ-spouse,Exec-managerial,Husband,White,Male,United-States,>50K
58,105592,4,0,0,40,Self-emp-not-inc,7th-8th,Married-civ-spouse,Transport-moving,Husband,White,Male,United-States,>50K
39,192251,9,0,0,40,Private,HS-grad,Never-married,Adm-clerical,Own-child,White,Female,United-States,>50K
40,397346,12,0,0,40,MISSING,Assoc-acdm,Divorced,MISSING,Not-in-family,White,Male,United-States,<=50K
18,169882,10,594,0,15,MISSING,Some-college,Never-married,MISSING,Own-child,White,Female,United-States,<=50K
50,168672,14,0,1902,40,Local-gov,Masters,Married-civ-spouse,Prof-specialty,Wife,White,Female,United-States,>50K
68,202699,14,0,2377,42,State-gov,Masters,Married-civ-spouse,Prof-specialty,Husband,White,Male,MISSING,>50K
49,160167,11,0,0,40,Private,Assoc-voc,Married-civ-spouse,Adm-clerical,Husband,White,Male,United-States,<=50K
48,142719,14,0,0,40,Local-gov,Masters,Married-civ-spouse,Prof-specialty,Husband,White,Male,United-States,>50K
27,37302,12,7688,0,70,Self-emp-not-inc,Assoc-acdm,Married-civ-spouse,Transport-moving,Husband,White,Male,United-States,>50K
40,49156,10,0,0,20,Self-emp-not-inc,Some-college,Married-civ-spouse,Prof-specialty,Husband,White,Male,United-States,<=50K
26,125089,10,0,0,40,Private,Some-college,Never-married,Exec-managerial,Not-in-family,White,Male,United-States,<=50K
33,155781,10,0,0,60,Self-emp-inc,Some-college,Married-civ-spouse,Craft-repair,Husband,White,Male,MISSING,<=50K
34,134737,13,0,0,40,Private,Bachelors,Never-married,Sales,Own-child,White,Male,United-States,>50K
58,170108,14,0,0,40,Private,Masters,Married-civ-spouse,Exec-managerial,Husband,White,Male,United-States,>50K
66,190324,9,0,0,18,MISSING,HS-grad,Married-civ-spouse,MISSING,Husband,Black,Male,United-States,<=50K
28,250679,9,0,0,40,Private,HS-grad,Married-civ-spouse,Craft-repair,Husband,White,Male,United-States,<=50K
44,67065,11,594,0,25,Private,Assoc-voc,Never-married,Priv-house-serv,Not-in-family,White,Male,United-States,<=50K
