age,fnlwgt,education-num,capital-gain,capital-loss,hours-per-week,workclass,education,marital-status,occupation,relationship,race,sex,native-country,income
22,253799,13,0,0,45,Private,Bachelors,Married-civ-spouse,Machine-op-inspct,Husband,White,Male,MISSING,<=50K
64,239450,10,0,0,40,Private,Some-college,Married-civ-spouse,Sales,Husband,White,Male,United-States,<=50K
36,198841,14,0,0,40,Private,Masters,Married-civ-spouse,Exec-managerial,Husband,White,Male,United-States,>50K
28,309196,13,0,0,40,Private,Bachelors,Never-married,Protective-serv,Not-in-family,White,Female,United-States,<=50K
36,31438,9,0,0,43,Private,HS-grad,Divorced,Transport-moving,Unmarried,White,Male,MISSING,<=50K
17,232900,7,0,0,25,Private,11th,Never-married,Handlers-cleaners,Own-child,White,Male,United-States,<=50K
84,188328,9,0,0,16,Private,HS-grad,Widowed,Prof-specialty,Not-in-family,White,Female,United-States,<=50K
35,92028,14,0,0,50,Private,Masters,Married-civ-spouse,Exec-managerial,Husband,White,Male,United-States,>50K
57,71367,9,0,0,40,Private,HS-grad,Divorced,Other-service,Unmarried,White,Female,United-States,<=50K
49,193249,12,0,0,40,Local-gov,Assoc-acdm,Married-civ-spouse,Adm-clerical,Husband,White,Male,United-States,<=50K
27,384308,10,0,0,45,Private,Some-college,Never-married,Craft-repair,Not-in-family,White,Male,United-States,<=50K
73,336007,13,0,2246,40,Private,Bachelors,Married-civ-spouse,Prof-specialty,Husband,White,Male,United-States,>50K
28,381789,13,0,0,50,Federal-gov,Bachelors,Never-married,Prof-specialty,Not-in-family,White,Male,United-States,<=50K
35,276552,9,0,0,40,Private,HS-grad,Divorced,Craft-repair,Not-in-family,White,Male,United-States,<=50K
41,106982,10,0,0,40,Federal-gov,Some-college,Divorced,Prof-specialty,Unmarried,White,Female,United-States,>50K
28,162404,13,0,0,60,Private,Bachelors,Never-married,Craft-repair,Not-in-family,Black,Male,United-States,<=50K
35,141896,8,0,0,40,Private,12th,Married-civ-spouse,Craft-repair,Husband,White,Male,United-States,<=50K
61,167670,13,0,0,40,Local-gov,Bachelors,Married-spouse-absent,Prof-specialty,Not-in-family,White,Male,United-States,<=50K
29,109814,13,0,0,40,Private,Bachelors,Never-married,Handlers-cleaners,Own-child,White,Male,United-States,<=50K
43,193490,4,0,0,45,Private,7th-8th,Married-civ-spouse,Craft-repair,Husband,White,Male,United-States,<=50K
36,96468,14,0,0,40,State-gov,Masters,Never-married,Prof-specialty,Own-child,White,Female,United-States,<=50K
30,159442,9,0,0,40,Private,HS-grad,Separated,Adm-clerical,Not-in-family,White,Female,United-States,<=50K
50,129956,9,0,0,48,Private,HS-grad,Married-civ-spouse,Craft-repair,Husband,White,Male,United-States,>50K
56,68658,10,0,0,40,State-gov,Some-college,Married-civ-spouse,Exec-managerial,Husband,White,Male,United-States,>50K
24,60783,10,0,0,70,Private,Some-college,Married-civ-spouse,Transport-moving,Husband,White,Male,United-States,>50K
38,325538,15,0,0,50,Federal-gov,Prof-school,Married-civ-spouse,Prof-specialty,Husband,White,Male,United-States,>50K
20,224059,9,0,0,40,Private,HS-grad,Never-married,Other-service,Not-in-family,White,Male,United-States,<=50K
25,176162,11,0,0,30,Local-gov,Assoc-voc,Never-married,Protective-serv,Own-child,White,Male,United-States,<=50K
29,168479,14,0,0,40,Private,Masters,Married-civ-spouse,Prof-specialty,Husband,White,Male,United-States,>50K
22,143062,9,0,0,40,Self-emp-not-inc,HS-grad,Never-married,Other-service,Own-child,White,Male,Greece,<=50K
50,283281,4,0,0,40,Private,7th-8th,Married-civ-spouse,Machine-op-inspct,Husband,Black,Male,United-States,<=50K
28,243762,7,0,0,40,Private,11th,Separated,Craft-repair,Unmarried,White,Female,United-States,<=50K
50,162632,9,0,0,2,Private,HS-grad,Married-civ-spouse,Craft-repair,Husband,White,Male,United-States,<=50K
38,58108,13,0,0,50,Private,Bachelors,Married-civ-spouse,Exec-managerial,Husband,White,Male,United-States,>50K
54,222882,9,0,0,45,Private,HS-grad,Widowed,Exec-managerial,Unmarried,White,Female,United-States,<=50K
17,186067,6,0,0,10,Private,10th,Never-married,Tech-support,Own-child,White,Male,United-States,<=50K
46,111163,9,0,0,38,State-gov,HS-grad,Separated,Adm-clerical,Unmarried,White,Female,United-States,<=50K
30,93884,13,0,0,45,Private,Bachelors,Married-civ-spouse,Prof-specialty,Husband,White,Male,United-States,>50K
58,183870,9,0,0,40,Private,HS-grad,Divorced,Adm-clerical,Not-in-family,White,Female,United-States,<=50K
59,159937,9,0,0,48,Private,HS-grad,Married-civ-spouse,Sales,Husband,White,Male,United-States,<=50K
43,159549,10,0,0,50,Private,Some-college,Married-civ-spouse,Sales,Husband,White,Male,United-States,>50K
30,349148,13,0,0,70,Private,Bachelors,Never-married,Prof-specialty,Not-in-family,White,Male,United-States,<=50K
32,113688,11,0,0,50,Private,Assoc-voc,Divorced,Exec-managerial,Not-in-family,White,Female,United-States,<=50K
48,78529,14,0,0,60,State-gov,Masters,Separated,Prof-specialty,Not-in-family,White,Male,United-States,<=50K
37,192939,13,0,0,40,Private,Bachelors,Married-civ-spouse,Craft-repair,Husband,White,Male,United-States,>50K
63,187635,9,0,0,40,Private,HS-grad,Never-married,Exec-managerial,Not-in-family,White,Male,United-States,<=50K
46,171228,9,3411,0,35,Private,HS-grad,Married-civ-spouse,Machine-op-inspct,Husband,White,Male,Guatemala,<=50K
45,88564,10,7688,0,40,Federal-gov,Some-college,Married-civ-spouse,Exec-managerial,Husband,White,Male,United-States,>50K
30,144593,9,0,0,40,Private,HS-grad,Never-married,Other-service,Not-in-family,Black,Male,MISSING,<=50K
43,175526,10,0,0,40,Local-gov,Some-college,Married-civ-spouse,Other-service,Husband,White,Male,United-States,<=50K
28,191355,13,0,0,45,Private,Bachelors,Married-civ-spouse,Sales,Husband,White,Male,United-States,>50K
20,396722,10,0,0,40,Private,Some-college,Never-married,Sales,Not-in-family,White,Female,United-States,<=50K
71,162297,9,0,0,20,Private,HS-grad,Widowed,Sales,Unmarried,White,Female,United-States,<=50K
18,232082,9,0,0,40,Private,HS-grad,Never-married,Machine-op-inspct,Own-child,White,Male,United-States,<=50K
51,210736,6,0,0,40,Private,10th,Married-spouse-absent,Craft-repair,Other-relative,White,Male,United-States,<=50K
17,48703,7,0,0,30,MISSING,11th,Never-married,MISSING,Own-child,White,Female,United-States,<=50K
53,229465,14,0,0,55,Private,Masters,Married-civ-spouse,Exec-managerial,Husband,White,Male,United-States,>50K
29,183523,10,0,0,40,Local-gov,Some-college,Never-married,Exec-managerial,Not-in-family,White,Male,Iran,<=50K
41,197583,6,0,0,40,Private,10th,Married-civ-spouse,Transport-moving,Husband,Black,Male,United-States,>50K
21,27049,9,0,0,25,Private,HS-grad,Never-married,Priv-house-serv,Not-in-family,White,Female,United-States,<=50K
25,191782,7,0,0,40,Private,11th,Never-married,Machine-op-inspct,Own-child,Black,Female,United-States,<=50K
42,206066,14,0,0,65,Self-emp-not-inc,Masters,Married-civ-spouse,Prof-specialty,Husband,White,Male,United-States,<=50K
35,32126,13,0,0,40,Private,Bachelors,Never-married,Prof-specialty,Not-in-family,White,Female,United-States,<=50K
37,164526,16,14084,0,45,Self-emp-not-inc,Doctorate,Never-married,Prof-specialty,Not-in-family,White,Male,United-States,>50K
45,188823,14,0,0,50,Local-gov,Masters,Married-civ-spouse,Prof-specialty,Husband,White,Male,United-States,>50K
33,145434,7,0,0,40,Private,11th,Never-married,Craft-repair,Own-child,White,Male,United-States,<=50K
31,34572,11,0,0,45,Private,Assoc-voc,Married-civ-spouse,Handlers-cleaners,Husband,White,Male,United-States,<=50K
43,216070,14,0,0,50,Local-gov,Masters,Married-civ-spouse,Exec-managerial,Wife,Amer-Indian-Eskimo,Female,United-States,>50K
54,76344,13,0,0,50,Private,Bachelors,Never-married,Other-service,Not-in-family,White,Female,United-States,<=50K
60,146674,9,0,0,50,Self-emp-not-inc,HS-grad,Divorced,Craft-repair,Not-in-family,Black,Male,MISSING,<=50K
22,362309,10,0,0,35,Private,Some-college,Never-married,Other-service,Own-child,White,Male,United-States,<=50K
36,150309,11,0,0,40,Local-gov,Assoc-voc,Married-civ-spouse,Transport-moving,Husband,Amer-Indian-Eskimo,Male,United-States,<=50K
38,87282,11,0,0,40,Private,Assoc-voc,Never-married,Exec-managerial,Other-relative,Asian-Pac-Islander,Female,United-States,<=50K
19,148644,9,0,0,40,Private,HS-grad,Never-married,Adm-clerical,Own-child,White,Female,United-States,<=50K
51,162943,15,0,0,40,Self-emp-inc,Prof-school,Married-civ-spouse,Prof-specialty,Husband,White,Male,United-States,>50K
45,34419,10,7298,0,40,Private,Some-college,Married-civ-spouse,Exec-managerial,Husband,White,Male,United-States,>50K
58,205896,9,0,0,40,Private,HS-grad,Divorced,Sales,Other-relative,White,Female,United-States,<=50K
42,230684,9,5178,0,50,Private,HS-grad,Married-civ-spouse,Sales,Husband,White,Male,United-States,>50K
19,541282,10,0,0,40,MISSING,Some-college,Never-married,MISSING,Own-child,White,Male,United-States,<=50K
53,127671,4,0,0,40,Private,7th-8th,Married-civ-spouse,Machine-op-inspct,Husband,White,Male,United-States,<=50K
59,171355,16,0,0,40,Private,Doctorate,Married-civ-spouse,Exec-managerial,Husband,White,Male,United-States,>50K
31,129761,9,0,0,40,Private,HS-grad,Never-married,Exec-managerial,Unmarried,White,Female,United-States,<=50K
29,169662,9,0,0,40,Self-emp-not-inc,HS-grad,Married-civ-spouse,Craft-repair,Husband,White,Male,United-States,<=50K
28,111900,12,0,0,30,Private,Assoc-acdm,Married-civ-spouse,Sales,Husband,White,Male,United-States,<=50K
30,164940,9,0,0,25,MISSING,HS-grad,Separated,MISSING,Unmarried,Black,Female,United-States,<=50K
58,361870,9,0,0,30,MISSING,HS-grad,Married-civ-spouse,MISSING,Husband,Black,Male,United-States,<=50K
24,327518,11,0,0,45,Private,Assoc-voc,Married-civ-spouse,Craft-repair,Husband,White,Male,United-States,<=50K
19,106306,10,0,0,40,Private,Some-college,Divorced,Other-service,Own-child,White,Female,United-States,<=50K
50,180607,9,0,0,40,Private,HS-grad,Never-married,Adm-clerical,Own-child,White,Female,United-States,<=50K
61,167347,10,0,0,35,Local-gov,Some-college,Married-civ-spouse,Adm-clerical,Husband,White,Male,United-States,<=50K
18,298133,10,0,0,40,MISSING,Some-college,Never-married,MISSING,Own-child,White,Male,United-States,<=50K
22,188544,11,0,0,30,Private,Assoc-voc,Never-married,Adm-clerical,Own-child,White,Female,United-States,<=50K
36,178815,13,8614,0,40,Private,Bachelors,Never-married,Exec-managerial,Not-in-family,White,Male,United-States,>50K
62,69867,13,0,0,55,Private,Bachelors,Married-civ-spouse,Prof-specialty,Husband,White,Male,United-States,>50K
22,201268,13,0,0,15,Private,Bachelors,Never-married,Sales,Own-child,White,Female,United-States,<=50K
32,80058,9,0,0,40,Private,HS-grad,Married-civ-spouse,Adm-clerical,Husband,White,Male,United-States,<=50K
36,217926,12,0,0,50,Private,Assoc-acdm,Married-civ-spouse,Machine-op-inspct,Husband,Black,Male,United-States,<=50K
48,330470,10,0,0,30,Private,Some-college,Married-civ-spouse,Handlers-cleaners,Husband,White,Male,United-States,<=50K
24,241857,10,0,0,35,Private,Some-college,Never-married,Adm-clerical,Not-in-family,Black,Female,United-States,<=50K
17,34019,7,0,0,20,Private,11th,Never-married,Other-service,Own-child,White,Male,United-States,<=50K
34,103651,10,0,0,40,Private,Some-college,Married-civ-spouse,Exec-managerial,Husband,White,Male,United-States,>50K
28,183639,13,0,0,21,Private,Bachelors,Never-married,Adm-clerical,Not-in-family,White,Male,United-States,<=50K
37,160910,9,0,0,40,Federal-gov,HS-grad,Married-civ-spouse,Craft-repair,Husband,White,Male,United-States,<=50K
59,190514,7,0,0,20,Self-emp-not-inc,11th,Married-civ-spouse,Craft-repair,Husband,White,Male,United-States,<=50K
33,165235,13,0,0,35,Private,Bachelors,Never-married,Other-service,Not-in-family,Asian-Pac-Islander,Female,Thailand,<=50K
41,207578,12,0,0,50,Private,Assoc-acdm,Married-civ-spouse,Exec-managerial,Husband,Black,Male,India,>50K
48,192791,9,0,0,40,Private,HS-grad,Married-civ-spouse,Machine-op-inspct,Husband,White,Male,United-States,<=50K
40,199303,9,0,0,40,Private,HS-grad,Married-civ-spouse,Adm-clerical,Husband,White,Male,United-States,<=50K
26,150553,13,0,0,50,Local-gov,Bachelors,Never-married,Adm-clerical,Own-child,Asian-Pac-Islander,Female,United-States,<=50K
33,206512,10,0,0,40,Private,Some-college,Divorced,Prof-specialty,Not-in-family,White,Male,United-States,<=50K
27,130856,13,0,0,40,MISSING,Bachelors,Never-married,MISSING,Not-in-family,White,Male,United-States,<=50K
45,102771,9,0,1887,40,Private,HS-grad,Married-civ-spouse,Craft-repair,Husband,White,Male,United-States,>50K
24,163665,13,0,0,40,Private,Bachelors,Never-married,Other-service,Own-child,White,Female,United-States,<=50K
54,230387,9,0,0,35,Federal-gov,HS-grad,Widowed,Adm-clerical,Unmarried,White,Female,United-States,<=50K
52,48925,10,0,0,40,Private,Some-college,Married-civ-spouse,Adm-clerical,Husband,White,Male,United-States,<=50K
34,93834,9,0,0,8,MISSING,HS-grad,Separated,MISSING,Own-child,White,Female,United-States,<=50K
38,142022,9,0,0,40,State-gov,HS-grad,Married-civ-spouse,Adm-clerical,Wife,Black,Female,United-States,<=50K
29,100579,11,0,0,40,Private,Assoc-voc,Divorced,Exec-managerial,Not-in-family,White,Female,United-States,<=50K
60,376133,9,15024,0,15,Self-emp-inc,HS-grad,Married-civ-spouse,Adm-clerical,Wife,White,Female,United-States,>50K
60,63526,13,0,0,40,Federal-gov,Bachelors,Married-civ-spouse,Adm-clerical,Husband,Black,Male,United-States,>50K
38,439592,10,0,0,40,Private,Some-college,Never-married,Other-service,Own-child,Black,Female,United-States,<=50K
23,189461,9,0,0,55,Private,HS-grad,Never-married,Sales,Other-relative,White,Male,United-States,<=50K
56,93415,9,0,0,40,State-gov,HS-grad,Widowed,Adm-clerical,Unmarried,Asian-Pac-Islander,Female,United-States,<=50K
25,98283,13,0,0,40,Private,Bachelors,Never-married,Prof-specialty,Own-child,Asian-Pac-Islander,Male,United-States,<=50K
37,118681,9,0,0,38,Private,HS-grad,Never-married,Machine-op-inspct,Not-in-family,White,Male,Puerto-Rico,<=50K
22,24008,10,0,0,72,MISSING,Some-college,Never-married,MISSING,Own-child,White,Male,United-States,<=50K
22,243178,13,0,0,20,Private,Bachelors,Never-married,Adm-clerical,Own-child,White,Male,United-States,<=50K
22,124942,10,0,0,45,State-gov,Some-college,Never-married,Other-service,Own-child,White,Male,United-States,<=50K
22,367655,10,0,0,40,MISSING,Some-college,Never-married,MISSING,Own-child,White,Male,United-States,<=50K
51,159755,14,0,0,40,Local-gov,Masters,Married-civ-spouse,Prof-specialty,Husband,White,Male,United-States,>50K
48,332465,13,0,0,35,Private,Bachelors,Married-civ-spouse,Prof-specialty,Husband,White,Male,United-States,<=50K
53,33304,15,0,0,38,Self-emp-not-inc,Prof-school,Married-civ-spouse,Prof-specialty,Husband,White,Male,United-States,>50K
65,221881,7,0,0,40,MISSING,11th,Married-civ-spouse,MISSING,Husband,White,Male,Mexico,<=50K
37,177285,11,0,0,48,Private,Assoc-voc,Married-civ-spouse,Adm-clerical,Wife,Black,Female,United-States,>50K
33,388741,10,0,0,38,Private,Some-college,Never-married,Adm-clerical,Unmarried,Other,Female,United-States,<=50K
34,199227,9,0,0,50,Private,HS-grad,Divorced,Transport-moving,Not-in-family,White,Male,United-States,<=50K
46,171095,12,0,0,38,Private,Assoc-acdm,Divorced,Sales,Unmarried,White,Female,United-States,<=50K
41,205153,11,0,0,40,Private,Assoc-voc,Married-civ-spouse,Exec-managerial,Husband,White,Male,United-States,<=50K
26,97698,14,0,0,32,Private,Masters,Never-married,Exec-managerial,Not-in-family,White,Male,United-States,<=50K
38,359001,11,0,0,42,Private,Assoc-voc,Married-civ-spouse,Prof-specialty,Husband,White,Male,United-States,<=50K
23,140764,11,0,0,15,Private,Assoc-voc,Never-married,Other-service,Own-child,White,Female,United-States,<=50K
20,258490,10,0,0,35,Private,Some-college,Never-married,Sales,Not-in-family,White,Female,United-States,<=50K
74,99183,10,0,0,9,Private,Some-college,Divorced,Adm-clerical,Not-in-family,White,Female,United-States,<=50K
39,134367,14,0,1977,24,Private,Masters,Married-civ-spouse,Prof-specialty,Wife,White,Female,United-States,>50K
25,182656,11,0,0,40,Private,Assoc-voc,Divorced,Adm-clerical,Unmarried,White,Female,United-States,<=50K
25,245628,10,0,0,15,Private,Some-college,Never-married,Tech-support,Own-child,White,Male,Mexico,<=50K
69,269499,9,0,0,8,Private,HS-grad,Widowed,Handlers-cleaners,Not-in-family,White,Female,United-States,<=50K
56,35373,10,0,0,30,Private,Some-college,Divorced,Other-service,Not-in-family,White,Male,United-States,<=50K
63,71800,4,0,0,41,Private,7th-8th,Widowed,Other-service,Not-in-family,White,Female,United-States,<=50K
20,218343,9,0,0,25,Private,HS-grad,Never-married,Other-service,Own-child,White,Female,United-States,<=50K
20,238685,10,0,0,30,Private,Some-college,Never-married,Sales,Not-in-family,White,Female,United-States,<=50K
49,169042,9,0,625,40,Private,HS-grad,Separated,Prof-specialty,Unmarried,White,Female,Puerto-Rico,<=50K
48,121124,10,0,0,35,Self-emp-not-inc,Some-college,Married-civ-spouse,Prof-specialty,Husband,White,Male,United-States,>50K
60,109511,4,0,0,40,Private,7th-8th,Married-civ-spouse,Handlers-cleaners,Husband,White,Male,United-States,<=50K
63,321403,5,0,0,40,MISSING,9th,Separated,MISSING,Not-in-family,Black,Male,United-States,<=50K
40,233130,4,0,0,40,Private,7th-8th,Married-civ-spouse,Craft-repair,Husband,White,Male,El-Salvador,<=50K
31,124420,7,0,0,40,Private,11th,Married-civ-spouse,Craft-repair,Husband,White,Male,United-States,<=50K
29,243660,9,0,0,50,Private,HS-grad,Married-civ-spouse,Machine-op-inspct,Husband,White,Male,United-States,>50K
60,141580,14,0,0,40,MISSING,Masters,Married-civ-spouse,MISSING,Husband,White,Male,United-States,<=50K
23,197666,10,0,0,24,Private,Some-college,Never-married,Adm-clerical,Not-in-family,White,Female,Greece,<=50K
24,100669,10,0,0,30,Private,Some-college,Never-married,Handlers-cleaners,Own-child,Asian-Pac-Islander,Male,United-States,<=50K
41,122381,10,0,1887,50,Private,Some-college,Married-civ-spouse,Craft-repair,Husband,White,Male,United-States,>50K
64,142166,13,0,0,45,Self-emp-inc,Bachelors,Divorced,Sales,Not-in-family,White,Male,United-States,<=50K
45,137604,10,0,0,40,Private,Some-college,Never-married,Other-service,Not-in-family,White,Male,United-States,<=50K
53,168107,13,0,0,40,Private,Bachelors,Married-civ-spouse,Exec-managerial,Husband,White,Male,United-States,>50K
48,108699,9,0,0,40,Private,HS-grad,Never-married,Adm-clerical,Not-in-family,White,Female,United-States,<=50K
47,167787,9,0,0,40,Private,HS-grad,Never-married,Adm-clerical,Other-relative,White,Female,United-States,<=50K
42,228456,13,0,0,50,Private,Bachelors,Separated,Other-service,Other-relative,Black,Male,United-States,<=50K
21,182823,13,0,0,30,Private,Bachelors,Never-married,Sales,Own-child,White,Male,United-States,<=50K
27,160972,9,0,0,50,Private,HS-grad,Married-civ-spouse,Craft-repair,Husband,White,Male,United-States,<=50K
40,341835,9,0,0,45,Private,HS-grad,Never-married,Exec-managerial,Not-in-family,White,Female,United-States,<=50K
34,157289,9,0,0,40,MISSING,HS-grad,Married-civ-spouse,MISSING,Husband,White,Male,United-States,<=50K
23,219535,9,0,0,40,Private,HS-grad,Never-married,Exec-managerial,Own-child,White,Male,United-States,<=50K
41,287306,9,0,1902,40,Private,HS-grad,Married-civ-spouse,Prof-specialty,Husband,White,Male,United-States,>50K
62,159939,9,0,0,35,Self-emp-not-inc,HS-grad,Married-civ-spouse,Farming-fishing,Husband,White,Male,United-States,<=50K
30,39054,9,0,0,40,Private,HS-grad,Married-civ-spouse,Sales,Husband,White,Male,United-States,<=50K
61,72886,9,0,0,38,MISSING,HS-grad,Married-civ-spouse,MISSING,Husband,White,Male,United-States,>50K
41,204662,14,0,0,45,Private,Masters,Married-civ-spouse,Exec-managerial,Husband,White,Male,United-States,>50K
28,429507,12,0,0,40,Private,Assoc-acdm,Married-civ-spouse,Handlers-cleaners,Husband,Black,Male,United-States,<=50K
49,179869,9,0,0,40,Private,HS-grad,Married-civ-spouse,Craft-repair,Husband,White,Male,United-States,>50K
24,143062,9,0,0,30,Self-emp-not-inc,HS-grad,Never-married,Other-service,Own-child,White,Male,United-States,<=50K
33,217460,12,0,0,40,Private,Assoc-acdm,Married-civ-spouse,Prof-specialty,Husband,White,Male,United-States,>50K
25,25249,10,0,0,40,Private,Some-college,Never-married,Adm-clerical,Not-in-family,White,Female,United-States,<=50K
23,120046,12,0,0,40,Private,Assoc-acdm,Never-married,Adm-clerical,Own-child,White,Male,United-States,<=50K
69,41419,4,0,0,20,Private,7th-8th,Married-civ-spouse,Other-service,Husband,White,Male,United-States,<=50K
26,302097,9,3464,0,48,Private,HS-grad,Married-civ-spouse,Machine-op-inspct,Husband,White,Male,United-States,<=50K
43,336042,9,0,0,40,Private,HS-grad,Separated,Transport-moving,Not-in-family,White,Male,United-States,<=50K
62,272209,9,0,0,99,Private,HS-grad,Divorced,Priv-house-serv,Unmarried,Black,Female,United-States,<=50K
65,204042,9,0,0,20,Private,HS-grad,Divorced,Protective-serv,Not-in-family,White,Male,United-States,<=50K
31,62932,9,0,0,40,Private,HS-grad,Never-married,Craft-repair,Own-child,White,Male,United-States,<=50K
18,174394,9,0,0,20,Private,HS-grad,Never-married,Other-service,Own-child,White,Female,United-States,<=50K
18,184277,9,0,0,25,Private,HS-grad,Never-married,Sales,Own-child,White,Female,United-States,<=50K
34,183778,9,0,0,40,Private,HS-grad,Married-civ-spouse,Craft-repair,Husband,White,Male,United-States,<=50K
27,113054,9,0,0,43,Private,HS-grad,Separated,Machine-op-inspct,Not-in-family,White,Male,United-States,<=50K
50,310774,13,0,0,35,Private,Bachelors,Married-civ-spouse,Sales,Husband,White,Male,United-States,<=50K
34,117392,14,0,0,40,Local-gov,Masters,Never-married,Prof-specialty,Not-in-family,White,Female,United-States,<=50K
42,98427,9,0,0,35,Private,HS-grad,Married-civ-spouse,Other-service,Wife,Black,Female,United-States,<=50K
25,338013,10,0,0,40,Private,Some-college,Divorced,Tech-support,Not-in-family,White,Female,United-States,<=50K
67,141085,9,0,0,20,Self-emp-not-inc,HS-grad,Divorced,Prof-specialty,Not-in-family,White,Female,United-States,<=50K
30,154950,13,0,0,72,Local-gov,Bachelors,Married-civ-spouse,Protective-serv,Husband,White,Male,United-States,>50K
24,184216,10,0,0,40,State-gov,Some-college,Never-married,Adm-clerical,Own-child,White,Female,United-States,<=50K
51,213296,13,0,0,40,State-gov,Bachelors,Widowed,Adm-clerical,Not-in-family,White,Male,United-States,<=50K
25,344719,9,0,0,4,MISSING,HS-grad,Married-civ-spouse,MISSING,Wife,White,Female,United-States,<=50K
38,140854,13,0,0,40,Private,Bachelors,Married-civ-spouse,Tech-support,Husband,White,Male,United-States,>50K
49,195949,9,0,0,40,Federal-gov,HS-grad,Married-civ-spouse,Machine-op-inspct,Husband,White,Male,United-States,<=50K
60,43235,13,0,0,50,Private,Bachelors,Married-civ-spouse,Prof-specialty,Husband,White,Male,United-States,>50K
25,32276,9,0,0,28,Private,HS-grad,Never-married,Craft-repair,Own-child,White,Male,United-States,<=50K
51,162745,9,7298,0,50,Private,HS-grad,Married-civ-spouse,Craft-repair,Husband,White,Male,United-States,>50K
55,322691,14,3103,0,55,Self-emp-not-inc,Masters,Married-civ-spouse,Sales,Husband,White,Male,United-States,>50K
52,71768,10,0,0,40,Private,Some-college,Divorced,Adm-clerical,Not-in-family,White,Female,United-States,<=50K
30,198183,11,0,0,40,Private,Assoc-voc,Never-married,Prof-specialty,Not-in-family,White,Female,United-States,<=50K
36,283122,9,0,1902,60,Self-emp-not-inc,HS-grad,Married-civ-spouse,Farming-fishing,Husband,White,Male,United-States,>50K
68,168794,4,0,0,30,Private,7th-8th,Married-civ-spouse,Other-service,Husband,White,Male,United-States,<=50K
50,146603,15,0,0,40,Self-emp-not-inc,Prof-school,Married-civ-spouse,Prof-specialty,Husband,White,Male,United-States,>50K
31,90668,6,0,0,40,Private,10th,Never-married,Other-service,Not-in-family,White,Female,United-States,<=50K
51,229465,14,15024,0,50,Self-emp-inc,Masters,Married-civ-spouse,Exec-managerial,Husband,White,Male,United-States,>50K
30,205418,9,0,0,20,MISSING,HS-grad,Married-civ-spouse,MISSING,Wife,White,Female,United-States,<=50K
47,125892,10,0,0,75,Private,Some-college,Married-civ-spouse,Craft-repair,Husband,White,Male,United-States,>50K
21,138768,10,0,0,40,Private,Some-college,Never-married,Sales,Own-child,White,Male,United-States,<=50K
18,256967,6,0,0,40,Private,10th,Never-married,Sales,Other-relative,Black,Female,United-States,<=50K
42,238188,14,0,0,35,Local-gov,Masters,Married-civ-spouse,Prof-specialty,Husband,White,Male,United-States,>50K
35,204590,11,0,0,40,Private,Assoc-voc,Married-civ-spouse,Other-service,Wife,Black,Female,United-States,>50K
56,235826,9,5013,0,40,Private,HS-grad,Married-civ-spouse,Craft-repair,Husband,White,Male,United-States,<=50K
68,223851,9,0,0,24,Private,HS-grad,Married-civ-spouse,Adm-clerical,Husband,White,Male,United-States,<=50K
42,314649,9,0,0,40,Private,HS-grad,Married-spouse-absent,Handlers-cleaners,Other-relative,Asian-Pac-Islander,Male,MISSING,<=50K
50,165050,6,0,0,40,Private,10th,Married-civ-spouse,Craft-repair,Husband,White,Male,United-States,>50K
69,50468,15,0,0,34,State-gov,Prof-school,Married-civ-spouse,Adm-clerical,Husband,White,Male,United-States,>50K
43,265698,13,0,0,45,Local-gov,Bachelors,Married-civ-spouse,Prof-specialty,Wife,White,Female,United-States,>50K
42,328239,10,0,0,40,Private,Some-college,Never-married,Other-service,Not-in-family,White,Male,United-States,<=50K
60,106850,6,0,0,40,Private,10th,Divorced,Machine-op-inspct,Not-in-family,White,Female,United-States,<=50K
22,297380,9,0,0,40,Private,HS-grad,Never-married,Sales,Own-child,Black,Female,United-States,<=50K
54,114520,10,0,0,40,Self-emp-not-inc,Some-college,Married-civ-spouse,Sales,Husband,White,Male,United-States,<=50K
26,151810,6,0,0,40,Private,10th,Never-married,Farming-fishing,Not-in-family,Black,Male,United-States,<=50K
62,29828,9,0,0,40,Private,HS-grad,Married-civ-spouse,Transport-moving,Husband,White,Male,United-States,<=50K
24,153583,10,0,0,40,Private,Some-college,Never-married,Sales,Own-child,White,Female,United-States,<=50K
35,192923,9,0,2377,40,Private,HS-grad,Married-civ-spouse,Craft-repair,Husband,White,Male,United-States,<=50K
54,108435,10,2829,0,30,Self-emp-not-inc,Some-college,Married-civ-spouse,Transport-moving,Husband,White,Male,United-States,<=50K
60,135470,3,0,0,40,Private,5th-6th,Married-civ-spouse,Craft-repair,Husband,White,Male,Mexico,<=50K
22,195532,10,0,0,43,Local-gov,Some-college,Never-married,Protective-serv,Other-relative,White,Female,United-States,<=50K
61,477209,4,0,0,54,Private,7th-8th,Married-civ-spouse,Farming-fishing,Husband,White,Male,United-States,<=50K
42,266135,10,0,0,52,Local-gov,Some-college,Married-civ-spouse,Protective-serv,Husband,White,Male,United-States,>50K
54,163815,14,0,0,60,Self-emp-not-inc,Masters,Divorced,Sales,Not-in-family,White,Male,United-States,<=50K
53,197184,14,0,0,70,State-gov,Masters,Married-civ-spouse,Exec-managerial,Husband,White,Male,United-States,>50K
50,164127,9,0,0,40,Local-gov,HS-grad,Never-married,Other-service,Not-in-family,Black,Female,United-States,<=50K
21,286824,10,0,0,12,Private,Some-college,Never-married,Handlers-cleaners,Own-child,White,Male,United-States,<=50K
33,79923,10,0,0,20,Private,Some-college,Married-civ-spouse,Sales,Husband,White,Male,United-States,<=50K
41,178002,9,0,0,40,Private,HS-grad,Married-civ-spouse,Adm-clerical,Wife,White,Female,United-States,>50K
40,210275,9,0,0,40,Private,HS-grad,Separated,Transport-moving,Unmarried,Black,Female,United-States,<=50K
37,138441,9,0,0,40,Private,HS-grad,Divorced,Transport-moving,Not-in-family,White,Male,United-States,<=50K
19,159796,10,0,0,12,Private,Some-college,Never-married,Other-service,Own-child,White,Female,United-States,<=50K
19,407759,9,0,0,40,Private,HS-grad,Never-married,Adm-clerical,Own-child,White,Male,United-States,<=50K
26,104614,13,0,0,40,Local-gov,Bachelors,Never-married,Prof-specialty,Own-child,White,Female,United-States,<=50K
57,119253,14,15024,0,65,Self-emp-inc,Masters,Married-civ-spouse,Sales,Husband,White,Male,United-States,>50K
38,169926,12,0,1902,40,Private,Assoc-acdm,Married-civ-spouse,Exec-managerial,Wife,White,Female,United-States,>50K
24,404416,10,0,0,40,Private,Some-college,Never-married,Handlers-cleaners,Not-in-family,White,Male,United-States,<=50K
24,247734,13,0,0,30,MISSING,Bachelors,Never-married,MISSING,Own-child,White,Male,United-States,<=50K
67,224984,9,15831,0,16,Private,HS-grad,Widowed,Adm-clerical,Not-in-family,White,Female,Germany,>50K
42,193537,4,0,0,35,Local-gov,7th-8th,Married-spouse-absent,Other-service,Not-in-family,White,Female,Puerto-Rico,<=50K
53,130143,9,0,0,48,Private,HS-grad,Married-civ-spouse,Machine-op-inspct,Husband,White,Male,United-States,<=50K
43,355728,9,0,0,40,Private,HS-grad,Divorced,Machine-op-inspct,Own-child,White,Male,United-States,<=50K
27,161683,7,0,0,42,Private,11th,Married-civ-spouse,Machine-op-inspct,Husband,White,Male,United-States,<=50K
44,378251,9,0,0,38,Private,HS-grad,Married-civ-spouse,Adm-clerical,Wife,White,Female,United-States,<=50K
45,253116,6,0,0,40,Private,10th,Divorced,Other-service,Unmarried,Black,Female,United-States,<=50K
20,299399,10,0,0,20,Private,Some-college,Never-married,Sales,Own-child,White,Female,United-States,<=50K
43,184378,13,0,0,35,Private,Bachelors,Married-civ-spouse,Prof-specialty,Husband,White,Male,United-States,<=50K
19,85690,9,0,0,30,Private,HS-grad,Never-married,Machine-op-inspct,Unmarried,White,Male,United-States,<=50K
56,132026,13,7688,0,45,Private,Bachelors,Married-civ-spouse,Sales,Husband,Black,Male,United-States,>50K
28,213081,7,0,0,40,Private,11th,Never-married,Other-service,Not-in-family,Black,Female,Jamaica,<=50K
67,212705,14,0,0,55,Private,Masters,Married-spouse-absent,Exec-managerial,Not-in-family,White,Male,United-States,>50K
50,74879,9,0,0,40,Private,HS-grad,Married-spouse-absent,Handlers-cleaners,Unmarried,White,Female,United-States,<=50K
39,401832,10,0,0,48,Private,Some-college,Married-civ-spouse,Exec-managerial,Husband,White,Male,United-States,<=50K
55,256335,13,0,0,40,State-gov,Bachelors,Divorced,Exec-managerial,Unmarried,Black,Male,United-States,<=50K
30,263150,9,0,0,20,Private,HS-grad,Divorced,Machine-op-inspct,Unmarried,White,Female,United-States,<=50K
45,213620,9,0,0,40,Private,HS-grad,Never-married,Other-service,Own-child,White,Female,United-States,<=50K
31,168312,11,0,0,40,Federal-gov,Assoc-voc,Never-married,Exec-managerial,Not-in-family,White,Female,United-States,<=50K
21,205838,9,0,0,37,Private,HS-grad,Never-married,Other-service,Own-child,White,Male,United-States,<=50K
47,99911,8,0,0,55,Private,12th,Married-spouse-absent,Exec-managerial,Not-in-family,White,Female,United-States,<=50K
27,176727,13,0,0,40,State-gov,Bachelors,Never-married,Prof-specialty,Not-in-family,White,Male,United-States,<=50K
42,176286,12,0,0,40,Private,Assoc-acdm,Married-civ-spouse,Exec-managerial,Husband,White,Male,United-States,>50K
39,180667,10,0,0,40,Private,Some-college,Married-civ-spouse,Machine-op-inspct,Husband,White,Male,United-States,<=50K
50,165001,13,0,0,50,Private,Bachelors,Married-civ-spouse,Craft-repair,Husband,White,Male,United-States,<=50K
34,154874,9,4416,0,30,Private,HS-grad,Never-married,Machine-op-inspct,Not-in-family,White,Male,United-States,<=50K
40,224658,10,0,0,40,Private,Some-college,Married-civ-spouse,Sales,Other-relative,White,Male,United-States,<=50K
51,168539,12,0,0,40,Self-emp-not-inc,Assoc-acdm,Married-civ-spouse,Exec-managerial,Husband,White,Male,United-States,<=50K
20,213719,9,0,0,20,Private,HS-grad,Never-married,Sales,Own-child,Black,Female,United-States,<=50K
49,126446,10,0,0,30,Local-gov,Some-college,Never-married,Other-service,Unmarried,White,Female,United-States,<=50K
30,270886,10,0,0,40,Private,Some-college,Never-married,Other-service,Own-child,White,Female,United-States,<=50K
18,59342,7,0,0,5,State-gov,11th,Never-married,Adm-clerical,Own-child,White,Female,United-States,<=50K
40,102226,9,0,0,40,Self-emp-inc,HS-grad,Married-civ-spouse,Exec-managerial,Husband,White,Male,United-States,<=50K
24,266926,10,0,0,40,Private,Some-college,Married-civ-spouse,Handlers-cleaners,Husband,White,Male,United-States,<=50K
41,112763,14,7430,0,36,Local-gov,Masters,Divorced,Prof-specialty,Unmarried,White,Female,United-States,>50K
90,51744,14,0,0,50,Private,Masters,Never-married,Exec-managerial,Not-in-family,Black,Male,United-States,>50K
37,334314,9,0,0,40,Federal-gov,HS-grad,Divorced,Adm-clerical,Unmarried,White,Female,United-States,<=50K
43,237993,10,0,0,40,Private,Some-college,Married-civ-spouse,Tech-support,Husband,White,Male,United-States,>50K
43,146908,10,0,0,40,State-gov,Some-college,Married-civ-spouse,Craft-repair,Husband,White,Male,MISSING,<=50K
46,228372,13,0,0,40,Private,Bachelors,Divorced,Sales,Unmarried,White,Male,United-States,>50K
39,99156,16,0,0,50,State-gov,Doctorate,Married-civ-spouse,Prof-specialty,Husband,White,Male,United-States,>50K
59,104216,15,0,0,25,Self-emp-not-inc,Prof-school,Married-civ-spouse,Sales,Husband,White,Male,United-States,<=50K
27,126060,13,0,0,40,Private,Bachelors,Never-married,Exec-managerial,Not-in-family,White,Female,United-States,<=50K
38,745768,10,0,0,45,Local-gov,Some-college,Divorced,Exec-managerial,Unmarried,Black,Female,United-States,<=50K
56,104945,4,0,0,40,Private,7th-8th,Married-civ-spouse,Other-service,Husband,Black,Male,United-States,<=50K
40,214010,13,0,0,37,Private,Bachelors,Never-married,Other-service,Not-in-family,White,Male,United-States,<=50K
30,423770,10,0,0,40,Private,Some-college,Never-married,Prof-specialty,Own-child,White,Male,Mexico,<=50K
62,370881,12,0,0,7,Private,Assoc-acdm,Widowed,Other-service,Not-in-family,White,Female,United-States,<=50K
51,186338,9,0,0,40,Private,HS-grad,Married-civ-spouse,Craft-repair,Husband,White,Male,United-States,>50K
23,162228,9,0,0,40,Private,HS-grad,Never-married,Transport-moving,Own-child,White,Male,United-States,<=50K
47,148995,14,0,0,65,Private,Masters,Married-civ-spouse,Exec-managerial,Husband,White,Male,United-States,>50K
33,222162,9,0,0,40,Self-emp-not-inc,HS-grad,Married-civ-spouse,Craft-repair,Husband,White,Male,United-States,<=50K
30,79303,11,0,0,60,Self-emp-not-inc,Assoc-voc,Married-civ-spouse,Farming-fishing,Husband,White,Male,United-States,<=50K
46,504725,3,0,0,50,Private,5th-6th,Separated,Handlers-cleaners,Not-in-family,White,Male,Mexico,<=50K
52,117674,10,0,0,40,Private,Some-college,Married-civ-spouse,Exec-managerial,Husband,White,Male,United-States,>50K
28,195607,9,0,0,40,Self-emp-not-inc,HS-grad,Married-civ-spouse,Sales,Wife,White,Female,United-States,<=50K
23,86065,8,0,0,30,Private,12th,Never-married,Other-service,Not-in-family,White,Female,United-States,<=50K
61,176965,15,0,0,50,Self-emp-not-inc,Prof-school,Married-civ-spouse,Prof-specialty,Husband,White,Male,United-States,>50K
37,412296,9,0,0,35,Private,HS-grad,Married-civ-spouse,Craft-repair,Husband,White,Male,Mexico,>50K
27,113501,14,0,0,45,Private,Masters,Never-married,Adm-clerical,Own-child,White,Male,United-States,<=50K
37,202027,14,7688,0,50,Private,Masters,Married-civ-spouse,Adm-clerical,Husband,White,Male,United-States,>50K
52,286342,9,0,0,38,Private,HS-grad,Divorced,Machine-op-inspct,Not-in-family,White,Female,United-States,<=50K
27,181280,14,0,0,30,Private,Masters,Never-married,Handlers-cleaners,Unmarried,White,Male,United-States,<=50K
44,212894,15,0,0,55,Private,Prof-school,Divorced,Prof-specialty,Not-in-family,White,Male,United-States,>50K
23,210029,10,0,0,20,Local-gov,Some-college,Never-married,Adm-clerical,Own-child,White,Female,United-States,<=50K
29,109621,9,0,0,40,Private,HS-grad,Married-civ-spouse,Craft-repair,Husband,White,Male,United-States,<=50K
43,116852,9,0,0,36,Private,HS-grad,Married-civ-spouse,Exec-managerial,Wife,White,Female,Portugal,>50K
45,135044,9,0,0,40,Private,HS-grad,Divorced,Machine-op-inspct,Not-in-family,White,Female,United-States,<=50K
29,224215,10,0,0,40,Private,Some-college,Married-civ-spouse,Craft-repair,Husband,White,Male,United-States,>50K
52,165681,10,0,0,40,Private,Some-college,Married-civ-spouse,Craft-repair,Husband,White,Male,United-States,>50K
37,204501,13,0,0,20,Self-emp-not-inc,Bachelors,Married-civ-spouse,Sales,Husband,White,Male,Canada,>50K
24,241523,9,0,0,45,Private,HS-grad,Married-civ-spouse,Other-service,Husband,White,Male,United-States,>50K
26,105059,5,0,0,20,Private,9th,Married-civ-spouse,Craft-repair,Husband,White,Male,United-States,<=50K
36,235371,9,0,0,40,Private,HS-grad,Never-married,Sales,Not-in-family,White,Female,United-States,<=50K
29,125190,9,0,0,40,Self-emp-not-inc,HS-grad,Married-civ-spouse,Craft-repair,Husband,White,Male,United-States,<=50K
50,22211,14,7688,0,50,Private,Masters,Married-civ-spouse,Prof-specialty,Husband,White,Male,United-States,>50K
34,189843,9,0,0,40,State-gov,HS-grad,Married-civ-spouse,Adm-clerical,Husband,White,Male,United-States,<=50K
37,176073,10,0,0,50,Private,Some-college,Divorced,Craft-repair,Not-in-family,White,Male,United-States,<=50K
56,99359,9,0,1617,40,Private,HS-grad,Divorced,Adm-clerical,Unmarried,White,Female,United-States,<=50K
31,110643,13,0,0,40,Private,Bachelors,Married-civ-spouse,Prof-specialty,Husband,White,Male,United-States,>50K
38,75024,4,0,0,40,MISSING,7th-8th,Divorced,MISSING,Not-in-family,White,Female,United-States,<=50K
45,170871,9,15024,0,55,Self-emp-inc,HS-grad,Married-civ-spouse,Exec-managerial,Husband,White,Male,United-States,>50K
49,213354,14,0,0,70,Self-emp-inc,Masters,Separated,Exec-managerial,Not-in-family,White,Male,United-States,>50K
49,185385,12,0,0,45,Private,Assoc-acdm,Married-civ-spouse,Sales,Husband,White,Male,United-States,<=50K
26,184026,10,0,0,50,Private,Some-college,Never-married,Prof-specialty,Not-in-family,Other,Male,United-States,<=50K
34,287908,9,0,0,42,State-gov,HS-grad,Never-married,Other-service,Own-child,Black,Male,United-States,<=50K
55,414994,9,0,0,40,Private,HS-grad,Married-civ-spouse,Craft-repair,Husband,White,Male,United-States,<=50K
18,177648,9,0,0,25,Private,HS-grad,Never-married,Sales,Own-child,White,Female,United-States,<=50K
23,250630,14,0,0,30,Private,Masters,Never-married,Prof-specialty,Not-in-family,White,Female,United-States,<=50K
34,123084,7,0,0,40,Private,11th,Married-civ-spouse,Machine-op-inspct,Own-child,White,Female,United-States,<=50K
62,68461,16,0,0,40,MISSING,Doctorate,Married-civ-spouse,MISSING,Husband,Amer-Indian-Eskimo,Male,United-States,>50K
18,79443,5,0,0,40,Private,9th,Never-married,Machine-op-inspct,Own-child,White,Male,Mexico,<=50K
45,108100,13,99999,0,25,Self-emp-inc,Bachelors,Married-civ-spouse,Exec-managerial,Wife,Asian-Pac-Islander,Female,MISSING,>50K
49,216453,11,0,0,45,Federal-gov,Assoc-voc,Divorced,Exec-managerial,Unmarried,Black,Female,United-States,<=50K
26,159603,12,0,0,32,Private,Assoc-acdm,Never-married,Adm-clerical,Unmarried,White,Female,United-States,<=50K
43,131435,13,0,0,40,Private,Bachelors,Divorced,Other-service,Not-in-family,White,Female,United-States,<=50K
24,152189,9,0,0,40,Private,HS-grad,Never-married,Craft-repair,Own-child,White,Male,United-States,<=50K
44,268098,8,0,0,36,Private,12th,Never-married,Transport-moving,Not-in-family,Black,Male,United-States,<=50K
23,340543,13,0,0,38,Private,Bachelors,Never-married,Exec-managerial,Not-in-family,White,Female,United-States,<=50K
63,174018,10,0,0,40,Private,Some-college,Married-civ-spouse,Sales,Husband,Black,Male,United-States,>50K
22,190903,7,0,0,20,Private,11th,Married-civ-spouse,Adm-clerical,Wife,White,Female,United-States,<=50K
64,108082,10,0,0,40,MISSING,Some-college,Married-civ-spouse,MISSING,Husband,White,Male,United-States,<=50K
46,85109,10,0,1628,40,Private,Some-college,Married-civ-spouse,Machine-op-inspct,Husband,White,Male,United-States,<=50K
79,266119,13,0,0,40,Private,Bachelors,Married-civ-spouse,Sales,Husband,White,Male,United-States,<=50K
22,171176,9,0,0,48,Private,HS-grad,Never-married,Other-service,Not-in-family,White,Female,MISSING,<=50K
49,123207,9,0,0,44,Private,HS-grad,Never-married,Adm-clerical,Not-in-family,White,Female,United-States,<=50K
34,160261,9,14084,0,35,Private,HS-grad,Never-married,Tech-support,Own-child,Asian-Pac-Islander,Male,China,>50K
40,173607,6,0,0,40,Private,10th,Married-civ-spouse,Transport-moving,Husband,White,Male,United-States,<=50K
27,137645,13,0,1590,40,Private,Bachelors,Never-married,Sales,Not-in-family,Black,Female,United-States,<=50K
31,83748,10,0,0,70,Self-emp-inc,Some-college,Married-civ-spouse,Exec-managerial,Wife,Asian-Pac-Islander,Female,South,<=50K
33,263561,9,0,0,60,Private,HS-grad,Divorced,Craft-repair,Not-in-family,White,Male,United-States,<=50K
23,274424,7,0,0,40,Private,11th,Separated,Other-service,Unmarried,White,Female,United-States,<=50K
25,193787,10,0,0,50,Private,Some-college,Never-married,Machine-op-inspct,Own-child,White,Female,United-States,<=50K
43,180096,14,0,0,40,Local-gov,Masters,Married-civ-spouse,Prof-specialty,Husband,White,Male,United-States,>50K
17,295308,7,0,0,20,Private,11th,Never-married,Priv-house-serv,Own-child,White,Female,United-States,<=50K
23,278254,9,0,0,45,Private,HS-grad,Married-civ-spouse,Machine-op-inspct,Husband,Black,Male,United-States,<=50K
60,117509,5,0,0,40,Private,9th,Married-civ-spouse,Craft-repair,Husband,White,Male,United-States,<=50K
54,155408,9,0,0,40,Private,HS-grad,Widowed,Handlers-cleaners,Unmarried,White,Female,United-States,<=50K
17,342752,7,0,0,15,Private,11th,Never-married,Other-service,Own-child,White,Male,United-States,<=50K
21,197918,9,0,0,40,Private,HS-grad,Never-married,Transport-moving,Own-child,White,Male,United-States,<=50K
52,99602,9,0,0,40,Private,HS-grad,Separated,Craft-repair,Own-child,Black,Female,United-States,<=50K
46,226871,13,0,0,50,Local-gov,Bachelors,Divorced,Protective-serv,Not-in-family,Black,Male,United-States,>50K
28,139903,13,0,0,40,Private,Bachelors,Never-married,Machine-op-inspct,Unmarried,Black,Female,United-States,<=50K
36,181322,13,0,0,45,Private,Bachelors,Divorced,Exec-managerial,Not-in-family,White,Female,United-States,<=50K
55,90414,13,0,0,55,Private,Bachelors,Married-spouse-absent,Craft-repair,Unmarried,White,Female,Ireland,<=50K
32,62374,11,0,0,40,Private,Assoc-voc,Married-civ-spouse,Transport-moving,Husband,White,Male,United-States,<=50K
74,95825,10,0,0,3,MISSING,Some-college,Widowed,MISSING,Not-in-family,White,Female,United-States,<=50K
39,194004,9,0,0,70,Self-emp-not-inc,HS-grad,Married-civ-spouse,Sales,Husband,White,Male,United-States,<=50K
52,117674,13,0,0,38,Private,Bachelors,Never-married,Prof-specialty,Not-in-family,White,Male,United-States,<=50K
35,200426,9,0,0,12,MISSING,HS-grad,Married-civ-spouse,MISSING,Wife,White,Female,United-States,<=50K
30,188146,9,5013,0,40,Private,HS-grad,Married-civ-spouse,Machine-op-inspct,Husband,White,Male,United-States,<=50K
22,204226,9,0,0,40,Private,HS-grad,Never-married,Exec-managerial,Own-child,White,Female,United-States,<=50K
50,231196,13,0,0,50,Self-emp-not-inc,Bachelors,Divorced,Sales,Not-in-family,White,Male,United-States,<=50K
32,187560,15,3908,0,40,Private,Prof-school,Married-civ-spouse,Prof-specialty,Husband,White,Male,United-States,<=50K
25,256620,13,0,0,40,Private,Bachelors,Separated,Exec-managerial,Not-in-family,White,Male,United-States,<=50K
73,135601,13,0,0,10,MISSING,Bachelors,Married-civ-spouse,MISSING,Husband,White,Male,United-States,<=50K
19,354104,9,0,0,35,Local-gov,HS-grad,Never-married,Adm-clerical,Own-child,White,Male,United-States,<=50K
18,301762,9,0,0,25,Private,HS-grad,Never-married,Adm-clerical,Own-child,White,Female,United-States,<=50K
29,419721,9,0,0,40,Private,HS-grad,Never-married,Other-service,Unmarried,Black,Female,Japan,<=50K
33,104509,10,0,0,40,Private,Some-college,Divorced,Adm-clerical,Unmarried,White,Female,United-States,<=50K
69,512992,7,0,0,45,Private,11th,Married-civ-spouse,Prof-specialty,Husband,Black,Male,United-States,<=50K
45,162606,9,0,0,35,Private,HS-grad,Divorced,Sales,Not-in-family,White,Female,United-States,<=50K
46,261059,14,0,1977,50,Private,Masters,Married-civ-spouse,Prof-specialty,Husband,White,Male,United-States,>50K
50,279461,10,0,0,40,Private,Some-college,Married-civ-spouse,Transport-moving,Husband,White,Male,United-States,>50K
78,91534,13,0,0,3,MISSING,Bachelors,Married-civ-spouse,MISSING,Husband,White,Male,United-States,<=50K
51,154891,9,0,0,52,Local-gov,HS-grad,Divorced,Protective-serv,Unmarried,White,Male,United-States,<=50K
47,184005,9,3325,0,45,Private,HS-grad,Divorced,Exec-managerial,Not-in-family,Amer-Indian-Eskimo,Female,United-States,<=50K
41,324629,13,0,0,40,Private,Bachelors,Married-civ-spouse,Exec-managerial,Husband,White,Male,Yugoslavia,<=50K
50,30731,11,0,0,50,Self-emp-not-inc,Assoc-voc,Never-married,Other-service,Not-in-family,White,Male,United-States,<=50K
29,115677,13,0,0,40,Private,Bachelors,Never-married,Tech-support,Not-in-family,White,Male,United-States,<=50K
30,87418,13,0,0,45,Private,Bachelors,Married-civ-spouse,Exec-managerial,Husband,White,Male,United-States,>50K
25,41526,13,0,0,30,Private,Bachelors,Never-married,Craft-repair,Own-child,White,Male,Canada,<=50K
64,207321,10,0,0,20,MISSING,Some-college,Married-civ-spouse,MISSING,Husband,White,Male,United-States,<=50K
31,47276,13,0,0,38,Local-gov,Bachelors,Married-civ-spouse,Other-service,Husband,White,Male,United-States,>50K
22,370548,11,0,0,30,Private,Assoc-voc,Never-married,Craft-repair,Not-in-family,White,Male,United-States,<=50K
49,101722,15,0,0,60,Self-emp-inc,Prof-school,Married-civ-spouse,Prof-specialty,Husband,White,Male,United-States,>50K
40,572751,15,5178,0,40,Private,Prof-school,Married-civ-spouse,Craft-repair,Husband,White,Male,Mexico,>50K
38,143774,10,0,0,45,State-gov,Some-college,Separated,Exec-managerial,Not-in-family,White,Female,United-States,<=50K
31,117507,9,0,0,45,Private,HS-grad,Never-married,Craft-repair,Not-in-family,White,Male,United-States,<=50K
20,137974,10,0,0,30,Private,Some-college,Never-married,Other-service,Own-child,White,Female,United-States,<=50K
45,362883,10,0,0,40,Private,Some-college,Married-civ-spouse,Transport-moving,Husband,White,Male,United-States,<=50K
41,149102,13,0,0,35,Self-emp-inc,Bachelors,Married-civ-spouse,Exec-managerial,Husband,White,Male,United-States,>50K
38,164898,9,0,0,40,Private,HS-grad,Never-married,Craft-repair,Not-in-family,White,Male,United-States,<=50K
30,194901,7,0,0,40,Private,11th,Never-married,Handlers-cleaners,Own-child,White,Male,United-States,<=50K
61,160037,4,0,0,35,Private,7th-8th,Divorced,Other-service,Not-in-family,White,Male,United-States,<=50K
52,246936,7,0,0,40,Private,11th,Married-civ-spouse,Other-service,Husband,White,Male,United-States,<=50K
54,142169,9,0,0,40,Private,HS-grad,Never-married,Handlers-cleaners,Own-child,White,Male,United-States,<=50K
58,289364,10,7688,0,45,Private,Some-college,Married-civ-spouse,Exec-managerial,Husband,White,Male,United-States,>50K
58,154537,13,0,0,20,Self-emp-not-inc,Bachelors,Divorced,Other-service,Not-in-family,White,Female,United-States,<=50K
27,50295,10,0,0,48,Private,Some-college,Married-civ-spouse,Transport-moving,Husband,White,Male,United-States,<=50K
21,363192,11,0,0,40,Private,Assoc-voc,Never-married,Other-service,Own-child,White,Female,United-States,<=50K
40,195892,10,0,0,40,Private,Some-college,Divorced,Transport-moving,Not-in-family,Black,Female,United-States,<=50K
31,207301,9,0,0,40,Federal-gov,HS-grad,Married-civ-spouse,Adm-clerical,Wife,White,Female,United-States,>50K
29,29616,9,0,0,65,Self-emp-not-inc,HS-grad,Never-married,Farming-fishing,Own-child,White,Male,United-States,<=50K
47,115358,9,0,0,40,Private,HS-grad,Divorced,Machine-op-inspct,Not-in-family,Black,Female,United-States,<=50K
23,175424,10,0,0,40,Private,Some-college,Never-married,Adm-clerical,Own-child,Black,Female,United-States,<=50K
19,243960,10,0,0,16,Local-gov,Some-college,Never-married,Sales,Own-child,White,Female,United-States,<=50K
52,217663,9,0,0,45,Private,HS-grad,Married-civ-spouse,Sales,Husband,White,Male,United-States,>50K
29,153167,10,0,0,40,MISSING,Some-college,Never-married,MISSING,Own-child,Black,Female,United-States,<=50K
25,31350,9,0,0,60,Private,HS-grad,Never-married,Handlers-cleaners,Not-in-family,White,Male,England,<=50K
44,304530,10,0,0,55,Private,Some-college,Divorced,Craft-repair,Not-in-family,White,Male,United-States,<=50K
26,130931,9,0,0,40,Private,HS-grad,Never-married,Adm-clerical,Own-child,Black,Female,United-States,<=50K
81,129338,4,0,0,10,Private,7th-8th,Married-civ-spouse,Transport-moving,Husband,White,Male,United-States,<=50K
52,152795,10,0,0,40,Local-gov,Some-college,Married-civ-spouse,Craft-repair,Husband,White,Male,United-States,<=50K
19,113915,9,0,0,10,MISSING,HS-grad,Never-married,MISSING,Own-child,Black,Male,United-States,<=50K
23,167692,10,0,0,20,Private,Some-college,Never-married,Adm-clerical,Own-child,White,Female,United-States,<=50K
55,61708,9,6418,0,50,Private,HS-grad,Married-civ-spouse,Adm-clerical,Husband,White,Male,United-States,>50K
18,174926,5,0,0,15,Private,9th,Never-married,Other-service,Own-child,White,Male,MISSING,<=50K
29,351324,10,0,0,40,Private,Some-college,Never-married,Sales,Unmarried,White,Female,United-States,<=50K
50,54709,9,0,0,46,State-gov,HS-grad,Divorced,Adm-clerical,Unmarried,White,Female,United-States,<=50K
58,180980,10,0,0,42,Private,Some-college,Divorced,Other-service,Unmarried,White,Female,France,<=50K
35,379959,9,0,0,40,Private,HS-grad,Divorced,Other-service,Not-in-family,White,Female,United-States,<=50K
23,428299,9,0,0,40,Private,HS-grad,Never-married,Craft-repair,Not-in-family,White,Male,United-States,<=50K
38,27997,11,0,0,40,Private,Assoc-voc,Divorced,Craft-repair,Not-in-family,White,Male,United-States,<=50K
52,173987,6,0,0,40,Private,10th,Married-civ-spouse,Craft-repair,Husband,White,Male,United-States,<=50K
30,235271,13,0,0,40,Local-gov,Bachelors,Married-civ-spouse,Protective-serv,Husband,White,Male,United-States,>50K
26,213385,10,0,0,20,Private,Some-college,Never-married,Other-service,Not-in-family,White,Male,United-States,<=50K
41,185057,14,0,0,40,Local-gov,Masters,Never-married,Prof-specialty,Not-in-family,White,Female,United-States,<=50K
20,41721,10,0,0,60,Private,Some-college,Never-married,Other-service,Own-child,White,Male,United-States,<=50K
23,125525,13,0,0,42,Private,Bachelors,Never-married,Prof-specialty,Own-child,White,Male,United-States,<=50K
45,103538,9,0,0,40,Private,HS-grad,Married-civ-spouse,Adm-clerical,Husband,White,Male,United-States,>50K
27,388998,13,13550,0,46,Private,Bachelors,Never-married,Sales,Not-in-family,White,Male,United-States,>50K
37,126675,9,0,0,40,Private,HS-grad,Never-married,Craft-repair,Not-in-family,White,Male,United-States,<=50K
35,133906,9,0,0,40,Private,HS-grad,Divorced,Adm-clerical,Unmarried,White,Female,United-States,<=50K
33,295589,13,0,0,50,Private,Bachelors,Never-married,Prof-specialty,Not-in-family,Black,Male,United-States,>50K
26,38232,13,0,0,50,Private,Bachelors,Never-married,Prof-specialty,Not-in-family,White,Male,United-States,<=50K
22,197838,13,0,0,40,Private,Bachelors,Never-married,Exec-managerial,Not-in-family,White,Male,United-States,<=50K
45,102308,10,0,0,40,State-gov,Some-college,Married-civ-spouse,Exec-managerial,Husband,White,Male,United-States,<=50K
37,244341,10,0,0,40,Local-gov,Some-college,Never-married,Adm-clerical,Unmarried,Black,Female,United-States,<=50K
33,140206,15,0,0,40,Private,Prof-school,Married-civ-spouse,Prof-specialty,Husband,White,Male,United-States,>50K
30,181992,10,0,0,35,Private,Some-college,Never-married,Sales,Not-in-family,Black,Female,United-States,<=50K
26,90277,9,0,0,40,Private,HS-grad,Never-married,Adm-clerical,Own-child,White,Male,MISSING,<=50K
61,115023,11,0,1887,60,Private,Assoc-voc,Married-civ-spouse,Craft-repair,Husband,White,Male,United-States,>50K
61,238611,4,0,0,38,Private,7th-8th,Widowed,Other-service,Unmarried,Black,Female,United-States,<=50K
19,258470,9,0,0,40,Private,HS-grad,Never-married,Handlers-cleaners,Not-in-family,White,Male,United-States,<=50K
25,66935,13,0,0,40,Private,Bachelors,Never-married,Other-service,Other-relative,White,Male,United-States,<=50K
40,51290,14,0,0,50,Private,Masters,Married-civ-spouse,Prof-specialty,Husband,White,Male,United-States,>50K
43,27242,10,0,0,50,Self-emp-not-inc,Some-college,Married-civ-spouse,Craft-repair,Husband,White,Male,United-States,<=50K
44,358199,10,0,0,45,Private,Some-college,Married-civ-spouse,Sales,Husband,White,Male,United-States,>50K
40,237601,13,0,0,55,Private,Bachelors,Never-married,Sales,Not-in-family,Other,Female,United-States,>50K
17,24090,9,0,0,35,Private,HS-grad,Never-married,Exec-managerial,Own-child,White,Female,United-States,<=50K
54,152652,9,0,0,65,Private,HS-grad,Married-civ-spouse,Transport-moving,Husband,White,Male,United-States,<=50K
53,225768,11,0,0,40,Private,Assoc-voc,Married-civ-spouse,Craft-repair,Husband,Black,Male,United-States,>50K
46,79874,13,0,0,53,Private,Bachelors,Married-civ-spouse,Exec-managerial,Husband,White,Male,United-States,>50K
50,176969,9,0,1590,40,Federal-gov,HS-grad,Divorced,Prof-specialty,Not-in-family,White,Male,United-States,<=50K
34,325792,10,0,0,40,Local-gov,Some-college,Married-civ-spouse,Craft-repair,Husband,White,Male,United-States,<=50K
19,183041,9,0,0,20,Private,HS-grad,Never-married,Other-service,Own-child,White,Male,United-States,<=50K
35,308691,14,0,0,48,Private,Masters,Married-civ-spouse,Machine-op-inspct,Husband,White,Male,United-States,<=50K
18,220836,7,0,0,20,Private,11th,Never-married,Other-service,Not-in-family,White,Female,United-States,<=50K
28,181291,13,0,1564,50,Private,Bachelors,Never-married,Exec-managerial,Not-in-family,White,Female,United-States,>50K
34,209691,11,4386,0,50,Private,Assoc-voc,Married-civ-spouse,Prof-specialty,Husband,White,Male,United-States,>50K
29,207032,9,0,0,42,MISSING,HS-grad,Married-spouse-absent,MISSING,Unmarried,Black,Female,Haiti,<=50K
37,35309,9,0,0,40,Private,HS-grad,Married-civ-spouse,Craft-repair,Husband,White,Male,United-States,<=50K
27,194690,5,0,0,50,Private,9th,Never-married,Other-service,Own-child,White,Male,Mexico,<=50K
39,341672,11,0,0,40,Private,Assoc-voc,Married-civ-spouse,Tech-support,Husband,Asian-Pac-Islander,Male,Philippines,<=50K
47,29819,14,0,1977,50,Local-gov,Masters,Married-civ-spouse,Exec-managerial,Husband,Black,Male,United-States,>50K
17,220562,5,0,0,32,Private,9th,Never-married,Sales,Other-relative,Other,Female,Mexico,<=50K
49,78859,14,0,323,20,Local-gov,Masters,Widowed,Prof-specialty,Unmarried,White,Female,United-States,<=50K
32,268147,11,0,0,60,Private,Assoc-voc,Never-married,Tech-support,Unmarried,White,Female,United-States,<=50K
32,133503,9,0,0,40,Private,HS-grad,Married-civ-spouse,Adm-clerical,Husband,White,Male,United-States,<=50K
53,312446,13,0,0,60,Private,Bachelors,Married-civ-spouse,Exec-managerial,Husband,White,Male,United-States,>50K
37,265038,15,0,0,60,Local-gov,Prof-school,Married-civ-spouse,Prof-specialty,Husband,White,Male,United-States,>50K
43,345969,15,0,0,50,State-gov,Prof-school,Married-civ-spouse,Prof-specialty,Husband,White,Male,United-States,>50K
27,244315,9,0,0,40,Private,HS-grad,Divorced,Craft-repair,Other-relative,Other,Male,United-States,<=50K
19,318264,10,0,0,30,MISSING,Some-college,Never-married,MISSING,Own-child,White,Male,United-States,<=50K
20,140764,10,0,0,20,Private,Some-college,Never-married,Other-service,Own-child,White,Female,United-States,<=50K
27,42696,9,0,0,40,Private,HS-grad,Married-spouse-absent,Other-service,Unmarried,White,Female,United-States,<=50K
38,343642,9,0,0,40,State-gov,HS-grad,Married-civ-spouse,Prof-specialty,Wife,White,Female,United-States,>50K
51,246820,9,7298,0,48,Self-emp-not-inc,HS-grad,Married-civ-spouse,Craft-repair,Husband,White,Male,United-States,>50K
21,270043,10,0,0,16,Private,Some-college,Never-married,Other-service,Own-child,White,Female,United-States,<=50K
19,55284,9,0,0,35,Private,HS-grad,Never-married,Sales,Own-child,White,Female,United-States,<=50K
38,201328,13,0,0,50,Private,Bachelors,Married-civ-spouse,Prof-specialty,Husband,White,Male,United-States,>50K
41,76625,9,0,0,40,Private,HS-grad,Married-civ-spouse,Craft-repair,Husband,White,Male,United-States,<=50K
38,128033,10,0,0,60,Private,Some-college,Married-civ-spouse,Sales,Husband,White,Male,United-States,<=50K
36,339772,9,0,0,40,Local-gov,HS-grad,Separated,Exec-managerial,Not-in-family,Black,Male,United-States,<=50K
70,170428,13,0,0,20,Private,Bachelors,Widowed,Prof-specialty,Unmarried,White,Female,Puerto-Rico,<=50K
29,142519,9,0,0,40,Private,HS-grad,Never-married,Handlers-cleaners,Own-child,White,Male,United-States,<=50K
38,207202,9,0,0,48,Private,HS-grad,Married-civ-spouse,Machine-op-inspct,Husband,White,Male,United-States,>50K
52,135607,10,0,0,40,Private,Some-college,Widowed,Other-service,Unmarried,Black,Female,MISSING,<=50K
37,50862,9,0,0,55,MISSING,HS-grad,Married-civ-spouse,MISSING,Husband,White,Male,United-States,<=50K
53,135840,13,0,0,55,Private,Bachelors,Married-civ-spouse,Prof-specialty,Husband,White,Male,United-States,>50K
56,282023,15,0,0,45,Private,Prof-school,Married-civ-spouse,Prof-specialty,Husband,White,Male,United-States,>50K
41,132125,9,0,0,40,Local-gov,HS-grad,Married-civ-spouse,Protective-serv,Husband,White,Male,United-States,<=50K
22,73203,9,0,0,40,Private,HS-grad,Never-married,Adm-clerical,Own-child,White,Female,United-States,<=50K
22,351952,10,0,0,20,Private,Some-college,Never-married,Prof-specialty,Unmarried,White,Female,United-States,<=50K
34,286675,9,0,0,40,Private,HS-grad,Married-civ-spouse,Transport-moving,Husband,White,Male,United-States,<=50K
29,109001,10,0,0,35,Self-emp-not-inc,Some-college,Married-civ-spouse,Craft-repair,Husband,White,Male,United-States,<=50K
32,270968,13,0,0,50,Private,Bachelors,Divorced,Exec-managerial,Not-in-family,White,Female,United-States,>50K
31,339482,9,0,1848,40,Private,HS-grad,Married-civ-spouse,Craft-repair,Husband,White,Male,United-States,>50K
23,304386,9,0,0,40,Local-gov,HS-grad,Never-married,Other-service,Not-in-family,White,Female,United-States,<=50K
20,38620,10,0,0,20,Private,Some-college,Never-married,Other-service,Own-child,White,Male,United-States,<=50K
43,168071,9,0,0,44,Private,HS-grad,Married-civ-spouse,Exec-managerial,Husband,White,Male,United-States,<=50K
24,184839,10,0,0,40,Private,Some-college,Never-married,Machine-op-inspct,Not-in-family,White,Male,United-States,<=50K
45,201080,14,0,0,40,Self-emp-not-inc,Masters,Married-civ-spouse,Sales,Husband,White,Male,United-States,>50K
27,85251,10,0,0,45,Private,Some-college,Married-civ-spouse,Transport-moving,Husband,White,Male,United-States,<=50K
45,106113,10,0,0,40,Private,Some-college,Married-civ-spouse,Exec-managerial,Husband,White,Male,United-States,>50K
43,74581,9,0,0,48,Private,HS-grad,Married-civ-spouse,Craft-repair,Husband,White,Male,United-States,>50K
47,359461,13,0,0,40,Private,Bachelors,Married-civ-spouse,Craft-repair,Husband,White,Male,United-States,<=50K
23,447488,5,0,0,35,Private,9th,Never-married,Machine-op-inspct,Other-relative,White,Male,Mexico,<=50K
69,254834,13,10605,0,10,MISSING,Bachelors,Married-civ-spouse,MISSING,Husband,White,Male,United-States,>50K
45,187370,14,7430,0,70,Private,Masters,Divorced,Exec-managerial,Unmarried,White,Male,United-States,>50K
46,336984,9,0,0,17,Private,HS-grad,Never-married,Handlers-cleaners,Own-child,White,Male,United-States,<=50K
36,133569,2,0,0,40,Private,1st-4th,Never-married,Farming-fishing,Not-in-family,White,Male,Mexico,<=50K
47,258498,10,0,0,52,Self-emp-not-inc,Some-college,Married-civ-spouse,Other-service,Wife,White,Female,United-States,<=50K
46,139514,1,0,0,75,Private,Preschool,Married-civ-spouse,Machine-op-inspct,Other-relative,Black,Male,Dominican-Republic,<=50K
20,197997,9,0,0,40,Private,HS-grad,Never-married,Farming-fishing,Own-child,White,Male,United-States,<=50K
19,458558,9,0,0,40,Private,HS-grad,Married-civ-spouse,Craft-repair,Wife,White,Female,United-States,<=50K
20,283499,10,0,0,30,Private,Some-college,Never-married,Transport-moving,Own-child,White,Male,United-States,<=50K
21,119309,10,0,1602,16,Private,Some-college,Never-married,Tech-support,Own-child,White,Male,United-States,<=50K
21,232569,9,0,0,40,Private,HS-grad,Never-married,Handlers-cleaners,Not-in-family,White,Male,United-States,<=50K
21,27049,10,0,0,12,Private,Some-college,Never-married,Adm-clerical,Own-child,White,Female,United-States,<=50K
33,154874,10,0,0,40,Local-gov,Some-college,Married-civ-spouse,Protective-serv,Husband,White,Male,United-States,<=50K
39,113481,13,0,0,45,Private,Bachelors,Married-civ-spouse,Exec-managerial,Husband,White,Male,United-States,>50K
25,144478,10,0,0,40,Private,Some-college,Never-married,Other-service,Own-child,White,Male,Poland,<=50K
17,293440,7,0,0,15,Private,11th,Never-married,Adm-clerical,Own-child,White,Female,United-States,<=50K
49,34446,10,0,0,40,Private,Some-college,Married-civ-spouse,Transport-moving,Husband,White,Male,United-States,<=50K
47,207207,9,0,0,45,Private,HS-grad,Divorced,Sales,Unmarried,White,Female,United-States,<=50K
72,165622,10,0,0,25,Private,Some-college,Widowed,Adm-clerical,Not-in-family,White,Female,United-States,<=50K
19,182609,9,0,0,25,MISSING,HS-grad,Never-married,MISSING,Own-child,Black,Female,United-States,<=50K
41,82049,9,0,0,40,Self-emp-inc,HS-grad,Married-civ-spouse,Craft-repair,Husband,White,Male,United-States,<=50K
40,145439,3,4064,0,40,Private,5th-6th,Married-civ-spouse,Other-service,Husband,Other,Male,Mexico,<=50K
42,183205,9,0,0,45,Private,HS-grad,Divorced,Exec-managerial,Unmarried,White,Female,United-States,<=50K
24,283092,7,0,0,35,Private,11th,Never-married,Craft-repair,Not-in-family,Black,Male,Jamaica,<=50K
29,19793,10,0,0,8,MISSING,Some-college,Divorced,MISSING,Unmarried,White,Female,United-States,<=50K
55,175127,13,7688,0,38,State-gov,Bachelors,Married-civ-spouse,Adm-clerical,Husband,White,Male,United-States,>50K
20,114813,6,0,0,40,MISSING,10th,Separated,MISSING,Unmarried,White,Female,United-States,<=50K
27,122922,13,0,0,40,Private,Bachelors,Never-married,Sales,Not-in-family,White,Female,United-States,<=50K
23,565313,10,2202,0,80,Private,Some-college,Never-married,Other-service,Own-child,Black,Male,United-States,<=50K
20,202994,10,0,0,16,MISSING,Some-college,Never-married,MISSING,Own-child,White,Female,United-States,<=50K
38,107302,10,0,0,60,Private,Some-college,Married-civ-spouse,Sales,Husband,White,Male,United-States,>50K
36,238415,11,0,0,50,Private,Assoc-voc,Married-civ-spouse,Sales,Husband,White,Male,United-States,>50K
51,136224,13,0,0,40,Private,Bachelors,Divorced,Adm-clerical,Not-in-family,White,Female,United-States,<=50K
24,67222,13,0,0,45,Private,Bachelors,Never-married,Machine-op-inspct,Not-in-family,Asian-Pac-Islander,Male,China,<=50K
27,93021,9,0,0,40,Private,HS-grad,Never-married,Adm-clerical,Unmarried,Other,Female,United-States,<=50K
65,160654,9,0,0,20,MISSING,HS-grad,Married-civ-spouse,MISSING,Husband,White,Male,United-States,<=50K
25,66622,10,0,0,25,Private,Some-college,Never-married,Other-service,Own-child,White,Female,United-States,<=50K
26,102476,13,0,0,40,Private,Bachelors,Married-civ-spouse,Exec-managerial,Husband,White,Male,United-States,<=50K
32,291147,10,0,0,50,Private,Some-college,Married-civ-spouse,Sales,Husband,White,Male,United-States,<=50K
20,130840,9,0,0,20,Private,HS-grad,Never-married,Craft-repair,Own-child,White,Male,United-States,<=50K
24,23438,11,0,0,30,Private,Assoc-voc,Never-married,Adm-clerical,Not-in-family,White,Male,United-States,>50K
23,252153,10,0,0,28,Private,Some-college,Never-married,Other-service,Not-in-family,White,Female,United-States,<=50K
26,176520,9,0,0,53,Private,HS-grad,Never-married,Adm-clerical,Not-in-family,White,Male,United-States,<=50K
37,281751,10,0,0,30,Private,Some-college,Divorced,Other-service,Unmarried,White,Female,United-States,<=50K
23,133985,6,0,0,40,Private,10th,Never-married,Craft-repair,Own-child,Black,Female,United-States,<=50K
54,421561,14,0,0,45,Private,Masters,Married-civ-spouse,Exec-managerial,Husband,White,Male,United-States,>50K
46,102597,13,0,0,40,Private,Bachelors,Divorced,Prof-specialty,Unmarried,White,Female,United-States,<=50K
57,315460,15,0,0,36,Self-emp-not-inc,Prof-school,Married-civ-spouse,Prof-specialty,Husband,White,Male,United-States,<=50K
34,202046,9,0,0,35,Private,HS-grad,Married-civ-spouse,Craft-repair,Husband,White,Male,United-States,>50K
28,112403,9,2354,0,40,Private,HS-grad,Never-married,Craft-repair,Unmarried,White,Male,United-States,<=50K
65,123484,9,0,0,25,MISSING,HS-grad,Widowed,MISSING,Other-relative,White,Female,United-States,<=50K
18,215190,8,0,0,20,Private,12th,Never-married,Sales,Own-child,White,Female,United-States,<=50K
38,383239,6,3103,0,40,Private,10th,Married-civ-spouse,Craft-repair,Husband,White,Male,United-States,>50K
45,207107,12,0,2080,40,Federal-gov,Assoc-acdm,Divorced,Adm-clerical,Unmarried,Asian-Pac-Islander,Male,Philippines,<=50K
58,183810,9,0,0,24,Private,HS-grad,Married-civ-spouse,Other-service,Husband,White,Male,United-States,<=50K
19,162621,10,0,0,14,Private,Some-college,Never-married,Tech-support,Own-child,White,Male,United-States,<=50K
37,99146,13,0,1977,50,Private,Bachelors,Married-civ-spouse,Exec-managerial,Husband,White,Male,United-States,>50K
58,371064,9,0,0,20,Private,HS-grad,Married-civ-spouse,Farming-fishing,Husband,White,Male,United-States,<=50K
44,90021,9,0,0,30,Self-emp-not-inc,HS-grad,Married-civ-spouse,Craft-repair,Husband,White,Male,United-States,<=50K
36,137314,10,0,0,60,Local-gov,Some-college,Married-civ-spouse,Protective-serv,Husband,White,Male,United-States,>50K
31,213179,9,0,0,60,Private,HS-grad,Married-civ-spouse,Transport-moving,Husband,White,Male,United-States,>50K
35,236910,13,0,0,60,Private,Bachelors,Married-civ-spouse,Exec-managerial,Husband,White,Male,United-States,<=50K
23,256211,10,0,0,24,Private,Some-college,Never-married,Adm-clerical,Not-in-family,Asian-Pac-Islander,Male,Vietnam,<=50K
37,607848,13,0,0,40,Self-emp-not-inc,Bachelors,Married-civ-spouse,Tech-support,Husband,White,Male,United-States,>50K
59,53481,10,0,0,50,Private,Some-college,Married-civ-spouse,Sales,Husband,White,Male,United-States,<=50K
60,296485,3,0,0,40,Private,5th-6th,Married-civ-spouse,Transport-moving,Husband,White,Male,United-States,<=50K
36,28996,9,0,0,40,Local-gov,HS-grad,Married-civ-spouse,Transport-moving,Husband,White,Male,United-States,<=50K
34,192002,14,0,0,55,Private,Masters,Married-civ-spouse,Prof-specialty,Husband,White,Male,United-States,>50K
46,214627,16,0,0,60,Self-emp-inc,Doctorate,Married-civ-spouse,Prof-specialty,Husband,White,Male,United-States,>50K
47,93557,9,0,0,40,Private,HS-grad,Married-civ-spouse,Farming-fishing,Husband,White,Male,United-States,<=50K
31,163516,10,0,0,40,Private,Some-college,Widowed,Adm-clerical,Unmarried,White,Female,United-States,<=50K
25,195994,2,0,0,40,Private,1st-4th,Never-married,Priv-house-serv,Not-in-family,White,Female,Guatemala,<=50K
31,295589,10,0,0,40,Local-gov,Some-college,Never-married,Adm-clerical,Own-child,Black,Male,United-States,<=50K
37,184655,9,0,0,35,Self-emp-not-inc,HS-grad,Never-married,Craft-repair,Not-in-family,White,Male,United-States,<=50K
17,116626,7,0,1719,18,Private,11th,Never-married,Handlers-cleaners,Own-child,White,Male,United-States,<=50K
64,125684,9,0,0,40,Private,HS-grad,Married-civ-spouse,Craft-repair,Husband,White,Male,United-States,<=50K
51,280093,9,0,0,40,Private,HS-grad,Separated,Adm-clerical,Other-relative,White,Female,United-States,<=50K
31,182237,6,0,0,40,Private,10th,Separated,Transport-moving,Unmarried,White,Male,United-States,<=50K
65,183170,9,0,0,25,Private,HS-grad,Divorced,Other-service,Not-in-family,White,Male,United-States,<=50K
47,296066,10,0,0,40,Private,Some-college,Married-civ-spouse,Prof-specialty,Husband,White,Male,United-States,<=50K
42,199143,15,7430,0,44,Self-emp-not-inc,Prof-school,Divorced,Prof-specialty,Unmarried,White,Female,United-States,>50K
36,152307,9,0,0,40,Private,HS-grad,Married-civ-spouse,Machine-op-inspct,Husband,White,Male,United-States,<=50K
35,241153,11,0,0,40,Private,Assoc-voc,Never-married,Tech-support,Not-in-family,White,Male,United-States,<=50K
49,277946,10,0,0,50,Private,Some-college,Married-civ-spouse,Exec-managerial,Husband,White,Male,United-States,>50K
26,195555,13,0,0,40,Private,Bachelors,Never-married,Sales,Not-in-family,White,Female,United-States,<=50K
59,268700,9,0,0,40,State-gov,HS-grad,Married-civ-spouse,Other-service,Husband,White,Male,United-States,<=50K
59,182460,13,0,0,60,Private,Bachelors,Married-civ-spouse,Exec-managerial,Husband,White,Male,United-States,>50K
52,150812,10,0,0,35,Private,Some-college,Divorced,Adm-clerical,Unmarried,White,Female,United-States,<=50K
32,640383,13,0,0,40,MISSING,Bachelors,Divorced,MISSING,Unmarried,White,Female,United-States,<=50K
46,35961,12,0,0,25,Private,Assoc-acdm,Divorced,Sales,Not-in-family,White,Female,Germany,<=50K
23,240063,13,0,0,25,Private,Bachelors,Never-married,Machine-op-inspct,Own-child,White,Male,United-States,<=50K
50,201882,14,0,0,30,Private,Masters,Married-civ-spouse,Machine-op-inspct,Husband,White,Male,United-States,<=50K
20,130840,6,0,0,40,Private,10th,Never-married,Handlers-cleaners,Own-child,White,Male,United-States,<=50K
38,106838,9,0,0,40,Private,HS-grad,Married-civ-spouse,Transport-moving,Husband,White,Male,United-States,<=50K
25,63062,10,0,0,60,Private,Some-college,Never-married,Farming-fishing,Own-child,White,Male,United-States,<=50K
58,174040,10,0,0,40,Private,Some-college,Never-married,Farming-fishing,Not-in-family,White,Male,United-States,<=50K
36,223020,10,0,0,20,State-gov,Some-college,Divorced,Other-service,Unmarried,Black,Female,United-States,<=50K
36,312785,13,0,0,35,Local-gov,Bachelors,Never-married,Prof-specialty,Own-child,Black,Male,United-States,<=50K
41,193524,9,0,1485,40,Private,HS-grad,Married-civ-spouse,Craft-repair,Husband,White,Male,United-States,<=50K
28,132686,13,0,0,55,Private,Bachelors,Married-civ-spouse,Exec-managerial,Husband,White,Male,United-States,<=50K
25,253267,10,0,1902,36,Private,Some-college,Married-civ-spouse,Adm-clerical,Husband,Black,Male,United-States,>50K
49,110015,11,0,0,45,Private,Assoc-voc,Married-civ-spouse,Craft-repair,Husband,White,Male,Greece,<=50K
35,282461,9,0,0,50,Private,HS-grad,Married-civ-spouse,Transport-moving,Husband,White,Male,United-States,<=50K
21,494638,12,0,0,15,MISSING,Assoc-acdm,Never-married,MISSING,Own-child,White,Male,United-States,<=50K
44,370502,9,0,0,25,Private,HS-grad,Married-civ-spouse,Other-service,Husband,White,Male,Mexico,<=50K
31,175778,13,0,0,40,Local-gov,Bachelors,Divorced,Prof-specialty,Not-in-family,White,Female,United-States,<=50K
29,160731,9,0,0,45,Private,HS-grad,Married-civ-spouse,Craft-repair,Husband,White,Male,United-States,>50K
71,365996,13,0,0,6,Local-gov,Bachelors,Widowed,Prof-specialty,Unmarried,White,Female,United-States,<=50K
25,146117,10,0,0,42,Private,Some-college,Never-married,Machine-op-inspct,Not-in-family,White,Male,United-States,<=50K
43,111949,9,0,0,35,Private,HS-grad,Married-civ-spouse,Other-service,Wife,White,Female,United-States,<=50K
18,205218,10,0,0,20,Private,Some-college,Never-married,Other-service,Own-child,White,Female,United-States,<=50K
60,152369,11,0,0,60,Private,Assoc-voc,Married-civ-spouse,Craft-repair,Husband,White,Male,United-States,<=50K
37,110713,9,0,0,50,Private,HS-grad,Married-civ-spouse,Sales,Husband,White,Male,United-States,>50K
29,178551,9,0,0,40,Private,HS-grad,Married-civ-spouse,Transport-moving,Husband,White,Male,United-States,<=50K
57,222216,11,0,0,38,MISSING,Assoc-voc,Widowed,MISSING,Unmarried,White,Female,United-States,<=50K
66,188220,9,0,0,35,Local-gov,HS-grad,Widowed,Adm-clerical,Unmarried,White,Female,United-States,>50K
26,75654,9,0,0,55,Private,HS-grad,Divorced,Craft-repair,Not-in-family,White,Male,United-States,<=50K
49,80914,3,0,0,45,Private,5th-6th,Never-married,Machine-op-inspct,Not-in-family,White,Male,United-States,<=50K
17,566049,6,0,0,8,Private,10th,Never-married,Other-service,Own-child,White,Male,United-States,<=50K
22,180052,10,0,0,20,Private,Some-college,Never-married,Sales,Own-child,White,Male,United-States,<=50K
28,487347,9,0,0,45,Private,HS-grad,Never-married,Transport-moving,Not-in-family,White,Male,United-States,<=50K
37,136137,10,0,0,40,State-gov,Some-college,Separated,Adm-clerical,Not-in-family,White,Male,United-States,<=50K
38,222450,3,0,0,40,Private,5th-6th,Married-civ-spouse,Machine-op-inspct,Husband,White,Male,Mexico,<=50K
53,158294,14,7298,0,40,Private,Masters,Married-civ-spouse,Prof-specialty,Husband,White,Male,United-States,>50K
55,238638,9,4386,0,40,Private,HS-grad,Married-civ-spouse,Sales,Husband,White,Male,United-States,>50K
37,173192,11,0,0,40,Federal-gov,Assoc-voc,Separated,Adm-clerical,Not-in-family,Black,Male,United-States,<=50K
42,82161,6,0,0,35,Self-emp-not-inc,10th,Widowed,Transport-moving,Unmarried,White,Male,United-States,<=50K
28,161538,13,0,0,35,Private,Bachelors,Never-married,Tech-support,Not-in-family,White,Female,United-States,<=50K
65,197883,6,0,0,70,MISSING,10th,Married-civ-spouse,MISSING,Husband,White,Male,United-States,<=50K
23,50953,10,0,0,10,Private,Some-college,Never-married,Priv-house-serv,Own-child,White,Female,United-States,<=50K
67,150516,4,0,0,24,Private,7th-8th,Married-civ-spouse,Craft-repair,Husband,White,Male,United-States,<=50K
38,243484,13,0,0,28,Self-emp-not-inc,Bachelors,Married-civ-spouse,Adm-clerical,Wife,White,Female,United-States,>50K
40,26892,13,7298,0,50,Self-emp-not-inc,Bachelors,Married-AF-spouse,Prof-specialty,Husband,White,Male,United-States,>50K
56,193453,13,0,1902,65,Private,Bachelors,Married-civ-spouse,Prof-specialty,Husband,White,Male,United-States,>50K
23,240049,1,0,0,40,Private,Preschool,Never-married,Other-service,Not-in-family,Asian-Pac-Islander,Female,Laos,<=50K
49,246183,9,0,0,40,Private,HS-grad,Married-civ-spouse,Sales,Husband,White,Male,United-States,>50K
36,334366,7,0,0,32,Private,11th,Separated,Exec-managerial,Not-in-family,White,Female,United-States,<=50K
29,190539,13,6849,0,48,Private,Bachelors,Never-married,Sales,Not-in-family,White,Male,United-States,<=50K
18,283637,10,0,0,40,Private,Some-college,Never-married,Adm-clerical,Not-in-family,White,Male,United-States,<=50K
59,131869,9,0,0,35,Private,HS-grad,Widowed,Other-service,Not-in-family,White,Female,United-States,<=50K
24,179423,9,0,0,40,Private,HS-grad,Never-married,Adm-clerical,Own-child,White,Female,United-States,<=50K
40,141858,15,0,0,72,State-gov,Prof-school,Married-civ-spouse,Prof-specialty,Husband,White,Male,United-States,<=50K
31,189843,9,0,0,47,Local-gov,HS-grad,Divorced,Protective-serv,Not-in-family,White,Male,United-States,>50K
37,40955,10,0,0,40,Federal-gov,Some-college,Never-married,Other-service,Own-child,White,Male,Japan,<=50K
56,391926,9,0,0,40,Local-gov,HS-grad,Married-civ-spouse,Exec-managerial,Husband,White,Male,United-States,<=50K
23,196827,10,0,1902,40,Private,Some-college,Married-civ-spouse,Machine-op-inspct,Husband,White,Male,United-States,<=50K
32,372317,5,0,0,23,Private,9th,Separated,Other-service,Unmarried,White,Female,Mexico,<=50K
39,106183,9,6849,0,40,Private,HS-grad,Divorced,Other-service,Unmarried,Amer-Indian-Eskimo,Female,United-States,<=50K
47,119199,10,0,0,40,Federal-gov,Some-college,Divorced,Adm-clerical,Unmarried,White,Female,United-States,<=50K
21,82847,10,0,0,50,Private,Some-college,Never-married,Tech-support,Not-in-family,White,Female,United-States,<=50K
35,188563,9,0,0,50,Self-emp-not-inc,HS-grad,Divorced,Farming-fishing,Own-child,White,Male,United-States,<=50K
64,75577,4,2580,0,50,Private,7th-8th,Married-civ-spouse,Adm-clerical,Husband,White,Male,United-States,<=50K
47,158924,9,0,0,40,Private,HS-grad,Married-civ-spouse,Tech-support,Wife,White,Female,United-States,<=50K
51,254230,10,0,0,40,Private,Some-college,Married-civ-spouse,Exec-managerial,Husband,White,Male,United-States,>50K
27,204648,11,0,0,40,Private,Assoc-voc,Never-married,Machine-op-inspct,Unmarried,Black,Female,United-States,<=50K
55,118993,10,0,0,10,Private,Some-college,Separated,Exec-managerial,Unmarried,White,Female,United-States,<=50K
77,344425,5,0,0,10,Private,9th,Married-civ-spouse,Priv-house-serv,Wife,Black,Female,United-States,<=50K
32,120426,9,0,0,40,Private,HS-grad,Separated,Adm-clerical,Unmarried,White,Female,United-States,<=50K
31,341672,10,0,0,50,Private,Some-college,Married-civ-spouse,Adm-clerical,Husband,Asian-Pac-Islander,Male,India,<=50K
31,255004,13,0,1741,38,Private,Bachelors,Never-married,Exec-managerial,Not-in-family,White,Male,United-States,<=50K
80,148623,15,0,0,35,Private,Prof-school,Married-civ-spouse,Prof-specialty,Husband,White,Male,United-States,>50K
44,193882,13,0,0,40,Private,Bachelors,Married-civ-spouse,Exec-managerial,Husband,White,Male,United-States,>50K
28,96337,10,0,0,40,Private,Some-college,Never-married,Adm-clerical,Not-in-family,White,Female,United-States,<=50K
49,304246,14,0,0,70,Local-gov,Masters,Separated,Prof-specialty,Unmarried,White,Female,United-States,<=50K
46,123075,9,0,0,70,Self-emp-inc,HS-grad,Married-civ-spouse,Protective-serv,Husband,White,Male,United-States,<=50K
32,113364,10,0,0,30,Private,Some-college,Never-married,Adm-clerical,Not-in-family,White,Male,United-States,<=50K
58,85767,10,0,0,48,Private,Some-college,Married-civ-spouse,Sales,Husband,White,Male,United-States,<=50K
20,42279,10,0,0,40,Private,Some-college,Never-married,Exec-managerial,Not-in-family,White,Female,United-States,<=50K
19,146679,10,0,0,30,Private,Some-college,Never-married,Exec-managerial,Own-child,Black,Male,United-States,<=50K
52,183146,8,0,0,50,Self-emp-not-inc,12th,Married-civ-spouse,Exec-managerial,Husband,White,Male,United-States,>50K
45,36032,9,0,0,40,State-gov,HS-grad,Divorced,Protective-serv,Unmarried,Black,Female,United-States,<=50K
40,224910,9,0,0,40,Private,HS-grad,Never-married,Machine-op-inspct,Not-in-family,White,Female,United-States,<=50K
20,111697,10,0,1719,28,Private,Some-college,Never-married,Adm-clerical,Own-child,White,Female,United-States,<=50K
26,289980,3,0,0,30,Private,5th-6th,Married-civ-spouse,Farming-fishing,Husband,White,Male,Mexico,<=50K
55,163083,13,14084,0,45,Private,Bachelors,Separated,Exec-managerial,Not-in-family,White,Male,United-States,>50K
22,153516,10,0,0,35,Self-emp-inc,Some-college,Never-married,Craft-repair,Own-child,White,Male,United-States,<=50K
35,300681,9,7298,0,35,Local-gov,HS-grad,Married-civ-spouse,Protective-serv,Husband,Black,Male,United-States,>50K
19,33487,10,0,0,40,MISSING,Some-college,Never-married,MISSING,Other-relative,Amer-Indian-Eskimo,Female,United-States,<=50K
40,208277,10,0,0,40,Private,Some-college,Never-married,Exec-managerial,Unmarried,White,Female,United-States,<=50K
74,292915,13,0,1825,12,Self-emp-not-inc,Bachelors,Married-civ-spouse,Exec-managerial,Husband,White,Male,United-States,>50K
63,331527,6,0,0,40,MISSING,10th,Married-civ-spouse,MISSING,Husband,White,Male,United-States,<=50K
62,151369,9,0,0,40,Local-gov,HS-grad,Never-married,Craft-repair,Not-in-family,White,Male,United-States,<=50K
37,302604,10,0,0,40,Private,Some-college,Separated,Other-service,Other-relative,White,Female,United-States,<=50K
23,240398,13,0,0,15,Private,Bachelors,Never-married,Sales,Not-in-family,Black,Male,United-States,<=50K
39,153976,14,0,0,40,Local-gov,Masters,Married-civ-spouse,Prof-specialty,Husband,White,Male,United-States,>50K
32,175052,9,0,0,40,Private,HS-grad,Divorced,Adm-clerical,Unmarried,White,Female,United-States,<=50K
35,186845,13,5178,0,50,Self-emp-inc,Bachelors,Married-civ-spouse,Sales,Own-child,White,Male,United-States,>50K
19,282698,4,0,0,80,Private,7th-8th,Never-married,Adm-clerical,Own-child,White,Male,United-States,<=50K
43,175485,10,0,0,40,Self-emp-inc,Some-college,Married-civ-spouse,Exec-managerial,Husband,White,Male,United-States,<=50K
34,56883,10,0,0,40,Private,Some-college,Never-married,Other-service,Unmarried,White,Female,United-States,<=50K
26,85482,9,0,0,40,Federal-gov,HS-grad,Never-married,Adm-clerical,Not-in-family,Asian-Pac-Islander,Male,United-States,<=50K
37,538443,9,14344,0,40,Private,HS-grad,Divorced,Craft-repair,Not-in-family,White,Male,United-States,>50K
30,125762,10,0,0,30,Private,Some-college,Married-civ-spouse,Adm-clerical,Husband,White,Male,United-States,<=50K
19,255921,10,0,0,20,Federal-gov,Some-college,Never-married,Handlers-cleaners,Own-child,White,Male,England,<=50K
34,80933,9,0,1672,40,Private,HS-grad,Married-civ-spouse,Craft-repair,Husband,White,Male,United-States,<=50K
68,182131,10,10605,0,20,Self-emp-inc,Some-college,Married-civ-spouse,Exec-managerial,Husband,White,Male,United-States,>50K
32,337696,10,0,0,50,Self-emp-not-inc,Some-college,Married-civ-spouse,Sales,Husband,White,Male,United-States,<=50K
61,133969,9,0,0,63,Self-emp-not-inc,HS-grad,Married-civ-spouse,Sales,Husband,Asian-Pac-Islander,Male,South,<=50K
33,108438,9,0,0,40,Self-emp-not-inc,HS-grad,Married-civ-spouse,Craft-repair,Husband,White,Male,United-States,>50K
45,54190,14,0,0,50,Local-gov,Masters,Married-civ-spouse,Prof-specialty,Husband,White,Male,United-States,>50K
42,112607,9,0,0,50,Private,HS-grad,Married-civ-spouse,Craft-repair,Husband,White,Male,United-States,<=50K
65,221026,9,0,0,20,Local-gov,HS-grad,Married-civ-spouse,Transport-moving,Husband,White,Male,United-States,<=50K
52,221532,13,0,0,45,Federal-gov,Bachelors,Married-civ-spouse,Protective-serv,Husband,White,Male,United-States,>50K
45,151518,9,0,0,45,Private,HS-grad,Married-civ-spouse,Exec-managerial,Husband,White,Male,United-States,<=50K
36,206520,13,0,0,40,Self-emp-not-inc,Bachelors,Never-married,Craft-repair,Own-child,White,Male,United-States,<=50K
24,147147,13,0,0,20,State-gov,Bachelors,Never-married,Adm-clerical,Not-in-family,Black,Female,United-States,<=50K
41,97632,10,0,0,32,Private,Some-college,Divorced,Sales,Not-in-family,Asian-Pac-Islander,Female,United-States,<=50K
38,175972,10,0,0,40,Private,Some-college,Married-civ-spouse,Other-service,Wife,White,Female,United-States,<=50K
25,261519,9,0,0,35,Private,HS-grad,Never-married,Sales,Own-child,White,Male,United-States,<=50K
60,56248,9,0,1485,70,MISSING,HS-grad,Married-civ-spouse,MISSING,Husband,White,Male,United-States,>50K
44,162643,9,0,0,43,Private,HS-grad,Never-married,Adm-clerical,Not-in-family,White,Female,United-States,<=50K
43,51506,8,0,0,40,Private,12th,Married-civ-spouse,Transport-moving,Husband,White,Male,United-States,<=50K
25,137367,13,0,0,44,Private,Bachelors,Never-married,Sales,Unmarried,Asian-Pac-Islander,Male,Philippines,<=50K
42,336891,10,0,0,40,Private,Some-college,Divorced,Adm-clerical,Not-in-family,Black,Female,United-States,<=50K
46,503923,9,4386,0,40,Private,HS-grad,Married-civ-spouse,Machine-op-inspct,Husband,Black,Male,United-States,>50K
35,317153,9,0,0,40,Private,HS-grad,Never-married,Sales,Not-in-family,White,Female,United-States,<=50K
58,153551,13,0,0,60,Private,Bachelors,Never-married,Prof-specialty,Not-in-family,White,Female,United-States,<=50K
33,164748,13,0,0,40,Private,Bachelors,Married-civ-spouse,Transport-moving,Husband,White,Male,United-States,<=50K
35,116960,14,0,1887,40,Local-gov,Masters,Married-civ-spouse,Prof-specialty,Husband,White,Male,United-States,>50K
49,146268,10,0,0,40,Private,Some-college,Married-civ-spouse,Craft-repair,Husband,White,Male,United-States,<=50K
42,277256,16,0,1977,60,Self-emp-inc,Doctorate,Married-civ-spouse,Prof-specialty,Husband,White,Male,United-States,>50K
21,72119,10,0,0,45,Private,Some-college,Never-married,Adm-clerical,Not-in-family,White,Male,United-States,<=50K
21,301556,9,0,0,19,Private,HS-grad,Never-married,Other-service,Own-child,White,Female,United-States,<=50K
18,274057,7,0,0,8,Private,11th,Never-married,Other-service,Own-child,Black,Male,United-States,<=50K
45,181758,14,0,0,40,Local-gov,Masters,Never-married,Prof-specialty,Not-in-family,White,Female,United-States,<=50K
35,403037,9,0,0,40,Private,HS-grad,Separated,Adm-clerical,Unmarried,White,Female,United-States,<=50K
23,161478,10,0,0,40,Private,Some-college,Never-married,Sales,Own-child,Asian-Pac-Islander,Female,United-States,<=50K
40,89413,9,0,1672,40,Self-emp-not-inc,HS-grad,Married-civ-spouse,Craft-repair,Husband,White,Male,United-States,<=50K
28,377095,13,0,0,40,Private,Bachelors,Married-civ-spouse,Exec-managerial,Wife,White,Female,United-States,<=50K
40,214242,9,0,0,50,Private,HS-grad,Married-civ-spouse,Machine-op-inspct,Husband,White,Male,United-States,<=50K
34,119422,11,0,1672,50,Private,Assoc-voc,Married-civ-spouse,Machine-op-inspct,Husband,White,Male,United-States,<=50K
23,103632,9,0,0,40,Private,HS-grad,Never-married,Adm-clerical,Not-in-family,White,Female,United-States,<=50K
42,140474,12,0,0,35,Self-emp-not-inc,Assoc-acdm,Divorced,Craft-repair,Own-child,Amer-Indian-Eskimo,Male,United-States,<=50K
38,186934,9,0,0,40,Private,HS-grad,Married-civ-spouse,Machine-op-inspct,Husband,White,Male,United-States,<=50K
38,175232,9,0,0,45,Private,HS-grad,Divorced,Machine-op-inspct,Not-in-family,White,Male,United-States,<=50K
26,177147,13,6849,0,65,Private,Bachelors,Never-married,Adm-clerical,Not-in-family,White,Male,United-States,<=50K
51,189762,10,0,0,15,Private,Some-college,Married-civ-spouse,Exec-managerial,Wife,White,Female,United-States,>50K
67,44774,13,0,0,40,Federal-gov,Bachelors,Widowed,Adm-clerical,Not-in-family,White,Female,United-States,<=50K
40,319271,14,0,0,60,Local-gov,Masters,Married-civ-spouse,Exec-managerial,Husband,White,Male,United-States,>50K
31,114691,9,0,0,40,Private,HS-grad,Never-married,Sales,Own-child,White,Male,United-States,<=50K
66,262552,10,0,0,7,Self-emp-not-inc,Some-college,Married-civ-spouse,Farming-fishing,Husband,White,Male,United-States,<=50K
28,430084,9,0,0,35,Private,HS-grad,Divorced,Other-service,Own-child,Black,Male,United-States,<=50K
20,148940,9,0,0,40,Private,HS-grad,Never-married,Handlers-cleaners,Own-child,White,Male,United-States,<=50K
37,138940,7,0,0,40,Private,11th,Married-civ-spouse,Craft-repair,Husband,White,Male,United-States,<=50K
63,88653,10,0,0,40,Private,Some-college,Married-civ-spouse,Prof-specialty,Husband,White,Male,MISSING,<=50K
52,321959,10,0,0,40,Private,Some-college,Married-civ-spouse,Tech-support,Husband,Black,Male,United-States,>50K
54,278230,10,10520,0,30,Self-emp-not-inc,Some-college,Divorced,Farming-fishing,Unmarried,White,Female,United-States,>50K
35,153976,9,0,0,60,Self-emp-inc,HS-grad,Married-civ-spouse,Exec-managerial,Husband,White,Male,United-States,<=50K
74,104001,9,0,0,40,Self-emp-not-inc,HS-grad,Married-civ-spouse,Sales,Husband,White,Male,United-States,>50K
36,305352,6,0,0,40,Private,10th,Divorced,Craft-repair,Other-relative,Black,Male,United-States,<=50K
31,217460,13,0,0,40,Private,Bachelors,Married-civ-spouse,Exec-managerial,Husband,White,Male,United-States,>50K
62,125155,9,0,0,38,Federal-gov,HS-grad,Married-civ-spouse,Adm-clerical,Husband,White,Male,United-States,<=50K
30,45796,10,0,0,40,Self-emp-not-inc,Some-college,Married-civ-spouse,Machine-op-inspct,Husband,White,Male,United-States,<=50K
55,176904,9,0,0,40,Federal-gov,HS-grad,Married-civ-spouse,Exec-managerial,Husband,White,Male,United-States,<=50K
35,112264,9,0,0,50,Private,HS-grad,Married-civ-spouse,Sales,Husband,White,Male,United-States,<=50K
25,176756,13,0,0,40,Private,Bachelors,Never-married,Craft-repair,Own-child,White,Male,United-States,<=50K
35,48123,8,0,0,50,Private,12th,Married-civ-spouse,Craft-repair,Wife,White,Female,United-States,<=50K
27,60374,9,0,1594,26,Private,HS-grad,Widowed,Craft-repair,Unmarried,White,Female,United-States,<=50K
52,198262,9,0,0,30,Without-pay,HS-grad,Married-civ-spouse,Adm-clerical,Wife,White,Female,United-States,<=50K
42,213464,10,0,0,40,Private,Some-college,Married-civ-spouse,Craft-repair,Husband,White,Male,United-States,<=50K
50,150941,9,0,0,44,Private,HS-grad,Divorced,Machine-op-inspct,Unmarried,Black,Female,United-States,<=50K
37,170174,9,0,0,46,Private,HS-grad,Married-civ-spouse,Exec-managerial,Husband,White,Male,United-States,>50K
24,177526,11,0,0,40,Private,Assoc-voc,Never-married,Craft-repair,Own-child,White,Male,United-States,<=50K
33,214129,10,0,0,40,Private,Some-college,Divorced,Adm-clerical,Not-in-family,White,Female,United-States,<=50K
55,194065,12,0,0,40,Self-emp-not-inc,Assoc-acdm,Divorced,Sales,Not-in-family,White,Female,United-States,<=50K
35,186489,5,0,0,46,Private,9th,Married-civ-spouse,Handlers-cleaners,Husband,White,Male,United-States,<=50K
58,319733,9,0,0,70,Federal-gov,HS-grad,Married-civ-spouse,Transport-moving,Husband,White,Male,United-States,<=50K
23,185452,13,0,0,35,Private,Bachelors,Never-married,Exec-managerial,Not-in-family,White,Female,Canada,<=50K
50,89041,9,15024,0,50,Private,HS-grad,Married-civ-spouse,Craft-repair,Husband,White,Male,United-States,>50K
24,230475,9,0,0,44,Private,HS-grad,Married-civ-spouse,Craft-repair,Husband,White,Male,United-States,<=50K
24,72143,13,0,0,20,Private,Bachelors,Never-married,Sales,Not-in-family,White,Female,United-States,<=50K
30,190228,9,0,0,40,Private,HS-grad,Married-civ-spouse,Handlers-cleaners,Husband,White,Male,United-States,<=50K
38,153685,7,0,0,52,Private,11th,Divorced,Machine-op-inspct,Unmarried,Black,Female,United-States,<=50K
34,160634,10,0,0,40,Private,Some-college,Married-civ-spouse,Craft-repair,Husband,White,Male,United-States,>50K
17,220384,7,0,0,15,Private,11th,Never-married,Adm-clerical,Own-child,White,Male,United-States,<=50K
29,246933,9,0,0,40,Private,HS-grad,Never-married,Adm-clerical,Other-relative,White,Male,Mexico,<=50K
28,452808,6,0,0,40,Private,10th,Never-married,Handlers-cleaners,Not-in-family,White,Male,United-States,<=50K
45,117605,9,0,0,48,Self-emp-inc,HS-grad,Married-civ-spouse,Exec-managerial,Husband,White,Male,United-States,>50K
37,121772,9,0,0,40,Private,HS-grad,Never-married,Craft-repair,Not-in-family,Asian-Pac-Islander,Male,Hong,<=50K
46,169042,6,0,0,25,Private,10th,Never-married,Other-service,Not-in-family,White,Female,Ecuador,<=50K
33,112900,9,0,0,40,Private,HS-grad,Divorced,Other-service,Unmarried,White,Female,United-States,<=50K
53,30008,6,0,0,35,Self-emp-not-inc,10th,Married-civ-spouse,Farming-fishing,Husband,White,Male,United-States,<=50K
24,200679,9,0,0,50,Private,HS-grad,Never-married,Farming-fishing,Own-child,Black,Male,United-States,<=50K
54,338620,14,0,0,52,Private,Masters,Married-civ-spouse,Exec-managerial,Husband,White,Male,United-States,>50K
55,270859,13,0,0,40,Federal-gov,Bachelors,Married-civ-spouse,Prof-specialty,Husband,White,Male,United-States,>50K
26,298225,9,0,0,45,Private,HS-grad,Married-civ-spouse,Adm-clerical,Husband,White,Male,United-States,<=50K
19,174871,10,0,0,23,MISSING,Some-college,Never-married,MISSING,Own-child,White,Male,United-States,<=50K
20,137300,11,0,0,40,Private,Assoc-voc,Never-married,Machine-op-inspct,Unmarried,White,Female,United-States,<=50K
42,271521,10,0,0,40,Local-gov,Some-college,Married-civ-spouse,Protective-serv,Husband,Other,Male,United-States,>50K
26,326033,13,0,0,80,State-gov,Bachelors,Never-married,Adm-clerical,Not-in-family,White,Female,United-States,<=50K
42,235700,9,0,0,40,Private,HS-grad,Divorced,Handlers-cleaners,Not-in-family,White,Female,United-States,<=50K
32,323055,9,0,0,40,Private,HS-grad,Married-civ-spouse,Craft-repair,Husband,White,Male,United-States,<=50K
25,315643,9,0,0,30,Private,HS-grad,Married-civ-spouse,Other-service,Husband,White,Male,United-States,<=50K
26,337867,13,0,0,40,Local-gov,Bachelors,Never-married,Prof-specialty,Own-child,Black,Female,United-States,<=50K
23,146399,13,0,0,55,MISSING,Bachelors,Never-married,MISSING,Not-in-family,White,Male,United-States,<=50K
51,183611,12,0,0,55,Private,Assoc-acdm,Divorced,Exec-managerial,Unmarried,White,Male,Germany,<=50K
35,110538,9,0,0,70,Private,HS-grad,Divorced,Farming-fishing,Not-in-family,White,Male,United-States,<=50K
37,172846,10,0,0,45,Private,Some-college,Married-civ-spouse,Sales,Husband,White,Male,United-States,>50K
22,180449,10,0,0,28,Private,Some-college,Married-civ-spouse,Handlers-cleaners,Husband,White,Male,United-States,<=50K
31,213307,9,0,0,40,Local-gov,HS-grad,Never-married,Adm-clerical,Own-child,White,Female,United-States,<=50K
55,316027,4,0,0,40,MISSING,7th-8th,Married-civ-spouse,MISSING,Husband,White,Male,MISSING,<=50K
24,321666,12,0,0,20,Private,Assoc-acdm,Never-married,Machine-op-inspct,Own-child,White,Male,United-States,<=50K
19,141418,10,0,0,15,MISSING,Some-college,Never-married,MISSING,Own-child,White,Male,United-States,<=50K
35,110402,7,0,0,35,Private,11th,Married-civ-spouse,Sales,Husband,White,Male,United-States,<=50K
48,155664,13,0,0,35,Private,Bachelors,Married-civ-spouse,Adm-clerical,Husband,White,Male,United-States,>50K
27,423250,10,0,0,60,Private,Some-college,Married-civ-spouse,Exec-managerial,Husband,White,Male,United-States,<=50K
58,147989,9,0,0,40,Private,HS-grad,Married-civ-spouse,Transport-moving,Husband,White,Male,United-States,>50K
31,156763,9,2829,0,40,Private,HS-grad,Married-civ-spouse,Sales,Husband,White,Male,United-States,<=50K
45,256866,10,5013,0,40,Self-emp-not-inc,Some-college,Married-civ-spouse,Sales,Husband,White,Male,United-States,<=50K
30,186420,13,0,0,35,Private,Bachelors,Never-married,Tech-support,Not-in-family,White,Female,United-States,<=50K
37,349689,9,0,0,40,Private,HS-grad,Divorced,Adm-clerical,Unmarried,White,Female,United-States,<=50K
64,31993,4,0,0,10,Local-gov,7th-8th,Married-civ-spouse,Protective-serv,Husband,White,Male,United-States,<=50K
42,109273,10,0,0,40,Self-emp-not-inc,Some-college,Never-married,Craft-repair,Unmarried,White,Male,United-States,<=50K
23,275818,10,0,1974,40,Private,Some-college,Never-married,Sales,Not-in-family,White,Female,United-States,<=50K
47,223342,9,2174,0,40,Private,HS-grad,Widowed,Adm-clerical,Not-in-family,White,Female,England,<=50K
21,61777,10,0,0,70,Private,Some-college,Never-married,Craft-repair,Not-in-family,White,Male,United-States,<=50K
35,175614,11,0,0,40,Private,Assoc-voc,Divorced,Prof-specialty,Unmarried,White,Female,United-States,>50K
18,201554,10,0,0,15,Private,Some-college,Never-married,Machine-op-inspct,Not-in-family,White,Female,United-States,<=50K
68,286869,4,0,1668,40,MISSING,7th-8th,Widowed,MISSING,Not-in-family,White,Female,MISSING,<=50K
63,134699,9,0,0,25,Private,HS-grad,Widowed,Prof-specialty,Not-in-family,White,Female,United-States,<=50K
21,205844,10,0,0,25,Private,Some-college,Never-married,Sales,Own-child,Black,Female,United-States,<=50K
51,135102,9,0,0,65,Self-emp-not-inc,HS-grad,Married-civ-spouse,Transport-moving,Husband,White,Male,United-States,<=50K
35,153633,10,0,0,40,Federal-gov,Some-college,Never-married,Other-service,Unmarried,Black,Female,United-States,<=50K
52,104501,10,0,0,60,Self-emp-not-inc,Some-college,Married-civ-spouse,Tech-support,Husband,White,Male,United-States,>50K
54,217718,3,0,0,30,Private,5th-6th,Married-spouse-absent,Other-service,Unmarried,Black,Female,Haiti,<=50K
50,205100,4,0,0,35,Private,7th-8th,Married-civ-spouse,Other-service,Wife,White,Female,MISSING,<=50K
53,172991,10,0,0,25,Private,Some-college,Married-civ-spouse,Sales,Husband,White,Male,United-States,<=50K
20,173736,5,0,0,40,Private,9th,Never-married,Machine-op-inspct,Own-child,White,Male,United-States,<=50K
82,52921,10,0,0,3,MISSING,Some-college,Widowed,MISSING,Not-in-family,Amer-Indian-Eskimo,Male,United-States,<=50K
43,52498,13,0,0,50,Self-emp-not-inc,Bachelors,Never-married,Prof-specialty,Unmarried,White,Female,United-States,<=50K
34,228873,16,0,0,45,Private,Doctorate,Married-civ-spouse,Prof-specialty,Husband,White,Male,United-States,>50K
35,111387,10,0,1579,40,Private,Some-college,Married-civ-spouse,Handlers-cleaners,Husband,White,Male,United-States,<=50K
29,205249,14,0,0,40,Private,Masters,Married-civ-spouse,Exec-managerial,Husband,Asian-Pac-Islander,Male,Japan,<=50K
37,197429,9,0,0,45,Private,HS-grad,Married-civ-spouse,Handlers-cleaners,Husband,White,Male,United-States,>50K
21,410439,10,0,0,24,Private,Some-college,Never-married,Sales,Own-child,White,Male,United-States,<=50K
42,1097453,13,0,0,60,Self-emp-inc,Bachelors,Married-civ-spouse,Sales,Husband,White,Male,United-States,>50K
39,183620,10,0,0,40,Local-gov,Some-college,Never-married,Protective-serv,Not-in-family,Black,Female,United-States,>50K
26,252406,9,0,0,40,Private,HS-grad,Separated,Adm-clerical,Unmarried,White,Female,United-States,<=50K
49,249289,13,0,0,40,Local-gov,Bachelors,Divorced,Prof-specialty,Unmarried,Black,Female,United-States,<=50K
40,206049,10,0,0,40,Private,Some-college,Married-civ-spouse,Transport-moving,Husband,White,Male,United-States,<=50K
30,243665,9,0,0,50,Self-emp-not-inc,HS-grad,Married-civ-spouse,Sales,Husband,White,Male,United-States,<=50K
43,137722,9,0,0,40,Private,HS-grad,Married-civ-spouse,Handlers-cleaners,Husband,White,Male,United-States,<=50K
30,83253,9,0,0,55,Private,HS-grad,Married-civ-spouse,Prof-specialty,Husband,White,Male,United-States,<=50K
58,272902,13,0,0,40,Private,Bachelors,Widowed,Exec-managerial,Unmarried,White,Female,United-States,<=50K
20,168165,10,0,0,30,Private,Some-college,Never-married,Other-service,Own-child,White,Male,United-States,<=50K
38,296125,9,0,0,30,Private,HS-grad,Separated,Priv-house-serv,Unmarried,Black,Female,United-States,<=50K
62,159699,13,0,0,38,State-gov,Bachelors,Married-civ-spouse,Adm-clerical,Husband,White,Male,United-States,<=50K
59,283005,7,0,0,40,Private,11th,Divorced,Adm-clerical,Unmarried,White,Female,United-States,<=50K
40,177905,11,7688,0,44,Private,Assoc-voc,Married-civ-spouse,Exec-managerial,Husband,White,Male,United-States,>50K
20,199011,10,0,0,12,Private,Some-college,Never-married,Handlers-cleaners,Own-child,White,Male,United-States,<=50K
18,119655,8,0,0,12,Private,12th,Never-married,Adm-clerical,Own-child,White,Female,United-States,<=50K
19,369527,10,0,0,40,MISSING,Some-college,Never-married,MISSING,Own-child,White,Female,United-States,<=50K
22,306779,10,0,0,50,Private,Some-college,Never-married,Handlers-cleaners,Own-child,White,Male,United-States,<=50K
31,117346,10,0,0,48,Self-emp-not-inc,Some-college,Married-civ-spouse,Sales,Husband,White,Male,United-States,<=50K
44,145160,16,0,0,40,Private,Doctorate,Married-civ-spouse,Prof-specialty,Husband,White,Male,United-States,>50K
31,157078,6,0,0,40,Private,10th,Never-married,Adm-clerical,Unmarried,White,Female,United-States,<=50K
43,271807,10,0,0,40,Private,Some-college,Divorced,Craft-repair,Not-in-family,White,Male,United-States,<=50K
30,246439,10,0,0,40,Private,Some-college,Divorced,Adm-clerical,Unmarried,White,Male,United-States,<=50K
60,119832,10,7298,0,40,Federal-gov,Some-college,Married-civ-spouse,Adm-clerical,Husband,White,Male,United-States,>50K
31,80058,9,0,0,64,Local-gov,HS-grad,Never-married,Machine-op-inspct,Own-child,White,Male,United-States,<=50K
31,50442,10,0,0,25,Local-gov,Some-college,Never-married,Adm-clerical,Own-child,Amer-Indian-Eskimo,Female,United-States,<=50K
42,198096,10,0,0,40,Private,Some-college,Married-civ-spouse,Other-service,Husband,White,Male,United-States,>50K
37,122265,9,0,0,42,MISSING,HS-grad,Divorced,MISSING,Not-in-family,Asian-Pac-Islander,Female,MISSING,<=50K
32,167990,9,0,0,40,Private,HS-grad,Married-civ-spouse,Exec-managerial,Husband,White,Male,Ireland,<=50K
39,238008,9,0,0,40,Private,HS-grad,Widowed,Adm-clerical,Own-child,White,Female,United-States,<=50K
68,121846,4,0,0,20,Private,7th-8th,Widowed,Other-service,Unmarried,Amer-Indian-Eskimo,Female,United-States,<=50K
32,402812,10,0,0,48,Private,Some-college,Married-civ-spouse,Sales,Husband,White,Male,United-States,<=50K
43,310969,15,0,0,40,State-gov,Prof-school,Married-civ-spouse,Prof-specialty,Husband,Black,Male,United-States,<=50K
28,163862,13,5178,0,40,Federal-gov,Bachelors,Married-civ-spouse,Exec-managerial,Husband,White,Male,United-States,>50K
46,346978,13,0,0,40,Private,Bachelors,Divorced,Prof-specialty,Unmarried,White,Female,United-States,<=50K
28,183151,7,7688,0,40,Private,11th,Married-civ-spouse,Handlers-cleaners,Husband,White,Male,United-States,>50K
57,110417,10,0,0,75,Self-emp-not-inc,Some-college,Married-civ-spouse,Farming-fishing,Husband,White,Male,United-States,<=50K
33,170651,9,1055,0,40,Private,HS-grad,Never-married,Other-service,Own-child,White,Female,United-States,<=50K
24,81145,10,0,0,75,Self-emp-not-inc,Some-college,Never-married,Other-service,Not-in-family,White,Female,United-States,<=50K
46,72896,5,0,0,43,Private,9th,Married-civ-spouse,Machine-op-inspct,Husband,White,Male,United-States,<=50K
42,162003,16,0,0,36,Private,Doctorate,Never-married,Prof-specialty,Not-in-family,White,Male,United-States,>50K
19,169758,10,0,0,35,Private,Some-college,Never-married,Sales,Own-child,White,Male,United-States,<=50K
42,336643,11,0,0,40,Private,Assoc-voc,Separated,Prof-specialty,Unmarried,White,Female,United-States,<=50K
27,133359,13,0,0,50,MISSING,Bachelors,Married-spouse-absent,MISSING,Not-in-family,White,Male,MISSING,<=50K
58,216851,5,0,0,40,Private,9th,Never-married,Handlers-cleaners,Own-child,White,Male,El-Salvador,<=50K
20,114969,9,0,0,40,MISSING,HS-grad,Never-married,MISSING,Own-child,White,Male,United-States,<=50K
41,150533,9,2829,0,40,Private,HS-grad,Married-civ-spouse,Sales,Husband,White,Male,United-States,<=50K
41,185267,13,0,0,40,Private,Bachelors,Married-civ-spouse,Prof-specialty,Husband,White,Male,United-States,<=50K
21,228649,10,0,0,20,MISSING,Some-college,Never-married,MISSING,Own-child,White,Male,United-States,<=50K
38,436361,9,0,0,75,Private,HS-grad,Divorced,Other-service,Not-in-family,White,Female,United-States,<=50K
43,147099,10,0,0,36,Self-emp-not-inc,Some-college,Divorced,Adm-clerical,Unmarried,White,Female,United-States,<=50K
21,242912,9,0,0,35,Private,HS-grad,Never-married,Other-service,Other-relative,White,Female,United-States,<=50K
35,44780,10,7688,0,20,Private,Some-college,Married-civ-spouse,Adm-clerical,Wife,White,Female,United-States,>50K
29,88432,11,0,0,50,Private,Assoc-voc,Married-civ-spouse,Craft-repair,Husband,White,Male,United-States,<=50K
32,342458,13,0,0,40,Private,Bachelors,Never-married,Prof-specialty,Not-in-family,White,Male,United-States,<=50K
19,431745,7,0,0,30,State-gov,11th,Never-married,Other-service,Own-child,White,Male,United-States,<=50K
55,200939,9,0,0,72,Self-emp-not-inc,HS-grad,Married-civ-spouse,Transport-moving,Husband,White,Male,United-States,<=50K
18,279288,6,0,0,30,MISSING,10th,Never-married,MISSING,Other-relative,White,Female,United-States,<=50K
63,175777,6,0,0,40,Private,10th,Separated,Machine-op-inspct,Not-in-family,Black,Male,United-States,<=50K
50,271160,10,0,0,40,Private,Some-college,Divorced,Sales,Not-in-family,White,Female,United-States,<=50K
26,104834,14,0,1669,40,Private,Masters,Never-married,Prof-specialty,Not-in-family,White,Female,United-States,<=50K
34,73585,14,0,0,40,Private,Masters,Married-civ-spouse,Prof-specialty,Husband,White,Male,MISSING,<=50K
18,198087,9,0,0,30,Private,HS-grad,Never-married,Sales,Own-child,White,Female,United-States,<=50K
29,118230,9,0,0,35,Private,HS-grad,Never-married,Sales,Not-in-family,White,Female,United-States,<=50K
21,176262,12,0,0,18,Private,Assoc-acdm,Never-married,Other-service,Own-child,White,Female,United-States,<=50K
48,55863,16,0,1902,46,State-gov,Doctorate,Married-civ-spouse,Prof-specialty,Wife,White,Female,United-States,>50K
37,102936,13,0,0,55,Local-gov,Bachelors,Divorced,Prof-specialty,Unmarried,White,Female,United-States,<=50K
21,149637,10,0,0,25,Private,Some-college,Never-married,Adm-clerical,Not-in-family,White,Female,United-States,<=50K
24,118023,10,0,0,30,Private,Some-college,Never-married,Handlers-cleaners,Own-child,White,Male,United-States,<=50K
50,207367,10,0,0,40,Private,Some-college,Married-spouse-absent,Other-service,Not-in-family,White,Female,Cuba,<=50K
44,343190,10,0,1887,55,Self-emp-not-inc,Some-college,Married-civ-spouse,Craft-repair,Husband,White,Male,United-States,>50K
37,103925,13,0,0,50,Self-emp-not-inc,Bachelors,Married-civ-spouse,Sales,Wife,White,Female,United-States,<=50K
46,193047,13,0,0,37,State-gov,Bachelors,Married-civ-spouse,Prof-specialty,Husband,White,Male,United-States,<=50K
25,356344,13,0,0,40,Private,Bachelors,Never-married,Adm-clerical,Own-child,White,Female,United-States,<=50K
37,168475,9,0,0,40,Private,HS-grad,Married-civ-spouse,Exec-managerial,Husband,White,Male,United-States,>50K
38,125933,13,27828,0,45,Private,Bachelors,Separated,Exec-managerial,Not-in-family,White,Male,United-States,>50K
22,349368,9,0,0,40,Private,HS-grad,Never-married,Adm-clerical,Other-relative,White,Female,United-States,<=50K
23,148709,9,0,0,40,Private,HS-grad,Separated,Handlers-cleaners,Other-relative,White,Female,United-States,<=50K
29,190765,9,0,0,44,Private,HS-grad,Divorced,Machine-op-inspct,Not-in-family,White,Male,United-States,<=50K
25,255474,13,0,0,40,Private,Bachelors,Never-married,Adm-clerical,Not-in-family,White,Female,United-States,<=50K
35,86648,15,7688,0,50,Private,Prof-school,Married-civ-spouse,Prof-specialty,Husband,White,Male,United-States,>50K
51,161691,9,0,0,40,Private,HS-grad,Married-civ-spouse,Adm-clerical,Wife,White,Female,United-States,<=50K
44,202692,14,0,0,40,Self-emp-not-inc,Masters,Married-civ-spouse,Prof-specialty,Husband,White,Male,United-States,<=50K
27,136094,9,0,0,40,Private,HS-grad,Never-married,Handlers-cleaners,Own-child,White,Male,United-States,<=50K
38,210866,9,0,0,44,Private,HS-grad,Married-civ-spouse,Exec-managerial,Husband,White,Male,United-States,>50K
22,233624,9,0,0,43,Private,HS-grad,Married-civ-spouse,Craft-repair,Husband,White,Male,United-States,<=50K
28,45613,10,0,0,40,Private,Some-college,Never-married,Priv-house-serv,Not-in-family,White,Female,United-States,<=50K
43,245842,9,0,0,44,Private,HS-grad,Married-civ-spouse,Machine-op-inspct,Husband,White,Male,Mexico,<=50K
46,268281,13,0,0,40,Private,Bachelors,Never-married,Prof-specialty,Not-in-family,White,Female,United-States,<=50K
71,196610,4,6097,0,40,Private,7th-8th,Widowed,Exec-managerial,Not-in-family,White,Male,United-States,>50K
47,298130,9,0,0,40,Private,HS-grad,Married-civ-spouse,Sales,Husband,White,Male,United-States,<=50K
28,33374,7,0,0,35,Private,11th,Married-spouse-absent,Other-service,Unmarried,White,Female,United-States,<=50K
30,232475,9,0,0,40,Private,HS-grad,Separated,Craft-repair,Not-in-family,White,Male,United-States,<=50K
48,123075,16,0,0,45,Private,Doctorate,Married-civ-spouse,Prof-specialty,Husband,White,Male,United-States,>50K
40,125206,15,0,0,40,Self-emp-not-inc,Prof-school,Married-civ-spouse,Prof-specialty,Husband,White,Male,United-States,<=50K
56,162130,3,0,1887,67,Self-emp-not-inc,5th-6th,Married-civ-spouse,Exec-managerial,Husband,White,Male,United-States,>50K
27,469705,9,0,1980,40,Federal-gov,HS-grad,Never-married,Craft-repair,Not-in-family,Black,Male,United-States,<=50K
53,240914,10,0,0,40,Private,Some-college,Married-civ-spouse,Craft-repair,Husband,White,Male,United-States,<=50K
49,144844,9,0,0,52,Private,HS-grad,Married-civ-spouse,Transport-moving,Husband,White,Male,United-States,>50K
25,332702,11,0,0,15,Private,Assoc-voc,Never-married,Other-service,Own-child,White,Female,United-States,<=50K
38,200818,15,0,0,40,Private,Prof-school,Married-civ-spouse,Prof-specialty,Husband,White,Male,United-States,>50K
28,183780,9,0,1740,40,Private,HS-grad,Married-civ-spouse,Transport-moving,Husband,White,Male,United-States,<=50K
28,142712,13,0,0,50,Private,Bachelors,Never-married,Exec-managerial,Not-in-family,White,Male,United-States,>50K
21,315065,4,0,0,48,Private,7th-8th,Never-married,Other-service,Other-relative,White,Male,Mexico,<=50K
33,154227,11,0,0,40,Private,Assoc-voc,Divorced,Sales,Not-in-family,White,Male,United-States,<=50K
48,82098,10,0,0,65,Self-emp-not-inc,Some-college,Married-civ-spouse,Exec-managerial,Husband,Asian-Pac-Islander,Male,United-States,<=50K
47,431245,4,0,0,40,Private,7th-8th,Married-civ-spouse,Craft-repair,Husband,White,Male,United-States,<=50K
34,117963,13,0,0,40,Private,Bachelors,Married-civ-spouse,Craft-repair,Husband,White,Male,United-States,>50K
57,125000,15,0,0,35,Self-emp-inc,Prof-school,Married-civ-spouse,Prof-specialty,Husband,White,Male,United-States,>50K
47,88500,9,0,0,35,Self-emp-not-inc,HS-grad,Married-civ-spouse,Farming-fishing,Husband,White,Male,United-States,<=50K
65,149131,13,0,0,40,MISSING,Bachelors,Married-civ-spouse,MISSING,Husband,White,Male,Italy,>50K
37,127918,10,0,0,20,Private,Some-college,Never-married,Transport-moving,Unmarried,White,Female,Puerto-Rico,<=50K
48,207848,6,0,0,40,Private,10th,Married-civ-spouse,Adm-clerical,Wife,White,Female,United-States,<=50K
29,389713,11,0,0,40,Private,Assoc-voc,Married-civ-spouse,Craft-repair,Husband,White,Male,United-States,>50K
18,156950,9,0,0,35,Private,HS-grad,Never-married,Adm-clerical,Own-child,White,Male,United-States,<=50K
31,42485,9,0,0,55,Private,HS-grad,Married-civ-spouse,Machine-op-inspct,Husband,White,Male,United-States,<=50K
29,132874,9,0,0,40,Private,HS-grad,Married-civ-spouse,Craft-repair,Husband,White,Male,United-States,<=50K
60,113658,10,0,0,35,Local-gov,Some-college,Married-civ-spouse,Adm-clerical,Wife,White,Female,United-States,<=50K
25,114150,9,0,0,40,Private,HS-grad,Never-married,Handlers-cleaners,Other-relative,White,Male,United-States,<=50K
48,122086,9,0,0,40,State-gov,HS-grad,Married-civ-spouse,Protective-serv,Husband,White,Male,United-States,<=50K
38,107125,10,0,0,60,Private,Some-college,Never-married,Sales,Not-in-family,White,Male,United-States,<=50K
17,262196,6,0,0,8,MISSING,10th,Never-married,MISSING,Own-child,White,Male,United-States,<=50K
31,373185,10,0,0,42,Private,Some-college,Never-married,Craft-repair,Unmarried,White,Male,Mexico,<=50K
36,168223,13,0,0,40,MISSING,Bachelors,Never-married,MISSING,Own-child,White,Female,United-States,<=50K
36,118909,12,0,0,40,Private,Assoc-acdm,Never-married,Adm-clerical,Unmarried,Black,Female,Jamaica,<=50K
24,161198,13,0,0,25,Private,Bachelors,Never-married,Prof-specialty,Not-in-family,White,Male,United-States,<=50K
43,178780,10,0,0,49,Private,Some-college,Married-civ-spouse,Exec-managerial,Husband,White,Male,United-States,>50K
32,283268,6,0,0,42,Private,10th,Separated,Other-service,Unmarried,White,Female,United-States,<=50K
29,78529,6,0,0,12,MISSING,10th,Separated,MISSING,Unmarried,White,Female,United-States,<=50K
45,177543,9,0,0,50,Self-emp-inc,HS-grad,Married-civ-spouse,Sales,Wife,White,Female,United-States,<=50K
41,90021,9,0,0,40,Private,HS-grad,Married-civ-spouse,Handlers-cleaners,Husband,White,Male,MISSING,<=50K
42,245307,13,0,1977,48,Local-gov,Bachelors,Married-civ-spouse,Exec-managerial,Husband,White,Male,United-States,>50K
32,191777,11,0,0,35,Private,Assoc-voc,Never-married,Exec-managerial,Not-in-family,Black,Female,England,<=50K
41,196344,2,0,0,50,Private,1st-4th,Married-civ-spouse,Sales,Husband,White,Male,Mexico,<=50K
44,47818,9,0,0,60,Self-emp-not-inc,HS-grad,Divorced,Exec-managerial,Unmarried,White,Female,United-States,<=50K
39,139906,9,0,0,81,Private,HS-grad,Divorced,Other-service,Unmarried,White,Female,United-States,<=50K
34,98101,13,7688,0,45,State-gov,Bachelors,Married-civ-spouse,Exec-managerial,Husband,White,Male,MISSING,>50K
45,183804,10,0,0,40,Federal-gov,Some-college,Never-married,Adm-clerical,Own-child,White,Male,United-States,<=50K
40,167081,14,3103,0,50,Self-emp-not-inc,Masters,Married-civ-spouse,Sales,Husband,White,Male,United-States,<=50K
48,119722,10,0,0,8,Private,Some-college,Married-civ-spouse,Sales,Husband,Black,Male,United-States,<=50K
17,228373,6,0,0,30,MISSING,10th,Never-married,MISSING,Own-child,White,Male,United-States,<=50K
22,212114,13,0,0,15,Private,Bachelors,Never-married,Handlers-cleaners,Own-child,White,Female,United-States,<=50K
27,333296,13,0,0,30,Private,Bachelors,Never-married,Other-service,Not-in-family,White,Male,MISSING,<=50K
32,353994,13,0,0,40,Private,Bachelors,Married-civ-spouse,Exec-managerial,Other-relative,Asian-Pac-Islander,Female,China,>50K
49,259087,10,0,0,40,Private,Some-college,Divorced,Craft-repair,Not-in-family,White,Female,United-States,<=50K
60,153356,9,2597,0,55,Self-emp-not-inc,HS-grad,Divorced,Sales,Not-in-family,Black,Male,United-States,<=50K
33,182423,9,0,0,40,Private,HS-grad,Divorced,Other-service,Unmarried,Black,Male,United-States,<=50K
21,152389,10,0,0,30,Private,Some-college,Never-married,Other-service,Not-in-family,Black,Female,United-States,<=50K
40,284706,15,0,1977,60,Self-emp-not-inc,Prof-school,Married-civ-spouse,Prof-specialty,Husband,Amer-Indian-Eskimo,Male,United-States,>50K
47,81654,10,0,0,56,Local-gov,Some-college,Divorced,Exec-managerial,Not-in-family,White,Male,United-States,>50K
45,270842,10,0,0,40,Private,Some-college,Divorced,Other-service,Not-in-family,White,Female,United-States,<=50K
28,149991,13,0,0,42,Local-gov,Bachelors,Married-civ-spouse,Protective-serv,Husband,Black,Male,United-States,>50K
27,168107,13,0,0,40,Private,Bachelors,Married-civ-spouse,Craft-repair,Husband,White,Male,United-States,<=50K
35,272338,11,0,0,40,Private,Assoc-voc,Divorced,Prof-specialty,Unmarried,White,Female,United-States,<=50K
18,163085,9,0,0,20,MISSING,HS-grad,Separated,MISSING,Own-child,White,Male,United-States,<=50K
29,33798,10,0,0,20,State-gov,Some-college,Divorced,Adm-clerical,Own-child,White,Male,United-States,<=50K
75,314209,11,0,0,20,Private,Assoc-voc,Widowed,Adm-clerical,Not-in-family,White,Female,Columbia,<=50K
32,143604,9,0,0,16,Private,HS-grad,Divorced,Other-service,Not-in-family,Black,Female,United-States,<=50K
62,136787,9,0,0,40,Local-gov,HS-grad,Divorced,Transport-moving,Other-relative,White,Male,United-States,<=50K
45,34091,13,0,0,38,Self-emp-inc,Bachelors,Married-civ-spouse,Exec-managerial,Husband,White,Male,United-States,>50K
28,259840,13,0,0,60,Private,Bachelors,Married-civ-spouse,Sales,Husband,White,Male,United-States,>50K
27,411950,10,0,0,40,Self-emp-not-inc,Some-college,Married-civ-spouse,Other-service,Husband,White,Male,United-States,<=50K
36,229533,9,0,0,40,MISSING,HS-grad,Married-civ-spouse,MISSING,Husband,White,Male,United-States,<=50K
21,203894,11,0,0,40,Private,Assoc-voc,Never-married,Adm-clerical,Own-child,White,Female,United-States,<=50K
41,108681,10,0,0,40,Private,Some-college,Married-civ-spouse,Adm-clerical,Wife,White,Female,United-States,<=50K
61,68268,6,0,0,55,Private,10th,Married-civ-spouse,Farming-fishing,Husband,White,Male,United-States,<=50K
46,110457,14,0,0,55,Self-emp-inc,Masters,Married-civ-spouse,Exec-managerial,Husband,White,Male,United-States,>50K
47,236111,10,0,0,55,Self-emp-not-inc,Some-college,Married-civ-spouse,Prof-specialty,Husband,Other,Male,United-States,>50K
33,99309,10,0,0,50,Private,Some-college,Divorced,Craft-repair,Unmarried,White,Male,United-States,<=50K
29,162551,14,0,0,40,Private,Masters,Married-civ-spouse,Prof-specialty,Wife,Asian-Pac-Islander,Female,Hong,>50K
59,168569,15,0,0,50,Private,Prof-school,Never-married,Prof-specialty,Not-in-family,White,Male,United-States,<=50K
46,141483,9,0,0,40,Private,HS-grad,Married-civ-spouse,Sales,Wife,White,Female,United-States,<=50K
33,203488,10,0,0,45,Private,Some-college,Never-married,Exec-managerial,Own-child,White,Male,United-States,<=50K
37,328466,9,0,0,72,Private,HS-grad,Married-civ-spouse,Craft-repair,Husband,White,Male,Mexico,<=50K
24,176178,12,0,0,2,Local-gov,Assoc-acdm,Never-married,Prof-specialty,Own-child,White,Female,United-States,<=50K
28,227840,9,0,0,40,Private,HS-grad,Never-married,Transport-moving,Not-in-family,White,Female,United-States,<=50K
34,37676,13,0,0,50,Private,Bachelors,Married-civ-spouse,Sales,Husband,White,Male,United-States,>50K
21,77665,10,0,0,35,MISSING,Some-college,Never-married,MISSING,Own-child,White,Male,United-States,<=50K
67,247566,9,0,0,24,Private,HS-grad,Married-civ-spouse,Protective-serv,Husband,White,Male,United-States,<=50K
44,355728,10,0,1980,45,Private,Some-college,Separated,Exec-managerial,Not-in-family,White,Male,England,<=50K
44,151504,10,0,0,50,Private,Some-college,Married-civ-spouse,Sales,Husband,White,Male,United-States,<=50K
52,129177,13,0,2824,20,Private,Bachelors,Widowed,Other-service,Not-in-family,White,Female,United-States,>50K
35,180137,10,0,0,60,Private,Some-college,Divorced,Exec-managerial,Unmarried,White,Male,United-States,<=50K
24,376474,9,0,0,40,MISSING,HS-grad,Married-civ-spouse,MISSING,Husband,White,Male,United-States,<=50K
28,109282,10,0,0,40,Private,Some-college,Divorced,Prof-specialty,Not-in-family,White,Male,United-States,<=50K
28,168524,11,0,0,40,MISSING,Assoc-voc,Married-civ-spouse,MISSING,Own-child,White,Female,United-States,<=50K
64,307786,2,0,0,20,Self-emp-inc,1st-4th,Married-civ-spouse,Sales,Husband,White,Male,United-States,<=50K
24,211160,10,0,0,40,Private,Some-college,Married-civ-spouse,Sales,Husband,White,Male,United-States,<=50K
35,169672,7,0,0,65,Private,11th,Married-civ-spouse,Sales,Husband,White,Male,United-States,<=50K
20,153583,10,0,0,40,Private,Some-college,Never-married,Adm-clerical,Own-child,White,Female,MISSING,<=50K
48,155862,9,0,0,65,Private,HS-grad,Divorced,Transport-moving,Not-in-family,White,Male,United-States,<=50K
20,227778,10,0,0,56,Private,Some-college,Never-married,Sales,Not-in-family,White,Female,United-States,<=50K
26,102460,10,0,0,40,Private,Some-college,Married-civ-spouse,Adm-clerical,Husband,White,Male,United-States,<=50K
51,306784,9,0,0,30,Self-emp-not-inc,HS-grad,Married-civ-spouse,Exec-managerial,Husband,White,Male,United-States,<=50K
49,329603,13,0,1902,40,Private,Bachelors,Married-civ-spouse,Craft-repair,Husband,White,Male,United-States,>50K
40,276096,9,0,0,40,Private,HS-grad,Married-civ-spouse,Machine-op-inspct,Husband,White,Male,United-States,<=50K
40,191429,15,15024,0,40,Self-emp-inc,Prof-school,Married-civ-spouse,Prof-specialty,Husband,White,Male,United-States,>50K
18,211177,8,0,0,20,MISSING,12th,Never-married,MISSING,Other-relative,Black,Male,United-States,<=50K
47,191957,9,0,0,40,Private,HS-grad,Married-civ-spouse,Sales,Husband,Black,Male,United-States,>50K
46,176684,12,0,0,40,Private,Assoc-acdm,Never-married,Adm-clerical,Not-in-family,White,Female,United-States,<=50K
32,226975,10,0,1876,60,Private,Some-college,Never-married,Sales,Own-child,White,Male,United-States,<=50K
50,192964,9,0,0,65,Private,HS-grad,Divorced,Sales,Unmarried,White,Female,United-States,<=50K
64,181408,11,0,0,10,Self-emp-inc,Assoc-voc,Married-civ-spouse,Craft-repair,Husband,White,Male,United-States,<=50K
73,77884,9,0,0,40,Private,HS-grad,Married-civ-spouse,Farming-fishing,Husband,Asian-Pac-Islander,Male,Philippines,<=50K
18,25828,7,0,0,16,Private,11th,Never-married,Handlers-cleaners,Own-child,White,Male,United-States,<=50K
46,128460,6,0,0,40,Private,10th,Married-civ-spouse,Handlers-cleaners,Husband,White,Male,United-States,<=50K
32,177566,10,0,0,50,Local-gov,Some-college,Married-spouse-absent,Prof-specialty,Not-in-family,White,Male,Germany,<=50K
24,227610,6,0,0,58,Private,10th,Divorced,Handlers-cleaners,Unmarried,White,Female,United-States,<=50K
42,124692,9,0,0,40,Private,HS-grad,Married-civ-spouse,Handlers-cleaners,Husband,White,Male,United-States,<=50K
39,93319,9,0,0,4,Self-emp-not-inc,HS-grad,Never-married,Sales,Other-relative,White,Female,United-States,<=50K
18,157131,9,0,0,12,MISSING,HS-grad,Never-married,MISSING,Own-child,White,Female,United-States,<=50K
21,221418,9,0,0,40,Private,HS-grad,Never-married,Other-service,Own-child,White,Female,United-States,<=50K
39,154641,9,0,0,60,Self-emp-inc,HS-grad,Divorced,Craft-repair,Unmarried,White,Male,United-States,<=50K
19,264390,10,0,2001,40,Private,Some-college,Never-married,Adm-clerical,Own-child,White,Female,United-States,<=50K
51,249644,10,0,0,48,Private,Some-college,Divorced,Craft-repair,Not-in-family,White,Male,United-States,>50K
23,133515,9,0,0,35,Private,HS-grad,Never-married,Other-service,Not-in-family,White,Female,United-States,<=50K
28,216178,9,0,0,40,Private,HS-grad,Married-civ-spouse,Sales,Husband,White,Male,United-States,<=50K
40,183096,13,0,0,35,Private,Bachelors,Divorced,Adm-clerical,Not-in-family,White,Female,United-States,<=50K
25,135645,14,0,0,20,Private,Masters,Never-married,Sales,Not-in-family,White,Male,United-States,<=50K
20,180052,10,0,0,20,Private,Some-college,Never-married,Sales,Own-child,White,Male,United-States,<=50K
43,225193,9,0,0,40,Private,HS-grad,Married-civ-spouse,Sales,Husband,White,Male,United-States,<=50K
49,102583,10,0,1848,44,Private,Some-college,Married-civ-spouse,Prof-specialty,Husband,White,Male,United-States,>50K
66,214469,9,0,0,13,Private,HS-grad,Widowed,Adm-clerical,Not-in-family,White,Female,United-States,<=50K
23,140798,13,0,0,40,Private,Bachelors,Never-married,Adm-clerical,Not-in-family,White,Female,United-States,<=50K
35,110188,13,0,0,40,Federal-gov,Bachelors,Married-civ-spouse,Prof-specialty,Husband,Asian-Pac-Islander,Male,Vietnam,<=50K
30,176871,10,0,0,40,Private,Some-college,Separated,Adm-clerical,Unmarried,Black,Female,United-States,<=50K
57,103540,3,0,0,50,Private,5th-6th,Married-civ-spouse,Transport-moving,Husband,Black,Male,United-States,<=50K
20,22966,10,0,0,12,Private,Some-college,Never-married,Other-service,Own-child,White,Male,Canada,<=50K
41,82778,2,0,0,40,Private,1st-4th,Married-civ-spouse,Farming-fishing,Husband,White,Male,Mexico,<=50K
35,438176,11,0,0,65,Private,Assoc-voc,Never-married,Other-service,Not-in-family,White,Female,United-States,<=50K
47,187440,9,5178,0,40,Private,HS-grad,Married-civ-spouse,Craft-repair,Husband,White,Male,United-States,>50K
28,214689,13,0,0,25,Private,Bachelors,Never-married,Handlers-cleaners,Other-relative,White,Male,United-States,<=50K
41,304906,13,0,0,40,Private,Bachelors,Married-civ-spouse,Exec-managerial,Husband,White,Male,United-States,>50K
63,30813,14,0,0,50,Private,Masters,Married-civ-spouse,Prof-specialty,Husband,White,Male,United-States,>50K
48,107231,13,99999,0,50,Self-emp-not-inc,Bachelors,Married-civ-spouse,Exec-managerial,Husband,White,Male,United-States,>50K
52,185407,11,0,0,48,Private,Assoc-voc,Married-civ-spouse,Craft-repair,Husband,White,Male,Poland,>50K
41,211253,14,0,0,40,Private,Masters,Married-civ-spouse,Exec-managerial,Wife,White,Female,United-States,>50K
27,233724,9,0,0,38,Self-emp-inc,HS-grad,Separated,Adm-clerical,Not-in-family,White,Male,United-States,<=50K
21,215039,9,0,0,13,Private,HS-grad,Never-married,Craft-repair,Own-child,White,Male,MISSING,<=50K
43,393354,10,0,0,38,Private,Some-college,Married-civ-spouse,Adm-clerical,Wife,Black,Female,United-States,>50K
43,102180,14,0,0,50,Private,Masters,Married-civ-spouse,Exec-managerial,Husband,White,Male,United-States,>50K
64,113324,9,0,0,40,Local-gov,HS-grad,Widowed,Exec-managerial,Not-in-family,White,Male,United-States,<=50K
90,39824,9,401,0,4,MISSING,HS-grad,Widowed,MISSING,Not-in-family,White,Male,United-States,<=50K
24,35633,10,0,0,40,MISSING,Some-college,Never-married,MISSING,Not-in-family,White,Male,MISSING,<=50K
31,130021,9,0,0,45,Private,HS-grad,Married-civ-spouse,Machine-op-inspct,Husband,White,Male,United-States,<=50K
26,109186,10,0,0,50,Private,Some-college,Married-civ-spouse,Sales,Husband,White,Male,Germany,<=50K
43,19914,10,0,0,15,Federal-gov,Some-college,Widowed,Exec-managerial,Unmarried,Amer-Indian-Eskimo,Female,United-States,<=50K
40,445382,9,0,0,40,Private,HS-grad,Married-civ-spouse,Exec-managerial,Husband,White,Male,United-States,>50K
50,46401,13,0,0,50,Local-gov,Bachelors,Divorced,Prof-specialty,Unmarried,White,Female,United-States,<=50K
24,403671,9,0,0,60,Private,HS-grad,Married-civ-spouse,Craft-repair,Husband,White,Male,United-States,<=50K
35,108808,9,0,0,50,Self-emp-not-inc,HS-grad,Divorced,Craft-repair,Not-in-family,White,Male,United-States,<=50K
44,181344,10,0,0,38,Local-gov,Some-college,Married-civ-spouse,Exec-managerial,Husband,Black,Male,United-States,>50K
33,83671,13,0,0,50,Local-gov,Bachelors,Never-married,Prof-specialty,Not-in-family,Black,Female,United-States,<=50K
32,52647,6,0,0,45,Self-emp-not-inc,10th,Married-civ-spouse,Exec-managerial,Husband,White,Male,United-States,<=50K
37,89491,14,0,0,40,Local-gov,Masters,Divorced,Exec-managerial,Not-in-family,White,Female,United-States,<=50K
53,238481,11,0,1485,40,Private,Assoc-voc,Married-civ-spouse,Exec-managerial,Husband,White,Male,United-States,<=50K
35,52738,10,0,0,46,Private,Some-college,Married-civ-spouse,Machine-op-inspct,Husband,White,Male,United-States,<=50K
20,157332,10,0,0,25,Private,Some-college,Never-married,Adm-clerical,Own-child,White,Female,United-States,<=50K
40,118001,9,0,0,40,Private,HS-grad,Never-married,Handlers-cleaners,Not-in-family,Black,Male,United-States,<=50K
34,97355,10,0,0,60,Private,Some-college,Divorced,Sales,Not-in-family,White,Female,United-States,<=50K
48,108557,10,3325,0,60,Self-emp-not-inc,Some-college,Divorced,Sales,Not-in-family,White,Female,United-States,<=50K
27,128730,11,10520,0,65,Private,Assoc-voc,Never-married,Exec-managerial,Not-in-family,White,Male,Greece,>50K
40,338740,9,0,0,40,Private,HS-grad,Married-civ-spouse,Exec-managerial,Husband,White,Male,United-States,<=50K
36,241998,10,99999,0,20,Self-emp-not-inc,Some-college,Married-civ-spouse,Sales,Husband,White,Male,United-States,>50K
54,53833,9,0,0,40,Private,HS-grad,Married-civ-spouse,Machine-op-inspct,Husband,White,Male,United-States,>50K
27,152951,9,0,0,40,Private,HS-grad,Married-civ-spouse,Craft-repair,Husband,White,Male,United-States,<=50K
62,109463,10,0,1617,33,Private,Some-college,Separated,Sales,Unmarried,White,Female,United-States,<=50K
46,340718,7,0,0,40,Federal-gov,11th,Widowed,Adm-clerical,Not-in-family,White,Female,United-States,<=50K
37,109133,14,27828,0,60,Private,Masters,Separated,Exec-managerial,Not-in-family,White,Male,Iran,>50K
47,52795,10,0,0,46,Private,Some-college,Married-civ-spouse,Machine-op-inspct,Husband,White,Male,United-States,<=50K
27,258102,3,0,0,40,Private,5th-6th,Never-married,Transport-moving,Not-in-family,White,Male,Mexico,<=50K
47,120781,14,15024,0,40,Private,Masters,Married-civ-spouse,Exec-managerial,Husband,Asian-Pac-Islander,Male,MISSING,>50K
29,370242,10,0,0,40,Private,Some-college,Married-civ-spouse,Craft-repair,Husband,White,Male,United-States,<=50K
31,210926,9,0,0,40,Federal-gov,HS-grad,Separated,Handlers-cleaners,Unmarried,White,Female,United-States,<=50K
39,22494,13,0,0,40,Private,Bachelors,Never-married,Exec-managerial,Not-in-family,White,Female,United-States,<=50K
61,162432,10,0,0,40,Private,Some-college,Divorced,Other-service,Not-in-family,White,Female,United-States,<=50K
40,273425,11,0,0,15,MISSING,Assoc-voc,Married-civ-spouse,MISSING,Husband,White,Male,United-States,<=50K
25,143280,6,0,0,24,Private,10th,Never-married,Priv-house-serv,Own-child,White,Female,United-States,<=50K
41,128354,13,0,0,25,Private,Bachelors,Married-civ-spouse,Tech-support,Wife,White,Female,United-States,>50K
37,118486,13,4934,0,32,Private,Bachelors,Separated,Prof-specialty,Unmarried,White,Female,United-States,>50K
23,62278,10,0,0,45,Private,Some-college,Married-civ-spouse,Sales,Husband,White,Male,United-States,<=50K
24,440138,9,0,0,45,Private,HS-grad,Never-married,Priv-house-serv,Not-in-family,White,Female,England,<=50K
56,295067,13,14084,0,45,Private,Bachelors,Never-married,Exec-managerial,Not-in-family,White,Male,United-States,>50K
22,62865,12,0,0,40,Private,Assoc-acdm,Never-married,Adm-clerical,Not-in-family,White,Female,United-States,<=50K
57,200453,9,15024,0,40,Private,HS-grad,Married-civ-spouse,Craft-repair,Husband,White,Male,United-States,>50K
23,330571,13,0,0,25,Private,Bachelors,Never-married,Adm-clerical,Own-child,White,Female,United-States,<=50K
35,185053,13,0,0,40,Federal-gov,Bachelors,Never-married,Prof-specialty,Own-child,White,Female,United-States,<=50K
23,430828,10,0,0,40,Local-gov,Some-college,Separated,Exec-managerial,Unmarried,Black,Male,United-States,<=50K
36,208358,15,99999,0,45,Private,Prof-school,Divorced,Prof-specialty,Not-in-family,White,Male,United-States,>50K
47,242552,10,0,0,40,Local-gov,Some-college,Never-married,Protective-serv,Not-in-family,Black,Male,United-States,<=50K
46,271828,9,0,0,40,Private,HS-grad,Married-civ-spouse,Machine-op-inspct,Husband,White,Male,United-States,>50K
19,117595,9,0,0,24,Private,HS-grad,Never-married,Other-service,Own-child,White,Male,United-States,<=50K
41,149102,9,0,0,40,Private,HS-grad,Never-married,Transport-moving,Not-in-family,White,Male,Poland,<=50K
58,210673,10,0,0,40,Private,Some-college,Married-civ-spouse,Adm-clerical,Wife,White,Female,United-States,>50K
23,145389,10,0,0,40,Private,Some-college,Married-civ-spouse,Sales,Wife,White,Female,United-States,<=50K
52,114971,10,0,0,40,Private,Some-college,Married-civ-spouse,Craft-repair,Husband,White,Male,United-States,>50K
30,423064,9,0,0,35,Federal-gov,HS-grad,Separated,Adm-clerical,Other-relative,Black,Male,United-States,<=50K
25,129784,10,0,0,40,Private,Some-college,Never-married,Other-service,Own-child,White,Female,United-States,<=50K
48,238360,13,0,0,40,Private,Bachelors,Separated,Adm-clerical,Unmarried,Asian-Pac-Islander,Female,Philippines,<=50K
52,135339,10,0,0,40,Self-emp-not-inc,Some-college,Married-civ-spouse,Craft-repair,Husband,Asian-Pac-Islander,Male,MISSING,>50K
26,55743,9,0,0,30,Private,HS-grad,Never-married,Adm-clerical,Unmarried,Black,Female,United-States,<=50K
29,412435,9,0,0,40,Private,HS-grad,Married-civ-spouse,Exec-managerial,Wife,White,Female,Outlying-US(Guam-USVI-etc),<=50K
31,227325,10,0,0,40,Private,Some-college,Never-married,Craft-repair,Not-in-family,White,Male,United-States,<=50K
29,349154,6,0,0,40,Private,10th,Separated,Farming-fishing,Unmarried,White,Female,Guatemala,<=50K
29,192384,9,0,0,40,Private,HS-grad,Never-married,Craft-repair,Not-in-family,White,Male,United-States,<=50K
25,208591,13,0,0,40,Private,Bachelors,Never-married,Prof-specialty,Own-child,White,Male,United-States,<=50K
48,233802,14,0,0,45,Private,Masters,Married-civ-spouse,Exec-managerial,Husband,Black,Male,United-States,<=50K
44,128676,10,0,0,40,Private,Some-college,Never-married,Adm-clerical,Not-in-family,Black,Female,United-States,<=50K
38,141584,9,0,0,55,Self-emp-inc,HS-grad,Divorced,Sales,Unmarried,White,Male,United-States,<=50K
58,200042,10,15024,0,40,Federal-gov,Some-college,Married-civ-spouse,Exec-managerial,Husband,White,Male,United-States,>50K
39,123983,13,0,0,40,Private,Bachelors,Divorced,Sales,Not-in-family,Asian-Pac-Islander,Male,China,<=50K
38,165302,10,0,0,40,Private,Some-college,Divorced,Adm-clerical,Unmarried,Other,Female,United-States,<=50K
23,126945,10,0,0,25,Private,Some-college,Never-married,Prof-specialty,Not-in-family,White,Male,United-States,<=50K
19,249787,9,0,0,40,Private,HS-grad,Never-married,Other-service,Other-relative,Black,Male,United-States,<=50K
31,73514,9,0,0,40,Private,HS-grad,Never-married,Sales,Own-child,Asian-Pac-Islander,Female,United-States,<=50K
22,195532,9,0,0,40,MISSING,HS-grad,Never-married,MISSING,Own-child,White,Female,United-States,<=50K
18,120029,10,0,0,20,Private,Some-college,Never-married,Adm-clerical,Other-relative,White,Female,United-States,<=50K
42,184018,9,1151,0,50,Self-emp-inc,HS-grad,Divorced,Sales,Unmarried,White,Male,United-States,<=50K
51,21698,9,0,0,40,Private,HS-grad,Never-married,Adm-clerical,Not-in-family,White,Female,United-States,<=50K
34,275438,10,5178,0,40,Private,Some-college,Married-civ-spouse,Prof-specialty,Husband,White,Male,United-States,>50K
49,166857,5,0,0,40,Private,9th,Divorced,Handlers-cleaners,Not-in-family,White,Female,United-States,<=50K
34,101517,10,0,0,35,Local-gov,Some-college,Divorced,Adm-clerical,Unmarried,White,Female,United-States,<=50K
19,196119,9,0,0,35,Private,HS-grad,Never-married,Sales,Own-child,White,Female,United-States,<=50K
22,201729,5,0,0,30,Private,9th,Never-married,Handlers-cleaners,Other-relative,White,Male,United-States,<=50K
35,216068,9,0,0,38,Local-gov,HS-grad,Separated,Adm-clerical,Unmarried,White,Female,United-States,<=50K
33,213813,10,0,0,40,Private,Some-college,Divorced,Tech-support,Unmarried,White,Female,United-States,<=50K
49,157272,9,0,0,50,Private,HS-grad,Separated,Sales,Unmarried,White,Male,United-States,<=50K
43,190044,9,0,0,40,Self-emp-not-inc,HS-grad,Married-civ-spouse,Sales,Husband,White,Male,United-States,<=50K
35,182074,9,0,0,35,Private,HS-grad,Divorced,Handlers-cleaners,Own-child,White,Male,United-States,<=50K
34,424988,9,0,0,45,Private,HS-grad,Married-civ-spouse,Craft-repair,Husband,White,Male,United-States,<=50K
24,37072,10,0,0,40,Private,Some-college,Never-married,Craft-repair,Not-in-family,White,Male,United-States,<=50K
35,195744,9,0,0,50,Self-emp-not-inc,HS-grad,Divorced,Craft-repair,Not-in-family,White,Male,United-States,<=50K
44,403782,11,0,0,45,Private,Assoc-voc,Divorced,Sales,Not-in-family,White,Male,United-States,<=50K
41,299813,5,0,0,70,Self-emp-inc,9th,Married-civ-spouse,Sales,Wife,White,Female,Dominican-Republic,<=50K
33,117186,13,0,0,45,Private,Bachelors,Married-civ-spouse,Exec-managerial,Husband,White,Male,United-States,<=50K
29,200511,13,0,0,50,Private,Bachelors,Married-civ-spouse,Sales,Husband,White,Male,United-States,<=50K
48,120131,9,0,0,70,Private,HS-grad,Married-civ-spouse,Adm-clerical,Husband,White,Male,United-States,>50K
24,248533,10,0,0,40,Private,Some-college,Never-married,Sales,Other-relative,Black,Female,United-States,<=50K
67,40021,9,0,0,35,Self-emp-not-inc,HS-grad,Married-civ-spouse,Farming-fishing,Husband,White,Male,United-States,<=50K
23,302836,12,0,0,40,MISSING,Assoc-acdm,Married-civ-spouse,MISSING,Husband,White,Male,El-Salvador,<=50K
25,122489,13,0,1726,60,Private,Bachelors,Never-married,Exec-managerial,Own-child,White,Female,United-States,<=50K
31,109917,4,0,0,40,Private,7th-8th,Separated,Craft-repair,Not-in-family,White,Female,United-States,<=50K
43,401623,10,0,0,40,Private,Some-college,Married-civ-spouse,Tech-support,Husband,Black,Male,Jamaica,>50K
54,311020,9,0,0,50,Private,HS-grad,Married-civ-spouse,Other-service,Husband,White,Male,United-States,<=50K
33,160776,11,0,0,40,MISSING,Assoc-voc,Divorced,MISSING,Not-in-family,White,Female,France,<=50K
20,216811,10,0,0,40,Private,Some-college,Never-married,Sales,Own-child,White,Female,United-States,<=50K
17,130806,6,0,0,24,Private,10th,Never-married,Handlers-cleaners,Own-child,White,Male,United-States,<=50K
22,109815,10,0,0,40,Private,Some-college,Never-married,Adm-clerical,Not-in-family,White,Female,United-States,<=50K
26,154604,9,0,0,40,Private,HS-grad,Divorced,Sales,Unmarried,White,Female,United-States,<=50K
51,136823,9,0,0,32,Local-gov,HS-grad,Married-civ-spouse,Exec-managerial,Wife,White,Female,United-States,<=50K
47,431515,11,0,0,40,Private,Assoc-voc,Married-civ-spouse,Craft-repair,Husband,White,Male,United-States,>50K
27,315640,14,0,0,20,State-gov,Masters,Never-married,Prof-specialty,Not-in-family,Asian-Pac-Islander,Male,China,<=50K
31,194293,10,2463,0,38,Private,Some-college,Never-married,Adm-clerical,Not-in-family,White,Female,United-States,<=50K
41,423217,13,0,0,50,Self-emp-inc,Bachelors,Divorced,Exec-managerial,Not-in-family,White,Male,United-States,<=50K
34,173495,10,0,0,48,Private,Some-college,Married-civ-spouse,Craft-repair,Husband,White,Male,United-States,>50K
22,228752,9,0,0,40,Private,HS-grad,Never-married,Handlers-cleaners,Not-in-family,White,Male,United-States,<=50K
29,173611,10,0,0,40,Private,Some-college,Never-married,Sales,Own-child,White,Female,United-States,<=50K
34,152109,9,0,0,60,Self-emp-not-inc,HS-grad,Married-civ-spouse,Transport-moving,Husband,White,Male,United-States,<=50K
47,343742,9,0,0,40,Private,HS-grad,Separated,Craft-repair,Unmarried,Black,Male,United-States,<=50K
35,148903,9,0,0,16,Private,HS-grad,Married-civ-spouse,Other-service,Wife,White,Female,United-States,>50K
58,347692,7,0,0,15,MISSING,11th,Divorced,MISSING,Not-in-family,Black,Male,United-States,<=50K
58,118253,9,0,0,70,Self-emp-not-inc,HS-grad,Married-civ-spouse,Farming-fishing,Husband,White,Male,United-States,<=50K
29,232914,11,0,0,40,Private,Assoc-voc,Never-married,Adm-clerical,Own-child,Black,Female,United-States,<=50K
36,361888,10,0,0,40,Private,Some-college,Married-civ-spouse,Craft-repair,Husband,White,Male,MISSING,>50K
31,217460,9,0,0,45,Private,HS-grad,Divorced,Craft-repair,Not-in-family,White,Male,United-States,<=50K
49,31339,9,0,0,40,Private,HS-grad,Married-civ-spouse,Craft-repair,Husband,White,Male,United-States,<=50K
23,213811,13,0,0,40,Private,Bachelors,Never-married,Exec-managerial,Own-child,White,Female,United-States,<=50K
24,117779,13,0,0,40,Private,Bachelors,Never-married,Exec-managerial,Own-child,White,Male,United-States,<=50K
27,56658,9,0,0,8,Private,HS-grad,Married-civ-spouse,Handlers-cleaners,Husband,Amer-Indian-Eskimo,Male,United-States,<=50K
26,318644,15,0,0,20,Self-emp-not-inc,Prof-school,Never-married,Prof-specialty,Own-child,White,Male,United-States,<=50K
23,236601,10,0,0,48,Private,Some-college,Never-married,Tech-support,Not-in-family,White,Male,United-States,<=50K
40,162108,13,0,0,50,MISSING,Bachelors,Divorced,MISSING,Not-in-family,White,Female,United-States,<=50K
33,112820,11,0,0,40,Private,Assoc-voc,Married-civ-spouse,Protective-serv,Husband,White,Male,United-States,<=50K
34,254304,9,4508,0,90,Self-emp-not-inc,HS-grad,Married-civ-spouse,Farming-fishing,Husband,White,Male,United-States,<=50K
49,266150,9,0,0,40,Private,HS-grad,Married-civ-spouse,Machine-op-inspct,Wife,White,Female,United-States,<=50K
64,264544,14,0,0,5,State-gov,Masters,Married-civ-spouse,Prof-specialty,Wife,White,Female,United-States,>50K
30,231413,10,0,0,40,Private,Some-college,Married-civ-spouse,Craft-repair,Husband,White,Male,United-States,>50K
38,85244,13,0,0,40,Private,Bachelors,Separated,Craft-repair,Not-in-family,White,Male,United-States,<=50K
63,38352,9,0,0,40,Private,HS-grad,Widowed,Adm-clerical,Unmarried,White,Female,United-States,<=50K
27,36851,11,0,0,35,Private,Assoc-voc,Married-civ-spouse,Sales,Husband,White,Male,United-States,<=50K
20,48121,9,0,0,40,Private,HS-grad,Never-married,Handlers-cleaners,Own-child,White,Male,United-States,<=50K
20,305874,10,0,0,40,Private,Some-college,Never-married,Transport-moving,Own-child,White,Male,United-States,<=50K
20,358783,10,0,0,35,MISSING,Some-college,Never-married,MISSING,Own-child,White,Female,United-States,<=50K
45,185397,12,0,0,40,Private,Assoc-acdm,Divorced,Craft-repair,Not-in-family,White,Male,United-States,<=50K
42,116632,10,0,0,60,MISSING,Some-college,Married-civ-spouse,MISSING,Husband,White,Male,United-States,<=50K
22,113760,7,0,0,30,Private,11th,Never-married,Other-service,Own-child,White,Female,United-States,<=50K
22,51111,10,0,0,40,Private,Some-college,Never-married,Sales,Not-in-family,White,Female,United-States,<=50K
36,343476,9,0,0,30,Private,HS-grad,Divorced,Craft-repair,Not-in-family,White,Male,United-States,<=50K
24,39615,13,0,0,45,Private,Bachelors,Never-married,Sales,Not-in-family,White,Male,United-States,<=50K
63,346975,13,7688,0,36,Private,Bachelors,Married-civ-spouse,Prof-specialty,Wife,White,Female,United-States,>50K
49,51620,16,0,0,60,Self-emp-not-inc,Doctorate,Married-civ-spouse,Prof-specialty,Husband,White,Male,United-States,<=50K
36,64875,11,0,0,60,Self-emp-not-inc,Assoc-voc,Married-civ-spouse,Tech-support,Husband,White,Male,United-States,<=50K
46,266337,11,0,0,40,Private,Assoc-voc,Divorced,Craft-repair,Unmarried,White,Male,United-States,<=50K
27,130438,9,0,0,40,Private,HS-grad,Never-married,Machine-op-inspct,Not-in-family,White,Male,United-States,<=50K
20,187332,6,0,0,30,MISSING,10th,Never-married,MISSING,Not-in-family,White,Female,United-States,<=50K
47,254367,10,0,0,50,Private,Some-college,Married-civ-spouse,Exec-managerial,Husband,White,Male,United-States,>50K
43,208613,15,99999,0,40,Private,Prof-school,Married-spouse-absent,Prof-specialty,Not-in-family,White,Male,United-States,>50K
24,154165,5,0,0,40,Private,9th,Divorced,Other-service,Own-child,White,Female,United-States,<=50K
20,482732,9,0,0,24,Private,HS-grad,Never-married,Adm-clerical,Other-relative,White,Male,United-States,<=50K
21,198822,9,0,0,35,Private,HS-grad,Never-married,Adm-clerical,Own-child,White,Female,United-States,<=50K
29,200511,9,0,0,50,Private,HS-grad,Married-civ-spouse,Sales,Husband,White,Male,United-States,<=50K
24,184756,13,0,0,40,Private,Bachelors,Never-married,Exec-managerial,Not-in-family,White,Female,United-States,<=50K
34,198664,13,15024,0,70,Self-emp-not-inc,Bachelors,Married-civ-spouse,Craft-repair,Husband,Asian-Pac-Islander,Male,South,>50K
63,216871,10,0,1740,40,State-gov,Some-college,Married-civ-spouse,Adm-clerical,Husband,White,Male,United-States,<=50K
61,168654,9,0,0,20,Self-emp-not-inc,HS-grad,Widowed,Adm-clerical,Unmarried,White,Female,United-States,<=50K
33,373662,2,0,0,40,Private,1st-4th,Married-spouse-absent,Priv-house-serv,Not-in-family,White,Female,Guatemala,<=50K
46,52291,13,7688,0,45,Private,Bachelors,Married-civ-spouse,Prof-specialty,Husband,White,Male,United-States,>50K
24,330571,13,0,0,40,Private,Bachelors,Married-civ-spouse,Prof-specialty,Wife,White,Female,United-States,<=50K
40,243636,13,0,0,50,Self-emp-not-inc,Bachelors,Married-civ-spouse,Sales,Husband,White,Male,United-States,>50K
38,121602,9,0,0,40,Private,HS-grad,Married-civ-spouse,Machine-op-inspct,Husband,White,Male,United-States,<=50K
67,129188,16,20051,0,5,MISSING,Doctorate,Married-civ-spouse,MISSING,Husband,White,Male,United-States,>50K
45,119904,9,0,0,50,Private,HS-grad,Divorced,Tech-support,Not-in-family,White,Female,United-States,>50K
67,134906,9,0,0,32,Private,HS-grad,Widowed,Sales,Not-in-family,White,Female,United-States,<=50K
61,232308,9,0,0,45,Private,HS-grad,Married-civ-spouse,Transport-moving,Husband,White,Male,United-States,>50K
57,222216,10,0,0,60,Self-emp-not-inc,Some-college,Married-civ-spouse,Exec-managerial,Wife,White,Female,United-States,<=50K
38,455379,13,0,0,63,Private,Bachelors,Married-civ-spouse,Exec-managerial,Husband,White,Male,United-States,>50K
41,36999,14,0,0,75,State-gov,Masters,Married-civ-spouse,Prof-specialty,Husband,White,Male,United-States,>50K
33,218164,9,0,0,40,Self-emp-not-inc,HS-grad,Married-civ-spouse,Craft-repair,Husband,White,Male,United-States,<=50K
41,139907,6,0,0,50,Private,10th,Never-married,Handlers-cleaners,Unmarried,White,Male,United-States,<=50K
25,228608,10,0,0,40,Private,Some-college,Never-married,Craft-repair,Other-relative,Asian-Pac-Islander,Female,Cambodia,<=50K
29,177413,9,0,0,40,Private,HS-grad,Married-civ-spouse,Machine-op-inspct,Husband,White,Male,United-States,>50K
42,115085,9,0,0,50,Private,HS-grad,Married-civ-spouse,Adm-clerical,Husband,White,Male,United-States,<=50K
46,207940,10,0,0,40,Private,Some-college,Married-civ-spouse,Craft-repair,Husband,Black,Male,United-States,>50K
25,67467,9,0,0,40,Private,HS-grad,Married-civ-spouse,Tech-support,Husband,White,Male,United-States,<=50K
41,100800,14,0,0,35,State-gov,Masters,Divorced,Prof-specialty,Not-in-family,White,Male,United-States,<=50K
21,236684,10,0,0,8,Private,Some-college,Never-married,Other-service,Other-relative,Black,Female,United-States,<=50K
46,207677,9,0,0,30,Private,HS-grad,Divorced,Craft-repair,Not-in-family,White,Male,United-States,<=50K
28,187397,9,0,0,48,Private,HS-grad,Never-married,Other-service,Other-relative,Other,Male,Mexico,<=50K
37,324019,12,0,0,40,Private,Assoc-acdm,Never-married,Adm-clerical,Not-in-family,White,Female,United-States,<=50K
27,321577,9,0,0,40,Private,HS-grad,Never-married,Adm-clerical,Own-child,Black,Female,United-States,<=50K
31,164569,10,0,0,48,Private,Some-college,Divorced,Other-service,Unmarried,White,Female,United-States,<=50K
24,157894,10,0,0,40,Private,Some-college,Never-married,Handlers-cleaners,Own-child,Black,Male,United-States,<=50K
56,76281,13,0,0,40,Private,Bachelors,Married-spouse-absent,Prof-specialty,Unmarried,White,Female,United-States,<=50K
33,343925,9,0,0,40,Private,HS-grad,Never-married,Handlers-cleaners,Not-in-family,Black,Male,Jamaica,<=50K
72,183616,9,0,0,50,Private,HS-grad,Married-civ-spouse,Exec-managerial,Wife,White,Female,England,<=50K
32,30271,10,0,0,30,Private,Some-college,Divorced,Exec-managerial,Unmarried,White,Female,United-States,<=50K
51,99185,12,0,0,40,Self-emp-not-inc,Assoc-acdm,Married-civ-spouse,Exec-managerial,Husband,White,Male,United-States,>50K
30,194141,10,0,1617,40,Private,Some-college,Divorced,Machine-op-inspct,Not-in-family,White,Male,United-States,<=50K
46,160647,13,0,0,38,Private,Bachelors,Widowed,Tech-support,Unmarried,White,Female,United-States,<=50K
54,383365,13,0,0,70,Self-emp-inc,Bachelors,Married-civ-spouse,Sales,Husband,White,Male,United-States,>50K
61,716416,10,0,0,44,Private,Some-college,Married-civ-spouse,Sales,Husband,White,Male,United-States,>50K
41,149909,9,0,1848,40,Private,HS-grad,Married-civ-spouse,Craft-repair,Husband,White,Male,United-States,>50K
49,116338,9,0,653,60,Private,HS-grad,Separated,Prof-specialty,Unmarried,White,Female,United-States,<=50K
24,188925,11,0,0,40,Private,Assoc-voc,Married-civ-spouse,Machine-op-inspct,Husband,White,Male,United-States,<=50K
28,174327,9,0,0,50,Private,HS-grad,Married-civ-spouse,Machine-op-inspct,Husband,White,Male,United-States,<=50K
38,31848,11,0,0,40,Private,Assoc-voc,Married-civ-spouse,Craft-repair,Husband,White,Male,United-States,>50K
63,68872,9,0,0,20,Private,HS-grad,Married-civ-spouse,Transport-moving,Wife,Asian-Pac-Islander,Female,United-States,<=50K
22,246965,10,0,0,12,Private,Some-college,Never-married,Prof-specialty,Not-in-family,White,Male,United-States,<=50K
47,169324,13,0,0,35,Private,Bachelors,Married-civ-spouse,Exec-managerial,Wife,Black,Female,United-States,>50K
38,166585,13,0,0,55,Private,Bachelors,Divorced,Exec-managerial,Not-in-family,White,Female,United-States,<=50K
39,191342,13,0,0,40,Private,Bachelors,Married-civ-spouse,Craft-repair,Husband,Asian-Pac-Islander,Male,Philippines,>50K
34,177596,11,0,0,40,Private,Assoc-voc,Married-civ-spouse,Exec-managerial,Wife,White,Female,Puerto-Rico,>50K
31,446358,16,0,0,50,Local-gov,Doctorate,Never-married,Prof-specialty,Not-in-family,White,Male,Mexico,>50K
22,113550,9,0,0,40,Private,HS-grad,Never-married,Adm-clerical,Own-child,White,Female,United-States,<=50K
21,248512,10,0,0,40,Private,Some-college,Never-married,Adm-clerical,Own-child,White,Female,United-States,<=50K
18,157131,8,0,0,8,Private,12th,Never-married,Sales,Own-child,White,Female,United-States,<=50K
62,114060,4,0,0,91,Private,7th-8th,Married-civ-spouse,Protective-serv,Husband,White,Male,United-States,<=50K
18,31008,10,0,0,30,MISSING,Some-college,Never-married,MISSING,Own-child,White,Female,United-States,<=50K
39,147500,9,0,0,40,Private,HS-grad,Married-civ-spouse,Prof-specialty,Wife,Black,Female,United-States,<=50K
43,174090,9,0,0,20,Self-emp-not-inc,HS-grad,Married-civ-spouse,Adm-clerical,Wife,White,Female,United-States,>50K
60,78913,10,0,0,50,Self-emp-not-inc,Some-college,Married-civ-spouse,Exec-managerial,Husband,White,Male,United-States,<=50K
35,388252,11,0,0,40,Private,Assoc-voc,Married-civ-spouse,Adm-clerical,Husband,Black,Male,United-States,<=50K
49,167523,13,0,0,40,Private,Bachelors,Divorced,Protective-serv,Not-in-family,White,Male,United-States,<=50K
42,285066,13,0,0,45,Private,Bachelors,Married-civ-spouse,Prof-specialty,Husband,White,Male,United-States,>50K
20,316702,10,0,0,20,Private,Some-college,Never-married,Prof-specialty,Own-child,White,Male,United-States,<=50K
37,171968,11,0,0,40,Private,Assoc-voc,Married-civ-spouse,Adm-clerical,Husband,White,Male,United-States,<=50K
34,115040,9,0,0,44,Private,HS-grad,Married-civ-spouse,Craft-repair,Husband,White,Male,United-States,<=50K
59,230039,9,0,625,38,Private,HS-grad,Never-married,Exec-managerial,Unmarried,White,Female,United-States,<=50K
37,174924,10,0,0,48,Local-gov,Some-college,Divorced,Protective-serv,Unmarried,White,Male,Germany,<=50K
44,251305,12,0,0,40,Federal-gov,Assoc-acdm,Married-civ-spouse,Adm-clerical,Husband,White,Male,United-States,>50K
32,188246,10,0,0,40,Private,Some-college,Married-civ-spouse,Sales,Husband,White,Male,United-States,>50K
59,114032,13,0,0,40,Private,Bachelors,Divorced,Adm-clerical,Unmarried,White,Female,United-States,<=50K
51,128143,10,0,0,40,Private,Some-college,Married-civ-spouse,Craft-repair,Husband,White,Male,United-States,>50K
20,290504,9,0,0,40,Private,HS-grad,Never-married,Other-service,Other-relative,White,Male,United-States,<=50K
33,168981,11,0,0,55,Private,Assoc-voc,Never-married,Prof-specialty,Unmarried,White,Female,United-States,<=50K
28,42881,6,0,0,40,Private,10th,Divorced,Machine-op-inspct,Own-child,White,Female,United-States,<=50K
28,84547,13,0,0,40,Private,Bachelors,Married-civ-spouse,Tech-support,Husband,White,Male,United-States,>50K
68,76371,9,0,0,35,MISSING,HS-grad,Married-civ-spouse,MISSING,Husband,White,Male,United-States,<=50K
20,494784,9,0,0,35,Private,HS-grad,Never-married,Sales,Other-relative,Black,Female,United-States,<=50K
57,47857,9,0,0,40,Private,HS-grad,Married-civ-spouse,Transport-moving,Husband,White,Male,United-States,>50K
47,187969,7,0,0,38,Private,11th,Divorced,Other-service,Not-in-family,White,Female,United-States,<=50K
43,190403,13,0,0,40,Private,Bachelors,Married-civ-spouse,Other-service,Husband,White,Male,United-States,<=50K
39,316582,14,0,0,55,Local-gov,Masters,Never-married,Prof-specialty,Not-in-family,White,Female,United-States,<=50K
23,201664,9,0,0,40,Private,HS-grad,Married-civ-spouse,Adm-clerical,Other-relative,White,Male,United-States,<=50K
56,147989,10,0,0,40,Private,Some-college,Married-spouse-absent,Transport-moving,Not-in-family,White,Male,United-States,<=50K
21,538319,10,0,0,40,Private,Some-college,Never-married,Other-service,Own-child,White,Female,Puerto-Rico,<=50K
23,282579,11,0,0,56,Local-gov,Assoc-voc,Divorced,Tech-support,Not-in-family,White,Male,United-States,<=50K
45,209482,14,0,0,45,Local-gov,Masters,Married-civ-spouse,Prof-specialty,Wife,White,Female,United-States,>50K
31,173279,13,0,0,40,Private,Bachelors,Married-civ-spouse,Tech-support,Husband,Asian-Pac-Islander,Male,United-States,>50K
34,544268,9,0,0,50,Self-emp-inc,HS-grad,Divorced,Sales,Not-in-family,White,Female,United-States,<=50K
31,248653,2,0,0,37,Private,1st-4th,Never-married,Handlers-cleaners,Not-in-family,White,Male,Mexico,<=50K
35,115792,13,0,0,55,Private,Bachelors,Married-civ-spouse,Prof-specialty,Husband,White,Male,United-States,<=50K
23,160398,10,0,0,40,Private,Some-college,Married-spouse-absent,Handlers-cleaners,Unmarried,White,Male,United-States,<=50K
70,247383,10,0,0,40,Self-emp-inc,Some-college,Married-civ-spouse,Exec-managerial,Husband,White,Male,United-States,>50K
21,43535,10,0,0,40,Private,Some-college,Never-married,Sales,Not-in-family,White,Female,United-States,<=50K
54,183611,10,3137,0,50,Private,Some-college,Married-civ-spouse,Sales,Husband,White,Male,United-States,<=50K
29,122000,10,0,0,60,Private,Some-college,Never-married,Sales,Not-in-family,White,Male,United-States,<=50K
33,554206,10,0,0,40,Private,Some-college,Never-married,Tech-support,Not-in-family,Black,Male,Philippines,<=50K
33,289046,9,0,1741,40,MISSING,HS-grad,Divorced,MISSING,Not-in-family,Black,Male,United-States,<=50K
41,529216,13,7430,0,45,Private,Bachelors,Divorced,Tech-support,Unmarried,Black,Male,MISSING,>50K
27,180553,9,0,0,40,Private,HS-grad,Separated,Machine-op-inspct,Unmarried,White,Female,United-States,<=50K
37,154410,14,0,0,40,Self-emp-not-inc,Masters,Never-married,Exec-managerial,Not-in-family,White,Male,United-States,<=50K
22,218215,10,0,0,40,Private,Some-college,Never-married,Exec-managerial,Own-child,White,Female,United-States,<=50K
24,103277,9,2597,0,40,Private,HS-grad,Never-married,Adm-clerical,Not-in-family,White,Female,United-States,<=50K
59,158813,10,0,0,60,Private,Some-college,Married-civ-spouse,Exec-managerial,Husband,White,Male,United-States,>50K
46,198660,13,99999,0,72,Self-emp-inc,Bachelors,Married-civ-spouse,Sales,Husband,White,Male,United-States,>50K
53,148532,13,0,0,60,Self-emp-inc,Bachelors,Married-civ-spouse,Sales,Husband,White,Male,United-States,>50K
45,179659,13,3103,0,40,Private,Bachelors,Married-civ-spouse,Craft-repair,Husband,White,Male,United-States,>50K
26,229613,9,0,0,40,Private,HS-grad,Divorced,Machine-op-inspct,Not-in-family,White,Female,United-States,<=50K
54,175339,9,0,0,50,Self-emp-inc,HS-grad,Married-civ-spouse,Sales,Husband,White,Male,United-States,>50K
17,239346,6,0,0,18,Private,10th,Never-married,Other-service,Own-child,White,Male,United-States,<=50K
62,136314,10,0,0,40,Private,Some-college,Married-civ-spouse,Adm-clerical,Wife,White,Female,United-States,<=50K
39,280570,13,3103,0,50,Private,Bachelors,Married-civ-spouse,Exec-managerial,Husband,White,Male,United-States,>50K
52,198863,15,0,2559,60,Private,Prof-school,Divorced,Exec-managerial,Not-in-family,White,Male,United-States,>50K
41,190591,9,0,0,20,Private,HS-grad,Separated,Other-service,Unmarried,Black,Female,United-States,<=50K
21,77759,10,0,0,15,Private,Some-college,Never-married,Sales,Own-child,White,Female,United-States,<=50K
18,152182,10,0,0,25,Private,Some-college,Never-married,Other-service,Own-child,White,Female,United-States,<=50K
23,213955,9,0,2001,40,Private,HS-grad,Never-married,Adm-clerical,Own-child,Black,Male,United-States,<=50K
36,108320,14,5455,0,30,State-gov,Masters,Divorced,Prof-specialty,Unmarried,White,Male,United-States,<=50K
43,96249,9,0,0,42,Private,HS-grad,Married-civ-spouse,Machine-op-inspct,Husband,White,Male,United-States,>50K
37,244803,9,0,0,40,Local-gov,HS-grad,Married-civ-spouse,Craft-repair,Husband,White,Male,MISSING,<=50K
62,209844,10,0,0,30,Private,Some-college,Divorced,Adm-clerical,Unmarried,White,Female,United-States,<=50K
81,132204,2,0,0,20,State-gov,1st-4th,Widowed,Other-service,Not-in-family,White,Female,United-States,<=50K
22,219941,10,0,0,40,MISSING,Some-college,Never-married,MISSING,Own-child,Black,Male,United-States,<=50K
26,187891,9,0,0,40,Private,HS-grad,Never-married,Adm-clerical,Not-in-family,Black,Male,United-States,<=50K
49,245305,6,0,0,42,Private,10th,Married-civ-spouse,Transport-moving,Husband,Black,Male,United-States,>50K
49,184428,13,0,0,40,Private,Bachelors,Divorced,Adm-clerical,Not-in-family,White,Male,United-States,<=50K
22,64292,10,0,0,37,Private,Some-college,Never-married,Adm-clerical,Own-child,White,Female,United-States,<=50K
29,190525,13,0,1848,60,Local-gov,Bachelors,Married-civ-spouse,Prof-specialty,Husband,White,Male,Germany,>50K
36,164898,9,0,0,40,Private,HS-grad,Married-civ-spouse,Exec-managerial,Husband,White,Male,United-States,<=50K
63,64544,13,0,0,40,Private,Bachelors,Never-married,Tech-support,Not-in-family,White,Male,United-States,>50K
26,226288,13,0,0,40,Private,Bachelors,Never-married,Adm-clerical,Not-in-family,White,Male,United-States,<=50K
25,323139,13,0,0,35,Private,Bachelors,Never-married,Handlers-cleaners,Own-child,White,Male,United-States,<=50K
34,313729,13,0,0,60,Self-emp-not-inc,Bachelors,Married-civ-spouse,Sales,Husband,White,Male,United-States,>50K
19,145844,12,0,0,50,Private,Assoc-acdm,Never-married,Exec-managerial,Not-in-family,White,Female,United-States,<=50K
51,174824,9,8614,0,40,Self-emp-not-inc,HS-grad,Never-married,Farming-fishing,Not-in-family,White,Male,United-States,>50K
29,30069,9,2635,0,40,Local-gov,HS-grad,Married-civ-spouse,Other-service,Wife,White,Female,United-States,<=50K
49,35406,9,0,0,20,Federal-gov,HS-grad,Widowed,Exec-managerial,Not-in-family,White,Female,United-States,<=50K
43,180609,13,0,0,45,Private,Bachelors,Married-civ-spouse,Transport-moving,Husband,White,Male,United-States,<=50K
28,107236,8,0,0,40,Self-emp-not-inc,12th,Married-civ-spouse,Craft-repair,Not-in-family,White,Male,United-States,<=50K
27,242207,13,0,0,40,Private,Bachelors,Never-married,Tech-support,Own-child,White,Female,United-States,<=50K
42,287244,9,0,0,55,Private,HS-grad,Married-civ-spouse,Craft-repair,Husband,White,Male,United-States,<=50K
23,420973,13,0,0,40,Private,Bachelors,Never-married,Prof-specialty,Not-in-family,White,Female,United-States,<=50K
38,160192,9,0,2051,44,Private,HS-grad,Married-civ-spouse,Craft-repair,Husband,White,Male,United-States,<=50K
41,182108,16,0,0,40,Private,Doctorate,Never-married,Machine-op-inspct,Not-in-family,White,Female,United-States,>50K
33,322873,9,0,0,50,Private,HS-grad,Divorced,Sales,Not-in-family,White,Female,United-States,<=50K
30,299223,10,0,0,40,Private,Some-college,Divorced,Sales,Unmarried,Amer-Indian-Eskimo,Female,United-States,<=50K
22,140001,13,0,0,40,Private,Bachelors,Never-married,Adm-clerical,Not-in-family,White,Male,United-States,<=50K
46,162852,9,0,0,40,State-gov,HS-grad,Divorced,Adm-clerical,Unmarried,White,Female,United-States,<=50K
23,234663,9,0,0,40,Private,HS-grad,Never-married,Machine-op-inspct,Not-in-family,White,Male,United-States,<=50K
26,388812,10,0,0,35,Private,Some-college,Never-married,Sales,Not-in-family,Black,Male,United-States,<=50K
41,236021,13,15024,0,40,Self-emp-inc,Bachelors,Married-civ-spouse,Prof-specialty,Husband,White,Male,United-States,>50K
45,36228,13,4386,0,35,Self-emp-inc,Bachelors,Married-civ-spouse,Farming-fishing,Husband,White,Male,United-States,>50K
30,183000,14,0,0,45,Local-gov,Masters,Married-civ-spouse,Prof-specialty,Husband,White,Male,United-States,<=50K
70,206232,6,0,0,50,Private,10th,Married-civ-spouse,Machine-op-inspct,Husband,White,Male,United-States,<=50K
22,216867,4,0,0,40,Private,7th-8th,Married-civ-spouse,Machine-op-inspct,Husband,White,Male,Mexico,<=50K
34,164190,13,0,0,40,Private,Bachelors,Married-civ-spouse,Exec-managerial,Husband,White,Male,United-States,<=50K
31,153005,13,0,0,40,Local-gov,Bachelors,Married-civ-spouse,Prof-specialty,Husband,White,Male,United-States,>50K
52,379682,11,0,0,20,Private,Assoc-voc,Married-civ-spouse,Other-service,Wife,White,Female,United-States,>50K
57,204751,10,0,0,40,Private,Some-college,Married-civ-spouse,Craft-repair,Husband,White,Male,United-States,>50K
28,111696,9,0,1974,40,Private,HS-grad,Separated,Craft-repair,Not-in-family,White,Male,United-States,<=50K
36,209993,2,0,0,20,Private,1st-4th,Widowed,Other-service,Other-relative,White,Female,Mexico,<=50K
23,289116,9,0,0,50,Self-emp-not-inc,HS-grad,Divorced,Other-service,Unmarried,White,Female,United-States,<=50K
22,177125,10,0,0,50,Private,Some-college,Never-married,Adm-clerical,Not-in-family,White,Male,United-States,<=50K
40,27821,11,2829,0,40,Private,Assoc-voc,Married-civ-spouse,Transport-moving,Husband,White,Male,United-States,<=50K
22,133833,10,0,0,40,Private,Some-college,Never-married,Adm-clerical,Own-child,White,Female,United-States,<=50K
30,236599,9,0,0,50,Private,HS-grad,Married-civ-spouse,Exec-managerial,Husband,White,Male,United-States,<=50K
67,200862,6,0,0,35,MISSING,10th,Never-married,MISSING,Not-in-family,Black,Female,United-States,<=50K
29,253003,9,0,0,16,Private,HS-grad,Never-married,Handlers-cleaners,Not-in-family,White,Male,United-States,<=50K
52,222646,8,0,0,40,Private,12th,Separated,Machine-op-inspct,Other-relative,White,Female,Cuba,<=50K
32,189838,9,0,0,50,Private,HS-grad,Never-married,Sales,Not-in-family,White,Female,United-States,<=50K
43,154210,9,2829,0,60,Private,HS-grad,Married-civ-spouse,Other-service,Husband,Asian-Pac-Islander,Male,China,<=50K
41,243607,3,0,0,40,Private,5th-6th,Married-civ-spouse,Adm-clerical,Husband,White,Male,Mexico,<=50K
31,208881,10,0,0,40,Private,Some-college,Married-civ-spouse,Craft-repair,Husband,White,Male,United-States,<=50K
47,82797,13,0,0,50,Private,Bachelors,Married-civ-spouse,Prof-specialty,Husband,White,Male,United-States,<=50K
58,130714,14,0,0,50,Self-emp-not-inc,Masters,Married-civ-spouse,Exec-managerial,Husband,White,Male,United-States,<=50K
35,270059,10,0,0,30,Private,Some-college,Divorced,Sales,Unmarried,White,Female,United-States,<=50K
36,215392,13,0,0,40,Private,Bachelors,Divorced,Tech-support,Not-in-family,White,Female,United-States,<=50K
46,183168,13,0,0,43,Local-gov,Bachelors,Divorced,Prof-specialty,Unmarried,White,Female,United-States,<=50K
43,262233,13,0,0,40,Federal-gov,Bachelors,Divorced,Exec-managerial,Not-in-family,White,Male,United-States,>50K
25,113099,9,0,0,40,Private,HS-grad,Separated,Craft-repair,Not-in-family,Black,Male,United-States,<=50K
28,285294,13,15024,0,45,Private,Bachelors,Married-civ-spouse,Sales,Wife,Black,Female,United-States,>50K
21,56520,10,0,0,40,Private,Some-college,Never-married,Adm-clerical,Own-child,White,Male,United-States,<=50K
33,309350,9,0,0,40,Private,HS-grad,Married-civ-spouse,Adm-clerical,Husband,White,Male,United-States,<=50K
44,146659,14,0,1887,35,Private,Masters,Married-civ-spouse,Prof-specialty,Husband,White,Male,United-States,>50K
49,233059,9,0,0,60,Self-emp-not-inc,HS-grad,Married-civ-spouse,Craft-repair,Husband,White,Male,United-States,<=50K
37,193855,9,0,1902,50,Private,HS-grad,Married-civ-spouse,Craft-repair,Husband,White,Male,United-States,<=50K
24,236696,10,0,0,30,Private,Some-college,Never-married,Other-service,Not-in-family,White,Male,United-States,<=50K
47,606752,14,0,0,40,Private,Masters,Divorced,Tech-support,Not-in-family,White,Male,United-States,<=50K
74,89667,13,0,0,35,MISSING,Bachelors,Widowed,MISSING,Not-in-family,Other,Female,United-States,<=50K
35,101387,9,0,0,50,Private,HS-grad,Divorced,Sales,Not-in-family,White,Female,United-States,<=50K
38,34180,10,0,0,40,State-gov,Some-college,Married-civ-spouse,Exec-managerial,Husband,White,Male,United-States,<=50K
41,107327,11,0,0,40,Local-gov,Assoc-voc,Divorced,Prof-specialty,Unmarried,White,Female,United-States,<=50K
39,387068,9,0,0,40,Private,HS-grad,Married-civ-spouse,Exec-managerial,Husband,White,Male,United-States,>50K
21,190227,10,0,0,40,Private,Some-college,Never-married,Adm-clerical,Own-child,White,Male,United-States,<=50K
24,191954,10,0,0,40,Private,Some-college,Never-married,Machine-op-inspct,Not-in-family,White,Male,United-States,<=50K
63,147440,10,0,0,35,Local-gov,Some-college,Divorced,Exec-managerial,Not-in-family,White,Female,United-States,<=50K
27,37302,7,0,0,50,Self-emp-not-inc,11th,Married-civ-spouse,Exec-managerial,Husband,White,Male,United-States,<=50K
38,258761,9,0,0,50,Private,HS-grad,Divorced,Exec-managerial,Not-in-family,White,Male,United-States,<=50K
44,210525,13,0,0,40,Private,Bachelors,Married-civ-spouse,Prof-specialty,Husband,White,Male,United-States,>50K
33,204742,10,0,0,44,Private,Some-college,Married-civ-spouse,Sales,Husband,White,Male,United-States,<=50K
56,343849,10,0,0,40,Private,Some-college,Married-civ-spouse,Transport-moving,Husband,Black,Male,United-States,<=50K
57,334224,10,9386,0,40,Private,Some-college,Married-civ-spouse,Craft-repair,Wife,White,Female,United-States,>50K
43,35523,12,0,0,35,MISSING,Assoc-acdm,Divorced,MISSING,Not-in-family,White,Female,United-States,<=50K
46,122026,13,0,0,44,Private,Bachelors,Married-civ-spouse,Craft-repair,Husband,White,Male,United-States,>50K
40,165108,13,0,0,40,Self-emp-not-inc,Bachelors,Married-civ-spouse,Adm-clerical,Husband,White,Male,England,<=50K
26,164488,13,13550,0,50,Private,Bachelors,Never-married,Prof-specialty,Not-in-family,White,Male,United-States,>50K
41,242089,14,0,0,45,Private,Masters,Married-civ-spouse,Exec-managerial,Husband,White,Male,United-States,<=50K
58,255822,11,0,0,40,Private,Assoc-voc,Married-civ-spouse,Craft-repair,Husband,White,Male,United-States,>50K
33,156015,13,0,0,40,State-gov,Bachelors,Married-civ-spouse,Exec-managerial,Husband,White,Male,United-States,>50K
76,312500,3,0,0,40,MISSING,5th-6th,Widowed,MISSING,Unmarried,White,Female,United-States,<=50K
38,682947,13,0,0,55,Private,Bachelors,Divorced,Exec-managerial,Not-in-family,White,Male,United-States,>50K
18,37720,6,0,0,40,Private,10th,Never-married,Machine-op-inspct,Own-child,White,Male,United-States,<=50K
56,311249,9,0,0,38,Private,HS-grad,Widowed,Adm-clerical,Unmarried,Black,Female,United-States,<=50K
21,152328,10,0,0,20,MISSING,Some-college,Never-married,MISSING,Own-child,White,Male,United-States,<=50K
22,459463,8,0,0,50,Private,12th,Married-spouse-absent,Other-service,Unmarried,Black,Female,United-States,<=50K
26,68001,14,0,0,40,Private,Masters,Never-married,Prof-specialty,Not-in-family,White,Female,United-States,<=50K
34,125279,9,0,0,40,Private,HS-grad,Married-civ-spouse,Transport-moving,Husband,White,Male,United-States,<=50K
35,171968,9,0,0,70,Self-emp-not-inc,HS-grad,Separated,Transport-moving,Not-in-family,White,Male,United-States,<=50K
46,332727,10,0,0,40,Federal-gov,Some-college,Married-civ-spouse,Craft-repair,Husband,White,Male,United-States,>50K
17,244589,7,0,0,40,Private,11th,Never-married,Sales,Own-child,White,Female,United-States,<=50K
61,107438,4,0,1651,40,Private,7th-8th,Married-civ-spouse,Transport-moving,Husband,Black,Male,United-States,<=50K
38,47707,9,0,0,40,Federal-gov,HS-grad,Never-married,Adm-clerical,Own-child,Black,Female,United-States,<=50K
49,165513,10,0,0,40,Private,Some-college,Divorced,Handlers-cleaners,Unmarried,Black,Female,United-States,<=50K
36,68089,9,0,0,40,Private,HS-grad,Never-married,Machine-op-inspct,Unmarried,Amer-Indian-Eskimo,Female,United-States,<=50K
47,79627,15,27828,0,50,Self-emp-inc,Prof-school,Divorced,Prof-specialty,Not-in-family,White,Male,United-States,>50K
61,186451,15,0,1902,40,State-gov,Prof-school,Married-civ-spouse,Prof-specialty,Husband,White,Male,United-States,>50K
24,315476,12,0,0,40,Private,Assoc-acdm,Never-married,Craft-repair,Own-child,White,Male,United-States,<=50K
46,99835,15,0,0,60,Private,Prof-school,Married-civ-spouse,Prof-specialty,Husband,White,Male,United-States,>50K
50,63000,10,0,0,60,Private,Some-college,Married-civ-spouse,Sales,Husband,White,Male,United-States,>50K
37,448337,9,0,0,40,Federal-gov,HS-grad,Never-married,Exec-managerial,Unmarried,Black,Female,United-States,<=50K
22,130724,10,0,0,25,Private,Some-college,Never-married,Sales,Own-child,Black,Male,United-States,<=50K
28,114967,13,0,0,40,Private,Bachelors,Married-civ-spouse,Prof-specialty,Husband,White,Male,United-States,>50K
31,74501,9,0,0,30,Private,HS-grad,Divorced,Other-service,Unmarried,White,Female,United-States,<=50K
48,307440,13,0,0,45,Private,Bachelors,Married-civ-spouse,Tech-support,Husband,Asian-Pac-Islander,Male,Philippines,>50K
23,171705,9,0,0,48,Private,HS-grad,Never-married,Sales,Unmarried,White,Female,United-States,<=50K
64,380687,13,0,0,8,MISSING,Bachelors,Married-civ-spouse,MISSING,Wife,Black,Female,United-States,<=50K
23,227594,9,0,0,30,Private,HS-grad,Never-married,Adm-clerical,Not-in-family,White,Female,United-States,<=50K
31,60186,13,0,0,40,State-gov,Bachelors,Divorced,Prof-specialty,Not-in-family,White,Male,United-States,<=50K
55,143266,9,0,0,25,Private,HS-grad,Divorced,Adm-clerical,Unmarried,White,Male,United-States,<=50K
50,219420,16,0,0,64,Self-emp-not-inc,Doctorate,Divorced,Sales,Not-in-family,White,Male,United-States,<=50K
48,159854,2,0,0,40,Private,1st-4th,Married-civ-spouse,Other-service,Husband,White,Male,United-States,<=50K
36,111545,9,0,0,70,Private,HS-grad,Married-civ-spouse,Craft-repair,Husband,White,Male,United-States,<=50K
39,115215,9,0,0,40,Private,HS-grad,Never-married,Transport-moving,Own-child,White,Male,United-States,<=50K
24,142528,10,0,0,20,Private,Some-college,Never-married,Sales,Own-child,White,Male,United-States,<=50K
44,124924,9,0,0,40,Private,HS-grad,Married-civ-spouse,Exec-managerial,Husband,White,Male,Mexico,<=50K
50,163002,9,0,0,40,Private,HS-grad,Separated,Adm-clerical,Other-relative,White,Female,United-States,<=50K
59,32552,9,0,0,48,Self-emp-not-inc,HS-grad,Married-civ-spouse,Transport-moving,Husband,White,Male,United-States,<=50K
25,162687,8,0,0,40,Private,12th,Married-civ-spouse,Craft-repair,Husband,White,Male,United-States,>50K
60,216690,10,0,0,40,Private,Some-college,Married-civ-spouse,Prof-specialty,Husband,White,Male,MISSING,<=50K
32,200246,13,0,0,40,Private,Bachelors,Married-civ-spouse,Exec-managerial,Husband,White,Male,United-States,>50K
35,54595,6,0,1980,40,Private,10th,Widowed,Other-service,Not-in-family,Black,Female,United-States,<=50K
50,160107,14,0,0,55,Self-emp-inc,Masters,Married-civ-spouse,Prof-specialty,Husband,White,Male,United-States,>50K
26,291968,9,0,0,44,Private,HS-grad,Married-civ-spouse,Transport-moving,Husband,White,Male,United-States,<=50K
51,302579,9,0,0,30,Private,HS-grad,Divorced,Other-service,Other-relative,Black,Female,United-States,<=50K
48,148995,14,0,0,40,Private,Masters,Married-civ-spouse,Exec-managerial,Husband,White,Male,United-States,>50K
30,167990,15,0,0,60,Private,Prof-school,Married-civ-spouse,Prof-specialty,Husband,White,Male,United-States,>50K
46,182533,13,0,0,40,Private,Bachelors,Never-married,Adm-clerical,Unmarried,Asian-Pac-Islander,Female,Philippines,<=50K
54,249322,13,7688,0,50,Private,Bachelors,Married-civ-spouse,Sales,Husband,White,Male,United-States,>50K
36,108997,9,0,0,40,Private,HS-grad,Divorced,Adm-clerical,Unmarried,White,Female,United-States,<=50K
19,156294,10,0,0,25,State-gov,Some-college,Never-married,Prof-specialty,Own-child,White,Male,United-States,<=50K
61,120933,10,0,0,40,Private,Some-college,Never-married,Priv-house-serv,Not-in-family,White,Female,United-States,<=50K
43,214781,14,0,0,45,Private,Masters,Married-civ-spouse,Exec-managerial,Husband,White,Male,United-States,<=50K
39,239409,9,0,0,50,State-gov,HS-grad,Married-civ-spouse,Protective-serv,Husband,White,Male,United-States,<=50K
26,109193,10,0,0,40,State-gov,Some-college,Never-married,Craft-repair,Not-in-family,White,Female,United-States,<=50K
29,191355,14,0,0,40,State-gov,Masters,Never-married,Prof-specialty,Not-in-family,White,Male,United-States,<=50K
22,262819,10,0,0,40,State-gov,Some-college,Never-married,Adm-clerical,Not-in-family,White,Female,United-States,<=50K
27,106039,13,0,0,50,Private,Bachelors,Divorced,Prof-specialty,Own-child,White,Female,United-States,<=50K
55,136819,9,0,0,40,State-gov,HS-grad,Married-civ-spouse,Protective-serv,Husband,White,Male,United-States,<=50K
61,86067,12,15024,0,40,Private,Assoc-acdm,Married-civ-spouse,Sales,Husband,White,Male,United-States,>50K
25,454934,10,0,0,35,Self-emp-inc,Some-college,Never-married,Sales,Own-child,White,Female,United-States,<=50K
43,269015,9,0,0,40,Private,HS-grad,Married-civ-spouse,Machine-op-inspct,Husband,Black,Male,Germany,>50K
58,321171,9,0,0,40,Self-emp-not-inc,HS-grad,Married-civ-spouse,Handlers-cleaners,Husband,White,Male,United-States,<=50K
44,214242,10,0,0,50,Private,Some-college,Married-civ-spouse,Transport-moving,Husband,White,Male,United-States,>50K
38,189623,13,0,1887,40,Private,Bachelors,Married-civ-spouse,Prof-specialty,Husband,White,Male,United-States,>50K
39,31848,10,2829,0,90,Self-emp-not-inc,Some-college,Married-civ-spouse,Farming-fishing,Husband,White,Male,United-States,<=50K
35,168675,9,0,0,50,Private,HS-grad,Separated,Transport-moving,Own-child,White,Male,United-States,<=50K
29,197288,9,0,0,40,Private,HS-grad,Married-civ-spouse,Adm-clerical,Wife,Black,Female,United-States,<=50K
43,219307,5,0,0,40,Private,9th,Divorced,Transport-moving,Not-in-family,Black,Male,United-States,<=50K
52,338816,10,15024,0,45,Private,Some-college,Married-civ-spouse,Exec-managerial,Husband,White,Male,United-States,>50K
46,173613,9,0,0,30,Private,HS-grad,Divorced,Sales,Unmarried,White,Female,United-States,<=50K
34,191291,10,0,0,40,Private,Some-college,Never-married,Craft-repair,Not-in-family,White,Male,United-States,<=50K
42,294431,14,0,0,40,Federal-gov,Masters,Married-civ-spouse,Prof-specialty,Husband,White,Male,United-States,<=50K
40,193494,9,0,0,46,Private,HS-grad,Married-civ-spouse,Handlers-cleaners,Husband,White,Male,United-States,<=50K
29,214706,9,0,0,40,Local-gov,HS-grad,Never-married,Other-service,Unmarried,White,Female,United-States,<=50K
55,193130,13,0,0,40,Private,Bachelors,Married-civ-spouse,Prof-specialty,Husband,White,Male,United-States,>50K
50,307555,13,0,0,60,Federal-gov,Bachelors,Divorced,Prof-specialty,Not-in-family,White,Male,United-States,>50K
47,312088,9,0,0,40,Private,HS-grad,Married-civ-spouse,Craft-repair,Husband,White,Male,United-States,<=50K
78,74795,12,0,0,4,MISSING,Assoc-acdm,Widowed,MISSING,Not-in-family,White,Female,United-States,<=50K
38,256864,9,0,0,50,Private,HS-grad,Married-civ-spouse,Tech-support,Husband,White,Male,United-States,>50K
37,272950,9,0,0,40,Private,HS-grad,Married-civ-spouse,Exec-managerial,Husband,White,Male,United-States,<=50K
40,259307,10,0,0,50,Private,Some-college,Never-married,Exec-managerial,Not-in-family,White,Male,United-States,<=50K
62,192515,9,0,0,40,Private,HS-grad,Widowed,Farming-fishing,Unmarried,White,Female,United-States,<=50K
62,177791,6,0,0,40,Private,10th,Divorced,Other-service,Own-child,White,Female,United-States,<=50K
32,255424,13,0,0,60,Private,Bachelors,Married-civ-spouse,Sales,Husband,White,Male,United-States,>50K
57,108426,9,0,0,48,Private,HS-grad,Married-civ-spouse,Other-service,Husband,Black,Male,England,<=50K
49,288548,14,0,0,50,Local-gov,Masters,Separated,Prof-specialty,Unmarried,White,Female,United-States,<=50K
62,113440,13,0,0,35,Private,Bachelors,Married-civ-spouse,Sales,Husband,White,Male,United-States,<=50K
17,177629,7,0,0,20,Private,11th,Never-married,Sales,Own-child,White,Female,United-States,<=50K
40,196456,10,0,0,40,Federal-gov,Some-college,Never-married,Adm-clerical,Own-child,White,Female,United-States,<=50K
28,441620,13,0,0,43,Private,Bachelors,Never-married,Other-service,Not-in-family,White,Male,Mexico,<=50K
43,188199,5,0,0,40,Private,9th,Divorced,Handlers-cleaners,Unmarried,White,Female,United-States,<=50K
18,78181,9,0,0,20,MISSING,HS-grad,Never-married,MISSING,Own-child,White,Female,United-States,<=50K
25,131976,13,0,0,55,Private,Bachelors,Never-married,Exec-managerial,Own-child,White,Male,United-States,<=50K
56,103948,7,0,0,40,Private,11th,Married-civ-spouse,Transport-moving,Husband,White,Male,United-States,<=50K
31,178449,15,0,0,40,Local-gov,Prof-school,Married-civ-spouse,Prof-specialty,Husband,White,Male,United-States,>50K
35,144608,9,0,0,40,Private,HS-grad,Married-civ-spouse,Machine-op-inspct,Husband,White,Male,United-States,<=50K
50,95949,13,0,0,50,Self-emp-not-inc,Bachelors,Married-civ-spouse,Craft-repair,Husband,White,Male,United-States,<=50K
44,38876,9,0,0,40,Self-emp-not-inc,HS-grad,Married-civ-spouse,Farming-fishing,Husband,White,Male,United-States,<=50K
20,32732,10,0,0,45,Private,Some-college,Never-married,Other-service,Not-in-family,White,Male,United-States,<=50K
25,483822,9,0,0,40,Private,HS-grad,Never-married,Other-service,Own-child,White,Male,El-Salvador,<=50K
55,182273,10,0,0,40,Self-emp-inc,Some-college,Married-civ-spouse,Sales,Husband,White,Male,United-States,<=50K
24,88126,9,0,0,40,Private,HS-grad,Never-married,Craft-repair,Not-in-family,White,Male,United-States,<=50K
42,180318,6,0,0,35,Local-gov,10th,Never-married,Farming-fishing,Unmarried,White,Male,United-States,<=50K
51,245873,10,0,0,40,Private,Some-college,Married-civ-spouse,Adm-clerical,Wife,White,Female,United-States,<=50K
51,99185,13,0,0,60,Private,Bachelors,Married-civ-spouse,Exec-managerial,Husband,White,Male,United-States,>50K
34,161018,10,0,0,55,Private,Some-college,Married-civ-spouse,Sales,Husband,White,Male,United-States,>50K
30,188798,9,0,0,40,Self-emp-not-inc,HS-grad,Divorced,Other-service,Unmarried,White,Female,United-States,<=50K
49,159726,7,0,0,40,Local-gov,11th,Divorced,Handlers-cleaners,Unmarried,White,Male,United-States,<=50K
43,184321,6,0,1887,40,Private,10th,Married-civ-spouse,Machine-op-inspct,Husband,Black,Male,United-States,>50K
46,297906,13,0,0,50,Federal-gov,Bachelors,Married-civ-spouse,Prof-specialty,Husband,Asian-Pac-Islander,Male,United-States,>50K
41,183009,9,0,0,40,Local-gov,HS-grad,Married-civ-spouse,Transport-moving,Husband,Black,Male,United-States,>50K
25,204338,6,0,0,40,Private,10th,Married-civ-spouse,Craft-repair,Husband,White,Male,Mexico,<=50K
30,143766,9,0,0,30,Private,HS-grad,Never-married,Other-service,Not-in-family,White,Male,United-States,<=50K
64,272531,9,0,0,40,Self-emp-inc,HS-grad,Married-civ-spouse,Craft-repair,Husband,White,Male,United-States,>50K
63,150079,9,0,0,35,Local-gov,HS-grad,Married-civ-spouse,Adm-clerical,Wife,White,Female,United-States,>50K
18,188476,7,0,0,20,Private,11th,Never-married,Exec-managerial,Own-child,White,Male,United-States,<=50K
40,198692,10,5178,0,60,Private,Some-college,Married-civ-spouse,Adm-clerical,Husband,White,Male,United-States,>50K
45,81400,2,0,0,25,Private,1st-4th,Married-civ-spouse,Other-service,Wife,White,Female,El-Salvador,<=50K
35,139770,9,6849,0,40,Private,HS-grad,Never-married,Adm-clerical,Own-child,White,Female,United-States,<=50K
44,335248,10,0,0,40,Private,Some-college,Divorced,Adm-clerical,Not-in-family,White,Female,United-States,<=50K
37,191342,2,0,0,40,Private,1st-4th,Married-civ-spouse,Craft-repair,Husband,Asian-Pac-Islander,Male,Cambodia,<=50K
45,140644,16,0,0,45,Private,Doctorate,Divorced,Prof-specialty,Not-in-family,White,Male,United-States,>50K
25,123095,10,0,1590,40,Private,Some-college,Never-married,Adm-clerical,Own-child,White,Male,United-States,<=50K
61,668362,2,0,0,40,Private,1st-4th,Widowed,Handlers-cleaners,Not-in-family,White,Female,United-States,<=50K
47,306183,10,0,0,44,Private,Some-college,Divorced,Other-service,Own-child,White,Female,United-States,<=50K
48,278039,9,0,0,60,Private,HS-grad,Divorced,Sales,Not-in-family,White,Male,United-States,<=50K
52,102828,9,7688,0,40,Private,HS-grad,Married-civ-spouse,Prof-specialty,Husband,White,Male,United-States,>50K
17,266072,6,0,0,20,Private,10th,Never-married,Other-service,Not-in-family,White,Male,El-Salvador,<=50K
19,247298,8,0,0,20,Private,12th,Married-spouse-absent,Other-service,Own-child,Other,Female,United-States,<=50K
50,200783,4,0,0,60,Private,7th-8th,Divorced,Craft-repair,Not-in-family,White,Male,United-States,<=50K
44,889965,9,3137,0,30,Private,HS-grad,Married-civ-spouse,Handlers-cleaners,Wife,White,Female,United-States,<=50K
54,144586,10,0,0,40,Private,Some-college,Married-civ-spouse,Sales,Wife,White,Female,United-States,>50K
53,105788,13,0,0,50,Federal-gov,Bachelors,Divorced,Exec-managerial,Unmarried,Black,Female,United-States,>50K
27,165365,9,2885,0,40,Private,HS-grad,Married-civ-spouse,Machine-op-inspct,Husband,Asian-Pac-Islander,Male,Laos,<=50K
48,181758,16,0,0,60,Self-emp-not-inc,Doctorate,Never-married,Prof-specialty,Unmarried,White,Female,United-States,>50K
30,172822,11,0,0,40,Local-gov,Assoc-voc,Never-married,Protective-serv,Not-in-family,White,Male,United-States,<=50K
82,152148,4,0,0,2,Private,7th-8th,Married-civ-spouse,Handlers-cleaners,Husband,White,Male,United-States,<=50K
39,86143,3,0,0,40,Private,5th-6th,Married-civ-spouse,Other-service,Husband,Asian-Pac-Islander,Male,Philippines,<=50K
49,30219,9,0,1669,40,Private,HS-grad,Divorced,Craft-repair,Not-in-family,White,Male,United-States,<=50K
56,35723,9,0,0,40,MISSING,HS-grad,Divorced,MISSING,Own-child,White,Male,United-States,<=50K
25,122999,9,0,0,40,Private,HS-grad,Never-married,Craft-repair,Own-child,White,Male,United-States,<=50K
45,116360,9,0,0,35,Private,HS-grad,Divorced,Other-service,Not-in-family,Black,Female,United-States,<=50K
25,138765,13,0,0,20,Private,Bachelors,Never-married,Prof-specialty,Not-in-family,White,Male,United-States,<=50K
83,240150,6,20051,0,50,Self-emp-inc,10th,Married-civ-spouse,Farming-fishing,Husband,White,Male,United-States,>50K
25,111058,12,0,0,40,Private,Assoc-acdm,Never-married,Exec-managerial,Own-child,White,Male,United-States,<=50K
63,795830,2,0,0,30,Self-emp-not-inc,1st-4th,Widowed,Other-service,Unmarried,White,Female,El-Salvador,<=50K
28,407043,9,0,0,40,Private,HS-grad,Married-civ-spouse,Adm-clerical,Husband,Black,Male,United-States,<=50K
46,275625,13,0,0,60,Self-emp-not-inc,Bachelors,Divorced,Other-service,Unmarried,Asian-Pac-Islander,Female,South,>50K
38,69306,10,0,0,40,Private,Some-college,Divorced,Craft-repair,Unmarried,White,Female,United-States,<=50K
30,208668,12,0,0,25,Private,Assoc-acdm,Never-married,Prof-specialty,Not-in-family,Black,Female,United-States,<=50K
38,51100,13,3325,0,40,Private,Bachelors,Divorced,Exec-managerial,Not-in-family,White,Male,United-States,<=50K
61,119986,14,0,0,40,Private,Masters,Married-civ-spouse,Prof-specialty,Husband,White,Male,MISSING,>50K
50,74660,10,0,0,40,Local-gov,Some-college,Widowed,Prof-specialty,Unmarried,White,Male,United-States,<=50K
34,115488,9,0,0,40,Private,HS-grad,Married-civ-spouse,Sales,Husband,White,Male,United-States,<=50K
28,236861,13,0,0,50,Private,Bachelors,Divorced,Craft-repair,Unmarried,White,Male,United-States,<=50K
51,55507,9,0,0,40,Private,HS-grad,Married-civ-spouse,Craft-repair,Husband,Black,Male,United-States,<=50K
50,108435,14,99999,0,60,Private,Masters,Married-civ-spouse,Exec-managerial,Husband,White,Male,United-States,>50K
33,359428,9,0,0,60,Self-emp-not-inc,HS-grad,Married-civ-spouse,Sales,Husband,White,Male,United-States,<=50K
53,247651,4,0,0,56,Private,7th-8th,Divorced,Machine-op-inspct,Unmarried,Black,Female,United-States,<=50K
44,188331,10,0,0,38,Private,Some-college,Separated,Tech-support,Not-in-family,White,Female,United-States,<=50K
67,111321,13,0,0,16,Self-emp-inc,Bachelors,Married-civ-spouse,Exec-managerial,Husband,White,Male,United-States,<=50K
19,101509,10,0,0,32,Private,Some-college,Never-married,Prof-specialty,Own-child,White,Male,United-States,<=50K
20,39803,10,0,1719,36,Private,Some-college,Never-married,Other-service,Own-child,White,Male,United-States,<=50K
50,180522,10,0,0,38,Private,Some-college,Never-married,Handlers-cleaners,Not-in-family,White,Male,United-States,<=50K
18,133654,9,0,0,40,Private,HS-grad,Never-married,Adm-clerical,Own-child,White,Female,United-States,<=50K
24,65743,13,0,0,30,Private,Bachelors,Never-married,Adm-clerical,Not-in-family,White,Female,United-States,<=50K
24,191948,9,0,0,30,Private,HS-grad,Divorced,Sales,Unmarried,White,Female,United-States,<=50K
32,180284,6,0,0,40,Private,10th,Married-civ-spouse,Craft-repair,Husband,White,Male,United-States,>50K
20,271379,10,0,0,25,Private,Some-college,Never-married,Sales,Own-child,White,Female,United-States,<=50K
33,202046,13,0,2001,40,Private,Bachelors,Never-married,Handlers-cleaners,Not-in-family,White,Male,United-States,<=50K
49,275845,10,0,0,60,Self-emp-not-inc,Some-college,Married-civ-spouse,Exec-managerial,Husband,White,Male,United-States,<=50K
55,208640,9,0,0,30,MISSING,HS-grad,Married-civ-spouse,MISSING,Husband,White,Male,United-States,>50K
76,211453,9,0,0,2,MISSING,HS-grad,Widowed,MISSING,Not-in-family,Black,Female,United-States,<=50K
66,112871,7,0,0,30,MISSING,11th,Never-married,MISSING,Not-in-family,White,Male,United-States,<=50K
18,156874,8,0,0,27,Private,12th,Never-married,Other-service,Own-child,White,Male,United-States,<=50K
31,446358,10,0,0,40,Private,Some-college,Married-civ-spouse,Machine-op-inspct,Husband,White,Male,Mexico,<=50K
51,126010,9,0,0,40,Private,HS-grad,Married-civ-spouse,Craft-repair,Husband,White,Male,United-States,<=50K
26,94392,7,0,0,20,Private,11th,Separated,Other-service,Unmarried,White,Female,United-States,<=50K
37,95855,9,0,0,40,Private,HS-grad,Divorced,Protective-serv,Unmarried,White,Female,United-States,<=50K
31,120461,13,0,0,40,Private,Bachelors,Never-married,Exec-managerial,Not-in-family,White,Female,United-States,<=50K
38,181721,13,0,0,40,Local-gov,Bachelors,Married-civ-spouse,Exec-managerial,Husband,Black,Male,United-States,<=50K
29,35032,10,0,0,60,Private,Some-college,Married-civ-spouse,Handlers-cleaners,Husband,White,Male,United-States,<=50K
33,409172,13,0,0,55,Private,Bachelors,Married-civ-spouse,Exec-managerial,Own-child,White,Male,United-States,<=50K
18,184016,9,3103,0,40,Private,HS-grad,Married-civ-spouse,Priv-house-serv,Not-in-family,White,Female,United-States,<=50K
71,205011,10,0,0,10,MISSING,Some-college,Married-civ-spouse,MISSING,Husband,White,Male,United-States,<=50K
39,74194,9,0,0,40,Private,HS-grad,Never-married,Farming-fishing,Unmarried,White,Male,United-States,<=50K
31,402089,9,0,0,40,Local-gov,HS-grad,Divorced,Adm-clerical,Unmarried,White,Female,United-States,<=50K
18,444822,7,0,0,8,Private,11th,Never-married,Sales,Own-child,White,Female,Mexico,<=50K
19,198663,9,0,0,40,Private,HS-grad,Never-married,Machine-op-inspct,Other-relative,White,Male,United-States,<=50K
34,143083,11,0,0,18,Private,Assoc-voc,Married-civ-spouse,Adm-clerical,Wife,White,Female,United-States,<=50K
22,186569,13,0,0,12,State-gov,Bachelors,Never-married,Prof-specialty,Own-child,White,Female,United-States,<=50K
39,233428,9,0,0,40,Private,HS-grad,Divorced,Exec-managerial,Other-relative,White,Female,United-States,<=50K
40,120277,10,0,0,40,Private,Some-college,Never-married,Sales,Not-in-family,White,Male,United-States,<=50K
29,221977,10,0,0,40,Private,Some-college,Married-civ-spouse,Adm-clerical,Wife,White,Female,United-States,>50K
59,214865,9,0,0,50,Private,HS-grad,Widowed,Exec-managerial,Unmarried,White,Female,United-States,<=50K
27,29732,13,4865,0,36,Private,Bachelors,Never-married,Prof-specialty,Not-in-family,White,Female,United-States,<=50K
18,130849,10,0,0,15,Private,Some-college,Never-married,Sales,Own-child,White,Female,United-States,<=50K
39,99452,13,0,0,50,Private,Bachelors,Married-civ-spouse,Prof-specialty,Husband,White,Male,United-States,>50K
49,178749,14,0,0,40,Private,Masters,Married-spouse-absent,Adm-clerical,Unmarried,White,Female,United-States,<=50K
43,326379,9,0,0,40,Private,HS-grad,Divorced,Craft-repair,Not-in-family,White,Male,United-States,<=50K
46,33794,13,3103,0,40,Federal-gov,Bachelors,Married-civ-spouse,Tech-support,Husband,White,Male,United-States,>50K
53,123011,9,0,0,40,Private,HS-grad,Divorced,Transport-moving,Not-in-family,White,Male,United-States,>50K
28,161290,10,0,0,40,MISSING,Some-college,Never-married,MISSING,Own-child,Black,Female,United-States,<=50K
27,95647,13,0,0,40,Private,Bachelors,Never-married,Prof-specialty,Own-child,Asian-Pac-Islander,Male,United-States,<=50K
35,246829,9,0,0,40,Private,HS-grad,Divorced,Exec-managerial,Unmarried,White,Female,United-States,<=50K
48,95661,10,0,0,43,Private,Some-college,Never-married,Adm-clerical,Not-in-family,White,Female,United-States,<=50K
70,205860,14,0,0,40,Self-emp-not-inc,Masters,Married-civ-spouse,Exec-managerial,Husband,Black,Male,United-States,<=50K
37,24342,10,0,0,38,State-gov,Some-college,Married-civ-spouse,Exec-managerial,Husband,White,Male,United-States,<=50K
33,177824,9,0,0,40,MISSING,HS-grad,Separated,MISSING,Unmarried,White,Female,United-States,<=50K
52,43705,10,0,0,50,Federal-gov,Some-college,Married-civ-spouse,Other-service,Husband,White,Male,United-States,<=50K
31,143653,11,0,0,50,Private,Assoc-voc,Married-civ-spouse,Sales,Husband,White,Male,United-States,<=50K
19,234151,9,0,0,40,Federal-gov,HS-grad,Never-married,Adm-clerical,Unmarried,Black,Female,United-States,<=50K
54,162238,14,0,0,50,Private,Masters,Divorced,Exec-managerial,Not-in-family,White,Male,United-States,>50K
23,178818,9,0,0,40,Private,HS-grad,Never-married,Adm-clerical,Not-in-family,White,Female,United-States,<=50K
31,101562,9,0,0,55,Private,HS-grad,Married-civ-spouse,Machine-op-inspct,Wife,White,Female,United-States,<=50K
55,222615,14,0,0,60,Self-emp-inc,Masters,Married-civ-spouse,Exec-managerial,Husband,White,Male,United-States,<=50K
47,284871,13,0,1887,40,Private,Bachelors,Married-civ-spouse,Exec-managerial,Husband,White,Male,United-States,>50K
20,204641,10,0,0,40,Private,Some-college,Never-married,Other-service,Own-child,White,Male,United-States,<=50K
24,184400,9,0,0,30,Private,HS-grad,Never-married,Transport-moving,Own-child,Asian-Pac-Islander,Male,MISSING,<=50K
52,153064,10,0,0,40,Local-gov,Some-college,Married-civ-spouse,Exec-managerial,Husband,White,Male,United-States,>50K
34,173266,9,0,0,40,State-gov,HS-grad,Married-civ-spouse,Tech-support,Husband,White,Male,United-States,>50K
31,150324,9,0,0,40,Local-gov,HS-grad,Married-civ-spouse,Craft-repair,Husband,White,Male,United-States,<=50K
48,212954,10,0,0,60,Private,Some-college,Married-civ-spouse,Craft-repair,Husband,White,Male,United-States,>50K
17,142457,7,0,0,20,Private,11th,Never-married,Other-service,Own-child,Black,Male,United-States,<=50K
57,24127,13,0,0,8,MISSING,Bachelors,Married-civ-spouse,MISSING,Husband,White,Male,United-States,<=50K
42,234277,9,0,0,35,MISSING,HS-grad,Married-spouse-absent,MISSING,Not-in-family,White,Male,United-States,<=50K
35,261012,10,0,0,40,Private,Some-college,Married-spouse-absent,Adm-clerical,Not-in-family,Black,Female,United-States,<=50K
41,225193,9,0,0,40,Private,HS-grad,Married-civ-spouse,Sales,Husband,White,Male,United-States,<=50K
27,303954,13,0,0,45,Private,Bachelors,Married-civ-spouse,Sales,Husband,White,Male,United-States,<=50K
29,53181,14,0,0,55,Private,Masters,Married-civ-spouse,Prof-specialty,Husband,White,Male,United-States,>50K
48,121253,13,0,2472,70,Private,Bachelors,Married-spouse-absent,Sales,Unmarried,White,Female,United-States,>50K
18,130389,7,0,0,20,Private,11th,Never-married,Other-service,Own-child,White,Male,Scotland,<=50K
43,174196,9,0,0,40,Private,HS-grad,Never-married,Other-service,Unmarried,Black,Female,United-States,<=50K
43,34007,9,0,0,40,Private,HS-grad,Married-civ-spouse,Craft-repair,Husband,White,Male,United-States,>50K
67,63552,4,0,0,35,MISSING,7th-8th,Widowed,MISSING,Not-in-family,White,Female,United-States,<=50K
23,91658,10,0,0,40,Private,Some-college,Divorced,Handlers-cleaners,Own-child,White,Male,United-States,<=50K
24,147719,14,0,0,20,State-gov,Masters,Never-married,Prof-specialty,Not-in-family,Asian-Pac-Islander,Male,India,<=50K
39,176186,10,0,0,50,Private,Some-college,Married-civ-spouse,Farming-fishing,Husband,White,Male,United-States,>50K
21,357029,10,2105,0,20,MISSING,Some-college,Married-civ-spouse,MISSING,Wife,Black,Female,United-States,<=50K
46,116789,9,0,0,40,Private,HS-grad,Married-civ-spouse,Adm-clerical,Husband,White,Male,United-States,>50K
32,351869,10,0,1485,45,Private,Some-college,Married-civ-spouse,Transport-moving,Husband,White,Male,United-States,>50K
40,335549,15,0,2444,45,Self-emp-not-inc,Prof-school,Never-married,Prof-specialty,Not-in-family,White,Male,United-States,>50K
39,190719,10,0,0,45,Private,Some-college,Divorced,Sales,Not-in-family,White,Male,United-States,<=50K
62,174711,9,0,0,32,Private,HS-grad,Never-married,Adm-clerical,Not-in-family,White,Female,United-States,<=50K
35,195946,10,0,0,40,MISSING,Some-college,Married-civ-spouse,MISSING,Husband,Asian-Pac-Islander,Male,Philippines,>50K
34,101510,13,0,0,50,Private,Bachelors,Divorced,Sales,Not-in-family,White,Female,United-States,>50K
47,168109,9,0,0,70,Federal-gov,HS-grad,Married-civ-spouse,Adm-clerical,Husband,White,Male,United-States,<=50K
45,142719,13,0,0,40,Self-emp-inc,Bachelors,Married-civ-spouse,Exec-managerial,Husband,White,Male,United-States,>50K
33,316663,10,0,0,50,MISSING,Some-college,Married-civ-spouse,MISSING,Wife,White,Female,United-States,<=50K
21,179720,9,0,0,30,Private,HS-grad,Never-married,Other-service,Other-relative,White,Female,United-States,<=50K
30,96287,14,0,0,45,Private,Masters,Never-married,Prof-specialty,Not-in-family,White,Female,United-States,<=50K
37,199753,10,0,0,35,Private,Some-college,Married-civ-spouse,Craft-repair,Husband,White,Male,United-States,>50K
35,226789,10,0,0,58,Private,Some-college,Married-civ-spouse,Exec-managerial,Husband,White,Male,United-States,<=50K
52,283079,9,0,0,50,Self-emp-not-inc,HS-grad,Never-married,Prof-specialty,Not-in-family,White,Male,United-States,<=50K
36,226013,9,5178,0,40,Private,HS-grad,Married-civ-spouse,Machine-op-inspct,Husband,Black,Male,United-States,>50K
23,60331,10,0,0,40,Private,Some-college,Never-married,Craft-repair,Not-in-family,White,Male,United-States,<=50K
44,182616,11,0,0,40,Private,Assoc-voc,Married-civ-spouse,Tech-support,Husband,White,Male,United-States,>50K
31,188108,9,4101,0,40,Private,HS-grad,Never-married,Craft-repair,Own-child,White,Male,United-States,<=50K
21,198431,9,0,0,40,Private,HS-grad,Never-married,Handlers-cleaners,Not-in-family,White,Female,United-States,<=50K
36,386726,14,0,1977,44,Private,Masters,Married-civ-spouse,Prof-specialty,Wife,White,Female,United-States,>50K
44,248249,4,0,0,50,Private,7th-8th,Married-civ-spouse,Handlers-cleaners,Husband,White,Male,United-States,<=50K
32,238944,9,0,0,40,Private,HS-grad,Married-civ-spouse,Machine-op-inspct,Husband,White,Male,United-States,<=50K
26,120268,9,0,0,50,Private,HS-grad,Married-civ-spouse,Other-service,Husband,White,Male,United-States,<=50K
41,89226,9,0,0,40,Private,HS-grad,Divorced,Craft-repair,Not-in-family,White,Male,United-States,<=50K
18,62972,7,0,0,16,Private,11th,Never-married,Other-service,Own-child,White,Male,United-States,<=50K
40,345969,12,0,0,40,State-gov,Assoc-acdm,Married-civ-spouse,Adm-clerical,Husband,White,Male,United-States,>50K
20,286391,10,2176,0,20,Private,Some-college,Never-married,Adm-clerical,Own-child,White,Female,United-States,<=50K
35,76845,5,0,0,40,Federal-gov,9th,Married-civ-spouse,Farming-fishing,Husband,Black,Male,United-States,<=50K
17,159299,7,0,0,20,Private,11th,Never-married,Other-service,Own-child,White,Female,United-States,<=50K
19,97261,9,0,0,40,Private,HS-grad,Never-married,Farming-fishing,Not-in-family,White,Male,United-States,<=50K
57,165695,13,0,0,40,Private,Bachelors,Married-civ-spouse,Exec-managerial,Husband,White,Male,MISSING,>50K
23,222835,13,0,0,30,Private,Bachelors,Never-married,Other-service,Own-child,White,Female,United-States,<=50K
47,216657,9,0,0,60,Self-emp-not-inc,HS-grad,Married-civ-spouse,Farming-fishing,Husband,White,Male,United-States,<=50K
53,251804,3,0,0,30,MISSING,5th-6th,Widowed,MISSING,Unmarried,Black,Female,United-States,<=50K
37,48063,13,0,0,55,Self-emp-not-inc,Bachelors,Married-civ-spouse,Prof-specialty,Husband,White,Male,United-States,>50K
31,187560,9,2174,0,40,Private,HS-grad,Never-married,Adm-clerical,Not-in-family,White,Male,United-States,<=50K
62,224277,10,0,0,40,Federal-gov,Some-college,Widowed,Protective-serv,Not-in-family,White,Female,United-States,<=50K
55,141549,9,0,0,40,Private,HS-grad,Married-civ-spouse,Craft-repair,Husband,White,Male,United-States,<=50K
45,197240,8,7688,0,40,Private,12th,Married-civ-spouse,Sales,Husband,White,Male,United-States,>50K
29,211482,13,0,0,50,Private,Bachelors,Never-married,Prof-specialty,Not-in-family,White,Male,United-States,>50K
33,296453,14,0,0,15,Private,Masters,Married-civ-spouse,Tech-support,Husband,White,Male,United-States,<=50K
61,128230,9,0,0,30,Private,HS-grad,Married-civ-spouse,Prof-specialty,Husband,White,Male,United-States,<=50K
41,197919,9,0,0,60,Private,HS-grad,Married-civ-spouse,Adm-clerical,Wife,White,Female,United-States,<=50K
66,298834,11,0,0,50,Self-emp-not-inc,Assoc-voc,Married-civ-spouse,Prof-specialty,Husband,White,Male,United-States,<=50K
35,149347,10,0,0,45,Private,Some-college,Married-civ-spouse,Craft-repair,Husband,White,Male,United-States,<=50K
27,195681,10,0,0,48,Private,Some-college,Never-married,Prof-specialty,Not-in-family,White,Female,MISSING,<=50K
33,427474,9,0,0,60,Self-emp-not-inc,HS-grad,Married-civ-spouse,Sales,Husband,White,Male,United-States,>50K
35,412379,9,0,0,40,Private,HS-grad,Never-married,Other-service,Not-in-family,White,Female,United-States,<=50K
31,109020,13,0,0,40,Private,Bachelors,Never-married,Prof-specialty,Unmarried,Other,Male,United-States,<=50K
17,89821,7,0,0,10,Private,11th,Never-married,Other-service,Own-child,White,Male,United-States,<=50K
33,267859,9,0,0,40,Private,HS-grad,Never-married,Craft-repair,Own-child,White,Male,El-Salvador,<=50K
24,128487,13,0,0,40,Private,Bachelors,Never-married,Adm-clerical,Not-in-family,White,Female,United-States,<=50K
29,176723,10,0,0,25,Private,Some-college,Never-married,Sales,Unmarried,White,Female,United-States,<=50K
65,149131,7,0,0,40,Private,11th,Divorced,Machine-op-inspct,Other-relative,White,Male,United-States,<=50K
19,167087,9,0,0,40,Private,HS-grad,Never-married,Adm-clerical,Not-in-family,White,Female,United-States,<=50K
23,254127,13,0,0,50,Local-gov,Bachelors,Never-married,Prof-specialty,Other-relative,White,Female,United-States,<=50K
47,222529,13,0,0,65,Private,Bachelors,Married-civ-spouse,Farming-fishing,Husband,White,Male,United-States,<=50K
55,100569,9,0,0,55,Self-emp-not-inc,HS-grad,Separated,Farming-fishing,Unmarried,White,Female,United-States,<=50K
45,144351,14,0,0,40,State-gov,Masters,Married-civ-spouse,Prof-specialty,Husband,White,Male,United-States,>50K
26,188626,9,0,0,48,Private,HS-grad,Married-civ-spouse,Craft-repair,Husband,White,Male,United-States,<=50K
40,107433,13,0,1977,50,Private,Bachelors,Married-civ-spouse,Exec-managerial,Husband,White,Male,United-States,>50K
54,225599,14,7298,0,40,Private,Masters,Married-civ-spouse,Prof-specialty,Husband,Asian-Pac-Islander,Male,India,>50K
51,155408,9,0,0,38,Private,HS-grad,Married-spouse-absent,Sales,Not-in-family,Black,Female,United-States,<=50K
43,243476,9,0,0,40,Private,HS-grad,Divorced,Tech-support,Not-in-family,White,Female,United-States,<=50K
35,237873,9,0,0,40,State-gov,HS-grad,Never-married,Other-service,Unmarried,Black,Female,United-States,<=50K
41,93227,13,0,1977,60,Self-emp-inc,Bachelors,Married-civ-spouse,Exec-managerial,Husband,Asian-Pac-Islander,Male,Taiwan,>50K
31,48588,10,0,0,40,Private,Some-college,Married-civ-spouse,Craft-repair,Husband,White,Male,United-States,<=50K
44,395078,9,0,0,40,State-gov,HS-grad,Divorced,Adm-clerical,Not-in-family,White,Female,United-States,<=50K
26,154093,9,0,0,40,Private,HS-grad,Never-married,Transport-moving,Own-child,Black,Male,United-States,<=50K
31,118161,9,0,0,40,Private,HS-grad,Married-civ-spouse,Other-service,Husband,White,Male,United-States,<=50K
20,235894,10,0,0,40,Local-gov,Some-college,Never-married,Farming-fishing,Own-child,White,Male,United-States,<=50K
36,176101,10,2174,0,60,Private,Some-college,Never-married,Craft-repair,Own-child,White,Male,United-States,<=50K
36,356838,16,0,0,50,Private,Doctorate,Married-civ-spouse,Prof-specialty,Husband,White,Male,Canada,<=50K
44,222434,9,0,0,40,Private,HS-grad,Divorced,Machine-op-inspct,Own-child,White,Male,United-States,<=50K
28,173800,13,0,0,10,MISSING,Bachelors,Married-spouse-absent,MISSING,Not-in-family,Asian-Pac-Islander,Female,Taiwan,<=50K
32,123291,8,0,0,40,Private,12th,Married-civ-spouse,Machine-op-inspct,Husband,White,Male,United-States,<=50K
19,268524,10,0,0,15,Private,Some-college,Never-married,Sales,Own-child,White,Female,United-States,<=50K
47,140644,9,0,0,40,Private,HS-grad,Married-civ-spouse,Exec-managerial,Husband,White,Male,United-States,>50K
30,195488,9,0,0,40,Private,HS-grad,Never-married,Priv-house-serv,Own-child,White,Female,Guatemala,<=50K
22,171419,11,0,0,40,Private,Assoc-voc,Never-married,Exec-managerial,Unmarried,Asian-Pac-Islander,Male,South,<=50K
39,160120,10,0,0,40,Private,Some-college,Never-married,Machine-op-inspct,Other-relative,Asian-Pac-Islander,Male,Philippines,<=50K
50,20179,14,0,0,40,Federal-gov,Masters,Married-civ-spouse,Tech-support,Husband,White,Male,United-States,>50K
36,139770,10,0,0,32,MISSING,Some-college,Divorced,MISSING,Own-child,White,Female,United-States,<=50K
23,280164,9,0,0,32,Local-gov,HS-grad,Never-married,Other-service,Own-child,Black,Male,United-States,<=50K
27,174419,13,0,0,40,Private,Bachelors,Never-married,Prof-specialty,Not-in-family,White,Female,United-States,<=50K
35,217893,9,0,0,30,Private,HS-grad,Divorced,Sales,Not-in-family,White,Female,United-States,<=50K
63,113324,10,0,0,40,Private,Some-college,Married-civ-spouse,Protective-serv,Husband,White,Male,United-States,<=50K
29,178778,10,0,0,40,Private,Some-college,Never-married,Other-service,Not-in-family,White,Male,United-States,<=50K
33,173858,13,0,0,40,Private,Bachelors,Married-civ-spouse,Adm-clerical,Other-relative,Asian-Pac-Islander,Male,India,<=50K
49,241753,9,0,0,40,Self-emp-not-inc,HS-grad,Divorced,Other-service,Unmarried,White,Female,United-States,<=50K
44,191295,13,0,0,48,Federal-gov,Bachelors,Married-civ-spouse,Exec-managerial,Husband,Black,Male,United-States,<=50K
28,350254,2,0,0,40,Private,1st-4th,Never-married,Priv-house-serv,Not-in-family,White,Female,Mexico,<=50K
66,102640,9,0,0,35,State-gov,HS-grad,Widowed,Prof-specialty,Unmarried,Black,Female,United-States,<=50K
45,212954,10,0,0,50,Self-emp-inc,Some-college,Married-civ-spouse,Farming-fishing,Husband,White,Male,United-States,<=50K
40,37997,10,0,0,50,Self-emp-inc,Some-college,Married-civ-spouse,Farming-fishing,Husband,White,Male,United-States,<=50K
24,112459,14,0,0,45,Private,Masters,Never-married,Prof-specialty,Not-in-family,White,Female,United-States,<=50K
53,216931,10,4386,0,40,Local-gov,Some-college,Married-civ-spouse,Protective-serv,Husband,White,Male,United-States,>50K
53,72257,10,0,0,55,Private,Some-college,Married-civ-spouse,Exec-managerial,Husband,White,Male,United-States,<=50K
19,224241,10,0,0,20,Private,Some-college,Never-married,Sales,Own-child,White,Female,United-States,<=50K
27,177351,13,0,0,45,Private,Bachelors,Never-married,Sales,Not-in-family,White,Male,United-States,<=50K
30,149531,10,0,0,40,Private,Some-college,Married-civ-spouse,Sales,Husband,White,Male,United-States,<=50K
26,158963,14,0,0,40,State-gov,Masters,Never-married,Exec-managerial,Not-in-family,White,Female,United-States,<=50K
41,203943,8,0,0,40,Private,12th,Married-civ-spouse,Protective-serv,Husband,Black,Male,MISSING,<=50K
29,380560,5,0,0,40,Private,9th,Married-civ-spouse,Machine-op-inspct,Husband,White,Male,Mexico,<=50K
23,197613,10,0,0,40,Private,Some-college,Never-married,Adm-clerical,Not-in-family,White,Female,United-States,<=50K
51,138514,11,0,0,48,Private,Assoc-voc,Divorced,Tech-support,Unmarried,Black,Female,United-States,<=50K
30,201196,7,0,0,40,MISSING,11th,Never-married,MISSING,Own-child,Black,Female,United-States,<=50K
27,202239,9,0,0,40,Private,HS-grad,Married-civ-spouse,Handlers-cleaners,Husband,White,Male,United-States,<=50K
52,238959,14,0,0,32,Local-gov,Masters,Never-married,Prof-specialty,Not-in-family,White,Male,United-States,>50K
45,380127,13,0,0,40,Federal-gov,Bachelors,Never-married,Exec-managerial,Not-in-family,White,Female,United-States,<=50K
47,108510,6,0,0,65,Private,10th,Married-civ-spouse,Sales,Husband,White,Male,United-States,<=50K
51,226885,9,0,0,40,State-gov,HS-grad,Never-married,Transport-moving,Not-in-family,White,Male,United-States,<=50K
55,124137,10,0,0,40,Self-emp-inc,Some-college,Married-civ-spouse,Sales,Husband,White,Male,United-States,>50K
30,211840,10,0,0,16,Private,Some-college,Separated,Sales,Unmarried,Black,Female,United-States,<=50K
37,98776,9,0,0,15,Private,HS-grad,Married-civ-spouse,Farming-fishing,Husband,White,Male,United-States,<=50K
30,340917,13,0,0,40,Private,Bachelors,Married-civ-spouse,Craft-repair,Husband,White,Male,United-States,<=50K
27,64379,9,0,1740,40,Self-emp-inc,HS-grad,Married-civ-spouse,Craft-repair,Husband,White,Male,United-States,<=50K
53,182855,6,0,0,48,Private,10th,Divorced,Adm-clerical,Unmarried,White,Female,United-States,<=50K
31,114937,13,0,0,35,Private,Bachelors,Married-civ-spouse,Prof-specialty,Husband,White,Male,United-States,<=50K
53,302847,9,0,0,35,Self-emp-not-inc,HS-grad,Married-civ-spouse,Sales,Husband,White,Male,United-States,<=50K
22,110371,9,0,0,50,Private,HS-grad,Married-civ-spouse,Other-service,Own-child,White,Male,United-States,<=50K
51,57698,9,0,0,40,Private,HS-grad,Married-spouse-absent,Other-service,Unmarried,White,Female,United-States,<=50K
19,271118,9,0,0,28,Private,HS-grad,Never-married,Adm-clerical,Own-child,White,Female,United-States,<=50K
53,83434,13,0,0,21,Private,Bachelors,Never-married,Other-service,Not-in-family,Asian-Pac-Islander,Female,Japan,>50K
58,205267,13,0,0,40,Local-gov,Bachelors,Married-civ-spouse,Prof-specialty,Wife,White,Female,United-States,>50K
50,191130,11,0,0,40,Local-gov,Assoc-voc,Married-civ-spouse,Protective-serv,Husband,White,Male,United-States,>50K
34,29254,10,0,0,55,Self-emp-not-inc,Some-college,Married-civ-spouse,Craft-repair,Husband,White,Male,United-States,>50K
36,43701,10,0,0,20,Private,Some-college,Widowed,Sales,Not-in-family,White,Female,United-States,<=50K
51,249741,10,0,0,40,Private,Some-college,Married-civ-spouse,Sales,Husband,White,Male,United-States,<=50K
30,197827,10,0,0,40,MISSING,Some-college,Married-civ-spouse,MISSING,Husband,White,Male,United-States,<=50K
46,155659,10,15024,0,45,Private,Some-college,Married-civ-spouse,Craft-repair,Husband,White,Male,United-States,>50K
57,109973,9,0,0,40,Local-gov,HS-grad,Divorced,Other-service,Not-in-family,White,Female,United-States,<=50K
26,331861,13,0,0,60,Private,Bachelors,Never-married,Exec-managerial,Not-in-family,White,Male,MISSING,<=50K
34,85374,9,0,0,40,Private,HS-grad,Married-civ-spouse,Craft-repair,Husband,White,Male,United-States,<=50K
47,362835,13,0,0,60,Private,Bachelors,Married-civ-spouse,Sales,Husband,White,Male,United-States,>50K
18,298860,8,0,0,20,Private,12th,Never-married,Handlers-cleaners,Own-child,White,Male,United-States,<=50K
26,250066,11,0,0,40,Private,Assoc-voc,Never-married,Other-service,Not-in-family,White,Female,United-States,<=50K
67,183374,9,2329,0,15,MISSING,HS-grad,Widowed,MISSING,Not-in-family,White,Female,United-States,<=50K
40,187702,10,0,0,50,Private,Some-college,Never-married,Exec-managerial,Not-in-family,White,Male,United-States,>50K
26,108658,9,0,0,40,Private,HS-grad,Never-married,Craft-repair,Not-in-family,White,Male,United-States,<=50K
38,64875,9,0,0,50,Self-emp-not-inc,HS-grad,Divorced,Farming-fishing,Not-in-family,White,Male,United-States,<=50K
40,222011,14,3325,0,40,Private,Masters,Never-married,Prof-specialty,Not-in-family,White,Female,United-States,<=50K
46,189498,13,0,1848,45,Private,Bachelors,Married-civ-spouse,Prof-specialty,Husband,White,Male,United-States,>50K
38,91711,13,0,0,50,Local-gov,Bachelors,Married-civ-spouse,Prof-specialty,Husband,White,Male,United-States,>50K
49,213307,10,0,0,40,State-gov,Some-college,Married-civ-spouse,Prof-specialty,Husband,White,Male,United-States,<=50K
25,81286,9,0,0,45,Private,HS-grad,Married-civ-spouse,Craft-repair,Husband,White,Male,United-States,<=50K
62,123612,13,0,0,4,MISSING,Bachelors,Married-civ-spouse,MISSING,Husband,White,Male,United-States,<=50K
37,202683,10,0,0,48,Private,Some-college,Married-civ-spouse,Sales,Husband,White,Male,United-States,>50K
75,248833,9,2653,0,14,MISSING,HS-grad,Married-AF-spouse,MISSING,Wife,White,Female,United-States,<=50K
32,372692,9,0,0,40,Private,HS-grad,Married-civ-spouse,Craft-repair,Husband,White,Male,United-States,<=50K
37,910398,13,0,0,40,Private,Bachelors,Never-married,Sales,Not-in-family,Black,Female,United-States,<=50K
42,208875,10,0,0,40,Private,Some-college,Married-civ-spouse,Exec-managerial,Wife,White,Female,El-Salvador,>50K
52,128272,9,0,0,14,Private,HS-grad,Married-civ-spouse,Sales,Husband,White,Male,United-States,<=50K
47,56482,10,7688,0,50,Local-gov,Some-college,Married-civ-spouse,Prof-specialty,Husband,Black,Male,United-States,>50K
35,87556,14,0,0,45,Private,Masters,Never-married,Prof-specialty,Not-in-family,White,Male,United-States,>50K
90,227796,14,20051,0,60,Local-gov,Masters,Married-civ-spouse,Exec-managerial,Husband,White,Male,United-States,>50K
55,104917,14,0,0,40,Local-gov,Masters,Married-civ-spouse,Prof-specialty,Husband,Black,Male,United-States,>50K
57,192258,10,0,0,40,Federal-gov,Some-college,Divorced,Adm-clerical,Own-child,White,Male,United-States,<=50K
42,376072,9,0,0,30,Private,HS-grad,Married-civ-spouse,Transport-moving,Husband,White,Male,United-States,<=50K
31,557853,13,0,0,47,State-gov,Bachelors,Never-married,Adm-clerical,Not-in-family,White,Male,United-States,<=50K
76,278938,13,0,0,20,Private,Bachelors,Widowed,Prof-specialty,Not-in-family,White,Female,United-States,<=50K
47,202322,3,0,0,40,Private,5th-6th,Married-civ-spouse,Handlers-cleaners,Husband,White,Male,Mexico,<=50K
38,204556,9,0,0,40,Private,HS-grad,Divorced,Craft-repair,Not-in-family,Black,Male,United-States,<=50K
19,172582,10,0,0,50,MISSING,Some-college,Never-married,MISSING,Own-child,White,Male,United-States,<=50K
31,32550,6,0,0,40,Private,10th,Divorced,Handlers-cleaners,Not-in-family,White,Male,United-States,<=50K
38,124665,13,0,0,20,Self-emp-inc,Bachelors,Never-married,Craft-repair,Not-in-family,White,Female,United-States,<=50K
47,224559,9,0,0,40,Federal-gov,HS-grad,Married-civ-spouse,Transport-moving,Husband,Black,Male,United-States,>50K
27,588905,9,0,0,40,Private,HS-grad,Married-civ-spouse,Craft-repair,Husband,White,Male,United-States,<=50K
46,176814,15,99999,0,50,Private,Prof-school,Married-civ-spouse,Prof-specialty,Husband,White,Male,United-States,>50K
26,272669,13,0,0,20,Private,Bachelors,Never-married,Sales,Not-in-family,Asian-Pac-Islander,Male,South,<=50K
29,53434,11,0,0,60,Private,Assoc-voc,Married-civ-spouse,Exec-managerial,Husband,White,Male,United-States,>50K
56,24127,11,0,0,54,Self-emp-inc,Assoc-voc,Married-civ-spouse,Sales,Husband,White,Male,United-States,>50K
19,206599,9,0,0,40,Private,HS-grad,Never-married,Sales,Own-child,White,Female,United-States,<=50K
27,195678,13,0,0,40,Private,Bachelors,Married-civ-spouse,Prof-specialty,Husband,White,Male,United-States,<=50K
45,168232,13,0,0,55,Federal-gov,Bachelors,Never-married,Adm-clerical,Not-in-family,White,Male,United-States,>50K
36,129263,9,0,0,40,Private,HS-grad,Widowed,Other-service,Not-in-family,White,Female,United-States,<=50K
57,290661,16,0,0,60,State-gov,Doctorate,Divorced,Prof-specialty,Not-in-family,White,Male,United-States,>50K
64,159938,9,8614,0,40,MISSING,HS-grad,Divorced,MISSING,Not-in-family,White,Male,United-States,>50K
36,415578,10,0,0,40,Private,Some-college,Married-civ-spouse,Craft-repair,Husband,White,Male,United-States,>50K
26,103148,9,0,0,40,Local-gov,HS-grad,Never-married,Adm-clerical,Not-in-family,White,Female,United-States,<=50K
25,324609,9,0,0,40,Private,HS-grad,Never-married,Adm-clerical,Not-in-family,Black,Male,United-States,<=50K
39,110713,13,0,0,50,Private,Bachelors,Married-civ-spouse,Sales,Husband,White,Male,United-States,>50K
47,228660,10,0,1977,40,Self-emp-not-inc,Some-college,Married-civ-spouse,Craft-repair,Husband,White,Male,United-States,>50K
20,174714,10,0,0,20,Private,Some-college,Never-married,Other-service,Own-child,White,Male,United-States,<=50K
29,452205,9,0,0,36,Private,HS-grad,Divorced,Other-service,Unmarried,White,Female,United-States,<=50K
30,48829,9,0,1602,30,Private,HS-grad,Never-married,Sales,Not-in-family,White,Female,United-States,<=50K
55,234125,9,0,0,40,Private,HS-grad,Married-civ-spouse,Other-service,Husband,White,Male,United-States,<=50K
49,101320,12,0,1902,40,Private,Assoc-acdm,Married-civ-spouse,Sales,Wife,White,Female,United-States,>50K
53,53197,16,0,0,50,State-gov,Doctorate,Married-civ-spouse,Adm-clerical,Husband,White,Male,United-States,>50K
64,187656,2,0,0,40,MISSING,1st-4th,Divorced,MISSING,Not-in-family,White,Male,United-States,<=50K
20,174714,10,0,0,16,MISSING,Some-college,Never-married,MISSING,Own-child,White,Male,United-States,<=50K
58,234328,13,0,0,40,Private,Bachelors,Divorced,Sales,Not-in-family,White,Male,United-States,<=50K
22,194829,13,0,0,30,Private,Bachelors,Never-married,Exec-managerial,Not-in-family,White,Male,United-States,<=50K
36,147258,10,0,0,60,State-gov,Some-college,Divorced,Transport-moving,Not-in-family,White,Male,United-States,<=50K
42,119207,9,0,0,48,Self-emp-not-inc,HS-grad,Never-married,Exec-managerial,Not-in-family,White,Male,United-States,<=50K
17,206010,8,0,0,8,Private,12th,Never-married,Other-service,Own-child,White,Female,United-States,<=50K
30,356015,7,0,0,40,Private,11th,Married-spouse-absent,Handlers-cleaners,Not-in-family,Amer-Indian-Eskimo,Male,Mexico,<=50K
31,114937,12,0,0,40,Private,Assoc-acdm,Married-civ-spouse,Adm-clerical,Husband,White,Male,United-States,>50K
24,186221,7,0,0,35,Private,11th,Divorced,Sales,Unmarried,White,Female,United-States,<=50K
29,216481,14,0,0,40,Private,Masters,Married-civ-spouse,Exec-managerial,Wife,White,Female,United-States,>50K
90,52386,10,0,0,35,Private,Some-college,Never-married,Other-service,Not-in-family,Asian-Pac-Islander,Male,United-States,<=50K
59,96459,7,0,0,40,Private,11th,Never-married,Machine-op-inspct,Not-in-family,White,Male,United-States,<=50K
32,732102,13,0,0,40,Private,Bachelors,Never-married,Exec-managerial,Not-in-family,White,Male,United-States,<=50K
33,147700,9,0,0,40,Private,HS-grad,Married-civ-spouse,Craft-repair,Husband,Other,Male,United-States,<=50K
47,159869,16,0,0,50,Self-emp-not-inc,Doctorate,Married-civ-spouse,Craft-repair,Husband,White,Male,United-States,<=50K
75,192813,14,0,0,45,Self-emp-not-inc,Masters,Widowed,Sales,Not-in-family,White,Male,United-States,<=50K
46,315423,10,0,2042,50,Private,Some-college,Married-civ-spouse,Sales,Husband,White,Male,United-States,<=50K
51,153870,10,0,2603,40,Private,Some-college,Married-civ-spouse,Transport-moving,Husband,White,Male,United-States,<=50K
23,417605,3,0,0,40,Private,5th-6th,Never-married,Craft-repair,Not-in-family,White,Male,Mexico,<=50K
61,219183,13,0,0,50,Self-emp-not-inc,Bachelors,Married-civ-spouse,Prof-specialty,Husband,White,Male,United-States,>50K
33,79440,14,0,0,30,State-gov,Masters,Never-married,Prof-specialty,Not-in-family,Asian-Pac-Islander,Male,Japan,<=50K
52,313243,9,0,0,55,Self-emp-not-inc,HS-grad,Married-civ-spouse,Craft-repair,Husband,White,Male,United-States,>50K
31,59083,9,0,0,35,Private,HS-grad,Married-civ-spouse,Other-service,Husband,White,Male,United-States,<=50K
48,328606,15,14084,0,63,Self-emp-not-inc,Prof-school,Divorced,Prof-specialty,Unmarried,White,Male,United-States,>50K
31,332379,9,0,0,40,Private,HS-grad,Never-married,Machine-op-inspct,Not-in-family,White,Male,United-States,<=50K
43,334946,9,0,0,40,Private,HS-grad,Married-civ-spouse,Handlers-cleaners,Husband,Black,Male,United-States,<=50K
32,111746,10,0,0,40,Self-emp-inc,Some-college,Married-civ-spouse,Craft-repair,Husband,White,Male,United-States,<=50K
41,193995,9,0,0,44,Private,HS-grad,Never-married,Craft-repair,Not-in-family,White,Male,United-States,<=50K
69,171050,9,0,0,9,MISSING,HS-grad,Widowed,MISSING,Not-in-family,White,Female,United-States,<=50K
23,50341,14,0,0,20,Private,Masters,Never-married,Sales,Not-in-family,White,Female,United-States,<=50K
48,224870,9,0,0,38,Private,HS-grad,Divorced,Machine-op-inspct,Other-relative,Other,Female,Ecuador,<=50K
45,242994,10,0,0,52,Private,Some-college,Never-married,Sales,Not-in-family,White,Male,United-States,<=50K
48,123075,11,0,0,40,Private,Assoc-voc,Married-civ-spouse,Tech-support,Husband,White,Male,United-States,>50K
30,189265,12,0,0,40,Self-emp-not-inc,Assoc-acdm,Divorced,Adm-clerical,Not-in-family,White,Female,United-States,<=50K
39,176949,12,0,0,52,State-gov,Assoc-acdm,Married-civ-spouse,Protective-serv,Husband,White,Male,United-States,<=50K
17,103810,8,0,0,40,MISSING,12th,Never-married,MISSING,Own-child,White,Male,United-States,<=50K
40,327573,11,0,0,40,Private,Assoc-voc,Married-civ-spouse,Craft-repair,Husband,White,Male,United-States,<=50K
20,49179,10,0,0,35,Private,Some-college,Never-married,Prof-specialty,Not-in-family,White,Male,United-States,<=50K
50,173224,14,0,0,40,Local-gov,Masters,Married-civ-spouse,Prof-specialty,Wife,White,Female,United-States,<=50K
67,244122,11,0,0,1,MISSING,Assoc-voc,Widowed,MISSING,Not-in-family,White,Female,United-States,<=50K
44,230684,13,7688,0,50,Private,Bachelors,Married-civ-spouse,Exec-managerial,Husband,White,Male,United-States,>50K
38,187847,11,0,0,50,Private,Assoc-voc,Married-civ-spouse,Exec-managerial,Husband,White,Male,United-States,>50K
49,86701,10,0,0,56,Self-emp-inc,Some-college,Married-civ-spouse,Craft-repair,Husband,Asian-Pac-Islander,Male,United-States,>50K
19,136306,7,0,0,24,Private,11th,Never-married,Farming-fishing,Own-child,White,Male,United-States,<=50K
20,34310,10,0,0,20,Private,Some-college,Never-married,Sales,Own-child,White,Male,United-States,<=50K
43,164693,11,0,0,50,Private,Assoc-voc,Married-civ-spouse,Craft-repair,Husband,White,Male,United-States,<=50K
58,267663,4,0,0,40,Private,7th-8th,Married-civ-spouse,Transport-moving,Husband,White,Male,Mexico,<=50K
28,300915,9,0,0,60,Private,HS-grad,Married-civ-spouse,Transport-moving,Husband,White,Male,United-States,<=50K
36,241962,13,0,0,40,Local-gov,Bachelors,Married-civ-spouse,Adm-clerical,Husband,White,Male,United-States,<=50K
24,216469,9,0,1579,50,Private,HS-grad,Married-civ-spouse,Machine-op-inspct,Husband,White,Male,United-States,<=50K
41,293791,11,0,0,55,Private,Assoc-voc,Married-civ-spouse,Transport-moving,Husband,White,Male,United-States,<=50K
31,66815,9,0,0,50,Private,HS-grad,Married-civ-spouse,Craft-repair,Husband,White,Male,United-States,<=50K
18,85154,8,0,0,24,MISSING,12th,Never-married,MISSING,Own-child,Asian-Pac-Islander,Female,Germany,<=50K
57,199934,13,0,0,40,Private,Bachelors,Married-civ-spouse,Exec-managerial,Husband,White,Male,United-States,>50K
25,165622,14,0,0,55,Private,Masters,Never-married,Sales,Not-in-family,White,Male,United-States,<=50K
32,286675,10,0,0,60,Private,Some-college,Never-married,Exec-managerial,Not-in-family,White,Male,United-States,<=50K
28,119287,13,15024,0,28,Private,Bachelors,Married-civ-spouse,Exec-managerial,Wife,White,Female,United-States,>50K
45,255559,9,0,0,40,Local-gov,HS-grad,Never-married,Adm-clerical,Not-in-family,White,Female,United-States,<=50K
47,112200,13,10520,0,45,Self-emp-not-inc,Bachelors,Never-married,Exec-managerial,Not-in-family,Black,Male,United-States,>50K
34,203488,10,0,0,40,Private,Some-college,Married-civ-spouse,Transport-moving,Husband,White,Male,United-States,<=50K
40,171231,13,0,0,40,Federal-gov,Bachelors,Never-married,Adm-clerical,Not-in-family,White,Male,Puerto-Rico,<=50K
47,85129,9,0,0,40,Private,HS-grad,Divorced,Other-service,Not-in-family,Asian-Pac-Islander,Female,United-States,<=50K
37,241998,13,0,0,5,Self-emp-not-inc,Bachelors,Married-civ-spouse,Prof-specialty,Husband,White,Male,United-States,>50K
42,98061,11,0,0,50,Self-emp-not-inc,Assoc-voc,Married-civ-spouse,Exec-managerial,Husband,White,Male,United-States,<=50K
45,170915,9,4865,0,40,Federal-gov,HS-grad,Divorced,Tech-support,Not-in-family,White,Female,United-States,<=50K
44,157217,12,0,0,40,Private,Assoc-acdm,Married-civ-spouse,Prof-specialty,Husband,White,Male,United-States,>50K
43,331894,10,0,0,60,Private,Some-college,Married-civ-spouse,Transport-moving,Husband,White,Male,United-States,>50K
22,177107,11,0,0,35,Private,Assoc-voc,Never-married,Prof-specialty,Unmarried,Black,Female,United-States,<=50K
26,149734,9,0,1594,40,Private,HS-grad,Separated,Craft-repair,Unmarried,Black,Female,United-States,<=50K
28,48894,9,0,0,40,Private,HS-grad,Married-civ-spouse,Adm-clerical,Own-child,White,Female,United-States,<=50K
33,112952,10,0,0,48,Self-emp-not-inc,Some-college,Never-married,Craft-repair,Own-child,White,Male,United-States,<=50K
32,213750,11,0,0,45,Private,Assoc-voc,Never-married,Other-service,Not-in-family,White,Male,United-States,<=50K
30,296509,4,0,0,45,Private,7th-8th,Separated,Farming-fishing,Not-in-family,White,Male,Mexico,<=50K
50,139296,7,0,0,40,Local-gov,11th,Never-married,Craft-repair,Unmarried,White,Male,United-States,<=50K
47,165039,10,0,0,40,Self-emp-not-inc,Some-college,Never-married,Other-service,Unmarried,Black,Female,United-States,<=50K
23,207415,13,0,0,15,Private,Bachelors,Never-married,Exec-managerial,Own-child,White,Female,United-States,<=50K
49,102318,12,0,0,25,Self-emp-not-inc,Assoc-acdm,Divorced,Exec-managerial,Not-in-family,White,Male,United-States,<=50K
39,33886,9,0,0,60,Private,HS-grad,Married-civ-spouse,Transport-moving,Husband,White,Male,United-States,<=50K
29,142519,9,0,0,40,Self-emp-not-inc,HS-grad,Married-civ-spouse,Machine-op-inspct,Husband,White,Male,United-States,<=50K
37,251396,12,0,0,65,Private,Assoc-acdm,Married-civ-spouse,Exec-managerial,Husband,White,Male,United-States,>50K
23,246965,12,0,0,12,Private,Assoc-acdm,Never-married,Adm-clerical,Not-in-family,White,Male,United-States,<=50K
38,81965,11,0,0,40,Private,Assoc-voc,Never-married,Tech-support,Not-in-family,White,Female,United-States,<=50K
52,198824,11,0,0,35,Private,Assoc-voc,Separated,Other-service,Unmarried,White,Female,United-States,<=50K
34,69491,9,0,0,40,Private,HS-grad,Married-civ-spouse,Other-service,Husband,White,Male,United-States,<=50K
56,62539,7,0,0,65,Self-emp-not-inc,11th,Widowed,Other-service,Unmarried,White,Female,Greece,>50K
23,208598,10,0,0,45,Private,Some-college,Never-married,Sales,Not-in-family,White,Male,United-States,<=50K
38,174717,13,0,0,50,Private,Bachelors,Married-civ-spouse,Sales,Husband,White,Male,United-States,>50K
20,131230,9,0,1590,40,Private,HS-grad,Never-married,Machine-op-inspct,Own-child,White,Male,United-States,<=50K
40,126701,13,0,0,40,Private,Bachelors,Married-spouse-absent,Exec-managerial,Not-in-family,White,Male,United-States,>50K
31,199368,13,0,0,50,Local-gov,Bachelors,Married-civ-spouse,Protective-serv,Husband,Black,Male,United-States,>50K
49,298445,15,0,1977,60,Local-gov,Prof-school,Married-civ-spouse,Prof-specialty,Wife,White,Female,United-States,>50K
37,201319,10,0,0,40,Private,Some-college,Separated,Other-service,Unmarried,White,Female,United-States,<=50K
36,280440,12,0,0,45,Private,Assoc-acdm,Never-married,Tech-support,Unmarried,White,Female,United-States,<=50K
48,97883,9,0,0,25,Self-emp-not-inc,HS-grad,Separated,Other-service,Other-relative,White,Female,United-States,<=50K
26,248612,13,0,0,30,Private,Bachelors,Never-married,Prof-specialty,Own-child,White,Male,United-States,<=50K
30,147921,11,0,0,46,Private,Assoc-voc,Divorced,Adm-clerical,Not-in-family,White,Female,United-States,<=50K
20,41356,10,0,0,40,Private,Some-college,Never-married,Prof-specialty,Not-in-family,White,Female,United-States,<=50K
38,146178,9,0,0,40,Private,HS-grad,Never-married,Craft-repair,Unmarried,Black,Female,United-States,<=50K
32,29933,13,0,0,50,Private,Bachelors,Married-civ-spouse,Handlers-cleaners,Husband,White,Male,United-States,>50K
58,104613,12,0,0,50,Private,Assoc-acdm,Married-civ-spouse,Exec-managerial,Husband,White,Male,United-States,>50K
31,190305,14,0,0,50,State-gov,Masters,Married-civ-spouse,Prof-specialty,Husband,White,Male,United-States,<=50K
59,131916,9,0,0,40,Private,HS-grad,Married-civ-spouse,Machine-op-inspct,Wife,White,Female,Italy,>50K
18,108892,7,0,0,12,Private,11th,Never-married,Handlers-cleaners,Own-child,White,Male,United-States,<=50K
43,421837,10,7298,0,50,Self-emp-not-inc,Some-college,Married-civ-spouse,Sales,Husband,White,Male,Mexico,>50K
34,194325,9,0,0,45,Local-gov,HS-grad,Married-civ-spouse,Transport-moving,Husband,White,Male,United-States,<=50K
44,153489,9,0,0,40,Private,HS-grad,Never-married,Other-service,Unmarried,White,Male,United-States,<=50K
21,252024,9,0,0,20,Private,HS-grad,Never-married,Handlers-cleaners,Other-relative,White,Male,Mexico,<=50K
49,315998,13,0,0,50,Self-emp-inc,Bachelors,Married-civ-spouse,Exec-managerial,Husband,White,Male,United-States,<=50K
40,204235,14,99999,0,50,Self-emp-not-inc,Masters,Married-civ-spouse,Exec-managerial,Husband,White,Male,United-States,>50K
36,218015,10,0,0,48,Private,Some-college,Married-civ-spouse,Machine-op-inspct,Husband,White,Male,United-States,<=50K
58,187487,9,0,0,40,Private,HS-grad,Married-civ-spouse,Machine-op-inspct,Husband,White,Male,United-States,<=50K
55,377061,13,0,0,40,Private,Bachelors,Married-civ-spouse,Protective-serv,Husband,White,Male,United-States,>50K
32,160634,13,0,0,60,Private,Bachelors,Married-civ-spouse,Farming-fishing,Husband,White,Male,United-States,<=50K
39,148015,9,0,0,52,Private,HS-grad,Never-married,Machine-op-inspct,Not-in-family,Black,Female,United-States,<=50K
45,148995,13,15024,0,40,Private,Bachelors,Married-civ-spouse,Craft-repair,Husband,White,Male,United-States,>50K
43,341204,10,0,0,40,Private,Some-college,Divorced,Adm-clerical,Not-in-family,White,Female,United-States,<=50K
40,79036,11,0,0,50,Private,Assoc-voc,Divorced,Transport-moving,Not-in-family,White,Male,United-States,>50K
25,206002,9,0,0,40,Local-gov,HS-grad,Divorced,Tech-support,Unmarried,White,Female,United-States,<=50K
55,185195,13,0,0,40,Self-emp-not-inc,Bachelors,Married-civ-spouse,Exec-managerial,Husband,White,Male,United-States,>50K
29,24562,13,0,0,40,Private,Bachelors,Divorced,Other-service,Unmarried,Other,Female,United-States,<=50K
19,37332,9,1055,0,12,MISSING,HS-grad,Never-married,MISSING,Own-child,White,Female,United-States,<=50K
30,178255,13,0,0,70,Self-emp-not-inc,Bachelors,Married-civ-spouse,Sales,Husband,White,Male,MISSING,<=50K
37,186934,9,15024,0,60,Private,HS-grad,Married-civ-spouse,Sales,Husband,White,Male,United-States,>50K
54,146551,9,0,0,54,Private,HS-grad,Married-civ-spouse,Adm-clerical,Husband,White,Male,United-States,>50K
55,193130,9,0,1887,40,Private,HS-grad,Married-civ-spouse,Handlers-cleaners,Husband,White,Male,United-States,>50K
40,30682,9,0,0,45,Private,HS-grad,Married-civ-spouse,Machine-op-inspct,Husband,White,Male,United-States,>50K
17,73145,5,0,0,16,Private,9th,Never-married,Craft-repair,Own-child,White,Female,United-States,<=50K
30,182177,9,0,0,40,Private,HS-grad,Never-married,Other-service,Not-in-family,White,Male,Ireland,<=50K
52,202115,9,0,0,25,Private,HS-grad,Married-civ-spouse,Other-service,Wife,White,Female,United-States,<=50K
21,236696,10,0,0,57,Private,Some-college,Never-married,Other-service,Not-in-family,White,Male,United-States,<=50K
44,320984,13,0,0,60,Private,Bachelors,Married-civ-spouse,Sales,Husband,White,Male,United-States,>50K
51,32372,8,0,0,99,Self-emp-not-inc,12th,Married-civ-spouse,Other-service,Husband,White,Male,United-States,<=50K
30,48014,14,0,0,40,Private,Masters,Never-married,Adm-clerical,Not-in-family,White,Female,France,<=50K
55,282753,3,0,0,25,Private,5th-6th,Divorced,Other-service,Unmarried,Black,Male,United-States,<=50K
36,49837,10,0,0,40,Private,Some-college,Divorced,Prof-specialty,Not-in-family,White,Female,United-States,<=50K
22,139883,10,0,0,40,MISSING,Some-college,Never-married,MISSING,Own-child,White,Male,United-States,<=50K
25,252187,7,0,0,40,Private,11th,Never-married,Handlers-cleaners,Not-in-family,White,Male,United-States,<=50K
38,131808,11,0,0,40,Private,Assoc-voc,Divorced,Craft-repair,Unmarried,White,Male,United-States,<=50K
26,357933,10,0,0,15,Private,Some-college,Never-married,Adm-clerical,Own-child,White,Female,United-States,<=50K
46,308077,15,0,0,40,Federal-gov,Prof-school,Separated,Prof-specialty,Unmarried,White,Female,Germany,>50K
55,197422,9,7688,0,40,Private,HS-grad,Married-civ-spouse,Transport-moving,Husband,White,Male,United-States,>50K
57,316000,9,0,0,40,Private,HS-grad,Married-civ-spouse,Craft-repair,Husband,White,Male,United-States,<=50K
25,176047,9,2176,0,40,Private,HS-grad,Never-married,Machine-op-inspct,Own-child,White,Female,United-States,<=50K
42,118652,12,0,0,40,Private,Assoc-acdm,Married-civ-spouse,Tech-support,Husband,White,Male,United-States,<=50K
55,170287,10,0,0,40,Private,Some-college,Married-civ-spouse,Prof-specialty,Husband,White,Male,Poland,>50K
19,206399,9,0,0,40,Private,HS-grad,Never-married,Machine-op-inspct,Own-child,Black,Female,United-States,<=50K
18,74054,7,0,0,20,Private,11th,Never-married,Sales,Own-child,Other,Female,MISSING,<=50K
49,159816,13,99999,0,20,Private,Bachelors,Married-civ-spouse,Prof-specialty,Wife,White,Female,United-States,>50K
17,94366,6,0,0,6,MISSING,10th,Never-married,MISSING,Other-relative,White,Male,United-States,<=50K
56,367984,11,15024,0,40,Private,Assoc-voc,Married-civ-spouse,Exec-managerial,Husband,White,Male,United-States,>50K
20,197752,10,0,0,16,Private,Some-college,Never-married,Adm-clerical,Own-child,White,Male,United-States,<=50K
60,55621,12,0,0,40,Federal-gov,Assoc-acdm,Married-civ-spouse,Other-service,Husband,Black,Male,United-States,<=50K
66,284021,9,0,0,40,Private,HS-grad,Widowed,Sales,Not-in-family,White,Female,United-States,<=50K
18,280728,10,0,0,32,Federal-gov,Some-college,Never-married,Sales,Own-child,White,Female,United-States,<=50K
29,39484,13,7298,0,42,Private,Bachelors,Married-civ-spouse,Other-service,Husband,White,Male,United-States,>50K
23,194247,10,0,0,40,Private,Some-college,Never-married,Sales,Not-in-family,White,Male,United-States,<=50K
44,231793,16,0,0,38,Local-gov,Doctorate,Married-spouse-absent,Prof-specialty,Unmarried,White,Female,United-States,<=50K
47,115613,9,0,0,50,Private,HS-grad,Married-civ-spouse,Craft-repair,Husband,White,Male,United-States,>50K
37,146398,13,0,0,40,Private,Bachelors,Never-married,Prof-specialty,Not-in-family,Black,Female,United-States,<=50K
46,188386,16,15024,0,60,Private,Doctorate,Married-civ-spouse,Exec-managerial,Husband,White,Male,United-States,>50K
38,809585,13,0,0,40,Private,Bachelors,Married-civ-spouse,Sales,Husband,White,Male,United-States,>50K
54,36327,4,0,0,50,Self-emp-not-inc,7th-8th,Married-civ-spouse,Machine-op-inspct,Husband,White,Male,United-States,<=50K
65,242580,10,11678,0,50,Private,Some-college,Divorced,Prof-specialty,Not-in-family,White,Male,United-States,>50K
22,103762,13,0,0,40,Private,Bachelors,Never-married,Exec-managerial,Own-child,White,Female,United-States,<=50K
35,101509,10,0,0,40,Private,Some-college,Divorced,Exec-managerial,Not-in-family,White,Female,United-States,<=50K
37,59313,10,0,0,40,Private,Some-college,Separated,Other-service,Not-in-family,Black,Male,MISSING,<=50K
50,113176,9,0,0,40,Private,HS-grad,Divorced,Adm-clerical,Not-in-family,White,Female,United-States,<=50K
45,315984,9,7688,0,50,Self-emp-not-inc,HS-grad,Married-civ-spouse,Craft-repair,Husband,White,Male,United-States,>50K
25,257562,4,0,0,40,Private,7th-8th,Married-civ-spouse,Craft-repair,Husband,White,Male,Mexico,<=50K
21,57711,9,0,0,30,Private,HS-grad,Never-married,Other-service,Not-in-family,White,Female,United-States,<=50K
43,33729,13,0,0,45,Self-emp-inc,Bachelors,Married-civ-spouse,Sales,Husband,White,Male,United-States,>50K
51,204322,11,0,0,40,Private,Assoc-voc,Married-civ-spouse,Handlers-cleaners,Husband,White,Male,United-States,>50K
42,369131,12,0,0,55,Private,Assoc-acdm,Married-civ-spouse,Sales,Husband,White,Male,United-States,>50K
27,36851,13,0,0,41,Private,Bachelors,Never-married,Machine-op-inspct,Not-in-family,White,Male,United-States,<=50K
53,118793,6,0,0,50,Self-emp-not-inc,10th,Married-civ-spouse,Craft-repair,Husband,White,Male,United-States,>50K
21,34310,11,0,2603,40,Private,Assoc-voc,Married-civ-spouse,Craft-repair,Husband,White,Male,United-States,<=50K
38,160035,9,0,0,55,Private,HS-grad,Married-civ-spouse,Craft-repair,Husband,White,Male,United-States,<=50K
27,191129,10,0,0,40,Private,Some-college,Married-civ-spouse,Machine-op-inspct,Husband,White,Male,United-States,<=50K
23,391171,10,0,0,25,Private,Some-college,Never-married,Other-service,Not-in-family,Black,Male,United-States,<=50K
42,142424,11,0,0,40,Private,Assoc-voc,Never-married,Adm-clerical,Not-in-family,White,Female,United-States,<=50K
34,200689,13,0,0,40,Self-emp-inc,Bachelors,Divorced,Sales,Unmarried,White,Female,United-States,<=50K
18,83451,9,0,0,30,Private,HS-grad,Never-married,Other-service,Own-child,White,Female,United-States,<=50K
38,73471,10,0,0,50,Private,Some-college,Married-civ-spouse,Sales,Husband,White,Male,United-States,<=50K
33,101345,9,0,0,42,Private,HS-grad,Married-civ-spouse,Exec-managerial,Wife,White,Female,Canada,>50K
39,185624,10,0,0,50,Private,Some-college,Married-civ-spouse,Machine-op-inspct,Husband,White,Male,United-States,<=50K
26,476558,4,0,0,40,Private,7th-8th,Never-married,Craft-repair,Not-in-family,White,Male,Mexico,<=50K
41,144778,9,0,0,40,Private,HS-grad,Married-civ-spouse,Craft-repair,Husband,White,Male,United-States,<=50K
40,280167,14,0,0,40,Federal-gov,Masters,Married-civ-spouse,Prof-specialty,Husband,White,Male,United-States,>50K
40,289748,13,4650,0,48,Private,Bachelors,Never-married,Exec-managerial,Not-in-family,White,Female,United-States,<=50K
39,114544,13,0,0,45,Private,Bachelors,Divorced,Exec-managerial,Not-in-family,White,Male,United-States,>50K
26,44308,13,0,0,40,Private,Bachelors,Never-married,Tech-support,Not-in-family,White,Male,United-States,<=50K
39,53926,13,0,0,40,Private,Bachelors,Married-civ-spouse,Prof-specialty,Husband,White,Male,United-States,<=50K
18,249857,10,0,0,20,Private,Some-college,Never-married,Other-service,Own-child,White,Male,United-States,<=50K
53,151580,10,15024,0,40,Private,Some-college,Married-civ-spouse,Prof-specialty,Husband,White,Male,United-States,>50K
56,73684,4,0,0,40,Private,7th-8th,Married-civ-spouse,Craft-repair,Husband,White,Male,Portugal,<=50K
25,120535,9,0,0,40,Private,HS-grad,Divorced,Sales,Unmarried,White,Female,United-States,<=50K
63,125954,9,2174,0,40,Private,HS-grad,Never-married,Machine-op-inspct,Not-in-family,White,Male,United-States,<=50K
19,168294,9,0,0,40,Private,HS-grad,Never-married,Craft-repair,Own-child,White,Male,United-States,<=50K
43,241895,13,0,0,50,Private,Bachelors,Married-civ-spouse,Exec-managerial,Husband,White,Male,United-States,>50K
40,257364,10,0,0,45,Private,Some-college,Divorced,Other-service,Not-in-family,White,Male,United-States,<=50K
26,173992,10,0,0,45,Private,Some-college,Married-civ-spouse,Craft-repair,Husband,White,Male,United-States,>50K
53,71772,16,0,0,50,Private,Doctorate,Divorced,Prof-specialty,Not-in-family,White,Male,United-States,<=50K
29,168138,13,0,0,40,Private,Bachelors,Married-civ-spouse,Protective-serv,Husband,White,Male,United-States,>50K
39,174330,10,0,0,40,Self-emp-not-inc,Some-college,Married-civ-spouse,Craft-repair,Husband,White,Male,United-States,<=50K
17,111332,7,0,0,20,Private,11th,Never-married,Sales,Own-child,White,Female,United-States,<=50K
35,33975,12,0,0,40,Private,Assoc-acdm,Married-civ-spouse,Craft-repair,Husband,White,Male,United-States,<=50K
54,196975,9,0,0,45,MISSING,HS-grad,Divorced,MISSING,Other-relative,White,Male,United-States,<=50K
50,92811,13,0,0,40,Private,Bachelors,Married-civ-spouse,Tech-support,Husband,White,Male,United-States,<=50K
32,515629,9,0,0,40,Private,HS-grad,Separated,Handlers-cleaners,Not-in-family,White,Female,United-States,<=50K
31,166626,9,0,0,40,Federal-gov,HS-grad,Married-civ-spouse,Adm-clerical,Husband,White,Male,United-States,>50K
35,54576,9,0,0,40,Private,HS-grad,Married-civ-spouse,Machine-op-inspct,Husband,White,Male,United-States,<=50K
39,177277,9,0,0,45,Private,HS-grad,Married-civ-spouse,Machine-op-inspct,Husband,White,Male,United-States,>50K
66,220543,9,0,0,40,Self-emp-inc,HS-grad,Married-civ-spouse,Adm-clerical,Wife,White,Female,United-States,>50K
53,155594,13,0,0,40,Federal-gov,Bachelors,Married-civ-spouse,Prof-specialty,Husband,White,Male,United-States,>50K
34,436341,10,0,0,40,Federal-gov,Some-college,Married-AF-spouse,Adm-clerical,Wife,White,Female,United-States,>50K
46,155489,9,0,0,58,Private,HS-grad,Married-civ-spouse,Adm-clerical,Husband,White,Male,United-States,>50K
62,162249,9,0,0,30,Self-emp-not-inc,HS-grad,Married-civ-spouse,Transport-moving,Husband,White,Male,United-States,<=50K
43,241928,9,0,0,32,Private,HS-grad,Separated,Adm-clerical,Not-in-family,Black,Female,United-States,<=50K
41,394669,13,0,1741,40,Private,Bachelors,Never-married,Prof-specialty,Not-in-family,White,Female,United-States,<=50K
21,259510,9,0,0,36,Private,HS-grad,Never-married,Handlers-cleaners,Own-child,White,Male,United-States,<=50K
42,332401,13,0,0,40,Private,Bachelors,Never-married,Sales,Not-in-family,White,Male,United-States,<=50K
27,367329,11,0,0,40,Private,Assoc-voc,Married-civ-spouse,Farming-fishing,Husband,White,Male,United-States,<=50K
46,109227,10,0,0,70,Private,Some-college,Divorced,Exec-managerial,Unmarried,White,Female,United-States,<=50K
50,93705,10,0,0,40,Self-emp-not-inc,Some-college,Divorced,Sales,Not-in-family,White,Female,United-States,<=50K
32,169973,14,0,0,38,State-gov,Masters,Never-married,Adm-clerical,Not-in-family,White,Female,United-States,<=50K
24,224954,10,0,0,40,Private,Some-college,Never-married,Handlers-cleaners,Own-child,White,Male,United-States,<=50K
25,163101,13,0,0,45,Local-gov,Bachelors,Never-married,Prof-specialty,Not-in-family,White,Male,United-States,<=50K
33,98145,10,0,0,30,MISSING,Some-college,Divorced,MISSING,Unmarried,Amer-Indian-Eskimo,Male,United-States,<=50K
36,167440,10,0,0,44,Private,Some-college,Married-civ-spouse,Machine-op-inspct,Husband,White,Male,United-States,<=50K
49,195437,12,0,0,60,Federal-gov,Assoc-acdm,Married-civ-spouse,Adm-clerical,Husband,White,Male,United-States,>50K
38,278924,10,0,0,44,Private,Some-college,Divorced,Craft-repair,Not-in-family,White,Male,United-States,<=50K
28,253814,9,0,0,35,Private,HS-grad,Divorced,Other-service,Unmarried,White,Female,United-States,<=50K
29,187327,13,0,0,40,Private,Bachelors,Never-married,Prof-specialty,Not-in-family,White,Male,United-States,<=50K
52,110748,14,0,0,50,Private,Masters,Married-civ-spouse,Prof-specialty,Husband,White,Male,United-States,>50K
42,221172,13,0,0,40,Private,Bachelors,Married-civ-spouse,Exec-managerial,Husband,White,Male,United-States,>50K
37,151322,13,0,0,40,State-gov,Bachelors,Never-married,Prof-specialty,Not-in-family,White,Male,United-States,<=50K
37,204145,11,0,0,45,Private,Assoc-voc,Married-civ-spouse,Craft-repair,Husband,White,Male,United-States,>50K
29,236436,12,8614,0,40,Private,Assoc-acdm,Never-married,Prof-specialty,Not-in-family,White,Female,United-States,>50K
41,238184,9,0,0,40,Self-emp-not-inc,HS-grad,Married-civ-spouse,Farming-fishing,Wife,White,Female,United-States,<=50K
25,227886,13,0,0,40,Local-gov,Bachelors,Married-civ-spouse,Adm-clerical,Husband,White,Male,United-States,<=50K
30,161815,10,0,0,35,Private,Some-college,Divorced,Other-service,Unmarried,White,Female,United-States,<=50K
33,99309,9,0,0,50,Private,HS-grad,Married-civ-spouse,Exec-managerial,Husband,White,Male,United-States,<=50K
37,241174,13,0,0,99,Private,Bachelors,Married-civ-spouse,Prof-specialty,Husband,White,Male,United-States,>50K
46,188293,9,0,0,40,Private,HS-grad,Divorced,Adm-clerical,Not-in-family,White,Female,United-States,<=50K
26,371556,10,0,0,40,Private,Some-college,Never-married,Adm-clerical,Not-in-family,White,Female,United-States,<=50K
56,247119,4,0,0,40,Private,7th-8th,Widowed,Machine-op-inspct,Unmarried,Other,Female,Dominican-Republic,<=50K
46,148489,9,0,0,40,MISSING,HS-grad,Married-spouse-absent,MISSING,Not-in-family,Asian-Pac-Islander,Male,Philippines,<=50K
33,190027,10,0,0,18,Local-gov,Some-college,Never-married,Adm-clerical,Unmarried,Black,Female,United-States,<=50K
42,303388,10,0,0,65,Private,Some-college,Married-civ-spouse,Exec-managerial,Husband,White,Male,United-States,<=50K
37,239397,6,0,0,40,Private,10th,Married-civ-spouse,Machine-op-inspct,Husband,White,Male,Mexico,<=50K
21,236769,4,0,0,40,Self-emp-not-inc,7th-8th,Never-married,Craft-repair,Not-in-family,White,Male,United-States,<=50K
51,163671,13,0,1902,40,Federal-gov,Bachelors,Married-civ-spouse,Exec-managerial,Husband,White,Male,United-States,<=50K
38,472604,13,0,0,35,Private,Bachelors,Married-civ-spouse,Other-service,Husband,White,Male,Mexico,<=50K
31,184307,10,0,0,50,Private,Some-college,Married-civ-spouse,Exec-managerial,Husband,White,Male,Jamaica,>50K
33,62932,9,0,0,40,Self-emp-not-inc,HS-grad,Married-civ-spouse,Craft-repair,Husband,White,Male,United-States,<=50K
45,114396,13,0,0,35,Self-emp-not-inc,Bachelors,Divorced,Prof-specialty,Not-in-family,White,Male,United-States,<=50K
17,19752,7,0,0,25,Private,11th,Never-married,Other-service,Own-child,Black,Female,United-States,<=50K
42,160369,9,0,0,40,State-gov,HS-grad,Never-married,Protective-serv,Not-in-family,White,Male,United-States,>50K
62,208266,11,0,0,40,Local-gov,Assoc-voc,Divorced,Adm-clerical,Not-in-family,Black,Female,United-States,<=50K
40,150528,13,0,0,40,Private,Bachelors,Married-civ-spouse,Adm-clerical,Husband,White,Male,United-States,<=50K
27,188519,9,0,0,40,Private,HS-grad,Divorced,Sales,Own-child,White,Female,United-States,<=50K
50,45961,13,6849,0,40,State-gov,Bachelors,Married-spouse-absent,Prof-specialty,Not-in-family,White,Male,United-States,<=50K
27,347513,10,0,0,40,Private,Some-college,Never-married,Adm-clerical,Not-in-family,White,Female,United-States,<=50K
21,185582,10,0,0,43,Private,Some-college,Never-married,Sales,Own-child,White,Male,United-States,<=50K
37,172571,9,0,0,40,Private,HS-grad,Divorced,Machine-op-inspct,Not-in-family,White,Male,United-States,<=50K
30,181372,13,0,0,33,Local-gov,Bachelors,Married-civ-spouse,Prof-specialty,Wife,White,Female,United-States,>50K
61,123273,3,0,1876,56,Private,5th-6th,Divorced,Transport-moving,Not-in-family,White,Male,United-States,<=50K
24,196678,1,0,0,30,Private,Preschool,Never-married,Machine-op-inspct,Own-child,White,Female,United-States,<=50K
61,115023,10,0,0,40,Private,Some-college,Married-civ-spouse,Adm-clerical,Husband,White,Male,United-States,>50K
22,347803,10,0,0,20,State-gov,Some-college,Never-married,Adm-clerical,Not-in-family,Other,Male,United-States,<=50K
52,334273,12,0,0,40,State-gov,Assoc-acdm,Married-civ-spouse,Sales,Husband,White,Male,United-States,>50K
24,259351,10,0,0,40,Private,Some-college,Never-married,Craft-repair,Unmarried,Amer-Indian-Eskimo,Male,Mexico,<=50K
26,153434,9,0,0,24,Private,HS-grad,Never-married,Other-service,Own-child,White,Male,United-States,<=50K
29,170301,9,2829,0,40,Private,HS-grad,Married-civ-spouse,Adm-clerical,Wife,White,Female,United-States,<=50K
25,441591,13,0,0,40,Private,Bachelors,Never-married,Tech-support,Own-child,White,Male,United-States,<=50K
24,38455,10,0,0,40,Private,Some-college,Never-married,Craft-repair,Not-in-family,White,Male,United-States,<=50K
60,235535,9,0,0,48,Self-emp-not-inc,HS-grad,Married-civ-spouse,Exec-managerial,Husband,White,Male,United-States,<=50K
66,234743,10,0,0,50,Private,Some-college,Married-civ-spouse,Exec-managerial,Husband,White,Male,United-States,<=50K
62,270092,14,0,0,40,Private,Masters,Married-civ-spouse,Prof-specialty,Husband,White,Male,United-States,>50K
34,227282,10,0,0,40,Private,Some-college,Never-married,Craft-repair,Not-in-family,White,Male,United-States,<=50K
33,254221,9,0,0,40,Private,HS-grad,Never-married,Adm-clerical,Not-in-family,White,Female,United-States,<=50K
36,174308,7,0,0,40,Private,11th,Divorced,Transport-moving,Not-in-family,White,Male,United-States,<=50K
62,664366,13,0,0,60,Private,Bachelors,Married-civ-spouse,Sales,Husband,White,Male,United-States,>50K
20,121023,10,0,0,40,MISSING,Some-college,Never-married,MISSING,Own-child,White,Female,United-States,<=50K
44,344920,13,0,1617,20,Private,Bachelors,Never-married,Adm-clerical,Not-in-family,White,Female,United-States,<=50K
28,190911,9,0,0,40,Private,HS-grad,Married-civ-spouse,Craft-repair,Husband,White,Male,United-States,<=50K
49,201080,10,0,0,55,Self-emp-inc,Some-college,Divorced,Craft-repair,Not-in-family,White,Male,United-States,<=50K
49,170871,14,0,0,45,Private,Masters,Married-civ-spouse,Exec-managerial,Husband,White,Male,United-States,>50K
39,191103,9,0,0,40,Private,HS-grad,Never-married,Other-service,Not-in-family,White,Male,United-States,<=50K
20,117618,10,0,0,40,MISSING,Some-college,Never-married,MISSING,Own-child,White,Male,United-States,<=50K
28,102533,10,0,0,40,Private,Some-college,Separated,Handlers-cleaners,Not-in-family,Black,Male,United-States,<=50K
45,77764,12,0,0,40,Private,Assoc-acdm,Married-civ-spouse,Craft-repair,Husband,White,Male,United-States,<=50K
21,112137,10,0,0,20,Private,Some-college,Never-married,Prof-specialty,Other-relative,Asian-Pac-Islander,Female,South,<=50K
17,182070,7,0,0,16,Local-gov,11th,Never-married,Other-service,Own-child,White,Female,United-States,<=50K
50,146015,9,0,0,40,MISSING,HS-grad,Married-civ-spouse,MISSING,Husband,White,Male,United-States,>50K
35,56352,11,0,0,40,Private,Assoc-voc,Married-civ-spouse,Other-service,Husband,White,Male,Puerto-Rico,<=50K
30,182714,10,0,0,40,Private,Some-college,Never-married,Exec-managerial,Not-in-family,White,Female,England,<=50K
37,160402,13,0,0,55,State-gov,Bachelors,Married-civ-spouse,Prof-specialty,Husband,White,Male,United-States,>50K
28,179759,10,0,0,40,Local-gov,Some-college,Married-spouse-absent,Adm-clerical,Unmarried,White,Female,United-States,<=50K
53,188772,9,0,0,30,Local-gov,HS-grad,Widowed,Other-service,Not-in-family,White,Female,United-States,<=50K
25,456604,7,0,0,40,Private,11th,Married-civ-spouse,Machine-op-inspct,Husband,White,Male,United-States,<=50K
39,50700,9,0,0,40,Private,HS-grad,Married-civ-spouse,Prof-specialty,Husband,White,Male,United-States,<=50K
42,69019,10,0,0,40,Private,Some-college,Married-civ-spouse,Craft-repair,Husband,Black,Male,United-States,>50K
17,347322,6,0,0,20,Private,10th,Never-married,Sales,Own-child,White,Female,United-States,<=50K
27,134048,7,0,0,45,Private,11th,Never-married,Craft-repair,Not-in-family,White,Male,United-States,<=50K
25,352057,9,0,0,65,Private,HS-grad,Never-married,Transport-moving,Not-in-family,White,Male,United-States,<=50K
23,117583,9,0,0,40,Private,HS-grad,Never-married,Craft-repair,Own-child,White,Male,United-States,<=50K
22,324922,9,0,0,50,Private,HS-grad,Never-married,Machine-op-inspct,Not-in-family,White,Male,United-States,<=50K
58,204021,9,0,0,50,Self-emp-not-inc,HS-grad,Widowed,Exec-managerial,Not-in-family,White,Male,United-States,<=50K
39,300760,9,0,0,50,Private,HS-grad,Divorced,Tech-support,Unmarried,White,Female,United-States,<=50K
57,132717,13,0,0,45,Local-gov,Bachelors,Married-civ-spouse,Exec-managerial,Husband,White,Male,United-States,<=50K
37,148581,9,0,0,50,Private,HS-grad,Married-civ-spouse,Transport-moving,Husband,White,Male,United-States,>50K
55,144071,7,0,0,45,Private,11th,Married-civ-spouse,Exec-managerial,Husband,White,Male,United-States,<=50K
17,52486,7,0,0,12,Private,11th,Never-married,Other-service,Own-child,White,Female,United-States,<=50K
26,176981,13,0,0,50,Self-emp-inc,Bachelors,Never-married,Adm-clerical,Own-child,White,Female,United-States,<=50K
38,101192,10,0,0,40,Private,Some-college,Never-married,Other-service,Not-in-family,White,Male,United-States,<=50K
23,225724,10,0,0,25,Private,Some-college,Never-married,Prof-specialty,Own-child,White,Female,United-States,<=50K
54,108435,13,0,0,50,Self-emp-inc,Bachelors,Married-civ-spouse,Sales,Husband,White,Male,United-States,>50K
37,112497,15,0,0,50,Private,Prof-school,Married-civ-spouse,Prof-specialty,Husband,White,Male,United-States,>50K
28,111520,7,0,0,40,Private,11th,Never-married,Machine-op-inspct,Unmarried,White,Female,Nicaragua,<=50K
61,95450,13,5178,0,50,Local-gov,Bachelors,Married-civ-spouse,Exec-managerial,Husband,White,Male,United-States,>50K
26,147638,13,0,0,40,Private,Bachelors,Never-married,Adm-clerical,Other-relative,Asian-Pac-Islander,Female,Hong,<=50K
35,30529,9,0,0,40,Private,HS-grad,Never-married,Adm-clerical,Not-in-family,White,Male,United-States,<=50K
26,31350,7,0,0,50,Private,11th,Never-married,Farming-fishing,Not-in-family,White,Male,United-States,<=50K
30,194901,15,0,0,55,Private,Prof-school,Divorced,Sales,Own-child,White,Male,United-States,<=50K
48,113598,10,0,0,40,Private,Some-college,Separated,Adm-clerical,Other-relative,Black,Female,United-States,<=50K
18,80564,9,0,0,60,MISSING,HS-grad,Never-married,MISSING,Own-child,White,Male,United-States,<=50K
51,87205,13,0,0,55,Private,Bachelors,Divorced,Prof-specialty,Unmarried,White,Female,England,<=50K
56,229525,5,0,0,40,Private,9th,Married-civ-spouse,Transport-moving,Husband,Black,Male,United-States,<=50K
21,188535,10,0,0,40,MISSING,Some-college,Never-married,MISSING,Own-child,White,Male,United-States,<=50K
32,103642,9,0,0,55,Self-emp-not-inc,HS-grad,Married-civ-spouse,Exec-managerial,Husband,White,Male,United-States,<=50K
27,125442,10,0,0,50,Local-gov,Some-college,Married-civ-spouse,Exec-managerial,Husband,White,Male,United-States,<=50K
40,226388,9,0,0,40,Private,HS-grad,Married-civ-spouse,Craft-repair,Husband,Black,Male,United-States,<=50K
71,163385,10,0,0,35,Private,Some-college,Widowed,Sales,Not-in-family,White,Male,United-States,>50K
42,213019,14,0,0,40,Local-gov,Masters,Never-married,Prof-specialty,Not-in-family,White,Female,United-States,>50K
67,39100,9,0,0,5,MISSING,HS-grad,Married-civ-spouse,MISSING,Wife,White,Female,United-States,<=50K
34,189809,10,0,0,52,Private,Some-college,Married-civ-spouse,Exec-managerial,Husband,Black,Male,Jamaica,<=50K
17,187308,6,0,0,15,Private,10th,Never-married,Other-service,Own-child,White,Female,United-States,<=50K
34,81223,9,0,0,48,Private,HS-grad,Divorced,Exec-managerial,Not-in-family,White,Female,United-States,<=50K
68,284763,7,0,0,70,Private,11th,Divorced,Transport-moving,Not-in-family,White,Male,United-States,<=50K
68,450580,9,0,0,20,Self-emp-not-inc,HS-grad,Married-civ-spouse,Farming-fishing,Husband,White,Male,United-States,<=50K
58,78104,10,7298,0,60,Self-emp-inc,Some-college,Married-civ-spouse,Exec-managerial,Husband,White,Male,United-States,>50K
32,206541,7,0,0,50,Private,11th,Divorced,Craft-repair,Own-child,White,Male,United-States,<=50K
36,76767,10,0,0,39,State-gov,Some-college,Divorced,Exec-managerial,Not-in-family,White,Female,United-States,<=50K
51,40641,10,0,0,60,Private,Some-college,Married-civ-spouse,Exec-managerial,Husband,White,Male,United-States,>50K
19,230874,10,0,0,40,MISSING,Some-college,Never-married,MISSING,Own-child,White,Female,United-States,<=50K
19,183258,10,0,0,40,Private,Some-college,Never-married,Adm-clerical,Own-child,White,Male,United-States,<=50K
34,122612,13,7688,0,50,Private,Bachelors,Married-civ-spouse,Other-service,Wife,Asian-Pac-Islander,Female,Philippines,>50K
21,255957,10,4101,0,40,Private,Some-college,Never-married,Exec-managerial,Not-in-family,White,Female,United-States,<=50K
45,183598,9,0,0,40,Private,HS-grad,Divorced,Adm-clerical,Not-in-family,White,Female,United-States,<=50K
73,192740,13,0,0,30,Private,Bachelors,Married-civ-spouse,Prof-specialty,Husband,White,Male,United-States,<=50K
23,190709,12,0,0,52,Local-gov,Assoc-acdm,Never-married,Protective-serv,Not-in-family,White,Male,United-States,<=50K
31,179186,13,0,0,90,Private,Bachelors,Married-civ-spouse,Sales,Husband,Black,Male,United-States,>50K
67,112318,6,0,0,40,Self-emp-inc,10th,Married-civ-spouse,Craft-repair,Husband,White,Male,United-States,<=50K
74,145463,2,0,0,15,Private,1st-4th,Widowed,Priv-house-serv,Not-in-family,Black,Female,United-States,<=50K
18,240330,8,0,0,18,Private,12th,Never-married,Other-service,Own-child,White,Male,United-States,<=50K
28,137898,9,0,0,35,Private,HS-grad,Divorced,Adm-clerical,Not-in-family,White,Female,United-States,<=50K
49,403112,9,0,0,32,Private,HS-grad,Divorced,Other-service,Unmarried,Black,Female,United-States,<=50K
45,148171,11,15024,0,40,Private,Assoc-voc,Married-civ-spouse,Craft-repair,Husband,White,Male,United-States,>50K
26,397317,14,0,1876,40,Private,Masters,Never-married,Prof-specialty,Not-in-family,White,Female,United-States,<=50K
26,174921,13,0,0,40,Private,Bachelors,Never-married,Sales,Not-in-family,White,Female,United-States,<=50K
45,125194,7,0,0,40,Private,11th,Never-married,Machine-op-inspct,Not-in-family,Black,Female,United-States,<=50K
22,200593,10,0,0,40,Private,Some-college,Never-married,Sales,Own-child,White,Male,United-States,<=50K
32,198068,7,0,0,40,Private,11th,Never-married,Transport-moving,Own-child,White,Male,United-States,<=50K
46,268022,13,0,0,40,Private,Bachelors,Married-civ-spouse,Sales,Husband,White,Male,United-States,>50K
18,41794,7,0,0,20,Private,11th,Never-married,Other-service,Own-child,White,Female,United-States,<=50K
57,548256,8,7688,0,40,Private,12th,Married-civ-spouse,Transport-moving,Husband,Black,Male,United-States,>50K
67,172756,2,2062,0,34,Private,1st-4th,Widowed,Machine-op-inspct,Not-in-family,White,Female,Ecuador,<=50K
46,150499,12,0,0,40,Private,Assoc-acdm,Married-civ-spouse,Craft-repair,Husband,White,Male,United-States,<=50K
39,19914,10,0,0,40,Private,Some-college,Divorced,Adm-clerical,Unmarried,Amer-Indian-Eskimo,Female,United-States,<=50K
63,100099,5,0,0,40,Private,9th,Married-civ-spouse,Transport-moving,Husband,White,Male,United-States,<=50K
20,229414,9,0,0,30,Private,HS-grad,Never-married,Machine-op-inspct,Own-child,White,Female,United-States,<=50K
49,32212,9,0,0,43,Private,HS-grad,Married-civ-spouse,Exec-managerial,Wife,White,Female,United-States,<=50K
43,108945,10,0,0,38,Private,Some-college,Divorced,Prof-specialty,Unmarried,White,Female,United-States,<=50K
24,140001,13,0,0,40,Private,Bachelors,Never-married,Adm-clerical,Not-in-family,White,Male,United-States,<=50K
19,46400,10,0,0,32,MISSING,Some-college,Never-married,MISSING,Not-in-family,White,Female,United-States,<=50K
57,116878,2,0,0,40,Private,1st-4th,Married-civ-spouse,Handlers-cleaners,Husband,White,Male,Italy,<=50K
29,179681,9,0,0,37,Local-gov,HS-grad,Never-married,Transport-moving,Own-child,White,Female,United-States,<=50K
24,228424,9,0,0,40,Private,HS-grad,Never-married,Handlers-cleaners,Other-relative,Black,Male,United-States,<=50K
50,34067,11,0,0,50,Private,Assoc-voc,Married-civ-spouse,Exec-managerial,Husband,White,Male,United-States,>50K
66,298834,10,0,0,40,Private,Some-college,Married-civ-spouse,Protective-serv,Husband,White,Male,Canada,<=50K
67,236627,13,0,0,2,Private,Bachelors,Married-civ-spouse,Prof-specialty,Husband,White,Male,United-States,<=50K
30,352542,13,0,0,40,Local-gov,Bachelors,Divorced,Prof-specialty,Unmarried,White,Female,United-States,<=50K
50,175070,15,0,0,45,Self-emp-inc,Prof-school,Married-civ-spouse,Prof-specialty,Husband,White,Male,United-States,>50K
59,245196,6,0,0,40,Private,10th,Married-civ-spouse,Transport-moving,Husband,Black,Male,United-States,>50K
34,321709,12,0,0,25,Self-emp-not-inc,Assoc-acdm,Never-married,Prof-specialty,Not-in-family,White,Female,United-States,<=50K
45,214627,16,15020,0,40,Private,Doctorate,Widowed,Prof-specialty,Unmarried,White,Male,Iran,>50K
24,161638,9,0,0,40,Private,HS-grad,Married-civ-spouse,Machine-op-inspct,Not-in-family,White,Female,Ecuador,<=50K
50,30653,14,2407,0,98,Self-emp-not-inc,Masters,Married-civ-spouse,Farming-fishing,Husband,White,Male,United-States,<=50K
50,35224,9,0,0,40,Private,HS-grad,Married-civ-spouse,Craft-repair,Husband,White,Male,United-States,<=50K
20,108887,9,0,0,40,Private,HS-grad,Never-married,Machine-op-inspct,Own-child,White,Female,United-States,<=50K
33,40681,12,0,0,40,Private,Assoc-acdm,Never-married,Adm-clerical,Not-in-family,White,Female,United-States,<=50K
23,65038,9,0,0,40,Private,HS-grad,Never-married,Sales,Own-child,White,Male,United-States,<=50K
69,200560,13,0,0,20,Private,Bachelors,Married-civ-spouse,Handlers-cleaners,Husband,White,Male,United-States,<=50K
18,212936,10,0,0,15,Private,Some-college,Never-married,Other-service,Own-child,White,Male,United-States,<=50K
46,202560,10,0,0,40,Private,Some-college,Married-civ-spouse,Adm-clerical,Wife,White,Female,United-States,>50K
54,257765,4,0,0,40,Private,7th-8th,Divorced,Machine-op-inspct,Not-in-family,White,Male,Guatemala,<=50K
31,350651,8,0,0,40,State-gov,12th,Married-civ-spouse,Tech-support,Wife,White,Female,United-States,>50K
66,236784,13,0,0,8,Private,Bachelors,Divorced,Prof-specialty,Unmarried,White,Female,Cuba,<=50K
35,198841,15,0,0,50,Self-emp-not-inc,Prof-school,Married-civ-spouse,Prof-specialty,Husband,White,Male,United-States,>50K
63,231105,10,0,0,35,Self-emp-not-inc,Some-college,Married-civ-spouse,Machine-op-inspct,Husband,White,Male,United-States,>50K
34,232475,10,0,0,50,Private,Some-college,Divorced,Exec-managerial,Not-in-family,White,Male,United-States,<=50K
54,256908,13,0,0,25,Private,Bachelors,Married-civ-spouse,Tech-support,Husband,White,Male,United-States,>50K
57,24384,4,0,0,10,Private,7th-8th,Widowed,Other-service,Not-in-family,White,Female,United-States,<=50K
48,167749,9,0,0,40,Federal-gov,HS-grad,Married-civ-spouse,Adm-clerical,Wife,White,Female,United-States,>50K
30,176175,11,0,0,24,Private,Assoc-voc,Divorced,Adm-clerical,Unmarried,White,Female,United-States,<=50K
47,61885,13,0,0,40,Self-emp-not-inc,Bachelors,Married-civ-spouse,Sales,Husband,White,Male,United-States,>50K
19,188618,10,0,0,25,MISSING,Some-college,Never-married,MISSING,Own-child,White,Female,United-States,<=50K
50,138852,14,15024,0,50,Private,Masters,Married-civ-spouse,Exec-managerial,Husband,White,Male,United-States,>50K
55,147989,10,5013,0,52,Private,Some-college,Married-civ-spouse,Craft-repair,Husband,White,Male,United-States,<=50K
55,184882,11,5178,0,50,Private,Assoc-voc,Married-civ-spouse,Transport-moving,Husband,White,Male,United-States,>50K
22,122272,13,0,0,35,Private,Bachelors,Never-married,Adm-clerical,Own-child,White,Female,United-States,<=50K
64,301383,12,9386,0,45,Federal-gov,Assoc-acdm,Married-civ-spouse,Exec-managerial,Husband,White,Male,United-States,>50K
20,470875,9,0,0,32,Private,HS-grad,Married-civ-spouse,Sales,Own-child,Black,Male,United-States,<=50K
34,101345,9,0,0,40,Private,HS-grad,Married-civ-spouse,Other-service,Wife,White,Female,United-States,>50K
27,136448,13,0,0,40,Private,Bachelors,Never-married,Adm-clerical,Not-in-family,Black,Female,United-States,<=50K
30,141297,13,0,0,40,State-gov,Bachelors,Married-civ-spouse,Prof-specialty,Husband,Asian-Pac-Islander,Male,India,>50K
48,193553,9,0,0,20,Private,HS-grad,Divorced,Other-service,Not-in-family,Black,Female,United-States,<=50K
56,157486,6,0,0,40,Self-emp-not-inc,10th,Divorced,Sales,Own-child,White,Male,United-States,<=50K
34,160216,13,0,0,55,Private,Bachelors,Never-married,Exec-managerial,Not-in-family,White,Female,United-States,>50K
24,29302,10,0,0,40,Private,Some-college,Never-married,Other-service,Own-child,White,Female,MISSING,<=50K
35,63509,11,0,0,50,Private,Assoc-voc,Married-civ-spouse,Craft-repair,Husband,White,Male,United-States,<=50K
39,243409,9,0,0,60,Private,HS-grad,Married-civ-spouse,Exec-managerial,Husband,White,Male,United-States,>50K
36,300829,12,0,0,42,Private,Assoc-acdm,Divorced,Adm-clerical,Unmarried,White,Female,United-States,<=50K
54,378747,6,0,0,45,Private,10th,Separated,Transport-moving,Unmarried,Black,Male,United-States,>50K
64,388594,15,15024,0,45,Federal-gov,Prof-school,Married-civ-spouse,Prof-specialty,Husband,White,Male,MISSING,>50K
24,341294,9,0,0,40,Private,HS-grad,Married-civ-spouse,Machine-op-inspct,Husband,White,Male,United-States,<=50K
35,194960,9,0,0,40,Private,HS-grad,Never-married,Farming-fishing,Not-in-family,Other,Male,Puerto-Rico,<=50K
38,153066,14,0,0,45,Private,Masters,Divorced,Exec-managerial,Not-in-family,White,Male,United-States,>50K
27,169662,13,0,0,42,Private,Bachelors,Married-civ-spouse,Prof-specialty,Husband,White,Male,United-States,>50K
28,176683,13,5178,0,50,Private,Bachelors,Married-civ-spouse,Exec-managerial,Husband,White,Male,United-States,>50K
19,252862,11,0,0,40,Private,Assoc-voc,Never-married,Prof-specialty,Own-child,White,Female,United-States,<=50K
32,61898,7,0,0,15,Private,11th,Divorced,Other-service,Unmarried,White,Female,United-States,<=50K
48,180695,10,0,0,38,Private,Some-college,Divorced,Exec-managerial,Not-in-family,White,Female,United-States,<=50K
45,265083,3,0,0,35,Private,5th-6th,Divorced,Priv-house-serv,Unmarried,White,Female,Mexico,<=50K
37,188069,10,0,0,40,Federal-gov,Some-college,Married-civ-spouse,Adm-clerical,Husband,White,Male,Philippines,>50K
36,181589,13,0,0,32,Private,Bachelors,Never-married,Adm-clerical,Not-in-family,White,Female,Columbia,<=50K
41,114967,11,0,0,40,Self-emp-inc,Assoc-voc,Married-civ-spouse,Exec-managerial,Husband,Black,Male,United-States,>50K
36,107302,9,0,0,50,Private,HS-grad,Married-civ-spouse,Tech-support,Husband,White,Male,United-States,<=50K
19,124651,7,0,0,25,MISSING,11th,Never-married,MISSING,Own-child,Black,Male,United-States,<=50K
36,195385,9,0,0,40,Private,HS-grad,Married-civ-spouse,Transport-moving,Husband,Amer-Indian-Eskimo,Male,United-States,<=50K
48,167009,10,0,0,48,Private,Some-college,Divorced,Adm-clerical,Not-in-family,White,Female,United-States,<=50K
46,211226,12,0,0,36,Private,Assoc-acdm,Married-civ-spouse,Transport-moving,Husband,Other,Male,United-States,<=50K
36,110791,12,0,0,40,Local-gov,Assoc-acdm,Separated,Adm-clerical,Unmarried,White,Female,United-States,<=50K
25,117833,13,0,0,35,Local-gov,Bachelors,Never-married,Prof-specialty,Not-in-family,White,Female,United-States,<=50K
36,177285,11,0,0,38,Private,Assoc-voc,Never-married,Prof-specialty,Unmarried,Black,Female,United-States,<=50K
78,182977,9,2964,0,40,Private,HS-grad,Widowed,Other-service,Not-in-family,Black,Female,United-States,<=50K
43,199191,10,0,0,50,Private,Some-college,Never-married,Adm-clerical,Not-in-family,White,Female,United-States,<=50K
50,221336,10,0,0,40,Self-emp-not-inc,Some-college,Divorced,Exec-managerial,Unmarried,Asian-Pac-Islander,Female,MISSING,<=50K
28,105817,7,0,0,50,Private,11th,Married-civ-spouse,Exec-managerial,Husband,White,Male,United-States,>50K
58,261230,10,0,0,40,Self-emp-not-inc,Some-college,Divorced,Prof-specialty,Not-in-family,White,Female,United-States,<=50K
37,143058,10,0,0,40,Private,Some-college,Married-civ-spouse,Craft-repair,Husband,White,Male,United-States,<=50K
43,174491,9,0,0,40,Local-gov,HS-grad,Divorced,Tech-support,Not-in-family,Black,Female,United-States,<=50K
42,214838,9,0,0,30,Federal-gov,HS-grad,Married-civ-spouse,Tech-support,Husband,White,Male,United-States,>50K
64,244903,7,0,0,40,Local-gov,11th,Married-civ-spouse,Craft-repair,Husband,Black,Male,United-States,>50K
25,236564,9,0,0,40,Private,HS-grad,Never-married,Adm-clerical,Not-in-family,White,Male,United-States,<=50K
45,190482,11,0,0,76,Private,Assoc-voc,Married-civ-spouse,Craft-repair,Husband,White,Male,United-States,<=50K
28,190836,9,3411,0,40,Private,HS-grad,Married-civ-spouse,Craft-repair,Husband,White,Male,United-States,<=50K
30,187279,9,0,0,44,Private,HS-grad,Married-civ-spouse,Handlers-cleaners,Husband,White,Male,United-States,<=50K
27,96226,9,0,0,70,Private,HS-grad,Married-civ-spouse,Craft-repair,Husband,White,Male,United-States,<=50K
20,182342,10,0,0,40,Private,Some-college,Never-married,Farming-fishing,Own-child,White,Male,United-States,<=50K
59,170411,4,0,0,40,Self-emp-not-inc,7th-8th,Married-civ-spouse,Transport-moving,Husband,White,Male,United-States,<=50K
32,430175,9,0,0,50,Private,HS-grad,Divorced,Craft-repair,Other-relative,Black,Female,United-States,<=50K
56,32604,10,0,0,40,MISSING,Some-college,Never-married,MISSING,Not-in-family,Black,Female,United-States,<=50K
37,99452,10,0,0,55,Self-emp-inc,Some-college,Married-civ-spouse,Transport-moving,Husband,White,Male,United-States,>50K
41,253759,9,0,0,40,Private,HS-grad,Never-married,Sales,Unmarried,Black,Female,United-States,<=50K
52,176134,9,0,0,48,Private,HS-grad,Married-civ-spouse,Machine-op-inspct,Husband,Black,Male,United-States,<=50K
32,73621,10,0,0,42,Private,Some-college,Divorced,Exec-managerial,Unmarried,White,Female,United-States,<=50K
50,192203,7,0,0,40,Private,11th,Married-civ-spouse,Transport-moving,Husband,White,Male,United-States,<=50K
37,61299,10,0,0,45,Private,Some-college,Married-civ-spouse,Craft-repair,Husband,White,Male,United-States,<=50K
47,51835,15,0,1902,60,Private,Prof-school,Married-civ-spouse,Prof-specialty,Wife,White,Female,Honduras,>50K
33,174171,10,0,0,12,State-gov,Some-college,Separated,Tech-support,Not-in-family,White,Male,United-States,<=50K
28,248911,10,0,0,40,Private,Some-college,Never-married,Exec-managerial,Own-child,White,Female,MISSING,<=50K
28,190350,5,0,0,40,Private,9th,Married-civ-spouse,Protective-serv,Wife,Black,Female,United-States,<=50K
18,128538,7,0,0,25,Private,11th,Never-married,Sales,Own-child,White,Female,United-States,<=50K
44,57233,10,0,0,45,Private,Some-college,Married-civ-spouse,Prof-specialty,Husband,White,Male,United-States,<=50K
47,102308,13,0,0,50,Private,Bachelors,Married-civ-spouse,Prof-specialty,Husband,White,Male,United-States,>50K
57,69884,9,0,0,40,Private,HS-grad,Married-civ-spouse,Sales,Husband,White,Male,United-States,>50K
63,298113,10,0,0,40,Private,Some-college,Divorced,Other-service,Not-in-family,White,Male,United-States,<=50K
45,205424,13,0,0,40,Private,Bachelors,Never-married,Prof-specialty,Not-in-family,White,Male,United-States,>50K
24,187937,13,0,0,40,Private,Bachelors,Never-married,Prof-specialty,Unmarried,White,Female,United-States,<=50K
22,83704,10,0,0,30,Private,Some-college,Never-married,Adm-clerical,Own-child,White,Male,United-States,<=50K
32,193042,15,15024,0,60,Private,Prof-school,Married-civ-spouse,Sales,Husband,White,Male,United-States,>50K
56,182460,9,0,0,40,Private,HS-grad,Married-civ-spouse,Handlers-cleaners,Husband,White,Male,United-States,>50K
29,54131,10,0,0,30,Private,Some-college,Never-married,Sales,Not-in-family,White,Male,United-States,<=50K
50,289207,16,0,1902,45,State-gov,Doctorate,Married-civ-spouse,Prof-specialty,Husband,White,Male,United-States,>50K
52,31838,9,0,0,40,Federal-gov,HS-grad,Divorced,Adm-clerical,Unmarried,White,Female,United-States,<=50K
29,116613,13,0,0,40,Private,Bachelors,Never-married,Adm-clerical,Own-child,White,Female,Portugal,<=50K
38,423616,11,0,0,36,Private,Assoc-voc,Married-civ-spouse,Tech-support,Wife,White,Female,United-States,>50K
37,183800,13,7688,0,50,Private,Bachelors,Married-civ-spouse,Prof-specialty,Husband,White,Male,United-States,>50K
41,280167,14,15024,0,70,Private,Masters,Married-civ-spouse,Exec-managerial,Husband,White,Male,United-States,>50K
61,183355,7,0,0,40,Private,11th,Married-civ-spouse,Transport-moving,Husband,White,Male,United-States,<=50K
51,110458,13,0,0,40,Private,Bachelors,Separated,Prof-specialty,Not-in-family,White,Male,United-States,<=50K
35,38948,10,0,0,50,Local-gov,Some-college,Married-civ-spouse,Protective-serv,Husband,White,Male,United-States,<=50K
41,214242,13,0,1887,40,Private,Bachelors,Married-civ-spouse,Prof-specialty,Husband,White,Male,United-States,>50K
76,169133,10,0,0,30,Local-gov,Some-college,Widowed,Adm-clerical,Not-in-family,White,Female,United-States,<=50K
40,98985,9,0,0,50,Self-emp-not-inc,HS-grad,Divorced,Exec-managerial,Not-in-family,Black,Male,United-States,<=50K
47,224149,13,0,0,40,State-gov,Bachelors,Divorced,Exec-managerial,Not-in-family,White,Female,United-States,>50K
30,147430,9,0,0,40,Private,HS-grad,Married-spouse-absent,Adm-clerical,Not-in-family,White,Female,United-States,<=50K
19,63574,10,0,0,50,MISSING,Some-college,Never-married,MISSING,Own-child,White,Male,United-States,<=50K
19,170720,8,0,0,16,Private,12th,Never-married,Other-service,Own-child,White,Male,United-States,<=50K
30,126414,13,0,0,40,State-gov,Bachelors,Married-spouse-absent,Adm-clerical,Not-in-family,White,Male,United-States,<=50K
45,288437,9,4064,0,40,Private,HS-grad,Married-civ-spouse,Transport-moving,Husband,Other,Male,United-States,<=50K
34,173524,9,0,0,40,Private,HS-grad,Separated,Adm-clerical,Unmarried,White,Female,United-States,<=50K
23,200973,9,0,0,40,Private,HS-grad,Never-married,Adm-clerical,Own-child,White,Female,United-States,<=50K
55,254627,9,0,0,40,Private,HS-grad,Married-civ-spouse,Other-service,Husband,White,Male,United-States,<=50K
29,85572,7,0,0,5,Self-emp-not-inc,11th,Married-civ-spouse,Other-service,Wife,White,Female,United-States,<=50K
21,301694,9,0,0,35,Private,HS-grad,Never-married,Craft-repair,Not-in-family,White,Male,Mexico,<=50K
39,301568,10,0,0,40,Private,Some-college,Divorced,Sales,Unmarried,White,Female,United-States,<=50K
47,171807,9,0,0,45,Private,HS-grad,Divorced,Sales,Unmarried,White,Female,United-States,<=50K
33,355856,12,0,0,60,Private,Assoc-acdm,Married-civ-spouse,Sales,Husband,Asian-Pac-Islander,Male,United-States,<=50K
45,243631,16,0,0,45,Private,Doctorate,Married-civ-spouse,Prof-specialty,Husband,Asian-Pac-Islander,Male,China,>50K
29,169544,9,5178,0,40,Self-emp-not-inc,HS-grad,Married-civ-spouse,Transport-moving,Husband,White,Male,United-States,>50K
35,103260,14,0,0,35,Local-gov,Masters,Married-civ-spouse,Prof-specialty,Wife,White,Female,United-States,>50K
27,198813,9,0,0,40,Private,HS-grad,Divorced,Adm-clerical,Own-child,Black,Female,United-States,<=50K
52,30118,10,3137,0,42,Local-gov,Some-college,Married-civ-spouse,Protective-serv,Husband,White,Male,United-States,<=50K
33,199227,13,0,0,55,Private,Bachelors,Married-civ-spouse,Exec-managerial,Husband,White,Male,United-States,>50K
33,69748,9,0,0,40,Private,HS-grad,Married-civ-spouse,Exec-managerial,Wife,White,Female,United-States,<=50K
36,172129,5,0,0,40,Private,9th,Married-civ-spouse,Handlers-cleaners,Husband,White,Male,United-States,<=50K
52,168381,9,0,0,40,Private,HS-grad,Widowed,Other-service,Unmarried,Asian-Pac-Islander,Female,India,>50K
61,43554,3,0,2339,40,Private,5th-6th,Never-married,Handlers-cleaners,Not-in-family,Black,Male,United-States,<=50K
24,314182,9,0,0,50,Private,HS-grad,Never-married,Transport-moving,Not-in-family,White,Female,United-States,<=50K
49,121238,10,0,0,40,Self-emp-not-inc,Some-college,Never-married,Craft-repair,Unmarried,White,Male,United-States,<=50K
45,191914,9,0,0,55,Private,HS-grad,Divorced,Transport-moving,Unmarried,White,Female,United-States,<=50K
48,155664,9,7688,0,70,Private,HS-grad,Married-civ-spouse,Craft-repair,Husband,White,Male,United-States,>50K
69,141181,3,1797,0,40,Private,5th-6th,Married-civ-spouse,Adm-clerical,Husband,White,Male,United-States,<=50K
23,163665,10,0,0,15,Private,Some-college,Never-married,Sales,Own-child,White,Female,United-States,<=50K
45,67716,10,0,0,60,Self-emp-not-inc,Some-college,Married-civ-spouse,Exec-managerial,Husband,White,Male,United-States,<=50K
53,48413,9,0,0,40,Private,HS-grad,Married-civ-spouse,Craft-repair,Husband,White,Male,United-States,<=50K
33,618191,9,0,0,40,Private,HS-grad,Never-married,Exec-managerial,Not-in-family,White,Female,United-States,<=50K
31,154227,9,0,0,43,Private,HS-grad,Married-civ-spouse,Craft-repair,Husband,White,Male,United-States,>50K
20,266400,10,0,0,48,Private,Some-college,Never-married,Prof-specialty,Own-child,White,Female,United-States,<=50K
21,232577,11,0,0,30,Private,Assoc-voc,Never-married,Tech-support,Own-child,White,Female,United-States,<=50K
35,217605,9,0,0,40,Private,HS-grad,Married-civ-spouse,Handlers-cleaners,Wife,White,Female,United-States,<=50K
19,62534,13,0,0,40,MISSING,Bachelors,Never-married,MISSING,Own-child,Black,Female,Jamaica,<=50K
64,100722,13,0,0,5,Self-emp-not-inc,Bachelors,Married-civ-spouse,Adm-clerical,Husband,White,Male,United-States,<=50K
19,570002,10,0,0,25,Private,Some-college,Never-married,Sales,Own-child,White,Female,United-States,<=50K
61,355645,5,0,0,20,Private,9th,Married-civ-spouse,Machine-op-inspct,Husband,Black,Male,Trinadad&Tobago,<=50K
37,208391,10,0,0,40,Private,Some-college,Married-civ-spouse,Transport-moving,Husband,White,Male,United-States,>50K
43,69333,9,0,0,48,Private,HS-grad,Married-civ-spouse,Machine-op-inspct,Husband,White,Male,United-States,<=50K
54,91506,10,0,0,65,Self-emp-not-inc,Some-college,Married-civ-spouse,Sales,Husband,White,Male,United-States,<=50K
51,355551,9,0,0,45,Private,HS-grad,Never-married,Craft-repair,Unmarried,White,Female,Mexico,<=50K
30,44566,13,0,0,40,Local-gov,Bachelors,Married-civ-spouse,Prof-specialty,Husband,White,Male,United-States,<=50K
52,363405,9,0,0,40,Private,HS-grad,Separated,Adm-clerical,Other-relative,White,Female,United-States,<=50K
24,410439,10,0,0,15,Private,Some-college,Never-married,Craft-repair,Own-child,White,Male,United-States,<=50K
37,295127,10,0,0,47,Private,Some-college,Divorced,Other-service,Not-in-family,White,Male,United-States,<=50K
80,249983,4,0,0,24,Private,7th-8th,Widowed,Other-service,Not-in-family,White,Female,United-States,<=50K
18,88642,10,0,0,15,Private,Some-college,Never-married,Sales,Own-child,White,Male,United-States,<=50K
41,206878,9,0,0,32,Private,HS-grad,Divorced,Other-service,Unmarried,White,Female,United-States,<=50K
36,88967,7,0,0,65,Private,11th,Never-married,Transport-moving,Unmarried,Amer-Indian-Eskimo,Male,United-States,<=50K
78,363134,9,0,0,1,MISSING,HS-grad,Widowed,MISSING,Not-in-family,White,Female,United-States,<=50K
28,201861,10,0,0,45,Private,Some-college,Married-civ-spouse,Machine-op-inspct,Husband,White,Male,United-States,<=50K
21,212780,8,0,0,20,Local-gov,12th,Never-married,Handlers-cleaners,Unmarried,Black,Female,United-States,<=50K
32,48458,9,0,1669,45,Private,HS-grad,Never-married,Sales,Own-child,Black,Female,United-States,<=50K
31,176711,9,0,0,38,Private,HS-grad,Married-civ-spouse,Transport-moving,Husband,White,Male,United-States,<=50K
44,187584,9,0,0,40,Private,HS-grad,Married-civ-spouse,Protective-serv,Husband,White,Male,Canada,<=50K
29,107411,15,0,0,70,Local-gov,Prof-school,Never-married,Prof-specialty,Not-in-family,White,Female,United-States,<=50K
38,108907,9,0,0,40,Private,HS-grad,Divorced,Machine-op-inspct,Unmarried,White,Male,MISSING,<=50K
31,187901,10,0,1504,40,Private,Some-college,Never-married,Sales,Not-in-family,White,Female,United-States,<=50K
42,106698,10,0,0,32,Private,Some-college,Divorced,Other-service,Unmarried,White,Female,United-States,<=50K
35,205338,9,0,0,40,Private,HS-grad,Married-civ-spouse,Craft-repair,Husband,White,Male,United-States,<=50K
46,208872,11,0,0,40,Private,Assoc-voc,Married-civ-spouse,Prof-specialty,Husband,White,Male,United-States,>50K
40,126868,9,0,0,40,Private,HS-grad,Divorced,Machine-op-inspct,Not-in-family,Black,Male,United-States,<=50K
47,144844,9,0,0,40,Private,HS-grad,Married-civ-spouse,Craft-repair,Husband,White,Male,United-States,<=50K
28,169631,12,0,0,3,MISSING,Assoc-acdm,Married-AF-spouse,MISSING,Wife,White,Female,United-States,<=50K
24,106085,9,0,1721,30,Private,HS-grad,Never-married,Other-service,Own-child,Black,Male,United-States,<=50K
31,159737,9,0,0,58,Private,HS-grad,Never-married,Sales,Unmarried,Black,Female,United-States,<=50K
34,177733,5,0,0,35,Private,9th,Separated,Machine-op-inspct,Unmarried,White,Female,Dominican-Republic,<=50K
20,388811,10,0,0,40,MISSING,Some-college,Never-married,MISSING,Own-child,White,Female,United-States,<=50K
49,208872,9,0,1672,98,Self-emp-not-inc,HS-grad,Married-civ-spouse,Farming-fishing,Husband,White,Male,United-States,<=50K
33,144064,13,0,0,50,Private,Bachelors,Married-civ-spouse,Exec-managerial,Husband,White,Male,United-States,<=50K
22,263670,9,0,0,80,Private,HS-grad,Never-married,Other-service,Own-child,Black,Male,United-States,<=50K
29,203797,10,0,0,40,Private,Some-college,Married-civ-spouse,Exec-managerial,Husband,Black,Male,United-States,<=50K
21,252253,10,0,0,40,Private,Some-college,Never-married,Adm-clerical,Unmarried,Black,Female,United-States,<=50K
22,471452,13,0,0,8,Federal-gov,Bachelors,Never-married,Tech-support,Own-child,White,Male,United-States,<=50K
34,213887,10,0,0,40,Private,Some-college,Married-civ-spouse,Craft-repair,Husband,White,Male,United-States,<=50K
23,396099,9,0,0,25,Private,HS-grad,Never-married,Other-service,Not-in-family,White,Female,United-States,<=50K
34,202450,9,0,0,50,Self-emp-inc,HS-grad,Married-civ-spouse,Craft-repair,Husband,White,Male,United-States,<=50K
52,154521,9,0,0,44,Federal-gov,HS-grad,Married-civ-spouse,Adm-clerical,Husband,White,Male,United-States,>50K
30,131568,13,0,0,40,Local-gov,Bachelors,Married-civ-spouse,Prof-specialty,Husband,White,Male,United-States,>50K
32,199963,7,0,0,40,Private,11th,Married-civ-spouse,Machine-op-inspct,Wife,White,Female,United-States,<=50K
20,334633,9,0,0,40,Private,HS-grad,Divorced,Adm-clerical,Not-in-family,White,Female,United-States,<=50K
29,134331,6,0,0,40,Private,10th,Married-civ-spouse,Craft-repair,Husband,White,Male,United-States,<=50K
59,105592,10,0,0,12,Private,Some-college,Married-civ-spouse,Exec-managerial,Husband,White,Male,United-States,<=50K
52,99185,9,7298,0,50,Private,HS-grad,Married-civ-spouse,Sales,Husband,White,Male,United-States,>50K
25,295919,12,0,0,40,Private,Assoc-acdm,Never-married,Adm-clerical,Unmarried,White,Female,United-States,<=50K
51,441637,9,0,0,40,Private,HS-grad,Married-civ-spouse,Tech-support,Husband,White,Male,United-States,<=50K
23,205865,13,0,0,28,Private,Bachelors,Never-married,Exec-managerial,Own-child,White,Male,United-States,<=50K
33,203488,10,0,0,40,Private,Some-college,Divorced,Sales,Not-in-family,White,Male,United-States,<=50K
49,452402,10,0,0,60,Private,Some-college,Separated,Exec-managerial,Unmarried,Black,Female,United-States,<=50K
34,34572,9,0,0,60,Private,HS-grad,Never-married,Handlers-cleaners,Not-in-family,White,Male,United-States,<=50K
22,117747,10,0,0,40,Private,Some-college,Never-married,Craft-repair,Other-relative,Asian-Pac-Islander,Female,Vietnam,<=50K
35,102938,9,0,0,40,Local-gov,HS-grad,Married-civ-spouse,Other-service,Husband,White,Male,United-States,<=50K
26,202203,3,0,0,40,Private,5th-6th,Never-married,Adm-clerical,Own-child,White,Female,Mexico,<=50K
46,35406,4,0,0,32,Private,7th-8th,Separated,Other-service,Not-in-family,White,Female,United-States,<=50K
19,178147,9,0,0,35,Private,HS-grad,Never-married,Sales,Own-child,White,Male,United-States,<=50K
37,252939,11,5455,0,40,State-gov,Assoc-voc,Never-married,Prof-specialty,Unmarried,Black,Female,United-States,<=50K
59,291529,6,0,0,52,Private,10th,Widowed,Machine-op-inspct,Not-in-family,White,Male,United-States,<=50K
36,359001,10,0,0,48,Local-gov,Some-college,Married-civ-spouse,Protective-serv,Husband,White,Male,United-States,<=50K
26,205428,10,0,0,45,Private,Some-college,Married-civ-spouse,Sales,Husband,White,Male,United-States,<=50K
70,172370,15,0,0,25,Self-emp-not-inc,Prof-school,Married-civ-spouse,Prof-specialty,Husband,White,Male,United-States,<=50K
23,314819,9,0,0,40,Local-gov,HS-grad,Never-married,Transport-moving,Own-child,White,Male,United-States,<=50K
39,86643,10,0,0,50,Private,Some-college,Never-married,Craft-repair,Not-in-family,White,Male,United-States,<=50K
50,186888,9,0,0,40,Local-gov,HS-grad,Married-civ-spouse,Exec-managerial,Wife,Black,Female,United-States,>50K
23,53245,5,0,0,40,Private,9th,Separated,Other-service,Not-in-family,White,Male,United-States,<=50K
69,229418,9,0,0,40,Private,HS-grad,Married-civ-spouse,Transport-moving,Husband,White,Male,United-States,<=50K
28,127491,9,5721,0,40,Local-gov,HS-grad,Separated,Adm-clerical,Not-in-family,White,Female,United-States,<=50K
38,89202,10,0,0,40,Self-emp-not-inc,Some-college,Divorced,Craft-repair,Not-in-family,White,Male,United-States,<=50K
45,123088,9,0,0,50,Self-emp-not-inc,HS-grad,Married-civ-spouse,Craft-repair,Husband,White,Male,United-States,<=50K
64,342494,9,0,0,40,Private,HS-grad,Married-civ-spouse,Machine-op-inspct,Husband,White,Male,United-States,<=50K
41,174189,5,0,0,40,Private,9th,Separated,Other-service,Not-in-family,White,Male,United-States,<=50K
33,177828,9,0,0,50,Self-emp-not-inc,HS-grad,Divorced,Craft-repair,Not-in-family,White,Male,United-States,<=50K
26,39014,8,0,0,40,Private,12th,Married-civ-spouse,Priv-house-serv,Wife,Other,Female,Dominican-Republic,<=50K
49,110373,10,0,0,40,Federal-gov,Some-college,Married-civ-spouse,Tech-support,Husband,White,Male,United-States,>50K
34,181087,11,0,0,45,Self-emp-not-inc,Assoc-voc,Married-civ-spouse,Craft-repair,Husband,White,Male,United-States,<=50K
57,217886,9,0,0,36,Private,HS-grad,Widowed,Adm-clerical,Not-in-family,White,Female,United-States,<=50K
45,242552,8,0,0,35,Self-emp-not-inc,12th,Divorced,Craft-repair,Other-relative,Black,Male,United-States,<=50K
33,199539,9,0,0,65,Self-emp-not-inc,HS-grad,Married-civ-spouse,Transport-moving,Husband,White,Male,United-States,<=50K
44,336906,10,0,0,40,Private,Some-college,Divorced,Adm-clerical,Unmarried,White,Female,United-States,<=50K
54,103580,12,0,0,55,Private,Assoc-acdm,Divorced,Exec-managerial,Unmarried,White,Female,United-States,>50K
48,398843,10,0,0,35,Private,Some-college,Separated,Sales,Unmarried,Black,Female,United-States,<=50K
32,180296,10,0,0,40,Private,Some-college,Divorced,Adm-clerical,Unmarried,White,Female,United-States,<=50K
33,40681,10,3674,0,16,Private,Some-college,Never-married,Prof-specialty,Not-in-family,White,Female,United-States,<=50K
47,128796,9,0,0,40,Private,HS-grad,Married-civ-spouse,Craft-repair,Husband,White,Male,United-States,>50K
29,181466,9,0,0,35,Self-emp-not-inc,HS-grad,Married-civ-spouse,Sales,Husband,White,Male,United-States,<=50K
38,204668,11,0,0,25,MISSING,Assoc-voc,Separated,MISSING,Unmarried,White,Female,United-States,<=50K
30,19302,10,0,0,48,Private,Some-college,Never-married,Adm-clerical,Not-in-family,White,Male,United-States,<=50K
59,147989,9,0,0,35,MISSING,HS-grad,Widowed,MISSING,Not-in-family,White,Female,United-States,<=50K
46,195833,13,0,0,50,Private,Bachelors,Married-civ-spouse,Transport-moving,Husband,White,Male,MISSING,<=50K
49,56841,13,0,0,70,Self-emp-not-inc,Bachelors,Married-civ-spouse,Farming-fishing,Husband,White,Male,United-States,<=50K
53,137815,10,0,0,40,Self-emp-inc,Some-college,Widowed,Exec-managerial,Not-in-family,White,Male,United-States,>50K
38,186359,10,0,0,40,Private,Some-college,Married-civ-spouse,Exec-managerial,Husband,White,Male,United-States,>50K
48,273828,3,0,0,40,Private,5th-6th,Never-married,Handlers-cleaners,Not-in-family,White,Male,Mexico,<=50K
55,296085,12,0,0,40,Local-gov,Assoc-acdm,Married-civ-spouse,Prof-specialty,Husband,Asian-Pac-Islander,Male,United-States,>50K
39,356838,9,0,0,12,Private,HS-grad,Never-married,Farming-fishing,Own-child,White,Male,United-States,<=50K
46,154405,9,0,0,40,Private,HS-grad,Married-civ-spouse,Handlers-cleaners,Husband,Black,Male,United-States,<=50K
21,116788,9,0,0,40,Private,HS-grad,Never-married,Craft-repair,Own-child,White,Male,United-States,<=50K
48,149210,13,0,0,40,Private,Bachelors,Divorced,Sales,Not-in-family,Black,Male,United-States,>50K
26,293984,6,0,0,40,Private,10th,Married-civ-spouse,Craft-repair,Own-child,Black,Male,United-States,<=50K
48,130812,9,0,0,40,Private,HS-grad,Married-civ-spouse,Exec-managerial,Wife,White,Female,United-States,<=50K
43,183096,10,0,0,10,Private,Some-college,Separated,Sales,Unmarried,White,Female,United-States,<=50K
25,289980,9,0,0,35,Private,HS-grad,Never-married,Handlers-cleaners,Not-in-family,White,Male,United-States,<=50K
34,331126,9,0,0,30,Private,HS-grad,Never-married,Other-service,Unmarried,Black,Male,United-States,<=50K
33,226629,10,0,0,35,Private,Some-college,Married-civ-spouse,Other-service,Wife,White,Female,United-States,<=50K
39,180667,9,0,0,40,Private,HS-grad,Never-married,Adm-clerical,Not-in-family,White,Male,United-States,<=50K
20,293091,7,0,0,60,Private,11th,Never-married,Transport-moving,Own-child,White,Male,United-States,<=50K
40,179717,13,0,1564,60,Private,Bachelors,Divorced,Sales,Not-in-family,White,Male,United-States,>50K
64,631947,6,0,0,40,Private,10th,Married-civ-spouse,Adm-clerical,Husband,White,Male,United-States,<=50K
42,318255,9,0,0,40,Private,HS-grad,Divorced,Adm-clerical,Unmarried,White,Female,United-States,<=50K
48,166634,13,7688,0,40,Federal-gov,Bachelors,Married-civ-spouse,Adm-clerical,Wife,White,Female,United-States,>50K
23,55215,13,0,0,55,Private,Bachelors,Never-married,Sales,Own-child,White,Male,United-States,<=50K
26,61603,3,0,0,40,Private,5th-6th,Married-civ-spouse,Handlers-cleaners,Husband,Other,Male,Mexico,<=50K
34,209213,13,0,0,15,Local-gov,Bachelors,Never-married,Prof-specialty,Other-relative,Black,Male,United-States,<=50K
35,172186,10,0,0,40,Private,Some-college,Separated,Craft-repair,Not-in-family,White,Male,United-States,<=50K
40,137421,9,0,0,60,Private,HS-grad,Married-civ-spouse,Transport-moving,Husband,Asian-Pac-Islander,Male,Trinadad&Tobago,<=50K
40,50093,14,0,0,20,State-gov,Masters,Divorced,Prof-specialty,Unmarried,White,Female,United-States,<=50K
54,93449,14,0,0,40,State-gov,Masters,Married-civ-spouse,Prof-specialty,Husband,Asian-Pac-Islander,Male,India,>50K
33,269604,3,0,0,40,Local-gov,5th-6th,Never-married,Other-service,Unmarried,Other,Female,El-Salvador,<=50K
31,292592,9,0,0,40,Private,HS-grad,Married-civ-spouse,Machine-op-inspct,Wife,White,Female,United-States,<=50K
45,170871,9,7298,0,60,Private,HS-grad,Married-civ-spouse,Craft-repair,Husband,White,Male,United-States,>50K
37,29054,11,0,0,84,Self-emp-not-inc,Assoc-voc,Never-married,Farming-fishing,Own-child,White,Male,United-States,<=50K
33,220430,13,0,0,70,Local-gov,Bachelors,Married-civ-spouse,Protective-serv,Husband,Black,Male,United-States,>50K
28,47783,10,0,0,30,Private,Some-college,Divorced,Other-service,Not-in-family,White,Female,United-States,<=50K
43,222971,3,0,0,40,Private,5th-6th,Never-married,Machine-op-inspct,Unmarried,White,Female,Mexico,<=50K
20,74631,10,0,0,50,Private,Some-college,Never-married,Sales,Not-in-family,White,Female,United-States,<=50K
30,184687,9,0,0,30,Private,HS-grad,Never-married,Prof-specialty,Own-child,White,Female,United-States,<=50K
43,153489,13,0,0,50,Private,Bachelors,Married-civ-spouse,Sales,Husband,White,Male,United-States,<=50K
48,158924,9,0,0,40,Private,HS-grad,Married-civ-spouse,Adm-clerical,Wife,White,Female,United-States,>50K
25,73289,9,0,0,40,Private,HS-grad,Never-married,Transport-moving,Own-child,White,Male,United-States,<=50K
29,183627,9,3137,0,48,Private,HS-grad,Married-civ-spouse,Machine-op-inspct,Husband,White,Male,Ireland,<=50K
21,273403,11,0,0,50,Private,Assoc-voc,Never-married,Other-service,Not-in-family,White,Female,United-States,<=50K
25,135568,5,0,0,40,Private,9th,Married-civ-spouse,Handlers-cleaners,Husband,White,Male,United-States,<=50K
75,184335,7,0,0,30,Self-emp-not-inc,11th,Married-civ-spouse,Exec-managerial,Husband,White,Male,United-States,<=50K
30,73514,13,0,0,45,Federal-gov,Bachelors,Never-married,Exec-managerial,Other-relative,Asian-Pac-Islander,Female,United-States,<=50K
44,150171,9,0,0,40,Local-gov,HS-grad,Divorced,Adm-clerical,Unmarried,White,Female,United-States,<=50K
37,329088,9,0,0,40,Federal-gov,HS-grad,Married-civ-spouse,Adm-clerical,Husband,Black,Male,United-States,<=50K
55,164857,10,0,0,40,Private,Some-college,Divorced,Machine-op-inspct,Own-child,White,Male,United-States,<=50K
65,37092,11,0,0,25,Self-emp-not-inc,Assoc-voc,Married-civ-spouse,Farming-fishing,Husband,White,Male,United-States,<=50K
40,178866,9,0,0,20,Federal-gov,HS-grad,Married-civ-spouse,Adm-clerical,Wife,White,Female,United-States,>50K
37,148015,13,15024,0,40,Private,Bachelors,Married-civ-spouse,Prof-specialty,Wife,Black,Female,United-States,>50K
55,49737,10,0,0,50,Private,Some-college,Married-civ-spouse,Sales,Husband,White,Male,United-States,<=50K
26,179772,13,0,0,45,Private,Bachelors,Never-married,Exec-managerial,Not-in-family,White,Female,United-States,<=50K
24,281221,13,0,0,40,Private,Bachelors,Never-married,Adm-clerical,Other-relative,Asian-Pac-Islander,Female,Taiwan,<=50K
30,203834,13,0,0,50,MISSING,Bachelors,Never-married,MISSING,Not-in-family,Asian-Pac-Islander,Female,Taiwan,<=50K
66,146454,10,5556,0,40,Private,Some-college,Married-civ-spouse,Sales,Husband,White,Male,United-States,>50K
26,186950,11,0,0,40,Private,Assoc-voc,Married-civ-spouse,Adm-clerical,Wife,White,Female,United-States,>50K
45,97842,10,0,0,65,Private,Some-college,Married-civ-spouse,Machine-op-inspct,Husband,White,Male,United-States,<=50K
46,246212,14,0,0,45,Self-emp-not-inc,Masters,Married-civ-spouse,Exec-managerial,Husband,White,Male,United-States,>50K
26,218782,9,0,0,40,Federal-gov,HS-grad,Married-civ-spouse,Adm-clerical,Husband,Other,Male,United-States,<=50K
45,114459,9,0,0,50,Private,HS-grad,Married-civ-spouse,Craft-repair,Husband,White,Male,United-States,>50K
41,140886,9,0,0,40,Private,HS-grad,Married-civ-spouse,Farming-fishing,Husband,White,Male,United-States,<=50K
64,237379,9,3471,0,40,Local-gov,HS-grad,Married-civ-spouse,Handlers-cleaners,Husband,White,Male,United-States,<=50K
40,25005,13,15024,0,99,Private,Bachelors,Married-civ-spouse,Prof-specialty,Husband,White,Male,United-States,>50K
51,137815,10,7298,0,40,Private,Some-college,Married-civ-spouse,Adm-clerical,Husband,White,Male,United-States,>50K
32,170017,9,0,0,50,Private,HS-grad,Married-civ-spouse,Craft-repair,Husband,White,Male,United-States,<=50K
30,109282,13,0,0,52,Self-emp-inc,Bachelors,Married-civ-spouse,Sales,Husband,White,Male,United-States,>50K
27,109001,10,0,0,49,Private,Some-college,Married-civ-spouse,Craft-repair,Husband,White,Male,United-States,<=50K
40,264663,13,0,0,60,Private,Bachelors,Never-married,Prof-specialty,Own-child,White,Female,United-States,<=50K
26,180957,14,0,0,50,Local-gov,Masters,Never-married,Prof-specialty,Not-in-family,White,Male,United-States,<=50K
57,268252,9,0,0,62,Local-gov,HS-grad,Divorced,Adm-clerical,Unmarried,White,Female,United-States,<=50K
48,199763,10,0,0,20,MISSING,Some-college,Married-civ-spouse,MISSING,Wife,White,Female,United-States,<=50K
20,161922,9,0,0,43,Private,HS-grad,Never-married,Handlers-cleaners,Not-in-family,White,Male,United-States,<=50K
41,116520,16,0,0,40,State-gov,Doctorate,Married-civ-spouse,Prof-specialty,Husband,White,Male,United-States,>50K
55,146477,10,0,0,45,Federal-gov,Some-college,Married-civ-spouse,Craft-repair,Husband,White,Male,United-States,<=50K
56,121362,13,0,0,32,Private,Bachelors,Divorced,Other-service,Not-in-family,White,Female,United-States,<=50K
25,298225,10,0,0,35,Private,Some-college,Married-civ-spouse,Transport-moving,Husband,White,Male,United-States,<=50K
53,271544,9,0,1977,40,Federal-gov,HS-grad,Married-civ-spouse,Adm-clerical,Husband,Black,Male,United-States,>50K
47,173938,13,0,0,57,Private,Bachelors,Married-civ-spouse,Exec-managerial,Husband,White,Male,United-States,>50K
28,198197,13,0,0,55,Private,Bachelors,Never-married,Prof-specialty,Not-in-family,White,Male,United-States,>50K
24,51799,9,0,0,40,Private,HS-grad,Married-civ-spouse,Adm-clerical,Wife,Black,Female,United-States,<=50K
32,151053,9,0,0,40,Private,HS-grad,Married-civ-spouse,Handlers-cleaners,Husband,White,Male,United-States,>50K
46,132912,9,0,0,45,Private,HS-grad,Married-civ-spouse,Sales,Husband,White,Male,United-States,>50K
17,354201,9,0,0,40,Private,HS-grad,Never-married,Other-service,Own-child,White,Male,United-States,<=50K
54,137815,8,4101,0,40,State-gov,12th,Never-married,Other-service,Own-child,White,Male,United-States,<=50K
36,185099,9,0,0,70,Private,HS-grad,Married-civ-spouse,Transport-moving,Husband,White,Male,United-States,>50K
35,73715,7,0,0,40,Private,11th,Married-civ-spouse,Craft-repair,Husband,White,Male,United-States,<=50K
32,117963,9,0,0,45,Private,HS-grad,Married-civ-spouse,Handlers-cleaners,Husband,White,Male,United-States,<=50K
59,261584,13,0,0,40,State-gov,Bachelors,Never-married,Exec-managerial,Not-in-family,Black,Female,Outlying-US(Guam-USVI-etc),<=50K
17,126779,7,0,0,20,Private,11th,Never-married,Other-service,Own-child,Black,Male,United-States,<=50K
60,232337,4,0,0,40,Private,7th-8th,Divorced,Machine-op-inspct,Not-in-family,White,Male,United-States,<=50K
68,198554,10,0,0,20,Self-emp-not-inc,Some-college,Divorced,Transport-moving,Not-in-family,White,Female,United-States,<=50K
20,115057,10,0,0,40,Private,Some-college,Never-married,Other-service,Not-in-family,White,Male,United-States,<=50K
33,135312,13,0,0,40,Private,Bachelors,Never-married,Prof-specialty,Not-in-family,White,Male,United-States,>50K
29,160786,6,0,0,35,Self-emp-not-inc,10th,Married-civ-spouse,Craft-repair,Husband,White,Male,United-States,>50K
43,274363,13,0,1902,40,Private,Bachelors,Married-civ-spouse,Exec-managerial,Husband,White,Male,England,>50K
41,350387,13,0,0,40,Private,Bachelors,Never-married,Prof-specialty,Not-in-family,White,Male,United-States,>50K
23,289909,10,0,0,45,Private,Some-college,Never-married,Adm-clerical,Not-in-family,White,Male,United-States,<=50K
59,314149,11,0,1740,50,Private,Assoc-voc,Married-civ-spouse,Sales,Husband,White,Male,United-States,<=50K
64,379062,10,0,0,12,Private,Some-college,Widowed,Adm-clerical,Unmarried,White,Female,United-States,<=50K
19,376683,10,2036,0,30,Private,Some-college,Never-married,Other-service,Unmarried,Black,Female,United-States,<=50K
25,27411,13,0,0,40,Private,Bachelors,Divorced,Sales,Not-in-family,White,Female,United-States,<=50K
63,208862,9,0,0,40,Private,HS-grad,Never-married,Craft-repair,Not-in-family,White,Male,United-States,<=50K
54,174102,13,0,0,40,Private,Bachelors,Married-civ-spouse,Exec-managerial,Husband,White,Male,United-States,>50K
60,225526,9,0,0,32,Private,HS-grad,Separated,Sales,Not-in-family,White,Female,United-States,<=50K
29,342989,9,0,0,40,Private,HS-grad,Never-married,Adm-clerical,Own-child,White,Female,United-States,<=50K
31,236861,9,0,0,60,Private,HS-grad,Married-civ-spouse,Craft-repair,Husband,White,Male,United-States,<=50K
60,25825,9,0,0,50,Self-emp-not-inc,HS-grad,Divorced,Craft-repair,Not-in-family,White,Male,United-States,>50K
23,96635,10,0,0,30,Private,Some-college,Never-married,Machine-op-inspct,Own-child,Asian-Pac-Islander,Male,United-States,<=50K
67,261203,4,0,0,35,State-gov,7th-8th,Married-civ-spouse,Transport-moving,Husband,White,Male,United-States,<=50K
57,148509,13,0,0,35,Local-gov,Bachelors,Married-civ-spouse,Prof-specialty,Husband,Asian-Pac-Islander,Male,India,<=50K
19,37332,9,0,0,20,State-gov,HS-grad,Never-married,Adm-clerical,Not-in-family,White,Female,United-States,<=50K
29,394927,10,0,0,45,Self-emp-not-inc,Some-college,Never-married,Craft-repair,Not-in-family,White,Male,United-States,<=50K
37,99357,12,0,0,30,Private,Assoc-acdm,Never-married,Other-service,Not-in-family,White,Female,United-States,<=50K
30,116138,13,27828,0,60,Private,Bachelors,Never-married,Exec-managerial,Not-in-family,White,Male,United-States,>50K
32,100135,13,0,0,32,Private,Bachelors,Separated,Prof-specialty,Unmarried,White,Female,United-States,<=50K
50,108933,5,2885,0,40,Private,9th,Married-civ-spouse,Craft-repair,Husband,White,Male,United-States,<=50K
40,144067,11,0,0,40,Private,Assoc-voc,Married-civ-spouse,Craft-repair,Husband,White,Male,United-States,<=50K
23,71864,10,0,0,35,Private,Some-college,Never-married,Exec-managerial,Not-in-family,White,Female,United-States,<=50K
36,133655,9,0,0,40,Private,HS-grad,Married-spouse-absent,Adm-clerical,Unmarried,White,Female,United-States,<=50K
46,202560,9,0,0,40,MISSING,HS-grad,Married-civ-spouse,MISSING,Wife,White,Female,United-States,>50K
23,275244,9,0,0,35,Private,HS-grad,Never-married,Machine-op-inspct,Not-in-family,Black,Male,United-States,<=50K
29,100405,6,0,0,40,Private,10th,Married-civ-spouse,Farming-fishing,Wife,Amer-Indian-Eskimo,Female,United-States,<=50K
27,114158,13,0,0,40,Self-emp-inc,Bachelors,Never-married,Exec-managerial,Own-child,White,Female,United-States,<=50K
17,277583,7,0,0,15,Private,11th,Never-married,Handlers-cleaners,Own-child,White,Male,United-States,<=50K
21,57211,9,0,0,40,Private,HS-grad,Never-married,Craft-repair,Own-child,White,Male,United-States,<=50K
32,40142,13,0,0,40,Private,Bachelors,Married-civ-spouse,Exec-managerial,Husband,White,Male,United-States,>50K
33,295649,9,0,0,40,Private,HS-grad,Separated,Other-service,Unmarried,White,Female,China,<=50K
36,162164,9,0,0,44,Private,HS-grad,Married-civ-spouse,Craft-repair,Husband,White,Male,United-States,<=50K
30,312667,9,0,0,40,Private,HS-grad,Married-civ-spouse,Transport-moving,Husband,White,Male,United-States,<=50K
69,107575,9,2964,0,35,MISSING,HS-grad,Divorced,MISSING,Not-in-family,White,Female,United-States,<=50K
40,225978,10,0,0,40,Private,Some-college,Separated,Exec-managerial,Not-in-family,Black,Male,United-States,<=50K
49,102945,4,0,0,40,Private,7th-8th,Widowed,Machine-op-inspct,Not-in-family,White,Female,United-States,<=50K
42,203554,14,0,0,60,Private,Masters,Married-civ-spouse,Exec-managerial,Husband,White,Male,United-States,>50K
56,91545,6,0,0,36,Private,10th,Divorced,Adm-clerical,Unmarried,Black,Female,United-States,<=50K
38,195025,9,0,0,32,Private,HS-grad,Separated,Other-service,Unmarried,Black,Female,United-States,<=50K
70,28471,5,0,0,25,MISSING,9th,Widowed,MISSING,Unmarried,White,Female,United-States,<=50K
39,50096,10,0,0,80,Self-emp-not-inc,Some-college,Married-civ-spouse,Farming-fishing,Husband,White,Male,United-States,<=50K
27,256764,12,0,0,40,Private,Assoc-acdm,Never-married,Sales,Not-in-family,White,Male,United-States,<=50K
29,190330,10,0,0,10,Local-gov,Some-college,Never-married,Other-service,Own-child,White,Female,United-States,<=50K
26,177482,12,0,0,45,Local-gov,Assoc-acdm,Married-civ-spouse,Protective-serv,Husband,White,Male,United-States,>50K
18,261276,10,0,1602,40,MISSING,Some-college,Never-married,MISSING,Own-child,Black,Female,Cambodia,<=50K
21,203914,10,0,0,10,Private,Some-college,Never-married,Other-service,Own-child,White,Female,United-States,<=50K
31,379046,9,0,0,40,Private,HS-grad,Never-married,Handlers-cleaners,Own-child,Asian-Pac-Islander,Female,Vietnam,<=50K
35,99146,9,0,0,50,Private,HS-grad,Married-civ-spouse,Exec-managerial,Husband,White,Male,United-States,>50K
44,204235,9,0,0,40,Private,HS-grad,Married-civ-spouse,Transport-moving,Husband,White,Male,United-States,<=50K
39,281363,6,0,0,15,MISSING,10th,Widowed,MISSING,Unmarried,White,Female,United-States,<=50K
29,276345,9,0,0,50,Private,HS-grad,Never-married,Prof-specialty,Not-in-family,White,Female,United-States,<=50K
41,252127,10,0,0,20,MISSING,Some-college,Widowed,MISSING,Unmarried,Black,Female,United-States,<=50K
34,236415,10,0,0,18,Local-gov,Some-college,Never-married,Adm-clerical,Unmarried,White,Female,United-States,<=50K
19,319889,9,0,0,25,Private,HS-grad,Never-married,Other-service,Own-child,White,Male,United-States,<=50K
39,165799,9,0,0,40,Private,HS-grad,Married-civ-spouse,Exec-managerial,Husband,White,Male,United-States,<=50K
45,175625,9,0,0,38,Private,HS-grad,Separated,Adm-clerical,Unmarried,White,Female,United-States,<=50K
34,303867,13,0,0,40,Private,Bachelors,Married-civ-spouse,Prof-specialty,Husband,White,Male,United-States,>50K
51,140516,14,0,0,40,Federal-gov,Masters,Married-civ-spouse,Prof-specialty,Husband,White,Male,United-States,>50K
25,77698,10,0,0,40,Local-gov,Some-college,Never-married,Adm-clerical,Unmarried,Black,Female,United-States,<=50K
46,31267,9,0,0,50,Self-emp-not-inc,HS-grad,Married-civ-spouse,Transport-moving,Husband,White,Male,United-States,<=50K
26,272986,12,0,0,8,State-gov,Assoc-acdm,Never-married,Adm-clerical,Own-child,Black,Female,United-States,<=50K
70,54849,16,0,0,20,MISSING,Doctorate,Married-civ-spouse,MISSING,Husband,White,Male,United-States,>50K
26,189502,13,0,0,80,Self-emp-inc,Bachelors,Married-civ-spouse,Sales,Husband,White,Male,United-States,>50K
53,64322,9,0,0,40,Private,HS-grad,Married-civ-spouse,Exec-managerial,Husband,White,Male,United-States,<=50K
34,50178,10,0,0,38,State-gov,Some-college,Married-civ-spouse,Exec-managerial,Husband,White,Male,United-States,<=50K
27,314240,12,3325,0,40,Private,Assoc-acdm,Never-married,Exec-managerial,Not-in-family,White,Male,United-States,<=50K
22,180060,9,0,0,40,Private,HS-grad,Never-married,Exec-managerial,Not-in-family,White,Male,Yugoslavia,<=50K
33,138667,9,0,0,50,Private,HS-grad,Married-civ-spouse,Adm-clerical,Husband,White,Male,United-States,>50K
32,176253,10,0,0,40,Private,Some-college,Divorced,Exec-managerial,Not-in-family,Black,Male,United-States,<=50K
53,150726,10,0,0,40,Private,Some-college,Divorced,Adm-clerical,Not-in-family,White,Female,United-States,<=50K
38,70282,14,15024,0,2,MISSING,Masters,Married-civ-spouse,MISSING,Wife,Black,Female,United-States,>50K
43,172577,10,0,0,44,Private,Some-college,Divorced,Adm-clerical,Not-in-family,White,Female,United-States,<=50K
31,110714,10,0,0,37,State-gov,Some-college,Never-married,Other-service,Own-child,White,Female,United-States,<=50K
19,97189,10,0,0,22,Private,Some-college,Never-married,Sales,Own-child,White,Female,United-States,<=50K
44,159911,4,0,0,55,Private,7th-8th,Married-civ-spouse,Other-service,Wife,White,Female,United-States,<=50K
53,55861,9,0,0,40,Private,HS-grad,Married-civ-spouse,Craft-repair,Husband,White,Male,United-States,>50K
59,177120,5,0,0,40,Private,9th,Married-civ-spouse,Other-service,Husband,White,Male,United-States,<=50K
41,190885,9,0,0,40,Private,HS-grad,Divorced,Priv-house-serv,Not-in-family,White,Female,Guatemala,<=50K
37,225504,14,0,0,50,Private,Masters,Never-married,Sales,Not-in-family,White,Male,United-States,<=50K
40,187164,9,0,1672,45,Private,HS-grad,Married-civ-spouse,Exec-managerial,Husband,White,Male,United-States,<=50K
24,228960,12,0,0,40,Private,Assoc-acdm,Never-married,Adm-clerical,Own-child,White,Female,United-States,<=50K
51,285747,14,0,1977,60,State-gov,Masters,Married-civ-spouse,Prof-specialty,Husband,White,Male,United-States,>50K
37,284582,14,0,0,40,Private,Masters,Married-civ-spouse,Exec-managerial,Wife,White,Female,United-States,<=50K
63,106023,9,0,0,40,Private,HS-grad,Married-civ-spouse,Craft-repair,Husband,White,Male,United-States,>50K
49,147322,11,0,0,40,Private,Assoc-voc,Married-civ-spouse,Machine-op-inspct,Wife,White,Female,Peru,<=50K
50,30447,11,0,0,45,Private,Assoc-voc,Married-civ-spouse,Transport-moving,Husband,White,Male,United-States,<=50K
19,369678,9,0,0,30,MISSING,HS-grad,Never-married,MISSING,Not-in-family,Other,Male,United-States,<=50K
36,61299,10,0,0,40,Local-gov,Some-college,Married-civ-spouse,Craft-repair,Husband,White,Male,United-States,<=50K
21,202214,12,0,0,10,Private,Assoc-acdm,Never-married,Adm-clerical,Not-in-family,White,Female,United-States,<=50K
57,204816,14,0,0,30,Private,Masters,Divorced,Prof-specialty,Not-in-family,White,Male,United-States,<=50K
37,193952,9,0,0,40,Private,HS-grad,Divorced,Other-service,Not-in-family,Black,Female,MISSING,<=50K
55,170166,13,0,0,25,Self-emp-not-inc,Bachelors,Married-civ-spouse,Exec-managerial,Wife,White,Female,United-States,<=50K
40,72887,11,0,0,40,Private,Assoc-voc,Married-civ-spouse,Machine-op-inspct,Husband,Asian-Pac-Islander,Male,United-States,>50K
25,236977,9,0,0,40,Private,HS-grad,Separated,Craft-repair,Own-child,White,Male,Mexico,<=50K
41,111891,9,0,0,40,Private,HS-grad,Separated,Machine-op-inspct,Other-relative,Black,Female,United-States,<=50K
35,191503,10,0,0,50,Self-emp-not-inc,Some-college,Married-civ-spouse,Sales,Husband,White,Male,United-States,<=50K
25,262245,11,3418,0,40,MISSING,Assoc-voc,Never-married,MISSING,Own-child,White,Female,United-States,<=50K
37,205339,10,0,0,40,Private,Some-college,Never-married,Tech-support,Not-in-family,White,Male,United-States,>50K
17,198146,7,0,0,15,Private,11th,Never-married,Sales,Own-child,White,Female,United-States,<=50K
37,32239,9,27828,0,40,Self-emp-not-inc,HS-grad,Divorced,Farming-fishing,Not-in-family,White,Male,United-States,>50K
44,387770,10,0,0,15,Local-gov,Some-college,Widowed,Adm-clerical,Unmarried,White,Female,United-States,<=50K
20,379525,10,0,0,10,Private,Some-college,Never-married,Other-service,Own-child,White,Female,United-States,<=50K
43,180303,13,0,0,50,Private,Bachelors,Married-civ-spouse,Exec-managerial,Husband,Asian-Pac-Islander,Male,United-States,>50K
39,132879,10,0,0,50,Private,Some-college,Married-civ-spouse,Exec-managerial,Husband,White,Male,United-States,>50K
31,255830,12,0,0,45,State-gov,Assoc-acdm,Never-married,Adm-clerical,Own-child,Black,Female,United-States,<=50K
38,35429,9,0,2042,40,Private,HS-grad,Married-civ-spouse,Handlers-cleaners,Husband,White,Male,United-States,<=50K
32,159247,14,0,0,50,State-gov,Masters,Married-civ-spouse,Prof-specialty,Husband,White,Male,United-States,<=50K
49,340755,14,0,0,40,Private,Masters,Married-civ-spouse,Sales,Husband,White,Male,United-States,>50K
37,238959,9,0,0,40,Private,HS-grad,Married-civ-spouse,Adm-clerical,Wife,White,Female,United-States,<=50K
30,54608,13,0,0,40,Private,Bachelors,Married-civ-spouse,Adm-clerical,Husband,White,Male,United-States,<=50K
43,168412,9,0,0,44,Private,HS-grad,Married-civ-spouse,Sales,Other-relative,White,Female,Poland,<=50K
34,133122,13,0,0,40,Private,Bachelors,Married-civ-spouse,Exec-managerial,Husband,White,Male,United-States,<=50K
36,192150,9,0,0,40,Federal-gov,HS-grad,Divorced,Adm-clerical,Unmarried,White,Female,United-States,<=50K
18,395567,7,0,0,40,MISSING,11th,Never-married,MISSING,Own-child,White,Male,United-States,<=50K
42,384508,7,1506,0,50,Private,11th,Divorced,Sales,Unmarried,White,Male,Mexico,<=50K
59,199713,9,0,0,40,Private,HS-grad,Married-civ-spouse,Craft-repair,Husband,White,Male,United-States,<=50K
33,154981,13,0,1902,50,Private,Bachelors,Married-civ-spouse,Adm-clerical,Husband,White,Male,United-States,>50K
44,252202,9,0,0,40,Private,HS-grad,Divorced,Adm-clerical,Not-in-family,White,Female,United-States,<=50K
45,188432,9,0,0,40,Private,HS-grad,Married-civ-spouse,Craft-repair,Husband,White,Male,United-States,<=50K
55,308373,10,0,0,40,Private,Some-college,Married-civ-spouse,Exec-managerial,Wife,White,Female,United-States,>50K
59,24384,9,0,0,40,Private,HS-grad,Widowed,Priv-house-serv,Not-in-family,White,Female,United-States,<=50K
55,169482,9,0,0,40,State-gov,HS-grad,Married-civ-spouse,Farming-fishing,Husband,White,Male,United-States,>50K
57,73051,13,0,0,40,Private,Bachelors,Married-civ-spouse,Exec-managerial,Husband,White,Male,United-States,<=50K
56,70720,8,0,0,40,Private,12th,Married-civ-spouse,Prof-specialty,Husband,White,Male,United-States,>50K
40,165815,10,0,0,40,Self-emp-not-inc,Some-college,Never-married,Craft-repair,Own-child,White,Male,United-States,<=50K
59,233312,10,0,0,40,Private,Some-college,Married-civ-spouse,Craft-repair,Husband,White,Male,United-States,>50K
40,170230,13,0,0,40,Private,Bachelors,Married-spouse-absent,Other-service,Not-in-family,White,Female,MISSING,<=50K
26,108542,10,0,0,40,Private,Some-college,Married-civ-spouse,Adm-clerical,Husband,White,Male,United-States,>50K
36,749105,9,0,0,36,Private,HS-grad,Divorced,Other-service,Unmarried,White,Female,United-States,<=50K
61,159908,7,0,0,32,State-gov,11th,Widowed,Other-service,Unmarried,White,Female,United-States,>50K
30,103435,9,0,0,40,Private,HS-grad,Divorced,Machine-op-inspct,Unmarried,White,Male,United-States,<=50K
40,40024,15,0,0,38,State-gov,Prof-school,Married-civ-spouse,Prof-specialty,Husband,White,Male,United-States,>50K
24,143436,10,0,0,24,Private,Some-college,Never-married,Handlers-cleaners,Own-child,White,Male,United-States,<=50K
31,373432,13,7298,0,55,State-gov,Bachelors,Married-civ-spouse,Prof-specialty,Husband,White,Male,United-States,>50K
83,272248,9,0,0,20,Self-emp-inc,HS-grad,Divorced,Sales,Not-in-family,White,Male,United-States,<=50K
32,279173,13,0,0,45,Private,Bachelors,Divorced,Sales,Not-in-family,White,Male,United-States,<=50K
31,252210,3,0,0,40,Private,5th-6th,Never-married,Other-service,Own-child,White,Male,Mexico,<=50K
38,338320,13,0,0,40,Private,Bachelors,Married-civ-spouse,Prof-specialty,Husband,White,Male,Canada,<=50K
41,174575,9,0,1887,45,Private,HS-grad,Married-civ-spouse,Transport-moving,Husband,White,Male,United-States,>50K
27,150296,9,0,0,32,Private,HS-grad,Never-married,Other-service,Own-child,White,Female,United-States,<=50K
49,28791,10,0,0,40,Private,Some-college,Divorced,Other-service,Not-in-family,White,Female,United-States,<=50K
27,249362,10,3411,0,40,State-gov,Some-college,Married-civ-spouse,Transport-moving,Husband,White,Male,United-States,<=50K
22,164922,9,0,0,40,Private,HS-grad,Married-civ-spouse,Other-service,Husband,White,Male,United-States,<=50K
78,136198,13,0,0,15,Local-gov,Bachelors,Married-civ-spouse,Exec-managerial,Husband,White,Male,United-States,<=50K
38,226106,10,0,0,40,Private,Some-college,Never-married,Adm-clerical,Unmarried,Black,Female,United-States,<=50K
25,278404,13,0,0,40,Private,Bachelors,Never-married,Prof-specialty,Not-in-family,White,Male,United-States,<=50K
31,188900,12,3325,0,35,State-gov,Assoc-acdm,Never-married,Adm-clerical,Not-in-family,White,Female,United-States,<=50K
59,31137,9,0,0,40,Private,HS-grad,Married-civ-spouse,Craft-repair,Husband,White,Male,United-States,>50K
77,187656,10,0,0,20,Private,Some-college,Widowed,Priv-house-serv,Not-in-family,White,Female,United-States,<=50K
36,288049,9,0,0,45,Private,HS-grad,Married-civ-spouse,Exec-managerial,Husband,White,Male,United-States,<=50K
50,147629,14,15024,0,45,Private,Masters,Married-civ-spouse,Prof-specialty,Husband,White,Male,United-States,>50K
54,129972,11,0,0,38,Local-gov,Assoc-voc,Married-civ-spouse,Protective-serv,Husband,White,Male,United-States,>50K
41,106900,13,0,1902,42,Private,Bachelors,Married-civ-spouse,Tech-support,Husband,White,Male,United-States,>50K
47,193047,16,99999,0,50,Private,Doctorate,Married-civ-spouse,Exec-managerial,Husband,White,Male,United-States,>50K
23,214542,10,0,0,40,Private,Some-college,Never-married,Farming-fishing,Own-child,White,Male,United-States,<=50K
22,60552,10,0,0,40,Private,Some-college,Never-married,Sales,Own-child,White,Female,United-States,<=50K
46,62793,9,0,0,40,Private,HS-grad,Divorced,Sales,Other-relative,White,Female,United-States,<=50K
19,207173,9,0,0,30,Private,HS-grad,Separated,Adm-clerical,Unmarried,White,Female,United-States,<=50K
46,142719,9,0,0,65,Private,HS-grad,Married-spouse-absent,Farming-fishing,Not-in-family,White,Male,United-States,<=50K
27,130067,10,0,0,65,Private,Some-college,Never-married,Exec-managerial,Not-in-family,White,Female,United-States,<=50K
48,315423,3,0,0,40,Private,5th-6th,Married-civ-spouse,Transport-moving,Husband,White,Male,United-States,<=50K
59,98418,9,0,0,20,Self-emp-not-inc,HS-grad,Married-civ-spouse,Farming-fishing,Husband,White,Male,United-States,<=50K
33,93056,4,0,0,40,Private,7th-8th,Divorced,Handlers-cleaners,Own-child,White,Male,United-States,<=50K
33,174789,10,0,0,40,Private,Some-college,Never-married,Machine-op-inspct,Not-in-family,White,Male,United-States,<=50K
21,209067,9,0,0,40,Private,HS-grad,Never-married,Other-service,Own-child,White,Female,United-States,<=50K
40,323790,10,0,0,40,Private,Some-college,Married-civ-spouse,Other-service,Husband,White,Male,United-States,<=50K
61,203849,10,0,0,40,MISSING,Some-college,Divorced,MISSING,Not-in-family,White,Female,United-States,<=50K
62,186611,9,0,0,40,MISSING,HS-grad,Never-married,MISSING,Not-in-family,White,Male,United-States,<=50K
37,131827,9,0,0,40,Private,HS-grad,Never-married,Craft-repair,Unmarried,White,Male,United-States,<=50K
50,69345,12,0,0,60,Federal-gov,Assoc-acdm,Married-civ-spouse,Exec-managerial,Husband,White,Male,United-States,<=50K
40,117721,9,0,0,60,Self-emp-not-inc,HS-grad,Married-civ-spouse,Farming-fishing,Husband,White,Male,United-States,<=50K
28,60772,13,0,0,45,Private,Bachelors,Never-married,Exec-managerial,Own-child,White,Female,United-States,<=50K
35,93034,9,0,0,40,Private,HS-grad,Never-married,Machine-op-inspct,Not-in-family,Asian-Pac-Islander,Male,Cambodia,<=50K
20,25139,10,0,0,40,MISSING,Some-college,Never-married,MISSING,Own-child,White,Female,United-States,<=50K
46,165138,11,0,0,40,Private,Assoc-voc,Married-civ-spouse,Craft-repair,Husband,White,Male,United-States,<=50K
73,267408,9,0,0,15,Private,HS-grad,Widowed,Sales,Other-relative,White,Female,United-States,<=50K
29,331875,8,0,0,40,Private,12th,Never-married,Handlers-cleaners,Not-in-family,White,Male,Dominican-Republic,<=50K
38,159179,10,0,1902,50,Private,Some-college,Married-civ-spouse,Exec-managerial,Husband,White,Male,United-States,>50K
73,336007,9,0,0,40,Self-emp-not-inc,HS-grad,Married-civ-spouse,Sales,Husband,White,Male,United-States,<=50K
27,207611,9,0,0,52,Private,HS-grad,Never-married,Other-service,Not-in-family,White,Female,United-States,<=50K
23,212803,13,0,0,35,Local-gov,Bachelors,Never-married,Prof-specialty,Not-in-family,White,Female,United-States,<=50K
37,171150,13,99999,0,60,Private,Bachelors,Married-civ-spouse,Sales,Husband,White,Male,United-States,>50K
25,404616,14,0,0,99,Private,Masters,Married-civ-spouse,Farming-fishing,Not-in-family,White,Male,United-States,>50K
27,297457,9,0,0,40,Private,HS-grad,Never-married,Adm-clerical,Own-child,Black,Male,United-States,<=50K
20,122649,9,0,0,30,Private,HS-grad,Never-married,Other-service,Not-in-family,White,Female,United-States,<=50K
23,233626,13,0,0,25,Private,Bachelors,Never-married,Sales,Not-in-family,White,Male,United-States,<=50K
59,196013,13,0,0,40,Local-gov,Bachelors,Married-civ-spouse,Prof-specialty,Husband,White,Male,United-States,>50K
42,39060,9,0,0,60,Private,HS-grad,Married-civ-spouse,Sales,Husband,White,Male,United-States,>50K
27,193868,9,0,0,50,Self-emp-inc,HS-grad,Never-married,Sales,Not-in-family,White,Male,United-States,<=50K
45,480717,13,0,0,38,Private,Bachelors,Married-civ-spouse,Other-service,Husband,Asian-Pac-Islander,Male,MISSING,<=50K
31,595000,9,0,0,35,Private,HS-grad,Never-married,Handlers-cleaners,Other-relative,Black,Female,United-States,<=50K
18,190325,7,0,0,30,Private,11th,Never-married,Craft-repair,Own-child,White,Male,United-States,<=50K
25,176077,14,0,0,37,State-gov,Masters,Never-married,Prof-specialty,Not-in-family,White,Female,United-States,<=50K
44,141858,15,15024,0,75,State-gov,Prof-school,Married-civ-spouse,Prof-specialty,Husband,White,Male,United-States,>50K
58,214502,5,0,0,50,Private,9th,Married-civ-spouse,Handlers-cleaners,Husband,White,Male,United-States,>50K
23,220168,9,0,0,25,Private,HS-grad,Never-married,Sales,Other-relative,Black,Female,Jamaica,<=50K
40,95639,9,0,0,40,Local-gov,HS-grad,Never-married,Craft-repair,Other-relative,Amer-Indian-Eskimo,Male,United-States,<=50K
36,126946,10,0,0,40,Private,Some-college,Separated,Craft-repair,Not-in-family,White,Male,United-States,<=50K
31,217962,10,0,0,40,Private,Some-college,Never-married,Protective-serv,Other-relative,Black,Male,MISSING,<=50K
55,113398,10,0,0,40,Federal-gov,Some-college,Never-married,Adm-clerical,Unmarried,White,Male,United-States,<=50K
50,200618,12,0,0,40,Private,Assoc-acdm,Divorced,Craft-repair,Not-in-family,White,Male,United-States,<=50K
26,58039,10,0,0,40,State-gov,Some-college,Married-civ-spouse,Other-service,Husband,White,Male,United-States,<=50K
31,169240,9,0,0,40,Private,HS-grad,Never-married,Other-service,Not-in-family,White,Female,United-States,<=50K
25,479765,4,0,0,45,Private,7th-8th,Never-married,Sales,Other-relative,White,Male,Guatemala,<=50K
53,340723,15,0,0,40,Private,Prof-school,Never-married,Prof-specialty,Not-in-family,White,Female,United-States,<=50K
55,205422,6,0,0,40,Private,10th,Married-civ-spouse,Other-service,Wife,Black,Female,United-States,<=50K
19,456572,9,0,0,35,Private,HS-grad,Never-married,Farming-fishing,Other-relative,White,Male,United-States,<=50K
24,54560,9,0,0,45,Private,HS-grad,Married-civ-spouse,Transport-moving,Husband,White,Male,United-States,<=50K
26,247025,11,0,0,40,Private,Assoc-voc,Divorced,Craft-repair,Own-child,White,Male,United-States,<=50K
35,166235,10,0,0,30,Private,Some-college,Never-married,Machine-op-inspct,Not-in-family,Black,Female,United-States,<=50K
21,308237,3,0,0,40,Private,5th-6th,Married-civ-spouse,Handlers-cleaners,Husband,White,Male,Mexico,<=50K
41,113555,10,7298,0,50,Private,Some-college,Married-civ-spouse,Craft-repair,Husband,Amer-Indian-Eskimo,Male,United-States,>50K
24,353696,10,0,0,20,Private,Some-college,Never-married,Other-service,Own-child,White,Male,Canada,<=50K
61,96660,10,15024,0,34,Private,Some-college,Married-civ-spouse,Adm-clerical,Wife,White,Female,United-States,>50K
33,106670,13,0,0,40,Private,Bachelors,Married-civ-spouse,Prof-specialty,Wife,White,Female,United-States,>50K
53,324568,7,0,0,45,Private,11th,Married-civ-spouse,Craft-repair,Husband,White,Male,United-States,<=50K
35,170797,13,0,0,40,Private,Bachelors,Divorced,Other-service,Not-in-family,White,Female,United-States,<=50K
34,57426,13,0,0,45,Private,Bachelors,Never-married,Sales,Not-in-family,White,Male,United-States,<=50K
56,340171,9,0,0,40,Private,HS-grad,Married-civ-spouse,Transport-moving,Husband,Black,Male,United-States,<=50K
38,171150,12,0,0,40,Private,Assoc-acdm,Married-civ-spouse,Prof-specialty,Husband,White,Male,United-States,>50K
25,476599,13,0,0,40,Local-gov,Bachelors,Never-married,Prof-specialty,Not-in-family,White,Female,United-States,<=50K
21,275726,9,0,0,40,Private,HS-grad,Never-married,Craft-repair,Own-child,Black,Male,United-States,<=50K
64,285052,10,0,0,10,Private,Some-college,Widowed,Exec-managerial,Not-in-family,White,Female,United-States,<=50K
18,146586,9,0,0,60,Local-gov,HS-grad,Never-married,Other-service,Own-child,White,Male,United-States,<=50K
43,145441,13,0,0,50,Private,Bachelors,Married-civ-spouse,Exec-managerial,Husband,White,Male,United-States,>50K
30,262994,10,0,0,40,Private,Some-college,Divorced,Craft-repair,Not-in-family,Black,Male,United-States,<=50K
47,200471,11,4064,0,40,Private,Assoc-voc,Married-civ-spouse,Adm-clerical,Husband,White,Male,United-States,<=50K
47,131002,13,0,0,50,Private,Bachelors,Married-civ-spouse,Prof-specialty,Husband,White,Male,United-States,>50K
37,241962,7,0,0,50,Private,11th,Married-civ-spouse,Craft-repair,Husband,White,Male,United-States,<=50K
49,354529,10,0,0,40,State-gov,Some-college,Never-married,Adm-clerical,Not-in-family,White,Female,United-States,<=50K
47,39986,13,0,0,40,Self-emp-not-inc,Bachelors,Married-civ-spouse,Sales,Husband,White,Male,United-States,<=50K
30,23778,4,0,0,40,Private,7th-8th,Separated,Handlers-cleaners,Not-in-family,White,Male,United-States,<=50K
19,119075,10,0,0,50,Private,Some-college,Never-married,Handlers-cleaners,Own-child,White,Male,United-States,<=50K
30,113364,9,0,0,40,Private,HS-grad,Never-married,Machine-op-inspct,Other-relative,White,Male,Vietnam,<=50K
20,119156,9,0,0,20,Federal-gov,HS-grad,Never-married,Adm-clerical,Other-relative,White,Male,United-States,<=50K
27,386040,11,0,0,40,Private,Assoc-voc,Married-civ-spouse,Craft-repair,Husband,White,Male,Mexico,<=50K
30,191385,7,0,0,40,Private,11th,Married-civ-spouse,Machine-op-inspct,Husband,White,Male,United-States,<=50K
33,106938,9,0,0,38,Private,HS-grad,Married-civ-spouse,Tech-support,Wife,Black,Female,United-States,<=50K
59,656036,13,0,0,60,Private,Bachelors,Separated,Adm-clerical,Unmarried,White,Male,United-States,<=50K
43,184105,9,0,0,50,Private,HS-grad,Married-civ-spouse,Handlers-cleaners,Husband,White,Male,United-States,<=50K
27,390657,9,0,0,40,Private,HS-grad,Married-civ-spouse,Handlers-cleaners,Husband,Black,Male,United-States,<=50K
63,213095,13,0,0,50,Private,Bachelors,Married-civ-spouse,Exec-managerial,Husband,White,Male,United-States,>50K
37,116554,14,0,0,70,Self-emp-inc,Masters,Divorced,Exec-managerial,Not-in-family,White,Female,United-States,<=50K
39,214284,13,0,0,10,Local-gov,Bachelors,Widowed,Prof-specialty,Unmarried,Asian-Pac-Islander,Female,Japan,<=50K
23,248978,7,0,0,40,Private,11th,Married-civ-spouse,Handlers-cleaners,Husband,White,Male,Mexico,<=50K
43,243580,13,0,0,40,Private,Bachelors,Married-civ-spouse,Prof-specialty,Husband,White,Male,United-States,>50K
51,127149,7,0,0,45,Self-emp-not-inc,11th,Married-civ-spouse,Farming-fishing,Husband,White,Male,United-States,>50K
52,145548,12,0,0,40,Private,Assoc-acdm,Married-civ-spouse,Protective-serv,Husband,White,Male,United-States,>50K
55,238192,9,0,1887,40,Federal-gov,HS-grad,Married-civ-spouse,Tech-support,Husband,White,Male,United-States,>50K
31,236415,10,0,0,20,Self-emp-inc,Some-college,Married-civ-spouse,Adm-clerical,Wife,White,Female,United-States,>50K
42,202872,10,0,0,12,Private,Some-college,Divorced,Adm-clerical,Unmarried,White,Female,United-States,<=50K
32,173854,13,0,0,35,Self-emp-not-inc,Bachelors,Divorced,Prof-specialty,Other-relative,White,Male,United-States,>50K
54,185407,13,0,0,60,Private,Bachelors,Married-civ-spouse,Exec-managerial,Husband,White,Male,United-States,>50K
54,194580,11,0,0,50,Private,Assoc-voc,Married-civ-spouse,Sales,Husband,White,Male,United-States,<=50K
29,184710,9,0,0,40,Self-emp-not-inc,HS-grad,Married-civ-spouse,Craft-repair,Husband,White,Male,United-States,<=50K
20,230955,8,0,0,35,MISSING,12th,Never-married,MISSING,Not-in-family,Black,Female,United-States,<=50K
41,223763,14,0,0,65,Self-emp-not-inc,Masters,Married-civ-spouse,Craft-repair,Husband,White,Male,United-States,<=50K
43,281422,12,0,0,45,Private,Assoc-acdm,Never-married,Adm-clerical,Not-in-family,Black,Female,United-States,<=50K
37,241306,9,0,0,40,Self-emp-not-inc,HS-grad,Divorced,Craft-repair,Not-in-family,White,Male,United-States,<=50K
74,97167,9,0,0,15,Private,HS-grad,Married-civ-spouse,Other-service,Husband,White,Male,United-States,<=50K
29,202878,4,0,2042,40,Private,7th-8th,Married-civ-spouse,Farming-fishing,Husband,White,Male,United-States,<=50K
29,199499,11,0,0,40,Private,Assoc-voc,Never-married,Other-service,Not-in-family,Black,Male,United-States,<=50K
52,270728,4,0,0,48,Private,7th-8th,Married-civ-spouse,Other-service,Husband,White,Male,Cuba,<=50K
90,155981,13,10566,0,50,Self-emp-not-inc,Bachelors,Married-civ-spouse,Prof-specialty,Husband,White,Male,United-States,<=50K
46,168195,15,0,1902,45,Self-emp-not-inc,Prof-school,Married-civ-spouse,Prof-specialty,Husband,White,Male,United-States,>50K
60,199378,9,0,0,40,Private,HS-grad,Married-civ-spouse,Craft-repair,Husband,White,Male,United-States,<=50K
31,344200,9,0,0,40,Private,HS-grad,Married-civ-spouse,Exec-managerial,Husband,White,Male,United-States,>50K
45,138626,11,2174,0,50,Private,Assoc-voc,Divorced,Exec-managerial,Not-in-family,White,Male,United-States,<=50K
25,176756,9,0,0,35,Self-emp-not-inc,HS-grad,Never-married,Farming-fishing,Own-child,White,Male,United-States,<=50K
48,185039,9,0,0,30,Private,HS-grad,Divorced,Sales,Unmarried,White,Female,United-States,<=50K
67,264095,10,9386,0,24,Private,Some-college,Married-civ-spouse,Handlers-cleaners,Husband,White,Male,Cuba,>50K
36,168826,6,0,0,40,Private,10th,Never-married,Craft-repair,Not-in-family,White,Male,United-States,<=50K
27,278581,13,0,0,40,Private,Bachelors,Never-married,Sales,Own-child,White,Female,United-States,<=50K
26,393728,10,0,0,24,Federal-gov,Some-college,Divorced,Adm-clerical,Own-child,White,Male,United-States,<=50K
46,241935,7,7688,0,40,Private,11th,Married-civ-spouse,Other-service,Husband,Black,Male,United-States,>50K
23,235853,13,0,0,22,State-gov,Bachelors,Never-married,Tech-support,Not-in-family,White,Male,United-States,<=50K
26,142914,12,0,0,75,Private,Assoc-acdm,Married-civ-spouse,Prof-specialty,Wife,White,Female,United-States,<=50K
48,219021,15,0,0,35,Self-emp-not-inc,Prof-school,Married-civ-spouse,Prof-specialty,Husband,White,Male,United-States,>50K
21,121889,10,0,0,20,Private,Some-college,Never-married,Sales,Own-child,Black,Female,United-States,<=50K
31,93589,9,0,0,40,State-gov,HS-grad,Divorced,Protective-serv,Own-child,Other,Male,United-States,<=50K
27,131679,11,0,0,40,Private,Assoc-voc,Divorced,Sales,Not-in-family,White,Female,United-States,<=50K
46,295791,9,0,0,30,Private,HS-grad,Divorced,Tech-support,Not-in-family,White,Female,United-States,<=50K
79,309272,9,0,0,40,Self-emp-inc,HS-grad,Married-civ-spouse,Exec-managerial,Husband,White,Male,United-States,>50K
41,214541,9,0,1590,40,Self-emp-not-inc,HS-grad,Divorced,Transport-moving,Not-in-family,White,Male,United-States,<=50K
30,169841,9,0,0,25,Private,HS-grad,Divorced,Sales,Not-in-family,White,Female,United-States,<=50K
40,194360,5,0,0,40,Private,9th,Married-civ-spouse,Handlers-cleaners,Husband,White,Male,United-States,<=50K
40,199599,6,0,0,40,Private,10th,Married-civ-spouse,Exec-managerial,Husband,White,Male,United-States,>50K
23,117789,13,0,0,40,Private,Bachelors,Never-married,Adm-clerical,Own-child,White,Female,United-States,<=50K
28,209205,10,7298,0,40,Self-emp-not-inc,Some-college,Married-civ-spouse,Craft-repair,Husband,White,Male,United-States,>50K
62,238913,10,2829,0,24,Private,Some-college,Married-civ-spouse,Tech-support,Husband,White,Male,United-States,<=50K
26,396482,13,0,0,48,Private,Bachelors,Never-married,Sales,Not-in-family,White,Female,United-States,<=50K
25,197871,13,0,0,50,Private,Bachelors,Never-married,Exec-managerial,Not-in-family,White,Male,United-States,<=50K
17,368700,7,0,0,10,Self-emp-not-inc,11th,Never-married,Farming-fishing,Own-child,White,Male,United-States,<=50K
70,184176,9,0,0,28,Private,HS-grad,Divorced,Other-service,Not-in-family,White,Female,United-States,<=50K
33,100154,6,0,0,40,Private,10th,Separated,Handlers-cleaners,Not-in-family,White,Male,United-States,<=50K
61,84587,11,0,0,40,Private,Assoc-voc,Married-civ-spouse,Craft-repair,Husband,Asian-Pac-Islander,Male,United-States,>50K
43,89636,13,0,0,60,Self-emp-not-inc,Bachelors,Married-civ-spouse,Sales,Wife,Asian-Pac-Islander,Female,South,<=50K
26,156976,11,0,0,40,Private,Assoc-voc,Separated,Other-service,Not-in-family,Black,Male,United-States,<=50K
52,175714,12,0,0,55,Private,Assoc-acdm,Married-civ-spouse,Exec-managerial,Husband,White,Male,United-States,>50K
49,189885,9,0,0,40,MISSING,HS-grad,Widowed,MISSING,Not-in-family,Black,Female,United-States,<=50K
42,341204,12,8614,0,40,Private,Assoc-acdm,Divorced,Prof-specialty,Unmarried,White,Female,United-States,>50K
27,214858,13,0,0,40,Private,Bachelors,Never-married,Sales,Own-child,White,Male,United-States,<=50K
19,246652,10,0,0,40,Private,Some-college,Never-married,Sales,Own-child,White,Female,United-States,<=50K
47,200471,9,5178,0,40,Local-gov,HS-grad,Married-civ-spouse,Transport-moving,Husband,White,Male,United-States,>50K
39,71701,9,0,0,40,MISSING,HS-grad,Divorced,MISSING,Unmarried,White,Female,United-States,<=50K
30,207668,13,0,0,60,Private,Bachelors,Never-married,Tech-support,Not-in-family,White,Male,Hungary,<=50K
21,275190,10,0,0,20,Private,Some-college,Never-married,Sales,Own-child,White,Female,United-States,<=50K
24,229773,13,0,0,40,Private,Bachelors,Never-married,Exec-managerial,Not-in-family,White,Male,United-States,<=50K
21,138575,9,0,0,60,MISSING,HS-grad,Never-married,MISSING,Other-relative,White,Male,United-States,<=50K
22,416356,10,0,0,40,Private,Some-college,Never-married,Craft-repair,Unmarried,White,Male,United-States,<=50K
31,50442,10,0,0,32,Local-gov,Some-college,Never-married,Exec-managerial,Own-child,Amer-Indian-Eskimo,Female,United-States,<=50K
37,25864,9,0,0,40,Private,HS-grad,Separated,Prof-specialty,Unmarried,Amer-Indian-Eskimo,Female,United-States,<=50K
44,171589,11,7688,0,40,Local-gov,Assoc-voc,Married-civ-spouse,Craft-repair,Husband,White,Male,United-States,>50K
35,214896,9,0,0,45,Private,HS-grad,Divorced,Adm-clerical,Not-in-family,White,Female,United-States,<=50K
64,143716,14,0,0,2,MISSING,Masters,Married-civ-spouse,MISSING,Husband,White,Male,United-States,<=50K
30,157778,10,0,0,25,Private,Some-college,Married-civ-spouse,Prof-specialty,Husband,White,Male,United-States,>50K
23,292023,9,0,0,30,Private,HS-grad,Never-married,Machine-op-inspct,Own-child,White,Male,United-States,<=50K
24,200967,9,0,0,36,Private,HS-grad,Married-civ-spouse,Craft-repair,Wife,White,Female,United-States,<=50K
27,104457,13,0,0,40,Private,Bachelors,Never-married,Machine-op-inspct,Not-in-family,Asian-Pac-Islander,Male,MISSING,<=50K
45,199625,10,0,0,20,Private,Some-college,Divorced,Prof-specialty,Unmarried,White,Female,United-States,<=50K
47,160646,11,0,0,35,Federal-gov,Assoc-voc,Married-civ-spouse,Adm-clerical,Wife,White,Female,United-States,<=50K
35,184655,7,0,0,50,Private,11th,Divorced,Transport-moving,Not-in-family,White,Male,United-States,<=50K
51,172022,14,0,0,40,State-gov,Masters,Never-married,Prof-specialty,Not-in-family,White,Male,United-States,>50K
43,214781,14,5178,0,40,Private,Masters,Married-civ-spouse,Prof-specialty,Husband,White,Male,United-States,>50K
62,224953,6,0,0,40,Private,10th,Married-civ-spouse,Machine-op-inspct,Husband,Black,Male,United-States,<=50K
32,235109,13,0,0,40,Local-gov,Bachelors,Married-civ-spouse,Adm-clerical,Wife,White,Female,United-States,<=50K
31,31740,11,0,0,55,Self-emp-inc,Assoc-voc,Married-civ-spouse,Farming-fishing,Husband,White,Male,United-States,<=50K
38,272944,9,0,0,40,State-gov,HS-grad,Divorced,Other-service,Not-in-family,White,Male,United-States,<=50K
17,271122,8,0,0,16,Private,12th,Never-married,Other-service,Own-child,White,Female,United-States,<=50K
25,113948,11,0,0,45,Self-emp-not-inc,Assoc-voc,Married-civ-spouse,Other-service,Wife,White,Female,United-States,<=50K
48,247294,9,0,0,30,Self-emp-not-inc,HS-grad,Married-civ-spouse,Craft-repair,Husband,White,Male,Peru,<=50K
54,105010,13,0,0,40,Self-emp-not-inc,Bachelors,Married-civ-spouse,Exec-managerial,Husband,White,Male,United-States,>50K
21,334113,9,0,0,40,Private,HS-grad,Never-married,Machine-op-inspct,Own-child,White,Male,United-States,<=50K
53,394474,12,0,0,40,Private,Assoc-acdm,Never-married,Adm-clerical,Unmarried,Black,Female,United-States,<=50K
31,120672,7,0,1721,40,Private,11th,Divorced,Handlers-cleaners,Other-relative,Black,Male,United-States,<=50K
58,306233,13,15024,0,40,Private,Bachelors,Married-civ-spouse,Sales,Husband,White,Male,United-States,>50K
48,160220,11,0,0,40,Private,Assoc-voc,Married-civ-spouse,Sales,Husband,White,Male,United-States,>50K
33,167309,13,0,0,40,Private,Bachelors,Never-married,Adm-clerical,Not-in-family,White,Male,United-States,<=50K
22,151105,10,0,0,18,Private,Some-college,Never-married,Sales,Other-relative,White,Female,United-States,<=50K
66,127139,13,0,0,40,Private,Bachelors,Married-civ-spouse,Prof-specialty,Husband,White,Male,United-States,>50K
28,173110,9,0,0,40,Private,HS-grad,Never-married,Exec-managerial,Not-in-family,White,Female,United-States,<=50K
21,234108,10,0,0,40,Private,Some-college,Never-married,Handlers-cleaners,Own-child,White,Male,United-States,<=50K
48,162236,14,0,0,40,Self-emp-not-inc,Masters,Widowed,Exec-managerial,Unmarried,White,Female,MISSING,>50K
30,260782,9,0,0,40,Private,HS-grad,Never-married,Craft-repair,Unmarried,White,Male,MISSING,<=50K
70,135339,13,0,0,40,MISSING,Bachelors,Married-civ-spouse,MISSING,Husband,Asian-Pac-Islander,Male,China,<=50K
42,151408,14,14084,0,50,Private,Masters,Never-married,Exec-managerial,Not-in-family,White,Female,United-States,>50K
76,98695,10,0,0,20,Private,Some-college,Divorced,Adm-clerical,Not-in-family,White,Female,United-States,<=50K
50,167380,4,0,0,40,Self-emp-not-inc,7th-8th,Married-civ-spouse,Farming-fishing,Husband,White,Male,United-States,<=50K
29,178272,9,0,0,40,Private,HS-grad,Married-civ-spouse,Protective-serv,Husband,White,Male,United-States,<=50K
17,327127,7,0,0,20,Private,11th,Never-married,Transport-moving,Own-child,White,Male,United-States,<=50K
60,185749,7,0,0,40,Private,11th,Widowed,Transport-moving,Unmarried,Black,Male,United-States,<=50K
37,349116,9,0,0,44,Private,HS-grad,Never-married,Sales,Not-in-family,Black,Male,United-States,<=50K
34,153614,9,0,0,45,Private,HS-grad,Married-civ-spouse,Sales,Husband,White,Male,United-States,>50K
60,101198,11,0,0,20,Private,Assoc-voc,Divorced,Other-service,Not-in-family,White,Male,United-States,<=50K
58,205410,9,0,0,40,Private,HS-grad,Married-civ-spouse,Machine-op-inspct,Husband,White,Male,United-States,<=50K
48,85384,10,0,0,40,State-gov,Some-college,Married-civ-spouse,Craft-repair,Husband,White,Male,United-States,>50K
19,131615,9,0,0,40,Private,HS-grad,Never-married,Machine-op-inspct,Own-child,White,Male,United-States,<=50K
74,292627,2,0,0,40,MISSING,1st-4th,Married-civ-spouse,MISSING,Husband,Black,Male,United-States,<=50K
45,45891,10,0,0,42,Federal-gov,Some-college,Divorced,Adm-clerical,Unmarried,White,Male,United-States,<=50K
43,132130,11,0,0,40,Private,Assoc-voc,Married-civ-spouse,Farming-fishing,Husband,White,Male,United-States,>50K
55,266343,9,0,0,46,Private,HS-grad,Married-civ-spouse,Prof-specialty,Husband,White,Male,United-States,<=50K
38,287701,7,0,0,48,Private,11th,Married-civ-spouse,Handlers-cleaners,Husband,White,Male,United-States,>50K
65,105252,9,0,0,40,Private,HS-grad,Married-civ-spouse,Tech-support,Husband,White,Male,United-States,>50K
34,295855,7,0,0,70,Private,11th,Divorced,Other-service,Not-in-family,White,Female,United-States,<=50K
55,197114,10,0,0,6,Private,Some-college,Married-civ-spouse,Transport-moving,Husband,White,Male,United-States,>50K
55,308118,13,0,0,40,Private,Bachelors,Widowed,Machine-op-inspct,Unmarried,White,Female,MISSING,<=50K
43,188291,2,0,0,40,Private,1st-4th,Never-married,Sales,Own-child,White,Male,United-States,<=50K
40,197012,13,8614,0,40,Local-gov,Bachelors,Divorced,Tech-support,Not-in-family,White,Female,England,>50K
41,169628,9,0,0,40,Private,HS-grad,Married-civ-spouse,Machine-op-inspct,Wife,Black,Female,MISSING,<=50K
29,191935,9,0,0,40,MISSING,HS-grad,Never-married,MISSING,Not-in-family,White,Male,United-States,<=50K
31,229636,10,0,0,45,Private,Some-college,Married-civ-spouse,Craft-repair,Husband,White,Male,Mexico,<=50K
36,295127,9,0,0,84,Self-emp-not-inc,HS-grad,Married-civ-spouse,Farming-fishing,Husband,White,Male,United-States,<=50K
32,118551,9,0,0,80,Private,HS-grad,Divorced,Other-service,Unmarried,White,Female,United-States,<=50K
21,177711,9,0,0,40,Private,HS-grad,Never-married,Transport-moving,Own-child,Black,Male,United-States,<=50K
43,198316,13,0,0,50,Self-emp-inc,Bachelors,Married-civ-spouse,Exec-managerial,Husband,White,Male,United-States,>50K
19,214678,9,0,0,30,Private,HS-grad,Never-married,Other-service,Own-child,White,Male,United-States,<=50K
40,275446,9,0,0,40,Private,HS-grad,Never-married,Sales,Own-child,Black,Male,United-States,<=50K
37,107164,6,0,2559,50,Self-emp-inc,10th,Never-married,Transport-moving,Not-in-family,White,Male,United-States,>50K
56,131608,10,0,0,40,Private,Some-college,Married-civ-spouse,Sales,Husband,White,Male,United-States,>50K
36,67317,9,0,0,40,Federal-gov,HS-grad,Married-civ-spouse,Adm-clerical,Husband,White,Male,United-States,<=50K
29,211299,11,0,0,45,Private,Assoc-voc,Never-married,Sales,Not-in-family,Black,Male,United-States,<=50K
38,248919,7,0,0,40,Private,11th,Married-civ-spouse,Craft-repair,Husband,White,Male,Guatemala,<=50K
61,156653,9,0,0,55,Self-emp-inc,HS-grad,Divorced,Sales,Not-in-family,White,Male,United-States,<=50K
46,121168,9,0,0,40,Private,HS-grad,Divorced,Craft-repair,Not-in-family,White,Female,United-States,<=50K
30,190823,10,0,0,40,Private,Some-college,Never-married,Other-service,Own-child,Black,Female,United-States,<=50K
53,162381,2,0,0,50,Private,1st-4th,Married-civ-spouse,Transport-moving,Husband,White,Male,United-States,<=50K
43,122749,9,0,0,55,Private,HS-grad,Married-civ-spouse,Craft-repair,Husband,White,Male,United-States,<=50K
59,227856,13,0,0,37,Private,Bachelors,Married-civ-spouse,Sales,Husband,White,Male,United-States,>50K
28,227778,11,0,0,40,Private,Assoc-voc,Never-married,Other-service,Other-relative,Black,Male,United-States,<=50K
30,59496,10,0,0,40,Private,Some-college,Divorced,Prof-specialty,Unmarried,White,Female,United-States,<=50K
60,282066,13,0,1977,45,Self-emp-not-inc,Bachelors,Married-civ-spouse,Exec-managerial,Husband,White,Male,United-States,>50K
50,124963,13,99999,0,55,Private,Bachelors,Married-civ-spouse,Exec-managerial,Husband,White,Male,United-States,>50K
48,182211,9,0,0,44,Private,HS-grad,Married-civ-spouse,Craft-repair,Husband,White,Male,United-States,>50K
44,210527,10,0,0,40,Local-gov,Some-college,Never-married,Other-service,Unmarried,Black,Female,United-States,<=50K
31,325355,13,0,1902,40,Self-emp-not-inc,Bachelors,Married-civ-spouse,Exec-managerial,Wife,White,Female,United-States,>50K
25,219897,14,0,0,35,MISSING,Masters,Never-married,MISSING,Not-in-family,White,Female,Canada,<=50K
34,179673,15,7688,0,60,Self-emp-not-inc,Prof-school,Married-civ-spouse,Prof-specialty,Husband,White,Male,United-States,>50K
34,231043,11,3908,0,45,Private,Assoc-voc,Married-civ-spouse,Adm-clerical,Husband,White,Male,United-States,<=50K
24,117583,13,0,0,48,Private,Bachelors,Never-married,Exec-managerial,Own-child,White,Male,United-States,<=50K
44,104196,9,0,0,84,Self-emp-not-inc,HS-grad,Married-civ-spouse,Exec-managerial,Husband,White,Male,United-States,<=50K
25,262778,13,6849,0,50,Private,Bachelors,Never-married,Sales,Not-in-family,White,Female,United-States,<=50K
25,161007,9,0,0,40,Self-emp-inc,HS-grad,Married-civ-spouse,Exec-managerial,Husband,White,Male,United-States,<=50K
54,145419,9,0,1672,50,Private,HS-grad,Married-civ-spouse,Sales,Husband,White,Male,United-States,<=50K
35,308874,9,0,0,40,Self-emp-not-inc,HS-grad,Never-married,Craft-repair,Not-in-family,Black,Male,United-States,<=50K
40,180362,13,0,0,40,MISSING,Bachelors,Never-married,MISSING,Own-child,White,Female,United-States,<=50K
38,150057,10,0,0,45,Private,Some-college,Never-married,Prof-specialty,Not-in-family,White,Male,United-States,<=50K
45,227791,10,0,1740,50,Private,Some-college,Married-civ-spouse,Sales,Husband,White,Male,United-States,<=50K
42,42907,9,0,0,48,Private,HS-grad,Divorced,Machine-op-inspct,Unmarried,White,Male,United-States,<=50K
59,46466,9,0,0,40,Private,HS-grad,Married-civ-spouse,Transport-moving,Husband,White,Male,United-States,>50K
19,309284,10,0,0,40,MISSING,Some-college,Never-married,MISSING,Not-in-family,White,Male,United-States,<=50K
54,87205,9,0,0,15,Private,HS-grad,Widowed,Other-service,Not-in-family,White,Female,United-States,<=50K
61,176753,9,0,0,48,Local-gov,HS-grad,Married-civ-spouse,Farming-fishing,Husband,White,Male,United-States,<=50K
18,67793,9,0,0,60,MISSING,HS-grad,Never-married,MISSING,Own-child,White,Female,United-States,<=50K
30,94245,10,0,0,40,Private,Some-college,Married-civ-spouse,Handlers-cleaners,Husband,White,Male,United-States,<=50K
40,260425,12,1471,0,32,Private,Assoc-acdm,Separated,Tech-support,Unmarried,White,Female,United-States,<=50K
37,166497,9,0,0,38,Private,HS-grad,Never-married,Adm-clerical,Own-child,White,Male,United-States,<=50K
22,36011,11,0,0,30,Private,Assoc-voc,Never-married,Prof-specialty,Not-in-family,White,Male,United-States,<=50K
22,138575,9,0,0,56,Local-gov,HS-grad,Never-married,Protective-serv,Unmarried,White,Male,United-States,<=50K
27,517000,13,0,0,35,Private,Bachelors,Never-married,Adm-clerical,Not-in-family,White,Male,United-States,<=50K
27,153546,13,0,0,40,Self-emp-not-inc,Bachelors,Never-married,Prof-specialty,Own-child,White,Female,United-States,<=50K
42,255667,10,0,0,50,Private,Some-college,Married-civ-spouse,Craft-repair,Husband,White,Male,United-States,>50K
44,136986,14,15024,0,35,Local-gov,Masters,Married-civ-spouse,Prof-specialty,Husband,White,Male,United-States,>50K
41,343121,9,0,0,36,Private,HS-grad,Divorced,Adm-clerical,Unmarried,White,Female,United-States,<=50K
27,187981,9,0,0,40,Private,HS-grad,Never-married,Handlers-cleaners,Own-child,White,Male,United-States,<=50K
47,101684,9,0,0,40,Private,HS-grad,Married-civ-spouse,Craft-repair,Husband,White,Male,United-States,<=50K
34,313729,10,0,0,50,Self-emp-not-inc,Some-college,Married-civ-spouse,Farming-fishing,Husband,White,Male,United-States,<=50K
52,138497,13,0,0,60,Self-emp-inc,Bachelors,Married-civ-spouse,Exec-managerial,Husband,White,Male,United-States,<=50K
29,228860,10,0,0,35,Private,Some-college,Married-civ-spouse,Other-service,Husband,White,Male,United-States,<=50K
35,333305,10,0,0,40,MISSING,Some-college,Married-civ-spouse,MISSING,Own-child,White,Female,United-States,<=50K
40,39581,15,0,0,40,Local-gov,Prof-school,Separated,Prof-specialty,Own-child,Black,Female,United-States,<=50K
30,205407,9,0,0,40,Private,HS-grad,Never-married,Adm-clerical,Unmarried,White,Male,United-States,<=50K
17,206998,7,0,0,10,Private,11th,Never-married,Handlers-cleaners,Own-child,White,Male,United-States,<=50K
90,256514,13,991,0,10,MISSING,Bachelors,Widowed,MISSING,Other-relative,White,Female,United-States,<=50K
31,212235,10,0,0,45,Private,Some-college,Never-married,Sales,Not-in-family,White,Male,United-States,<=50K
33,58582,9,0,0,40,Private,HS-grad,Married-civ-spouse,Machine-op-inspct,Husband,White,Male,United-States,<=50K
50,126566,9,0,0,40,Private,HS-grad,Married-civ-spouse,Handlers-cleaners,Husband,Black,Male,United-States,<=50K
41,217921,5,0,0,40,MISSING,9th,Married-civ-spouse,MISSING,Wife,Asian-Pac-Islander,Female,Hong,<=50K
36,115834,11,7298,0,55,Private,Assoc-voc,Married-civ-spouse,Exec-managerial,Wife,White,Female,United-States,>50K
44,109684,14,0,0,40,Self-emp-not-inc,Masters,Divorced,Exec-managerial,Unmarried,White,Female,United-States,<=50K
38,190895,13,7298,0,50,Private,Bachelors,Married-civ-spouse,Exec-managerial,Husband,White,Male,United-States,>50K
32,63564,9,0,0,40,Private,HS-grad,Never-married,Other-service,Own-child,Black,Female,United-States,<=50K
39,103260,13,0,0,30,Private,Bachelors,Married-civ-spouse,Craft-repair,Wife,White,Female,United-States,>50K
54,327769,10,0,0,40,Private,Some-college,Divorced,Craft-repair,Not-in-family,White,Male,United-States,<=50K
28,373698,8,0,0,45,Private,12th,Married-civ-spouse,Prof-specialty,Husband,White,Male,MISSING,<=50K
22,287988,10,0,0,15,MISSING,Some-college,Never-married,MISSING,Not-in-family,White,Male,United-States,<=50K
60,225014,9,0,0,40,Private,HS-grad,Divorced,Other-service,Not-in-family,White,Female,United-States,<=50K
38,238980,10,0,0,40,Private,Some-college,Married-civ-spouse,Other-service,Husband,White,Male,United-States,<=50K
27,193898,13,0,0,45,Private,Bachelors,Married-civ-spouse,Sales,Husband,White,Male,United-States,>50K
38,223433,9,0,0,40,Private,HS-grad,Never-married,Machine-op-inspct,Not-in-family,White,Male,United-States,<=50K
51,194908,9,0,0,40,Private,HS-grad,Married-civ-spouse,Adm-clerical,Wife,White,Female,United-States,<=50K
29,382272,13,0,0,40,State-gov,Bachelors,Never-married,Craft-repair,Not-in-family,White,Male,United-States,<=50K
27,120155,9,0,0,39,Private,HS-grad,Married-civ-spouse,Adm-clerical,Husband,White,Male,United-States,<=50K
22,361280,13,0,0,20,Self-emp-not-inc,Bachelors,Never-married,Prof-specialty,Own-child,Asian-Pac-Islander,Male,India,<=50K
25,150553,5,0,0,40,Private,9th,Married-spouse-absent,Adm-clerical,Unmarried,Asian-Pac-Islander,Female,Vietnam,<=50K
35,32528,9,0,0,50,Self-emp-not-inc,HS-grad,Married-civ-spouse,Transport-moving,Husband,White,Male,United-States,<=50K
37,709445,9,0,0,40,Private,HS-grad,Separated,Craft-repair,Other-relative,Black,Male,United-States,<=50K
40,403550,10,0,0,50,Self-emp-not-inc,Some-college,Married-civ-spouse,Craft-repair,Husband,White,Male,United-States,<=50K
37,224541,10,0,0,40,Private,Some-college,Married-civ-spouse,Transport-moving,Husband,White,Male,United-States,<=50K
23,193586,9,3908,0,40,Private,HS-grad,Married-civ-spouse,Adm-clerical,Wife,White,Female,United-States,<=50K
42,178134,10,0,0,30,Private,Some-college,Divorced,Adm-clerical,Not-in-family,White,Female,United-States,<=50K
52,177858,9,0,0,55,Private,HS-grad,Divorced,Craft-repair,Other-relative,White,Male,United-States,>50K
65,143570,10,0,0,40,Local-gov,Some-college,Never-married,Prof-specialty,Not-in-family,Black,Female,United-States,<=50K
64,161325,12,0,1887,50,Self-emp-inc,Assoc-acdm,Married-civ-spouse,Sales,Husband,White,Male,United-States,>50K
20,190231,5,0,0,11,Private,9th,Never-married,Machine-op-inspct,Own-child,White,Female,Nicaragua,<=50K
41,95047,11,7688,0,44,Private,Assoc-voc,Married-civ-spouse,Adm-clerical,Wife,White,Female,United-States,>50K
18,282394,10,0,0,21,Private,Some-college,Never-married,Sales,Own-child,Black,Female,United-States,<=50K
45,187033,9,0,2051,40,Private,HS-grad,Married-civ-spouse,Craft-repair,Husband,White,Male,United-States,<=50K
25,201413,10,0,0,40,Private,Some-college,Never-married,Other-service,Unmarried,Black,Female,United-States,<=50K
29,184078,9,0,0,40,Private,HS-grad,Never-married,Other-service,Other-relative,White,Female,United-States,<=50K
41,211873,11,0,1628,5,MISSING,Assoc-voc,Married-civ-spouse,MISSING,Wife,White,Female,MISSING,<=50K
53,151580,11,4386,0,40,State-gov,Assoc-voc,Married-civ-spouse,Prof-specialty,Husband,White,Male,United-States,>50K
27,72887,9,0,0,40,Private,HS-grad,Never-married,Handlers-cleaners,Other-relative,Asian-Pac-Islander,Male,United-States,<=50K
37,76855,10,0,0,40,Self-emp-not-inc,Some-college,Divorced,Exec-managerial,Unmarried,White,Female,United-States,<=50K
26,284250,9,0,0,40,Private,HS-grad,Never-married,Craft-repair,Unmarried,Black,Female,United-States,<=50K
56,28729,7,0,0,40,Private,11th,Separated,Machine-op-inspct,Not-in-family,White,Female,United-States,<=50K
38,201328,4,0,0,56,Self-emp-not-inc,7th-8th,Married-civ-spouse,Farming-fishing,Husband,White,Male,United-States,<=50K
32,328199,11,0,0,40,Private,Assoc-voc,Divorced,Exec-managerial,Unmarried,White,Female,United-States,<=50K
48,213140,4,0,0,40,Self-emp-not-inc,7th-8th,Married-civ-spouse,Craft-repair,Husband,White,Male,Italy,<=50K
33,192002,14,7298,0,60,Private,Masters,Married-civ-spouse,Exec-managerial,Husband,White,Male,Canada,>50K
44,274363,9,0,0,50,Self-emp-not-inc,HS-grad,Divorced,Sales,Not-in-family,White,Male,United-States,<=50K
33,400943,14,0,0,50,State-gov,Masters,Married-civ-spouse,Prof-specialty,Husband,White,Male,United-States,>50K
52,186303,10,15024,0,55,Private,Some-college,Married-civ-spouse,Exec-managerial,Husband,White,Male,Canada,>50K
33,118267,12,0,0,60,Self-emp-not-inc,Assoc-acdm,Divorced,Sales,Not-in-family,White,Male,United-States,<=50K
31,37546,13,0,0,40,Private,Bachelors,Never-married,Prof-specialty,Not-in-family,White,Female,United-States,<=50K
33,188957,13,0,0,40,Self-emp-not-inc,Bachelors,Never-married,Sales,Not-in-family,White,Female,United-States,<=50K
57,133902,9,0,0,45,Private,HS-grad,Widowed,Exec-managerial,Unmarried,White,Female,United-States,<=50K
68,255276,10,0,0,48,MISSING,Some-college,Married-civ-spouse,MISSING,Husband,White,Male,United-States,>50K
49,423222,14,0,0,50,Private,Masters,Married-civ-spouse,Sales,Husband,White,Male,United-States,>50K
24,190290,13,0,0,60,Private,Bachelors,Never-married,Sales,Not-in-family,White,Male,United-States,<=50K
29,181282,13,0,0,50,Local-gov,Bachelors,Divorced,Prof-specialty,Not-in-family,White,Male,United-States,<=50K
33,196385,14,0,0,37,Private,Masters,Married-civ-spouse,Prof-specialty,Husband,White,Male,United-States,>50K
19,244115,9,0,0,30,Private,HS-grad,Never-married,Other-service,Own-child,Black,Male,United-States,<=50K
22,74631,10,0,0,13,Private,Some-college,Never-married,Handlers-cleaners,Own-child,White,Female,United-States,<=50K
43,99185,9,0,0,58,Private,HS-grad,Divorced,Adm-clerical,Unmarried,White,Female,United-States,<=50K
45,148549,10,27828,0,56,Private,Some-college,Divorced,Craft-repair,Not-in-family,White,Male,United-States,>50K
35,197365,9,0,0,40,Private,HS-grad,Married-civ-spouse,Farming-fishing,Husband,White,Male,United-States,<=50K
38,190759,7,0,0,40,Private,11th,Married-civ-spouse,Craft-repair,Husband,White,Male,United-States,<=50K
40,184018,11,0,0,38,State-gov,Assoc-voc,Married-civ-spouse,Machine-op-inspct,Husband,White,Male,United-States,>50K
50,297551,9,0,0,52,State-gov,HS-grad,Married-civ-spouse,Prof-specialty,Husband,White,Male,United-States,<=50K
34,195602,12,0,0,44,Private,Assoc-acdm,Married-civ-spouse,Craft-repair,Husband,White,Male,United-States,<=50K
43,598606,5,0,0,50,Private,9th,Separated,Handlers-cleaners,Unmarried,Black,Female,United-States,<=50K
33,276221,16,0,0,40,Private,Doctorate,Married-civ-spouse,Prof-specialty,Husband,White,Male,United-States,<=50K
25,102460,13,0,0,40,Private,Bachelors,Married-civ-spouse,Exec-managerial,Husband,White,Male,United-States,<=50K
75,311184,13,0,0,24,Private,Bachelors,Married-civ-spouse,Exec-managerial,Husband,White,Male,United-States,<=50K
18,165754,10,0,0,30,Private,Some-college,Never-married,Other-service,Own-child,White,Female,United-States,<=50K
50,167728,16,0,0,60,Self-emp-not-inc,Doctorate,Married-civ-spouse,Prof-specialty,Husband,White,Male,United-States,>50K
25,181772,10,0,0,40,Private,Some-college,Married-civ-spouse,Craft-repair,Husband,White,Male,United-States,<=50K
39,190297,16,99999,0,55,Private,Doctorate,Married-civ-spouse,Prof-specialty,Husband,White,Male,United-States,>50K
46,563883,9,0,0,60,Private,HS-grad,Married-civ-spouse,Craft-repair,Husband,Black,Male,United-States,>50K
58,210031,9,0,0,40,MISSING,HS-grad,Divorced,MISSING,Unmarried,White,Male,United-States,<=50K
30,243841,9,0,0,40,Private,HS-grad,Divorced,Other-service,Other-relative,Asian-Pac-Islander,Female,South,<=50K
39,113253,13,0,0,50,Local-gov,Bachelors,Married-civ-spouse,Prof-specialty,Wife,White,Female,United-States,>50K
23,230704,10,0,0,22,Private,Some-college,Never-married,Handlers-cleaners,Own-child,Black,Male,United-States,<=50K
32,167531,15,15024,0,50,Private,Prof-school,Married-civ-spouse,Prof-specialty,Wife,Asian-Pac-Islander,Female,United-States,>50K
26,53598,10,0,0,40,Private,Some-college,Never-married,Adm-clerical,Not-in-family,White,Female,United-States,<=50K
34,99872,14,3103,0,40,Private,Masters,Married-civ-spouse,Exec-managerial,Husband,Asian-Pac-Islander,Male,India,>50K
61,321117,9,0,0,40,Local-gov,HS-grad,Married-civ-spouse,Protective-serv,Husband,White,Male,United-States,<=50K
20,187158,10,0,0,15,Private,Some-college,Never-married,Adm-clerical,Own-child,White,Female,United-States,<=50K
50,196193,14,0,0,60,Private,Masters,Married-spouse-absent,Prof-specialty,Other-relative,White,Male,MISSING,<=50K
35,174856,9,2885,0,40,Private,HS-grad,Married-civ-spouse,Transport-moving,Husband,White,Male,United-States,<=50K
32,227669,10,0,0,40,Private,Some-college,Never-married,Machine-op-inspct,Own-child,Black,Female,United-States,<=50K
53,96062,10,0,1740,40,Private,Some-college,Married-civ-spouse,Exec-managerial,Husband,White,Male,United-States,<=50K
23,209770,9,0,0,40,Private,HS-grad,Never-married,Adm-clerical,Own-child,White,Female,United-States,<=50K
43,193882,10,7688,0,40,Private,Some-college,Married-civ-spouse,Sales,Husband,White,Male,United-States,>50K
50,258819,9,0,0,40,Private,HS-grad,Divorced,Craft-repair,Not-in-family,White,Male,United-States,>50K
21,300812,10,0,0,25,Private,Some-college,Never-married,Other-service,Own-child,White,Male,United-States,<=50K
47,188386,13,0,0,45,State-gov,Bachelors,Married-civ-spouse,Prof-specialty,Husband,White,Male,United-States,>50K
73,147551,10,0,2174,50,Private,Some-college,Married-civ-spouse,Prof-specialty,Husband,White,Male,United-States,>50K
26,136226,9,0,0,40,Private,HS-grad,Never-married,Craft-repair,Own-child,White,Male,United-States,<=50K
60,202226,10,0,0,44,Private,Some-college,Divorced,Craft-repair,Own-child,White,Male,United-States,>50K
22,123876,10,0,0,20,Private,Some-college,Never-married,Other-service,Own-child,White,Female,United-States,<=50K
20,121568,9,0,0,50,Private,HS-grad,Married-civ-spouse,Handlers-cleaners,Husband,White,Male,United-States,<=50K
29,183111,11,0,0,40,Private,Assoc-voc,Married-civ-spouse,Machine-op-inspct,Husband,White,Male,United-States,<=50K
43,186916,14,0,0,60,Federal-gov,Masters,Divorced,Protective-serv,Not-in-family,White,Male,United-States,>50K
65,222810,11,0,0,40,Private,Assoc-voc,Divorced,Exec-managerial,Not-in-family,White,Female,United-States,<=50K
42,282062,5,0,0,40,Private,9th,Married-civ-spouse,Transport-moving,Husband,White,Male,United-States,<=50K
33,85043,9,0,0,20,Private,HS-grad,Never-married,Farming-fishing,Not-in-family,White,Male,United-States,<=50K
35,337286,14,0,0,40,Private,Masters,Never-married,Exec-managerial,Not-in-family,Asian-Pac-Islander,Male,United-States,<=50K
39,126675,10,0,0,25,Self-emp-inc,Some-college,Married-civ-spouse,Prof-specialty,Husband,White,Male,United-States,<=50K
27,247978,9,0,0,40,Private,HS-grad,Never-married,Other-service,Own-child,Black,Female,United-States,<=50K
53,178356,12,2407,0,99,Private,Assoc-acdm,Married-civ-spouse,Exec-managerial,Husband,White,Male,United-States,<=50K
44,176063,13,0,0,45,Private,Bachelors,Married-civ-spouse,Exec-managerial,Husband,White,Male,United-States,<=50K
59,109015,9,0,0,40,Private,HS-grad,Divorced,Tech-support,Unmarried,White,Female,United-States,<=50K
20,30796,10,0,0,10,State-gov,Some-college,Never-married,Adm-clerical,Own-child,White,Female,United-States,<=50K
17,136363,6,0,0,20,Private,10th,Never-married,Other-service,Own-child,White,Male,United-States,<=50K
23,119156,9,0,0,40,Private,HS-grad,Married-civ-spouse,Craft-repair,Husband,White,Male,United-States,<=50K
27,169117,9,0,1887,40,Private,HS-grad,Married-civ-spouse,Adm-clerical,Wife,Black,Female,United-States,>50K
24,103064,13,0,0,40,Private,Bachelors,Never-married,Prof-specialty,Not-in-family,White,Female,United-States,<=50K
32,174215,13,0,0,60,Federal-gov,Bachelors,Never-married,Exec-managerial,Not-in-family,White,Female,United-States,<=50K
54,185407,10,0,0,40,Private,Some-college,Married-civ-spouse,Farming-fishing,Husband,White,Male,United-States,<=50K
60,202473,11,0,0,40,Local-gov,Assoc-voc,Married-civ-spouse,Other-service,Husband,White,Male,United-States,<=50K
52,199265,9,0,0,40,Self-emp-not-inc,HS-grad,Divorced,Craft-repair,Not-in-family,Black,Male,United-States,<=50K
58,186991,9,0,0,40,Private,HS-grad,Married-civ-spouse,Machine-op-inspct,Husband,White,Male,United-States,<=50K
31,144949,13,0,0,60,Self-emp-not-inc,Bachelors,Divorced,Craft-repair,Not-in-family,White,Male,United-States,<=50K
27,283913,3,0,0,65,Private,5th-6th,Never-married,Priv-house-serv,Not-in-family,White,Female,England,<=50K
51,200576,10,0,0,63,Private,Some-college,Divorced,Adm-clerical,Not-in-family,White,Female,United-States,<=50K
32,29312,6,0,0,80,Private,10th,Married-civ-spouse,Transport-moving,Husband,White,Male,United-States,>50K
33,112584,10,0,0,25,Private,Some-college,Divorced,Sales,Not-in-family,White,Female,United-States,<=50K
65,174056,4,0,0,40,Private,7th-8th,Married-civ-spouse,Machine-op-inspct,Husband,White,Male,United-States,<=50K
45,331482,13,0,0,50,Private,Bachelors,Married-civ-spouse,Prof-specialty,Husband,White,Male,United-States,<=50K
81,136063,9,0,0,30,Self-emp-not-inc,HS-grad,Married-civ-spouse,Exec-managerial,Husband,White,Male,United-States,<=50K
17,263746,6,0,0,24,Private,10th,Never-married,Other-service,Own-child,White,Male,United-States,<=50K
42,86185,10,0,0,40,Private,Some-college,Widowed,Exec-managerial,Not-in-family,Amer-Indian-Eskimo,Female,United-States,<=50K
41,144032,9,0,0,60,Private,HS-grad,Married-civ-spouse,Exec-managerial,Husband,White,Male,United-States,<=50K
31,199883,8,0,0,40,Private,12th,Divorced,Transport-moving,Own-child,White,Male,United-States,<=50K
29,162002,9,0,0,35,Private,HS-grad,Never-married,Other-service,Own-child,White,Female,United-States,<=50K
39,372525,14,0,0,60,Self-emp-inc,Masters,Married-civ-spouse,Exec-managerial,Husband,White,Male,United-States,>50K
24,170070,13,0,0,20,Private,Bachelors,Never-married,Tech-support,Not-in-family,White,Female,United-States,<=50K
56,116143,13,5178,0,44,Private,Bachelors,Married-civ-spouse,Adm-clerical,Husband,White,Male,United-States,>50K
41,70645,14,4650,0,55,Private,Masters,Widowed,Prof-specialty,Not-in-family,White,Female,United-States,<=50K
59,188070,14,0,0,35,MISSING,Masters,Married-civ-spouse,MISSING,Husband,White,Male,United-States,>50K
18,174732,9,0,0,36,Private,HS-grad,Never-married,Other-service,Other-relative,Black,Male,United-States,<=50K
43,184018,12,0,0,50,Private,Assoc-acdm,Married-civ-spouse,Prof-specialty,Husband,White,Male,United-States,<=50K
29,119052,9,0,0,40,Private,HS-grad,Never-married,Handlers-cleaners,Not-in-family,Black,Female,United-States,<=50K
40,76625,9,0,0,40,Private,HS-grad,Divorced,Craft-repair,Unmarried,White,Male,United-States,<=50K
22,313873,7,0,0,30,Private,11th,Never-married,Craft-repair,Own-child,White,Male,United-States,<=50K
26,177720,12,0,0,45,Private,Assoc-acdm,Divorced,Prof-specialty,Unmarried,White,Female,United-States,<=50K
35,187693,9,0,0,40,Private,HS-grad,Never-married,Machine-op-inspct,Own-child,White,Male,United-States,<=50K
22,271274,7,0,0,40,Private,11th,Never-married,Sales,Not-in-family,White,Female,United-States,<=50K
20,190457,9,0,0,30,Private,HS-grad,Never-married,Other-service,Own-child,White,Female,United-States,<=50K
26,473625,9,0,0,30,Private,HS-grad,Married-civ-spouse,Other-service,Wife,White,Female,United-States,<=50K
31,231263,13,4650,0,45,Private,Bachelors,Divorced,Exec-managerial,Not-in-family,White,Male,United-States,<=50K
20,105585,10,0,0,25,Private,Some-college,Never-married,Sales,Own-child,White,Male,United-States,<=50K
18,54440,10,0,0,30,Private,Some-college,Never-married,Other-service,Own-child,White,Male,United-States,<=50K
26,238367,9,0,0,40,Private,HS-grad,Never-married,Craft-repair,Not-in-family,White,Male,United-States,<=50K
21,148509,10,0,0,30,MISSING,Some-college,Never-married,MISSING,Not-in-family,White,Female,United-States,<=50K
49,116143,9,0,0,40,Private,HS-grad,Married-civ-spouse,Machine-op-inspct,Husband,White,Male,United-States,<=50K
49,119182,9,0,0,35,Private,HS-grad,Separated,Other-service,Not-in-family,Black,Female,United-States,<=50K
37,212005,11,0,0,40,Local-gov,Assoc-voc,Married-civ-spouse,Exec-managerial,Husband,White,Male,United-States,>50K
56,236731,2,0,0,25,Self-emp-not-inc,1st-4th,Separated,Exec-managerial,Not-in-family,White,Male,MISSING,<=50K
46,216164,9,0,0,40,Private,HS-grad,Married-civ-spouse,Handlers-cleaners,Husband,White,Male,United-States,<=50K
36,398931,9,0,0,40,Private,HS-grad,Divorced,Craft-repair,Not-in-family,White,Male,United-States,<=50K
23,181820,10,0,0,20,Private,Some-college,Never-married,Handlers-cleaners,Own-child,White,Male,United-States,<=50K
23,182117,10,0,0,40,Private,Some-college,Never-married,Adm-clerical,Own-child,White,Male,United-States,<=50K
45,240554,13,0,0,40,Private,Bachelors,Married-civ-spouse,Exec-managerial,Husband,White,Male,United-States,>50K
59,205949,9,0,0,40,Private,HS-grad,Separated,Craft-repair,Unmarried,Amer-Indian-Eskimo,Female,United-States,<=50K
37,182668,6,0,0,35,Private,10th,Married-civ-spouse,Transport-moving,Husband,White,Male,United-States,<=50K
55,264834,13,0,0,40,Federal-gov,Bachelors,Never-married,Prof-specialty,Not-in-family,White,Female,United-States,<=50K
53,117847,12,0,0,40,Federal-gov,Assoc-acdm,Married-civ-spouse,Adm-clerical,Husband,White,Male,United-States,<=50K
46,367251,10,0,0,40,Local-gov,Some-college,Married-civ-spouse,Craft-repair,Husband,Black,Male,United-States,>50K
40,146908,9,0,1902,40,Private,HS-grad,Married-civ-spouse,Prof-specialty,Husband,White,Male,United-States,>50K
46,51271,9,4386,0,70,Self-emp-not-inc,HS-grad,Married-civ-spouse,Farming-fishing,Husband,White,Male,United-States,<=50K
61,232618,15,0,0,40,MISSING,Prof-school,Married-civ-spouse,MISSING,Husband,White,Male,United-States,>50K
43,240170,13,0,0,50,Self-emp-not-inc,Bachelors,Married-civ-spouse,Exec-managerial,Husband,White,Male,Germany,<=50K
44,145441,13,7298,0,48,Private,Bachelors,Married-civ-spouse,Exec-managerial,Husband,White,Male,United-States,>50K
39,257942,13,0,0,60,Private,Bachelors,Married-civ-spouse,Sales,Husband,White,Male,United-States,>50K
51,199688,13,0,0,40,Local-gov,Bachelors,Married-civ-spouse,Protective-serv,Husband,White,Male,United-States,>50K
41,125461,10,0,0,40,Private,Some-college,Divorced,Craft-repair,Not-in-family,White,Male,United-States,>50K
29,89030,9,0,0,40,Private,HS-grad,Never-married,Sales,Unmarried,White,Female,United-States,<=50K
19,260333,9,0,0,20,Private,HS-grad,Never-married,Other-service,Own-child,White,Female,United-States,<=50K
48,401333,9,0,0,40,Private,HS-grad,Divorced,Sales,Not-in-family,White,Male,United-States,<=50K
30,186420,13,0,0,40,MISSING,Bachelors,Never-married,MISSING,Not-in-family,White,Female,United-States,<=50K
23,200973,9,0,0,40,Private,HS-grad,Never-married,Adm-clerical,Not-in-family,White,Female,United-States,<=50K
27,200733,9,0,0,55,Private,HS-grad,Married-civ-spouse,Machine-op-inspct,Husband,White,Male,United-States,<=50K
32,190511,10,0,0,40,Private,Some-college,Married-civ-spouse,Exec-managerial,Husband,White,Male,United-States,>50K
35,233327,10,0,0,40,Local-gov,Some-college,Married-civ-spouse,Protective-serv,Husband,White,Male,United-States,<=50K
59,368005,7,0,0,40,Private,11th,Married-civ-spouse,Craft-repair,Husband,White,Male,United-States,<=50K
