age,fnlwgt,education-num,capital-gain,capital-loss,hours-per-week,workclass,education,marital-status,occupation,relationship,race,sex,native-country,income
67,223257,9,0,0,40,Federal-gov,HS-grad,Widowed,Other-service,Unmarried,White,Male,United-States,<=50K
63,344128,13,0,0,50,Self-emp-not-inc,Bachelors,Married-civ-spouse,Sales,Husband,White,Male,United-States,>50K
45,145697,10,0,0,30,Self-emp-inc,Some-college,Married-civ-spouse,Sales,Husband,White,Male,United-States,<=50K
34,204991,10,0,0,44,Private,Some-college,Divorced,Exec-managerial,Own-child,White,Male,United-States,<=50K
37,123211,9,0,0,44,Private,HS-grad,Married-civ-spouse,Other-service,Husband,White,Male,United-States,>50K
31,112627,9,0,0,40,Private,HS-grad,Married-civ-spouse,Transport-moving,Husband,Amer-Indian-Eskimo,Male,United-States,<=50K
40,235371,11,0,0,40,Private,Assoc-voc,Divorced,Prof-specialty,Unmarried,White,Male,United-States,<=50K
35,112160,9,0,0,40,Private,HS-grad,Married-civ-spouse,Sales,Husband,White,Male,United-States,<=50K
49,133669,10,0,0,40,Private,Some-college,Married-civ-spouse,Adm-clerical,Husband,White,Male,United-States,>50K
19,45766,10,0,0,45,Private,Some-college,Never-married,Handlers-cleaners,Not-in-family,White,Male,United-States,<=50K
52,202452,9,0,0,43,Federal-gov,HS-grad,Divorced,Adm-clerical,Not-in-family,White,Female,United-States,<=50K
44,126701,9,0,0,40,Private,HS-grad,Divorced,Craft-repair,Unmarried,White,Male,United-States,<=50K
29,375655,13,0,0,40,Local-gov,Bachelors,Never-married,Prof-specialty,Not-in-family,White,Male,United-States,<=50K
56,53366,9,0,0,40,Private,HS-grad,Married-civ-spouse,Transport-moving,Husband,White,Male,United-States,<=50K
29,145592,9,0,0,40,Private,HS-grad,Never-married,Craft-repair,Not-in-family,White,Male,Guatemala,<=50K
33,405913,10,0,0,40,Private,Some-college,Married-civ-spouse,Prof-specialty,Husband,White,Male,Peru,>50K
54,57101,9,0,0,35,Self-emp-not-inc,HS-grad,Married-civ-spouse,Craft-repair,Husband,White,Male,United-States,<=50K
39,237532,9,0,0,54,Self-emp-not-inc,HS-grad,Married-civ-spouse,Sales,Wife,Black,Female,Dominican-Republic,>50K
45,182100,13,0,0,40,Local-gov,Bachelors,Married-civ-spouse,Sales,Husband,White,Male,United-States,>50K
39,176296,9,0,1887,40,Private,HS-grad,Married-civ-spouse,Transport-moving,Husband,Black,Male,United-States,>50K
25,366416,9,0,0,40,Private,HS-grad,Never-married,Adm-clerical,Own-child,White,Female,United-States,<=50K
22,206861,10,0,0,40,Private,Some-college,Never-married,Adm-clerical,Own-child,White,Male,United-States,<=50K
30,30290,9,0,0,40,Private,HS-grad,Never-married,Machine-op-inspct,Not-in-family,White,Female,United-States,<=50K
21,229826,10,0,0,20,Private,Some-college,Married-civ-spouse,Machine-op-inspct,Husband,White,Male,United-States,<=50K
54,90363,12,0,0,40,Private,Assoc-acdm,Married-civ-spouse,Exec-managerial,Husband,White,Male,United-States,>50K
31,191834,10,0,0,40,Private,Some-college,Married-civ-spouse,Craft-repair,Husband,White,Male,United-States,>50K
41,153132,13,0,0,38,Federal-gov,Bachelors,Married-civ-spouse,Prof-specialty,Husband,White,Male,United-States,>50K
20,233624,9,0,0,40,Private,HS-grad,Never-married,Craft-repair,Own-child,White,Male,United-States,<=50K
22,129508,9,0,0,28,Private,HS-grad,Never-married,Adm-clerical,Own-child,White,Female,United-States,<=50K
40,182217,10,0,0,40,Private,Some-college,Married-civ-spouse,Other-service,Wife,White,Female,Scotland,<=50K
31,387116,10,0,0,36,Private,Some-college,Never-married,Adm-clerical,Not-in-family,Black,Female,Jamaica,<=50K
45,172111,13,0,0,60,Local-gov,Bachelors,Divorced,Exec-managerial,Unmarried,Black,Female,United-States,<=50K
38,185325,9,0,0,40,Self-emp-not-inc,HS-grad,Married-civ-spouse,Handlers-cleaners,Husband,White,Male,United-States,>50K
36,27408,11,0,0,60,Self-emp-inc,Assoc-voc,Married-civ-spouse,Sales,Husband,White,Male,United-States,<=50K
38,226311,9,0,0,25,Private,HS-grad,Married-AF-spouse,Other-service,Wife,White,Female,United-States,<=50K
31,156890,4,0,0,40,Self-emp-not-inc,7th-8th,Married-civ-spouse,Craft-repair,Husband,White,Male,United-States,<=50K
44,246862,9,0,0,40,Self-emp-not-inc,HS-grad,Married-civ-spouse,Prof-specialty,Wife,White,Female,Italy,>50K
62,214288,9,0,0,40,Private,HS-grad,Married-civ-spouse,Machine-op-inspct,Husband,White,Male,United-States,<=50K
45,185385,9,0,0,47,Private,HS-grad,Married-civ-spouse,Craft-repair,Husband,White,Male,United-States,>50K
50,155574,9,0,0,40,Private,HS-grad,Married-civ-spouse,Prof-specialty,Husband,White,Male,United-States,>50K
18,127273,7,0,0,20,Private,11th,Never-married,Other-service,Other-relative,White,Male,United-States,<=50K
22,217961,10,0,1719,30,Private,Some-college,Never-married,Transport-moving,Own-child,White,Male,United-States,<=50K
69,169717,13,6418,0,45,Self-emp-inc,Bachelors,Married-civ-spouse,Exec-managerial,Husband,White,Male,United-States,>50K
34,162814,9,0,0,45,Private,HS-grad,Divorced,Protective-serv,Not-in-family,Black,Male,United-States,<=50K
46,102359,10,0,0,50,Private,Some-college,Married-civ-spouse,Exec-managerial,Husband,White,Male,United-States,>50K
42,24982,10,7688,0,40,Private,Some-college,Married-civ-spouse,Craft-repair,Husband,White,Male,United-States,>50K
34,144182,1,0,0,25,Local-gov,Preschool,Never-married,Adm-clerical,Own-child,Black,Female,United-States,<=50K
36,51838,10,0,0,40,Private,Some-college,Divorced,Adm-clerical,Unmarried,White,Female,United-States,<=50K
32,207668,9,0,0,50,Private,HS-grad,Married-civ-spouse,Craft-repair,Husband,White,Male,United-States,<=50K
59,200700,13,0,0,48,Private,Bachelors,Married-civ-spouse,Craft-repair,Husband,Black,Male,United-States,>50K
27,122660,13,0,0,40,State-gov,Bachelors,Never-married,Prof-specialty,Own-child,Black,Female,United-States,<=50K
36,186865,16,0,0,60,Private,Doctorate,Married-civ-spouse,Prof-specialty,Husband,White,Male,United-States,>50K
33,376483,10,0,0,40,Private,Some-college,Divorced,Adm-clerical,Not-in-family,Black,Female,United-States,<=50K
64,66634,13,27828,0,50,Private,Bachelors,Divorced,Exec-managerial,Unmarried,White,Male,United-States,>50K
49,328776,9,0,0,40,Private,HS-grad,Divorced,Exec-managerial,Unmarried,White,Female,United-States,<=50K
47,76612,9,0,0,50,Private,HS-grad,Married-civ-spouse,Prof-specialty,Husband,White,Male,United-States,<=50K
41,121287,9,0,0,40,Private,HS-grad,Never-married,Machine-op-inspct,Not-in-family,White,Male,United-States,<=50K
50,95435,4,0,1579,65,Private,7th-8th,Married-civ-spouse,Transport-moving,Husband,White,Male,Canada,<=50K
52,40200,10,0,0,35,Self-emp-not-inc,Some-college,Widowed,Craft-repair,Not-in-family,Black,Male,United-States,<=50K
17,57723,7,0,0,30,Private,11th,Never-married,Sales,Own-child,White,Male,United-States,<=50K
25,199224,13,0,0,45,Private,Bachelors,Married-civ-spouse,Prof-specialty,Husband,White,Male,United-States,>50K
50,177896,16,0,0,40,Private,Doctorate,Married-civ-spouse,Prof-specialty,Husband,White,Male,United-States,>50K
38,278924,13,0,1887,50,Private,Bachelors,Married-civ-spouse,Exec-managerial,Husband,White,Male,United-States,>50K
39,230329,13,0,0,40,Private,Bachelors,Married-civ-spouse,Sales,Husband,White,Male,Canada,>50K
37,168941,7,0,0,40,Private,11th,Divorced,Craft-repair,Not-in-family,White,Male,United-States,<=50K
41,67065,11,0,0,40,Private,Assoc-voc,Married-civ-spouse,Sales,Husband,White,Male,United-States,<=50K
41,222142,9,0,0,40,Private,HS-grad,Married-civ-spouse,Machine-op-inspct,Husband,White,Male,United-States,<=50K
31,286406,9,3325,0,40,Private,HS-grad,Never-married,Exec-managerial,Not-in-family,White,Male,United-States,<=50K
39,256997,13,0,0,40,Local-gov,Bachelors,Married-civ-spouse,Craft-repair,Husband,White,Male,United-States,<=50K
39,204527,16,0,0,50,Private,Doctorate,Married-civ-spouse,Prof-specialty,Husband,White,Male,United-States,>50K
29,289960,9,0,0,48,Private,HS-grad,Married-civ-spouse,Machine-op-inspct,Husband,White,Male,United-States,<=50K
42,177989,9,0,0,40,Private,HS-grad,Married-civ-spouse,Transport-moving,Husband,White,Male,United-States,<=50K
36,202662,14,0,0,40,Private,Masters,Married-civ-spouse,Prof-specialty,Husband,White,Male,United-States,>50K
28,162298,9,0,0,40,Private,HS-grad,Never-married,Craft-repair,Own-child,White,Male,United-States,<=50K
46,265554,9,0,0,40,State-gov,HS-grad,Never-married,Transport-moving,Not-in-family,Black,Male,United-States,<=50K
24,70261,13,0,0,50,Private,Bachelors,Married-civ-spouse,Prof-specialty,Husband,White,Male,United-States,<=50K
37,126743,2,0,0,53,Private,1st-4th,Married-civ-spouse,Other-service,Husband,White,Male,Mexico,<=50K
59,126668,11,5178,0,50,Private,Assoc-voc,Married-civ-spouse,Prof-specialty,Husband,White,Male,United-States,>50K
45,347834,9,0,0,40,Private,HS-grad,Divorced,Adm-clerical,Not-in-family,White,Female,United-States,<=50K
55,163083,14,0,0,40,Private,Masters,Married-civ-spouse,Prof-specialty,Husband,White,Male,United-States,>50K
28,77009,4,0,0,50,Private,7th-8th,Divorced,Other-service,Unmarried,White,Female,United-States,<=50K
26,57600,13,0,0,40,Private,Bachelors,Married-civ-spouse,Prof-specialty,Husband,White,Male,United-States,<=50K
20,33221,10,0,0,25,Private,Some-college,Never-married,Other-service,Own-child,White,Female,United-States,<=50K
37,335168,10,0,0,55,Private,Some-college,Married-civ-spouse,Sales,Husband,White,Male,United-States,<=50K
59,38573,10,0,0,40,Private,Some-college,Married-civ-spouse,Exec-managerial,Husband,White,Male,United-States,>50K
36,173804,10,0,0,35,Private,Some-college,Never-married,Sales,Not-in-family,White,Female,United-States,<=50K
57,139452,9,0,0,16,Local-gov,HS-grad,Divorced,Adm-clerical,Not-in-family,White,Female,United-States,<=50K
24,199883,10,0,0,60,Private,Some-college,Married-civ-spouse,Craft-repair,Husband,White,Male,United-States,<=50K
32,193380,9,0,0,40,Private,HS-grad,Never-married,Transport-moving,Own-child,White,Male,United-States,<=50K
22,290504,9,0,0,40,Private,HS-grad,Never-married,Other-service,Other-relative,White,Male,United-States,<=50K
56,110003,14,0,0,40,Private,Masters,Married-civ-spouse,Prof-specialty,Husband,White,Male,United-States,>50K
35,465507,9,0,0,40,Private,HS-grad,Married-civ-spouse,Machine-op-inspct,Husband,Black,Male,United-States,<=50K
35,226916,13,0,0,40,Federal-gov,Bachelors,Widowed,Adm-clerical,Not-in-family,White,Male,United-States,>50K
30,201624,13,0,0,45,Private,Bachelors,Never-married,Prof-specialty,Not-in-family,Black,Male,MISSING,<=50K
53,220786,10,0,0,60,Self-emp-inc,Some-college,Widowed,Sales,Not-in-family,White,Female,United-States,<=50K
31,364657,10,0,0,50,Private,Some-college,Married-civ-spouse,Exec-managerial,Husband,White,Male,Germany,>50K
22,215395,9,0,0,37,Private,HS-grad,Never-married,Transport-moving,Not-in-family,White,Male,United-States,<=50K
28,282398,9,0,0,35,Self-emp-not-inc,HS-grad,Divorced,Craft-repair,Not-in-family,White,Male,United-States,<=50K
38,129102,9,0,0,50,Private,HS-grad,Married-civ-spouse,Exec-managerial,Husband,White,Male,United-States,<=50K
25,178960,7,0,0,40,MISSING,11th,Never-married,MISSING,Unmarried,White,Female,United-States,<=50K
34,344073,9,0,0,40,Private,HS-grad,Separated,Adm-clerical,Not-in-family,White,Male,United-States,>50K
28,153869,7,0,0,40,Private,11th,Married-civ-spouse,Craft-repair,Husband,White,Male,United-States,<=50K
29,180299,10,0,0,35,Private,Some-college,Married-civ-spouse,Transport-moving,Husband,White,Male,United-States,<=50K
32,110331,9,0,0,65,Self-emp-inc,HS-grad,Married-civ-spouse,Sales,Husband,White,Male,United-States,>50K
46,195023,9,0,0,40,Private,HS-grad,Married-spouse-absent,Machine-op-inspct,Not-in-family,White,Female,Columbia,<=50K
58,27385,9,0,0,60,Private,HS-grad,Married-civ-spouse,Exec-managerial,Husband,White,Male,United-States,>50K
49,353824,10,0,0,45,Private,Some-college,Divorced,Prof-specialty,Not-in-family,White,Male,United-States,>50K
23,150683,10,0,0,40,Private,Some-college,Never-married,Exec-managerial,Own-child,White,Male,United-States,<=50K
38,125324,10,0,0,80,Self-emp-inc,Some-college,Married-civ-spouse,Exec-managerial,Husband,White,Male,United-States,>50K
58,312131,14,0,0,40,Private,Masters,Married-civ-spouse,Sales,Husband,White,Male,United-States,<=50K
23,179423,13,0,0,5,Private,Bachelors,Never-married,Adm-clerical,Not-in-family,White,Female,United-States,<=50K
68,107627,10,0,0,15,Private,Some-college,Married-civ-spouse,Prof-specialty,Husband,White,Male,United-States,<=50K
43,175715,9,0,0,55,Self-emp-inc,HS-grad,Never-married,Exec-managerial,Not-in-family,Black,Male,United-States,<=50K
31,203488,13,7298,0,50,Private,Bachelors,Married-civ-spouse,Adm-clerical,Husband,White,Male,United-States,>50K
55,227856,13,7298,0,60,Private,Bachelors,Married-civ-spouse,Exec-managerial,Husband,White,Male,United-States,>50K
41,160467,14,1506,0,40,Federal-gov,Masters,Divorced,Prof-specialty,Unmarried,White,Female,United-States,<=50K
45,285060,13,0,0,50,Private,Bachelors,Married-civ-spouse,Exec-managerial,Husband,White,Male,United-States,>50K
31,185732,9,0,0,30,Private,HS-grad,Never-married,Other-service,Own-child,White,Female,United-States,<=50K
22,216129,9,0,0,40,Federal-gov,HS-grad,Never-married,Adm-clerical,Other-relative,White,Male,United-States,<=50K
61,163393,9,0,0,20,Private,HS-grad,Married-civ-spouse,Transport-moving,Husband,White,Male,United-States,<=50K
37,58337,10,0,0,40,Private,Some-college,Divorced,Exec-managerial,Not-in-family,White,Female,United-States,>50K
25,421467,12,0,0,26,Private,Assoc-acdm,Never-married,Handlers-cleaners,Own-child,White,Male,United-States,<=50K
29,112031,9,0,0,50,Private,HS-grad,Divorced,Craft-repair,Not-in-family,White,Female,United-States,<=50K
47,267205,11,0,0,60,Private,Assoc-voc,Married-civ-spouse,Craft-repair,Husband,White,Male,MISSING,>50K
31,176998,10,0,0,35,State-gov,Some-college,Married-civ-spouse,Craft-repair,Husband,White,Male,United-States,>50K
53,208302,6,0,0,34,Private,10th,Married-civ-spouse,Other-service,Husband,White,Male,United-States,<=50K
38,111377,10,0,0,55,Private,Some-college,Married-civ-spouse,Exec-managerial,Husband,White,Male,United-States,<=50K
55,113912,11,0,0,20,Private,Assoc-voc,Married-civ-spouse,Prof-specialty,Wife,White,Female,United-States,<=50K
23,208826,13,0,0,40,Private,Bachelors,Never-married,Other-service,Not-in-family,White,Female,United-States,<=50K
31,217962,8,0,0,40,Private,12th,Never-married,Handlers-cleaners,Not-in-family,Black,Male,MISSING,<=50K
45,176814,16,15024,0,40,Self-emp-not-inc,Doctorate,Married-civ-spouse,Prof-specialty,Husband,White,Male,United-States,>50K
44,187720,9,0,0,41,Private,HS-grad,Married-civ-spouse,Craft-repair,Husband,White,Male,United-States,<=50K
25,177147,10,0,0,40,Private,Some-college,Never-married,Handlers-cleaners,Not-in-family,White,Male,United-States,<=50K
38,220585,9,0,0,40,Private,HS-grad,Married-civ-spouse,Craft-repair,Husband,White,Male,United-States,<=50K
17,266134,6,0,0,12,Private,10th,Never-married,Other-service,Own-child,White,Male,United-States,<=50K
34,215047,10,0,0,45,Private,Some-college,Never-married,Exec-managerial,Not-in-family,White,Male,United-States,<=50K
57,135028,9,0,0,35,Federal-gov,HS-grad,Separated,Adm-clerical,Other-relative,Black,Female,United-States,<=50K
17,371316,6,0,0,25,MISSING,10th,Never-married,MISSING,Own-child,White,Male,United-States,<=50K
33,188467,9,0,0,40,Private,HS-grad,Never-married,Farming-fishing,Not-in-family,White,Male,United-States,<=50K
41,293485,10,3103,0,40,State-gov,Some-college,Married-civ-spouse,Adm-clerical,Wife,White,Female,United-States,>50K
56,119254,6,0,0,40,MISSING,10th,Divorced,MISSING,Not-in-family,White,Female,United-States,<=50K
51,161482,9,0,0,38,Private,HS-grad,Divorced,Other-service,Unmarried,White,Female,United-States,<=50K
21,196467,9,0,0,35,Private,HS-grad,Never-married,Machine-op-inspct,Not-in-family,White,Male,United-States,<=50K
20,211466,9,0,0,80,Self-emp-not-inc,HS-grad,Never-married,Transport-moving,Own-child,White,Male,United-States,<=50K
56,139616,13,0,0,45,Private,Bachelors,Divorced,Exec-managerial,Not-in-family,White,Male,United-States,>50K
52,301229,11,0,0,40,Private,Assoc-voc,Separated,Sales,Unmarried,White,Female,United-States,<=50K
30,57651,9,0,2001,42,Private,HS-grad,Never-married,Adm-clerical,Unmarried,White,Male,United-States,<=50K
75,173064,13,0,0,6,MISSING,Bachelors,Married-civ-spouse,MISSING,Husband,White,Male,United-States,<=50K
41,51506,9,0,0,40,Private,HS-grad,Married-civ-spouse,Exec-managerial,Husband,White,Male,United-States,<=50K
59,246262,10,0,0,40,Private,Some-college,Married-civ-spouse,Tech-support,Husband,White,Male,United-States,>50K
47,264052,10,0,0,50,Private,Some-college,Married-civ-spouse,Prof-specialty,Husband,White,Male,United-States,>50K
45,186473,9,0,0,40,Private,HS-grad,Divorced,Adm-clerical,Unmarried,White,Female,United-States,<=50K
19,184759,9,0,0,26,Private,HS-grad,Never-married,Adm-clerical,Not-in-family,White,Female,United-States,<=50K
63,254907,11,0,0,20,Private,Assoc-voc,Divorced,Other-service,Not-in-family,White,Female,United-States,<=50K
41,178431,9,0,0,40,Private,HS-grad,Married-civ-spouse,Craft-repair,Husband,Asian-Pac-Islander,Male,Taiwan,<=50K
44,235786,10,7298,0,45,Private,Some-college,Married-civ-spouse,Prof-specialty,Husband,White,Male,United-States,>50K
47,293623,7,0,0,40,Private,11th,Married-civ-spouse,Craft-repair,Husband,White,Male,Dominican-Republic,<=50K
60,27886,4,0,0,40,Private,7th-8th,Divorced,Other-service,Not-in-family,White,Male,United-States,<=50K
21,48121,10,0,1602,10,State-gov,Some-college,Never-married,Exec-managerial,Own-child,White,Male,United-States,<=50K
27,208249,9,0,0,62,Private,HS-grad,Married-civ-spouse,Handlers-cleaners,Husband,White,Male,United-States,<=50K
45,107682,14,0,0,40,Private,Masters,Divorced,Exec-managerial,Not-in-family,White,Female,United-States,>50K
39,122353,13,0,0,45,State-gov,Bachelors,Married-civ-spouse,Prof-specialty,Husband,White,Male,United-States,>50K
51,185283,10,0,0,45,Private,Some-college,Married-civ-spouse,Exec-managerial,Husband,White,Male,United-States,>50K
43,413297,9,0,0,45,Private,HS-grad,Married-civ-spouse,Craft-repair,Husband,White,Male,United-States,<=50K
52,132178,13,0,0,50,Self-emp-inc,Bachelors,Married-civ-spouse,Exec-managerial,Husband,White,Male,United-States,>50K
54,133963,9,0,0,40,MISSING,HS-grad,Widowed,MISSING,Own-child,White,Female,United-States,<=50K
19,104830,4,0,0,25,Private,7th-8th,Never-married,Transport-moving,Unmarried,White,Male,Guatemala,<=50K
37,137229,11,0,0,45,Private,Assoc-voc,Divorced,Sales,Not-in-family,White,Male,United-States,>50K
33,149726,9,0,0,40,Private,HS-grad,Married-civ-spouse,Sales,Husband,White,Male,United-States,>50K
33,124827,9,0,0,40,Private,HS-grad,Married-civ-spouse,Transport-moving,Husband,White,Male,United-States,<=50K
19,142219,10,0,0,30,Private,Some-college,Never-married,Adm-clerical,Own-child,White,Female,United-States,<=50K
44,261497,9,0,0,40,Private,HS-grad,Married-civ-spouse,Handlers-cleaners,Husband,Black,Male,MISSING,<=50K
50,145333,16,10520,0,50,Private,Doctorate,Divorced,Prof-specialty,Other-relative,White,Male,United-States,>50K
43,172826,10,99999,0,55,Self-emp-inc,Some-college,Married-civ-spouse,Sales,Husband,White,Male,United-States,>50K
37,37109,9,0,0,60,Private,HS-grad,Married-civ-spouse,Other-service,Wife,Asian-Pac-Islander,Female,Philippines,<=50K
47,137354,10,0,0,40,Private,Some-college,Married-civ-spouse,Craft-repair,Husband,Amer-Indian-Eskimo,Male,United-States,<=50K
44,152629,13,3103,0,40,Private,Bachelors,Married-civ-spouse,Adm-clerical,Husband,White,Male,United-States,>50K
33,173005,13,0,1848,45,Local-gov,Bachelors,Married-civ-spouse,Adm-clerical,Husband,White,Male,United-States,>50K
20,317443,10,0,0,15,Private,Some-college,Never-married,Adm-clerical,Own-child,Black,Female,United-States,<=50K
47,193285,9,5013,0,40,Private,HS-grad,Married-civ-spouse,Other-service,Wife,Black,Female,United-States,<=50K
34,261023,10,0,1651,38,Private,Some-college,Married-civ-spouse,Craft-repair,Husband,White,Male,United-States,<=50K
23,263886,10,0,0,20,Private,Some-college,Never-married,Sales,Not-in-family,Black,Female,United-States,<=50K
48,76017,9,0,0,25,Private,HS-grad,Widowed,Other-service,Unmarried,White,Female,United-States,<=50K
19,60688,10,0,0,35,MISSING,Some-college,Never-married,MISSING,Own-child,White,Male,United-States,<=50K
33,283921,10,0,0,40,Private,Some-college,Married-civ-spouse,Craft-repair,Husband,White,Male,United-States,<=50K
24,250647,11,0,0,40,Private,Assoc-voc,Married-civ-spouse,Craft-repair,Husband,White,Male,Guatemala,<=50K
18,167979,7,0,0,15,Private,11th,Never-married,Sales,Own-child,White,Male,United-States,<=50K
36,37931,9,0,0,48,State-gov,HS-grad,Married-civ-spouse,Protective-serv,Husband,White,Male,United-States,>50K
40,439919,5,0,0,40,Private,9th,Married-civ-spouse,Machine-op-inspct,Husband,White,Male,Mexico,<=50K
33,318921,9,0,0,35,Local-gov,HS-grad,Divorced,Transport-moving,Not-in-family,White,Female,United-States,<=50K
54,186117,13,0,0,45,Private,Bachelors,Married-civ-spouse,Craft-repair,Husband,White,Male,United-States,>50K
60,88055,6,0,0,40,Private,10th,Married-civ-spouse,Transport-moving,Husband,White,Male,United-States,<=50K
17,176017,6,0,0,15,Private,10th,Never-married,Other-service,Other-relative,White,Male,United-States,<=50K
42,111949,9,0,0,35,Private,HS-grad,Married-civ-spouse,Adm-clerical,Wife,White,Female,United-States,<=50K
32,123964,10,4386,0,50,Private,Some-college,Married-civ-spouse,Sales,Husband,White,Male,United-States,<=50K
42,46094,13,0,0,33,Local-gov,Bachelors,Divorced,Transport-moving,Not-in-family,White,Male,United-States,<=50K
22,321031,9,0,0,40,Private,HS-grad,Never-married,Sales,Own-child,Black,Female,United-States,<=50K
35,23621,9,0,0,70,Private,HS-grad,Never-married,Craft-repair,Not-in-family,White,Male,United-States,<=50K
42,318947,9,0,0,40,Private,HS-grad,Divorced,Machine-op-inspct,Not-in-family,White,Female,United-States,<=50K
48,238966,10,0,0,40,Self-emp-inc,Some-college,Divorced,Exec-managerial,Not-in-family,White,Male,United-States,<=50K
57,104996,10,0,0,42,Private,Some-college,Never-married,Craft-repair,Not-in-family,White,Male,United-States,<=50K
62,122246,10,8614,0,39,Private,Some-college,Never-married,Craft-repair,Not-in-family,White,Female,United-States,>50K
38,296212,13,0,0,45,Private,Bachelors,Married-civ-spouse,Craft-repair,Husband,White,Male,United-States,<=50K
48,483261,10,0,0,40,Federal-gov,Some-college,Never-married,Adm-clerical,Not-in-family,Black,Male,United-States,<=50K
47,84735,14,0,0,20,Self-emp-not-inc,Masters,Married-civ-spouse,Prof-specialty,Wife,White,Female,United-States,>50K
39,326566,10,0,0,40,State-gov,Some-college,Never-married,Transport-moving,Own-child,Black,Male,United-States,<=50K
31,209538,6,0,0,40,Private,10th,Married-civ-spouse,Machine-op-inspct,Husband,White,Male,United-States,<=50K
53,311020,6,0,0,60,Self-emp-not-inc,10th,Married-civ-spouse,Farming-fishing,Husband,White,Male,United-States,<=50K
29,315026,9,0,0,40,MISSING,HS-grad,Divorced,MISSING,Unmarried,White,Female,United-States,<=50K
42,169995,10,0,0,45,Private,Some-college,Married-civ-spouse,Prof-specialty,Husband,White,Male,United-States,<=50K
46,28334,9,0,0,40,Private,HS-grad,Married-civ-spouse,Transport-moving,Husband,White,Male,United-States,<=50K
33,29617,10,0,0,40,Federal-gov,Some-college,Divorced,Other-service,Not-in-family,Black,Male,United-States,<=50K
45,149865,13,0,0,60,Self-emp-inc,Bachelors,Married-civ-spouse,Machine-op-inspct,Husband,White,Male,United-States,>50K
46,149161,10,0,0,60,Private,Some-college,Married-civ-spouse,Exec-managerial,Husband,Asian-Pac-Islander,Male,MISSING,<=50K
41,193882,9,0,0,40,Federal-gov,HS-grad,Never-married,Adm-clerical,Own-child,White,Male,United-States,<=50K
53,174040,10,0,0,40,Federal-gov,Some-college,Separated,Craft-repair,Not-in-family,Black,Male,United-States,<=50K
38,206951,9,0,0,65,Self-emp-inc,HS-grad,Married-civ-spouse,Exec-managerial,Husband,White,Male,United-States,<=50K
43,144778,13,0,0,55,Private,Bachelors,Married-civ-spouse,Prof-specialty,Husband,White,Male,Italy,>50K
66,174276,10,0,0,50,Private,Some-college,Widowed,Sales,Unmarried,White,Female,United-States,>50K
38,202683,9,0,0,40,Private,HS-grad,Never-married,Adm-clerical,Not-in-family,White,Male,United-States,<=50K
30,100734,13,0,0,38,Private,Bachelors,Married-civ-spouse,Prof-specialty,Wife,White,Female,United-States,<=50K
63,221072,13,0,0,49,Private,Bachelors,Married-civ-spouse,Craft-repair,Husband,White,Male,MISSING,<=50K
28,42003,10,0,0,40,Federal-gov,Some-college,Married-civ-spouse,Adm-clerical,Husband,White,Male,United-States,>50K
31,119033,9,0,0,40,Private,HS-grad,Married-civ-spouse,Craft-repair,Husband,White,Male,United-States,<=50K
29,192924,11,0,0,40,Private,Assoc-voc,Divorced,Adm-clerical,Not-in-family,White,Female,United-States,<=50K
24,137591,10,0,1762,40,Private,Some-college,Never-married,Sales,Own-child,White,Male,United-States,<=50K
19,228238,9,0,0,40,Private,HS-grad,Never-married,Machine-op-inspct,Other-relative,White,Male,Mexico,<=50K
37,176293,10,0,0,30,Private,Some-college,Married-spouse-absent,Prof-specialty,Not-in-family,White,Female,United-States,<=50K
60,27037,9,0,0,40,State-gov,HS-grad,Married-civ-spouse,Protective-serv,Husband,Amer-Indian-Eskimo,Male,United-States,>50K
49,59380,10,0,0,40,Private,Some-college,Married-spouse-absent,Adm-clerical,Not-in-family,White,Female,United-States,<=50K
54,185042,2,0,0,40,Private,1st-4th,Separated,Priv-house-serv,Other-relative,White,Female,Mexico,<=50K
50,83311,13,0,0,13,Self-emp-not-inc,Bachelors,Married-civ-spouse,Exec-managerial,Husband,White,Male,United-States,<=50K
35,125933,13,0,0,50,Private,Bachelors,Married-civ-spouse,Craft-repair,Husband,White,Male,United-States,>50K
20,114357,10,0,0,40,MISSING,Some-college,Never-married,MISSING,Not-in-family,White,Male,United-States,<=50K
31,163890,10,0,0,40,MISSING,Some-college,Never-married,MISSING,Unmarried,Black,Female,United-States,<=50K
27,160786,7,0,0,45,Private,11th,Separated,Craft-repair,Not-in-family,White,Male,Germany,<=50K
36,128884,9,0,0,48,Federal-gov,HS-grad,Divorced,Adm-clerical,Not-in-family,White,Female,United-States,<=50K
27,341672,10,0,0,40,Private,Some-college,Never-married,Adm-clerical,Other-relative,Asian-Pac-Islander,Male,India,<=50K
27,113545,13,0,0,40,Local-gov,Bachelors,Never-married,Prof-specialty,Not-in-family,White,Female,United-States,<=50K
30,110239,6,0,0,55,Private,10th,Married-civ-spouse,Transport-moving,Husband,White,Male,United-States,<=50K
32,281540,10,0,0,50,Private,Some-college,Married-civ-spouse,Tech-support,Husband,White,Male,United-States,<=50K
45,132563,15,0,1726,40,Local-gov,Prof-school,Divorced,Prof-specialty,Unmarried,Black,Female,United-States,<=50K
44,116825,15,15024,0,80,Private,Prof-school,Married-civ-spouse,Prof-specialty,Husband,White,Male,United-States,>50K
33,315143,9,0,0,40,Private,HS-grad,Married-civ-spouse,Sales,Husband,White,Male,Cuba,>50K
50,238959,13,99999,0,60,Private,Bachelors,Married-civ-spouse,Sales,Husband,White,Male,MISSING,>50K
43,101950,13,0,0,35,Private,Bachelors,Divorced,Other-service,Not-in-family,White,Female,United-States,<=50K
31,229946,9,0,0,40,Self-emp-not-inc,HS-grad,Married-civ-spouse,Prof-specialty,Husband,White,Male,Columbia,<=50K
40,204116,13,2174,0,40,Self-emp-not-inc,Bachelors,Married-spouse-absent,Prof-specialty,Not-in-family,White,Female,United-States,<=50K
35,187329,13,0,0,40,Private,Bachelors,Never-married,Prof-specialty,Not-in-family,White,Female,United-States,<=50K
32,79586,13,0,0,40,Private,Bachelors,Married-civ-spouse,Prof-specialty,Husband,Asian-Pac-Islander,Male,India,<=50K
36,41490,10,0,0,40,Private,Some-college,Divorced,Adm-clerical,Unmarried,White,Female,United-States,<=50K
65,213477,14,0,0,28,Private,Masters,Divorced,Sales,Not-in-family,White,Male,United-States,<=50K
28,37088,13,0,0,50,Self-emp-inc,Bachelors,Never-married,Sales,Not-in-family,White,Male,United-States,<=50K
40,224361,5,0,0,5,MISSING,9th,Divorced,MISSING,Unmarried,White,Female,Cuba,<=50K
22,203894,10,0,0,15,Private,Some-college,Never-married,Sales,Own-child,White,Female,United-States,<=50K
58,158002,10,0,0,40,Private,Some-college,Married-civ-spouse,Sales,Husband,Black,Male,United-States,<=50K
30,125279,9,0,0,40,Private,HS-grad,Married-spouse-absent,Sales,Unmarried,White,Male,United-States,<=50K
38,156550,9,0,0,60,Private,HS-grad,Married-civ-spouse,Craft-repair,Husband,White,Male,United-States,<=50K
34,178615,9,0,0,40,Private,HS-grad,Never-married,Handlers-cleaners,Not-in-family,White,Male,United-States,<=50K
24,163595,9,0,0,40,Private,HS-grad,Never-married,Machine-op-inspct,Own-child,White,Male,United-States,<=50K
47,121124,9,0,0,40,Private,HS-grad,Married-civ-spouse,Craft-repair,Husband,White,Male,United-States,>50K
31,113530,9,0,0,45,Self-emp-inc,HS-grad,Never-married,Craft-repair,Not-in-family,White,Male,United-States,<=50K
34,188798,13,0,0,40,Private,Bachelors,Never-married,Prof-specialty,Own-child,White,Female,United-States,<=50K
31,86143,9,0,0,40,MISSING,HS-grad,Married-civ-spouse,MISSING,Husband,Asian-Pac-Islander,Male,Philippines,<=50K
28,222442,9,0,0,51,Private,HS-grad,Married-civ-spouse,Sales,Husband,White,Male,Cuba,<=50K
26,164488,13,0,0,10,Private,Bachelors,Never-married,Exec-managerial,Not-in-family,White,Male,United-States,<=50K
43,41834,9,0,0,38,State-gov,HS-grad,Married-civ-spouse,Transport-moving,Husband,White,Male,United-States,>50K
21,89154,7,0,0,42,Private,11th,Never-married,Other-service,Own-child,White,Male,El-Salvador,<=50K
76,70697,4,0,0,25,Private,7th-8th,Widowed,Other-service,Not-in-family,White,Female,United-States,<=50K
33,408813,13,0,0,50,Private,Bachelors,Never-married,Adm-clerical,Not-in-family,White,Female,United-States,<=50K
21,149224,10,0,0,30,Private,Some-college,Never-married,Transport-moving,Own-child,White,Male,United-States,<=50K
50,237735,3,0,0,37,Private,5th-6th,Married-civ-spouse,Transport-moving,Husband,White,Male,Mexico,<=50K
23,123983,13,0,0,40,MISSING,Bachelors,Never-married,MISSING,Own-child,Other,Male,United-States,<=50K
47,197332,13,0,0,40,Federal-gov,Bachelors,Divorced,Prof-specialty,Not-in-family,White,Male,United-States,<=50K
24,287988,13,0,0,40,Federal-gov,Bachelors,Never-married,Armed-Forces,Not-in-family,White,Male,United-States,<=50K
36,163237,12,0,0,40,Private,Assoc-acdm,Married-civ-spouse,Adm-clerical,Husband,White,Male,United-States,>50K
47,68493,9,0,0,40,Federal-gov,HS-grad,Married-civ-spouse,Adm-clerical,Husband,Black,Male,United-States,>50K
26,102476,9,0,0,50,Self-emp-not-inc,HS-grad,Never-married,Craft-repair,Own-child,White,Male,United-States,<=50K
32,49325,4,0,0,40,Local-gov,7th-8th,Married-civ-spouse,Other-service,Husband,White,Male,United-States,<=50K
46,283037,13,0,0,50,Private,Bachelors,Married-civ-spouse,Exec-managerial,Husband,White,Male,United-States,>50K
34,183801,13,0,0,14,Local-gov,Bachelors,Never-married,Other-service,Not-in-family,White,Male,United-States,<=50K
63,29859,9,0,1485,40,MISSING,HS-grad,Married-civ-spouse,MISSING,Husband,White,Male,United-States,>50K
22,199266,13,0,0,30,Private,Bachelors,Never-married,Exec-managerial,Not-in-family,White,Female,United-States,<=50K
49,207120,9,0,0,40,State-gov,HS-grad,Married-civ-spouse,Handlers-cleaners,Husband,White,Male,United-States,>50K
33,379798,9,0,0,40,Private,HS-grad,Married-civ-spouse,Craft-repair,Husband,White,Male,United-States,<=50K
79,84979,11,0,0,20,Self-emp-not-inc,Assoc-voc,Married-civ-spouse,Sales,Husband,White,Male,United-States,>50K
17,140117,6,0,0,12,Private,10th,Never-married,Sales,Own-child,White,Female,United-States,<=50K
19,168601,7,0,0,30,Private,11th,Never-married,Other-service,Other-relative,White,Male,United-States,<=50K
40,240504,12,0,0,40,Local-gov,Assoc-acdm,Married-civ-spouse,Exec-managerial,Husband,White,Male,United-States,>50K
42,79586,13,0,0,40,Private,Bachelors,Married-civ-spouse,Adm-clerical,Husband,Asian-Pac-Islander,Male,United-States,>50K
48,138970,13,0,0,45,Private,Bachelors,Married-civ-spouse,Exec-managerial,Husband,White,Male,United-States,>50K
57,231232,4,0,0,40,Private,7th-8th,Married-civ-spouse,Craft-repair,Husband,White,Male,United-States,<=50K
33,178107,13,0,0,20,Private,Bachelors,Never-married,Craft-repair,Own-child,White,Male,United-States,<=50K
46,186078,10,0,0,45,Private,Some-college,Never-married,Machine-op-inspct,Not-in-family,White,Female,United-States,<=50K
53,34368,10,0,0,45,Private,Some-college,Married-civ-spouse,Exec-managerial,Husband,White,Male,United-States,>50K
29,304595,14,0,0,50,Private,Masters,Never-married,Sales,Not-in-family,White,Male,United-States,>50K
25,156848,9,0,0,35,State-gov,HS-grad,Married-civ-spouse,Protective-serv,Own-child,White,Male,United-States,<=50K
39,129573,13,0,0,50,Private,Bachelors,Never-married,Exec-managerial,Not-in-family,White,Male,United-States,>50K
43,413760,10,0,0,40,Local-gov,Some-college,Separated,Craft-repair,Not-in-family,Black,Male,United-States,<=50K
50,217577,9,0,0,40,Private,HS-grad,Widowed,Machine-op-inspct,Unmarried,White,Female,United-States,<=50K
33,183612,9,0,0,20,Private,HS-grad,Married-civ-spouse,Transport-moving,Husband,White,Male,United-States,<=50K
51,122159,10,3325,0,40,Private,Some-college,Widowed,Prof-specialty,Not-in-family,White,Female,United-States,<=50K
44,68318,14,0,0,55,Local-gov,Masters,Never-married,Prof-specialty,Own-child,White,Female,United-States,<=50K
59,261232,7,0,0,40,Private,11th,Divorced,Farming-fishing,Not-in-family,White,Male,United-States,<=50K
43,249771,9,0,0,99,Private,HS-grad,Married-civ-spouse,Transport-moving,Husband,Asian-Pac-Islander,Male,United-States,<=50K
41,226505,9,0,0,40,Self-emp-not-inc,HS-grad,Divorced,Other-service,Unmarried,White,Female,United-States,<=50K
40,184378,13,0,0,40,State-gov,Bachelors,Married-civ-spouse,Adm-clerical,Husband,White,Male,United-States,<=50K
21,123727,10,0,0,28,MISSING,Some-college,Never-married,MISSING,Not-in-family,White,Female,United-States,<=50K
21,195199,9,0,0,30,Private,HS-grad,Never-married,Prof-specialty,Own-child,White,Female,United-States,<=50K
69,312653,10,0,0,25,Private,Some-college,Married-civ-spouse,Sales,Husband,White,Male,United-States,<=50K
47,26994,10,0,0,35,Private,Some-college,Divorced,Adm-clerical,Not-in-family,White,Female,United-States,<=50K
34,198265,13,0,0,60,Federal-gov,Bachelors,Married-civ-spouse,Protective-serv,Husband,White,Male,United-States,<=50K
37,265266,15,0,0,40,Self-emp-not-inc,Prof-school,Married-civ-spouse,Prof-specialty,Husband,White,Male,Cuba,>50K
33,195576,9,4386,0,60,Private,HS-grad,Married-civ-spouse,Exec-managerial,Husband,White,Male,United-States,<=50K
24,127647,10,0,0,35,Private,Some-college,Separated,Adm-clerical,Unmarried,White,Female,United-States,<=50K
53,202720,5,0,0,75,Private,9th,Married-spouse-absent,Machine-op-inspct,Unmarried,Black,Male,Haiti,<=50K
41,57924,10,0,0,40,Federal-gov,Some-college,Never-married,Protective-serv,Own-child,White,Male,United-States,<=50K
49,127111,9,0,0,50,Self-emp-inc,HS-grad,Married-civ-spouse,Exec-managerial,Husband,White,Male,United-States,<=50K
46,250821,15,15024,0,40,State-gov,Prof-school,Married-civ-spouse,Exec-managerial,Husband,White,Male,United-States,>50K
21,63899,7,0,0,40,Private,11th,Never-married,Adm-clerical,Other-relative,White,Female,United-States,<=50K
25,273792,9,0,0,37,Private,HS-grad,Never-married,Craft-repair,Own-child,White,Male,United-States,<=50K
23,137994,10,0,0,40,Private,Some-college,Never-married,Machine-op-inspct,Own-child,Black,Female,United-States,<=50K
27,399904,9,0,0,50,Self-emp-inc,HS-grad,Never-married,Craft-repair,Other-relative,White,Male,Mexico,<=50K
25,254613,9,0,0,40,Private,HS-grad,Never-married,Craft-repair,Own-child,White,Male,Cuba,<=50K
24,33616,9,0,0,35,Private,HS-grad,Never-married,Other-service,Unmarried,White,Female,United-States,<=50K
40,213821,14,0,0,40,Private,Masters,Never-married,Prof-specialty,Not-in-family,White,Male,United-States,>50K
41,201495,14,0,0,40,Private,Masters,Married-civ-spouse,Exec-managerial,Husband,White,Male,United-States,>50K
18,163787,10,0,0,15,Private,Some-college,Never-married,Sales,Own-child,White,Female,United-States,<=50K
44,173981,9,0,0,40,Private,HS-grad,Married-civ-spouse,Craft-repair,Husband,White,Male,United-States,<=50K
46,36228,9,0,1902,40,Local-gov,HS-grad,Married-civ-spouse,Craft-repair,Husband,White,Male,United-States,<=50K
33,134737,9,0,0,35,Self-emp-not-inc,HS-grad,Married-civ-spouse,Craft-repair,Husband,White,Male,United-States,<=50K
28,168524,14,7688,0,35,Local-gov,Masters,Married-civ-spouse,Prof-specialty,Wife,White,Female,United-States,>50K
50,117295,6,0,0,40,Private,10th,Married-civ-spouse,Craft-repair,Husband,White,Male,United-States,<=50K
41,152880,9,0,0,28,MISSING,HS-grad,Divorced,MISSING,Not-in-family,Black,Female,United-States,<=50K
49,213668,14,0,0,56,Federal-gov,Masters,Never-married,Exec-managerial,Not-in-family,White,Male,United-States,>50K
20,197207,9,0,0,30,Self-emp-not-inc,HS-grad,Divorced,Sales,Not-in-family,White,Female,United-States,<=50K
31,59083,10,0,1672,50,Private,Some-college,Married-civ-spouse,Other-service,Husband,White,Male,United-States,<=50K
32,447066,13,15024,0,50,Private,Bachelors,Married-civ-spouse,Sales,Husband,Black,Male,United-States,>50K
26,340335,13,0,0,40,Private,Bachelors,Never-married,Adm-clerical,Not-in-family,White,Female,United-States,<=50K
39,156897,9,0,2258,42,Private,HS-grad,Never-married,Craft-repair,Own-child,White,Male,United-States,>50K
42,134509,10,0,0,40,Private,Some-college,Never-married,Transport-moving,Unmarried,Black,Female,United-States,<=50K
27,164170,13,0,0,20,Private,Bachelors,Never-married,Tech-support,Unmarried,Asian-Pac-Islander,Female,Philippines,<=50K
42,70055,9,0,0,40,Private,HS-grad,Married-civ-spouse,Handlers-cleaners,Husband,White,Male,United-States,<=50K
62,162678,13,0,0,40,State-gov,Bachelors,Married-civ-spouse,Exec-managerial,Husband,White,Male,United-States,<=50K
28,167336,10,10520,0,40,Private,Some-college,Never-married,Exec-managerial,Not-in-family,White,Female,United-States,>50K
69,69209,13,3818,0,30,Self-emp-inc,Bachelors,Married-civ-spouse,Machine-op-inspct,Husband,White,Male,United-States,<=50K
18,191117,7,0,0,20,State-gov,11th,Never-married,Other-service,Own-child,White,Male,United-States,<=50K
40,175935,13,14084,0,40,Private,Bachelors,Divorced,Sales,Not-in-family,White,Male,United-States,>50K
58,343957,13,0,0,50,Private,Bachelors,Divorced,Sales,Not-in-family,White,Male,United-States,<=50K
21,199177,9,0,0,40,MISSING,HS-grad,Never-married,MISSING,Not-in-family,White,Female,United-States,<=50K
35,124483,13,0,0,50,Private,Bachelors,Never-married,Sales,Not-in-family,Asian-Pac-Islander,Male,MISSING,>50K
21,188923,10,0,0,55,Private,Some-college,Never-married,Sales,Own-child,White,Female,United-States,<=50K
42,199095,11,0,0,40,Local-gov,Assoc-voc,Widowed,Prof-specialty,Unmarried,Black,Female,United-States,<=50K
55,157079,10,0,0,40,Private,Some-college,Married-civ-spouse,Protective-serv,Husband,Black,Male,MISSING,>50K
23,110677,10,0,0,15,Private,Some-college,Never-married,Other-service,Own-child,White,Female,United-States,<=50K
43,171841,13,0,0,40,Private,Bachelors,Married-civ-spouse,Sales,Husband,White,Male,United-States,>50K
51,165001,14,25236,0,50,Self-emp-not-inc,Masters,Divorced,Exec-managerial,Unmarried,White,Male,United-States,>50K
33,183612,9,0,0,40,Private,HS-grad,Married-civ-spouse,Machine-op-inspct,Husband,White,Male,United-States,>50K
57,73309,9,0,0,55,Self-emp-not-inc,HS-grad,Widowed,Craft-repair,Not-in-family,White,Male,United-States,>50K
32,377836,11,0,0,40,Self-emp-inc,Assoc-voc,Married-civ-spouse,Exec-managerial,Husband,White,Male,United-States,<=50K
29,83003,9,0,0,40,Private,HS-grad,Married-civ-spouse,Other-service,Wife,White,Female,United-States,<=50K
58,183810,10,0,0,40,Private,Some-college,Married-civ-spouse,Exec-managerial,Husband,White,Male,United-States,<=50K
49,202874,9,0,0,40,MISSING,HS-grad,Separated,MISSING,Unmarried,White,Female,Columbia,<=50K
54,143822,10,0,0,45,Private,Some-college,Married-civ-spouse,Craft-repair,Husband,White,Male,United-States,>50K
35,135289,9,0,0,60,Self-emp-inc,HS-grad,Married-civ-spouse,Other-service,Husband,White,Male,United-States,<=50K
33,258498,10,0,0,60,Private,Some-college,Married-civ-spouse,Craft-repair,Wife,White,Female,United-States,<=50K
46,87250,13,0,0,40,Private,Bachelors,Separated,Tech-support,Unmarried,White,Female,United-States,<=50K
31,182237,12,4386,0,45,Private,Assoc-acdm,Married-civ-spouse,Sales,Husband,White,Male,United-States,>50K
59,139344,10,0,0,40,Private,Some-college,Married-civ-spouse,Adm-clerical,Wife,White,Female,United-States,>50K
30,295010,9,0,0,40,Private,HS-grad,Never-married,Adm-clerical,Not-in-family,White,Female,United-States,<=50K
65,299494,7,1797,0,40,MISSING,11th,Married-civ-spouse,MISSING,Husband,White,Male,United-States,<=50K
30,202450,9,0,0,65,Private,HS-grad,Married-civ-spouse,Transport-moving,Husband,White,Male,United-States,>50K
66,76212,9,0,0,50,Self-emp-inc,HS-grad,Married-civ-spouse,Transport-moving,Husband,White,Male,United-States,>50K
20,219262,5,0,0,50,Private,9th,Never-married,Transport-moving,Not-in-family,White,Male,United-States,<=50K
23,134997,10,0,0,20,MISSING,Some-college,Separated,MISSING,Unmarried,White,Female,United-States,<=50K
34,165737,14,0,0,43,Private,Masters,Married-civ-spouse,Prof-specialty,Husband,Asian-Pac-Islander,Male,India,>50K
34,118551,13,0,0,40,Private,Bachelors,Never-married,Tech-support,Not-in-family,White,Female,United-States,<=50K
40,129298,9,0,0,45,Self-emp-not-inc,HS-grad,Married-civ-spouse,Other-service,Husband,White,Male,United-States,<=50K
46,165138,10,0,0,45,Private,Some-college,Married-civ-spouse,Transport-moving,Husband,White,Male,United-States,>50K
35,258037,9,0,0,40,Local-gov,HS-grad,Married-civ-spouse,Craft-repair,Husband,White,Male,Cuba,>50K
46,204928,10,0,0,40,Self-emp-inc,Some-college,Married-civ-spouse,Sales,Husband,White,Male,United-States,<=50K
50,238187,13,0,0,37,State-gov,Bachelors,Divorced,Adm-clerical,Not-in-family,Black,Female,United-States,<=50K
68,196782,4,0,0,30,MISSING,7th-8th,Married-civ-spouse,MISSING,Husband,White,Male,United-States,<=50K
57,182062,6,0,0,40,Private,10th,Married-civ-spouse,Other-service,Husband,White,Male,United-States,<=50K
69,88566,5,1424,0,35,Private,9th,Married-civ-spouse,Other-service,Husband,White,Male,United-States,<=50K
40,198452,7,0,0,40,Private,11th,Married-civ-spouse,Farming-fishing,Husband,White,Male,United-States,<=50K
45,188950,14,0,0,50,Private,Masters,Married-civ-spouse,Exec-managerial,Husband,White,Male,United-States,>50K
36,144154,9,0,0,40,Private,HS-grad,Divorced,Exec-managerial,Not-in-family,White,Female,United-States,<=50K
42,269028,16,0,0,40,Private,Doctorate,Married-civ-spouse,Prof-specialty,Husband,White,Male,France,<=50K
42,121718,10,0,0,40,Private,Some-college,Married-civ-spouse,Adm-clerical,Husband,White,Male,Germany,<=50K
31,240283,13,0,0,40,Private,Bachelors,Married-civ-spouse,Adm-clerical,Wife,White,Female,United-States,>50K
49,164799,9,0,0,40,Private,HS-grad,Married-civ-spouse,Machine-op-inspct,Husband,White,Male,United-States,>50K
19,205829,9,0,0,35,Private,HS-grad,Never-married,Sales,Own-child,White,Female,United-States,<=50K
47,164113,10,7688,0,40,Private,Some-college,Married-civ-spouse,Craft-repair,Husband,Black,Male,United-States,>50K
21,57916,9,0,0,40,Private,HS-grad,Separated,Farming-fishing,Own-child,White,Male,United-States,<=50K
36,168276,6,0,0,40,Private,10th,Divorced,Other-service,Not-in-family,White,Female,United-States,<=50K
24,196742,9,0,0,40,Private,HS-grad,Divorced,Other-service,Unmarried,White,Female,United-States,<=50K
72,289930,13,991,0,7,MISSING,Bachelors,Separated,MISSING,Not-in-family,White,Female,United-States,<=50K
29,200928,9,0,0,40,Private,HS-grad,Married-civ-spouse,Exec-managerial,Husband,White,Male,United-States,>50K
21,180052,10,0,0,30,Private,Some-college,Never-married,Transport-moving,Own-child,White,Male,United-States,<=50K
19,184121,9,0,0,20,Private,HS-grad,Never-married,Other-service,Own-child,White,Male,United-States,<=50K
50,196193,13,0,0,40,Private,Bachelors,Married-civ-spouse,Craft-repair,Husband,White,Male,MISSING,<=50K
31,145139,13,0,0,40,Private,Bachelors,Married-civ-spouse,Craft-repair,Husband,White,Male,United-States,>50K
44,123983,13,0,0,40,Private,Bachelors,Divorced,Other-service,Not-in-family,Asian-Pac-Islander,Male,China,<=50K
34,177675,13,0,0,40,Private,Bachelors,Married-civ-spouse,Tech-support,Husband,White,Male,United-States,>50K
46,309895,10,0,0,40,Private,Some-college,Separated,Adm-clerical,Unmarried,White,Female,United-States,<=50K
40,201764,9,0,0,40,Private,HS-grad,Divorced,Craft-repair,Not-in-family,White,Male,United-States,<=50K
45,164210,10,0,0,40,Private,Some-college,Divorced,Exec-managerial,Not-in-family,White,Female,United-States,<=50K
38,105150,13,0,0,45,Private,Bachelors,Married-civ-spouse,Prof-specialty,Husband,White,Male,United-States,>50K
25,297154,9,2407,0,40,Private,HS-grad,Married-civ-spouse,Handlers-cleaners,Husband,White,Male,United-States,<=50K
39,225605,9,0,0,24,Private,HS-grad,Married-civ-spouse,Farming-fishing,Husband,White,Male,United-States,<=50K
57,140426,16,0,1977,40,Private,Doctorate,Married-civ-spouse,Tech-support,Husband,White,Male,Germany,>50K
63,216413,13,0,0,25,Private,Bachelors,Widowed,Adm-clerical,Not-in-family,White,Female,United-States,<=50K
30,152453,7,0,0,40,Private,11th,Married-civ-spouse,Other-service,Husband,White,Male,Mexico,<=50K
34,110622,13,0,0,40,Private,Bachelors,Never-married,Exec-managerial,Not-in-family,Asian-Pac-Islander,Female,Philippines,<=50K
32,244665,9,5178,0,45,Self-emp-inc,HS-grad,Married-civ-spouse,Craft-repair,Husband,White,Male,United-States,>50K
67,95113,9,0,0,37,Private,HS-grad,Married-civ-spouse,Exec-managerial,Husband,White,Male,United-States,>50K
35,239755,10,0,0,50,Private,Some-college,Never-married,Sales,Unmarried,White,Male,United-States,<=50K
45,106110,10,0,0,99,Self-emp-not-inc,Some-college,Married-civ-spouse,Other-service,Wife,White,Female,United-States,<=50K
23,53513,13,0,0,45,Private,Bachelors,Never-married,Exec-managerial,Own-child,White,Female,United-States,<=50K
55,115439,15,99999,0,40,Private,Prof-school,Married-civ-spouse,Exec-managerial,Husband,White,Male,United-States,>50K
36,192939,14,0,1977,60,Private,Masters,Married-civ-spouse,Prof-specialty,Husband,White,Male,United-States,>50K
41,53956,13,0,1980,56,Private,Bachelors,Divorced,Sales,Not-in-family,White,Male,United-States,<=50K
20,190227,14,0,0,25,Private,Masters,Never-married,Exec-managerial,Own-child,White,Male,United-States,<=50K
30,289458,13,0,0,40,Private,Bachelors,Never-married,Exec-managerial,Not-in-family,White,Female,United-States,<=50K
77,84979,16,20051,0,40,Self-emp-inc,Doctorate,Married-civ-spouse,Farming-fishing,Husband,White,Male,United-States,>50K
28,132686,9,0,0,40,Private,HS-grad,Married-civ-spouse,Handlers-cleaners,Husband,White,Male,United-States,>50K
47,246396,9,0,0,40,Private,HS-grad,Married-civ-spouse,Adm-clerical,Husband,White,Male,Mexico,<=50K
37,50837,14,0,0,45,Private,Masters,Married-civ-spouse,Prof-specialty,Husband,White,Male,United-States,>50K
26,483822,4,0,0,40,Private,7th-8th,Never-married,Handlers-cleaners,Unmarried,White,Male,Guatemala,<=50K
42,296982,10,0,0,40,Private,Some-college,Divorced,Sales,Unmarried,White,Male,United-States,<=50K
23,96585,9,0,0,30,Private,HS-grad,Never-married,Handlers-cleaners,Not-in-family,White,Male,United-States,<=50K
48,173938,9,0,0,60,Private,HS-grad,Married-civ-spouse,Exec-managerial,Husband,White,Male,United-States,<=50K
26,103700,10,0,0,40,Private,Some-college,Never-married,Tech-support,Own-child,White,Female,United-States,<=50K
58,78104,9,0,0,45,Self-emp-inc,HS-grad,Married-civ-spouse,Exec-managerial,Husband,White,Male,United-States,<=50K
57,202903,4,1173,0,45,MISSING,7th-8th,Married-civ-spouse,MISSING,Wife,White,Female,Puerto-Rico,<=50K
32,143604,6,0,0,37,Private,10th,Married-spouse-absent,Other-service,Not-in-family,Black,Female,United-States,<=50K
21,306850,9,0,0,40,Private,HS-grad,Never-married,Transport-moving,Own-child,White,Male,United-States,<=50K
44,167005,13,7688,0,60,Private,Bachelors,Married-civ-spouse,Exec-managerial,Husband,White,Male,United-States,>50K
35,225399,9,8614,0,40,Self-emp-not-inc,HS-grad,Never-married,Machine-op-inspct,Own-child,White,Male,United-States,>50K
21,394484,10,0,0,40,Private,Some-college,Never-married,Adm-clerical,Own-child,White,Female,United-States,<=50K
33,147921,9,0,0,40,Local-gov,HS-grad,Widowed,Other-service,Unmarried,White,Female,United-States,<=50K
34,220631,11,0,0,50,Private,Assoc-voc,Never-married,Other-service,Not-in-family,White,Male,MISSING,<=50K
19,105908,9,0,0,70,Private,HS-grad,Never-married,Handlers-cleaners,Other-relative,White,Male,United-States,<=50K
37,171090,5,0,0,48,Private,9th,Married-civ-spouse,Machine-op-inspct,Wife,Black,Female,United-States,<=50K
20,41035,10,0,0,20,MISSING,Some-college,Never-married,MISSING,Own-child,White,Male,United-States,<=50K
53,153486,6,0,0,40,State-gov,10th,Married-civ-spouse,Transport-moving,Husband,White,Male,United-States,>50K
43,188696,11,0,0,40,Private,Assoc-voc,Divorced,Machine-op-inspct,Not-in-family,White,Male,United-States,<=50K
20,390817,3,0,0,25,Private,5th-6th,Never-married,Handlers-cleaners,Not-in-family,White,Male,Mexico,<=50K
67,103315,14,15831,0,72,Local-gov,Masters,Never-married,Exec-managerial,Other-relative,White,Female,United-States,>50K
47,213140,11,7688,0,40,Private,Assoc-voc,Married-civ-spouse,Craft-repair,Husband,White,Male,United-States,>50K
41,119721,9,0,0,40,Private,HS-grad,Married-civ-spouse,Tech-support,Husband,White,Male,United-States,<=50K
36,35309,13,0,0,40,Private,Bachelors,Married-civ-spouse,Exec-managerial,Husband,White,Male,United-States,<=50K
47,268022,9,0,0,55,Private,HS-grad,Married-civ-spouse,Transport-moving,Husband,White,Male,United-States,>50K
24,59146,9,0,0,48,Private,HS-grad,Separated,Sales,Unmarried,White,Female,United-States,<=50K
62,320376,9,0,0,48,Self-emp-not-inc,HS-grad,Married-civ-spouse,Sales,Wife,White,Female,United-States,<=50K
35,185325,13,0,0,50,Private,Bachelors,Married-civ-spouse,Prof-specialty,Husband,White,Male,United-States,>50K
28,288731,13,0,0,20,State-gov,Bachelors,Married-civ-spouse,Prof-specialty,Husband,White,Male,United-States,<=50K
37,34378,10,0,0,35,Private,Some-college,Married-civ-spouse,Craft-repair,Husband,White,Male,United-States,<=50K
25,157617,9,0,0,40,State-gov,HS-grad,Never-married,Exec-managerial,Not-in-family,White,Male,United-States,<=50K
19,263932,9,0,0,20,Private,HS-grad,Never-married,Other-service,Own-child,White,Female,United-States,<=50K
47,84790,10,0,0,40,Private,Some-college,Married-civ-spouse,Craft-repair,Husband,White,Male,United-States,<=50K
18,252046,9,0,0,30,MISSING,HS-grad,Never-married,MISSING,Own-child,White,Female,United-States,<=50K
43,164790,10,0,0,50,State-gov,Some-college,Divorced,Adm-clerical,Not-in-family,Black,Male,United-States,>50K
72,177121,13,0,0,3,MISSING,Bachelors,Married-civ-spouse,MISSING,Husband,White,Male,United-States,<=50K
27,196044,10,0,0,60,Private,Some-college,Married-civ-spouse,Craft-repair,Husband,White,Male,United-States,<=50K
22,409230,8,0,0,40,Private,12th,Never-married,Transport-moving,Other-relative,White,Male,United-States,<=50K
43,405374,10,0,0,40,MISSING,Some-college,Separated,MISSING,Not-in-family,Black,Male,United-States,<=50K
33,403468,9,0,0,40,Private,HS-grad,Married-civ-spouse,Machine-op-inspct,Wife,White,Female,Mexico,<=50K
29,119848,13,0,0,40,Federal-gov,Bachelors,Never-married,Prof-specialty,Not-in-family,White,Female,United-States,<=50K
20,401690,9,0,0,30,MISSING,HS-grad,Never-married,MISSING,Not-in-family,White,Female,United-States,<=50K
41,355918,9,0,0,40,Federal-gov,HS-grad,Married-civ-spouse,Tech-support,Husband,White,Male,United-States,>50K
44,115562,10,0,0,40,Private,Some-college,Married-civ-spouse,Tech-support,Husband,White,Male,United-States,<=50K
60,193038,10,0,0,15,Self-emp-not-inc,Some-college,Married-civ-spouse,Farming-fishing,Husband,White,Male,United-States,<=50K
18,171088,10,0,0,10,Private,Some-college,Never-married,Sales,Own-child,White,Female,United-States,<=50K
66,212759,13,6767,0,20,MISSING,Bachelors,Married-civ-spouse,MISSING,Husband,White,Male,United-States,<=50K
38,22245,10,0,0,50,Private,Some-college,Divorced,Exec-managerial,Not-in-family,White,Male,United-States,<=50K
38,132879,9,7298,0,50,Private,HS-grad,Married-civ-spouse,Craft-repair,Husband,White,Male,United-States,>50K
49,44434,10,0,0,35,Private,Some-college,Divorced,Tech-support,Other-relative,White,Male,United-States,<=50K
47,216657,14,0,0,35,Local-gov,Masters,Never-married,Prof-specialty,Not-in-family,White,Male,United-States,>50K
33,181372,14,0,0,50,Private,Masters,Married-civ-spouse,Exec-managerial,Wife,White,Female,United-States,>50K
35,253006,10,7688,0,38,Private,Some-college,Married-civ-spouse,Prof-specialty,Husband,White,Male,United-States,>50K
32,261056,13,2174,0,60,Self-emp-not-inc,Bachelors,Never-married,Prof-specialty,Own-child,Black,Female,MISSING,<=50K
28,263128,10,0,0,60,Private,Some-college,Never-married,Adm-clerical,Not-in-family,White,Female,United-States,<=50K
23,208946,13,0,0,32,Private,Bachelors,Never-married,Sales,Own-child,White,Male,United-States,<=50K
23,203003,4,0,0,25,Private,7th-8th,Never-married,Craft-repair,Not-in-family,White,Male,Germany,<=50K
34,213887,16,0,0,32,Self-emp-not-inc,Doctorate,Married-civ-spouse,Prof-specialty,Husband,White,Male,Canada,>50K
27,288229,13,0,0,50,Private,Bachelors,Never-married,Adm-clerical,Own-child,Asian-Pac-Islander,Female,Laos,<=50K
40,177595,10,0,1579,40,Federal-gov,Some-college,Married-civ-spouse,Craft-repair,Husband,White,Male,United-States,<=50K
44,191149,10,0,0,57,Private,Some-college,Divorced,Adm-clerical,Unmarried,White,Female,United-States,<=50K
37,151764,10,0,0,50,Private,Some-college,Married-civ-spouse,Exec-managerial,Husband,White,Male,United-States,<=50K
32,256609,8,0,0,40,Private,12th,Married-civ-spouse,Machine-op-inspct,Husband,White,Male,Mexico,<=50K
28,190836,9,0,0,50,Self-emp-not-inc,HS-grad,Married-civ-spouse,Sales,Husband,White,Male,United-States,>50K
51,123011,13,0,2559,50,Private,Bachelors,Divorced,Exec-managerial,Not-in-family,White,Male,United-States,>50K
26,176077,10,0,0,40,MISSING,Some-college,Never-married,MISSING,Unmarried,White,Female,United-States,<=50K
20,362999,10,0,0,20,Private,Some-college,Never-married,Adm-clerical,Own-child,White,Female,United-States,<=50K
38,191479,10,0,0,40,Private,Some-college,Divorced,Exec-managerial,Own-child,Black,Female,United-States,<=50K
46,585361,5,0,0,40,Private,9th,Divorced,Exec-managerial,Unmarried,White,Female,United-States,<=50K
21,83033,10,2176,0,20,Private,Some-college,Never-married,Adm-clerical,Own-child,White,Female,United-States,<=50K
18,426895,8,0,0,55,Private,12th,Never-married,Farming-fishing,Own-child,White,Male,United-States,<=50K
19,285263,9,0,0,40,Private,HS-grad,Never-married,Adm-clerical,Own-child,White,Male,United-States,<=50K
37,108913,9,0,0,40,Private,HS-grad,Never-married,Other-service,Not-in-family,White,Male,United-States,<=50K
66,174491,9,0,0,40,Private,HS-grad,Married-civ-spouse,Handlers-cleaners,Husband,White,Male,United-States,<=50K
34,329993,10,0,0,40,Private,Some-college,Married-civ-spouse,Adm-clerical,Husband,White,Male,United-States,<=50K
36,146412,10,0,0,40,Private,Some-college,Divorced,Adm-clerical,Unmarried,White,Female,United-States,<=50K
36,531055,9,0,1902,48,Private,HS-grad,Married-civ-spouse,Craft-repair,Husband,White,Male,United-States,>50K
62,84756,5,0,0,35,Private,9th,Married-civ-spouse,Other-service,Husband,White,Male,United-States,<=50K
18,231193,8,0,0,30,Private,12th,Never-married,Machine-op-inspct,Own-child,White,Male,United-States,<=50K
28,356089,13,0,0,50,Local-gov,Bachelors,Never-married,Prof-specialty,Other-relative,White,Male,United-States,<=50K
28,179949,9,0,0,20,Private,HS-grad,Divorced,Transport-moving,Unmarried,Black,Female,United-States,<=50K
42,112181,9,0,0,40,Private,HS-grad,Married-civ-spouse,Machine-op-inspct,Wife,White,Female,United-States,<=50K
19,231688,10,0,0,20,Private,Some-college,Never-married,Machine-op-inspct,Own-child,White,Male,United-States,<=50K
58,123329,9,0,0,16,State-gov,HS-grad,Never-married,Adm-clerical,Not-in-family,White,Female,United-States,<=50K
25,210278,13,0,0,30,Self-emp-not-inc,Bachelors,Never-married,Prof-specialty,Own-child,White,Male,United-States,<=50K
34,209297,9,0,2001,40,Private,HS-grad,Never-married,Machine-op-inspct,Not-in-family,Black,Male,United-States,<=50K
28,499001,9,0,0,40,Private,HS-grad,Never-married,Craft-repair,Unmarried,White,Male,Mexico,<=50K
30,102130,10,0,0,40,Local-gov,Some-college,Married-civ-spouse,Craft-repair,Husband,White,Male,United-States,<=50K
40,57233,9,0,0,60,Self-emp-inc,HS-grad,Married-civ-spouse,Exec-managerial,Husband,White,Male,United-States,>50K
36,422275,3,0,0,40,State-gov,5th-6th,Married-civ-spouse,Other-service,Husband,White,Male,Mexico,<=50K
41,101593,14,0,0,50,Private,Masters,Married-civ-spouse,Exec-managerial,Husband,White,Male,United-States,>50K
42,183765,12,0,0,40,Self-emp-not-inc,Assoc-acdm,Married-civ-spouse,Sales,Husband,White,Male,MISSING,<=50K
52,187356,6,0,0,41,Private,10th,Married-civ-spouse,Machine-op-inspct,Husband,White,Male,United-States,<=50K
41,185145,9,0,0,45,Private,HS-grad,Married-civ-spouse,Tech-support,Husband,White,Male,MISSING,>50K
65,212562,7,0,0,20,Private,11th,Married-civ-spouse,Handlers-cleaners,Husband,White,Male,United-States,<=50K
55,213894,7,0,0,40,Private,11th,Separated,Adm-clerical,Unmarried,Black,Female,United-States,<=50K
29,206903,15,0,0,55,Self-emp-inc,Prof-school,Married-civ-spouse,Prof-specialty,Husband,White,Male,United-States,>50K
42,201732,10,0,0,40,Private,Some-college,Married-civ-spouse,Sales,Husband,White,Male,United-States,>50K
24,29591,13,0,0,40,Federal-gov,Bachelors,Never-married,Prof-specialty,Not-in-family,Other,Female,United-States,<=50K
64,102470,9,0,0,40,Private,HS-grad,Married-civ-spouse,Craft-repair,Husband,White,Male,United-States,<=50K
35,22055,10,0,0,60,Private,Some-college,Married-civ-spouse,Prof-specialty,Husband,Amer-Indian-Eskimo,Male,United-States,<=50K
18,115258,7,0,0,12,MISSING,11th,Never-married,MISSING,Own-child,White,Male,United-States,<=50K
30,460408,10,0,1672,45,Private,Some-college,Married-civ-spouse,Sales,Husband,White,Male,United-States,<=50K
27,135520,9,0,0,40,Private,HS-grad,Married-civ-spouse,Machine-op-inspct,Wife,White,Female,Dominican-Republic,<=50K
27,61387,13,0,0,15,MISSING,Bachelors,Married-civ-spouse,MISSING,Husband,White,Male,United-States,<=50K
37,259882,11,0,0,6,Private,Assoc-voc,Never-married,Sales,Unmarried,Black,Female,United-States,<=50K
51,36186,13,0,0,40,Federal-gov,Bachelors,Married-civ-spouse,Prof-specialty,Husband,White,Male,United-States,>50K
42,328581,14,0,0,55,Local-gov,Masters,Married-civ-spouse,Prof-specialty,Husband,White,Male,United-States,<=50K
48,136878,9,0,0,60,Self-emp-inc,HS-grad,Married-civ-spouse,Craft-repair,Husband,White,Male,United-States,>50K
25,267012,11,0,0,45,Private,Assoc-voc,Never-married,Sales,Not-in-family,White,Male,United-States,<=50K
41,139907,11,0,0,30,Private,Assoc-voc,Separated,Craft-repair,Not-in-family,White,Male,United-States,<=50K
28,31842,13,0,0,40,Private,Bachelors,Never-married,Exec-managerial,Own-child,White,Male,United-States,<=50K
44,60414,14,0,0,40,Private,Masters,Married-civ-spouse,Exec-managerial,Husband,White,Male,United-States,>50K
38,112561,13,0,0,55,Private,Bachelors,Married-civ-spouse,Exec-managerial,Husband,White,Male,United-States,>50K
34,226385,14,0,0,40,Private,Masters,Divorced,Exec-managerial,Unmarried,Black,Female,United-States,<=50K
20,218962,9,0,0,40,Private,HS-grad,Never-married,Machine-op-inspct,Not-in-family,White,Male,United-States,<=50K
28,176683,11,0,0,70,Private,Assoc-voc,Married-civ-spouse,Tech-support,Husband,White,Male,United-States,>50K
30,331419,12,4787,0,50,Private,Assoc-acdm,Never-married,Craft-repair,Not-in-family,White,Male,United-States,>50K
57,66504,15,0,0,50,Federal-gov,Prof-school,Divorced,Prof-specialty,Not-in-family,White,Female,United-States,>50K
52,168001,14,0,0,40,Private,Masters,Divorced,Prof-specialty,Not-in-family,White,Female,United-States,>50K
22,154422,10,0,0,30,Private,Some-college,Divorced,Sales,Own-child,Asian-Pac-Islander,Female,Philippines,<=50K
55,120970,6,0,0,40,Private,10th,Married-civ-spouse,Craft-repair,Husband,Black,Male,United-States,>50K
45,205100,13,15024,0,60,Private,Bachelors,Married-civ-spouse,Exec-managerial,Husband,White,Male,United-States,>50K
41,282964,10,0,0,40,Private,Some-college,Divorced,Adm-clerical,Not-in-family,White,Female,United-States,<=50K
34,25322,13,0,2339,40,Private,Bachelors,Married-spouse-absent,Machine-op-inspct,Not-in-family,Asian-Pac-Islander,Male,MISSING,<=50K
30,311913,9,0,0,40,Local-gov,HS-grad,Married-civ-spouse,Adm-clerical,Wife,White,Female,United-States,>50K
41,355918,13,0,0,35,Self-emp-not-inc,Bachelors,Separated,Craft-repair,Not-in-family,White,Male,United-States,<=50K
42,153414,13,0,0,40,Private,Bachelors,Married-civ-spouse,Sales,Husband,Black,Male,United-States,>50K
18,331511,10,0,0,30,MISSING,Some-college,Never-married,MISSING,Own-child,White,Male,United-States,<=50K
45,154117,9,0,0,38,State-gov,HS-grad,Divorced,Exec-managerial,Unmarried,White,Female,United-States,>50K
42,32546,15,7430,0,40,Self-emp-not-inc,Prof-school,Divorced,Prof-specialty,Unmarried,White,Male,United-States,>50K
60,193235,12,0,0,24,Private,Assoc-acdm,Married-civ-spouse,Adm-clerical,Husband,White,Male,United-States,<=50K
50,174655,10,0,0,45,Private,Some-college,Married-civ-spouse,Sales,Husband,White,Male,United-States,>50K
35,538583,7,3674,0,40,Private,11th,Separated,Transport-moving,Not-in-family,Black,Male,United-States,<=50K
43,154538,12,0,0,40,Private,Assoc-acdm,Divorced,Craft-repair,Not-in-family,White,Male,United-States,<=50K
57,29375,9,0,0,35,Private,HS-grad,Separated,Sales,Not-in-family,Amer-Indian-Eskimo,Female,United-States,<=50K
23,377121,10,0,0,25,Private,Some-college,Never-married,Other-service,Unmarried,White,Female,United-States,<=50K
66,101607,9,0,0,10,Private,HS-grad,Divorced,Machine-op-inspct,Not-in-family,White,Male,United-States,<=50K
21,65225,10,0,0,30,Private,Some-college,Never-married,Adm-clerical,Not-in-family,White,Female,United-States,<=50K
45,192835,9,3942,0,40,Private,HS-grad,Married-civ-spouse,Other-service,Husband,White,Male,United-States,<=50K
27,94064,11,0,0,40,Private,Assoc-voc,Divorced,Machine-op-inspct,Not-in-family,White,Male,United-States,<=50K
40,188942,10,0,0,40,Private,Some-college,Married-civ-spouse,Sales,Wife,Black,Female,Puerto-Rico,<=50K
28,183597,16,594,0,50,Private,Doctorate,Never-married,Prof-specialty,Not-in-family,White,Male,Germany,<=50K
46,358886,9,0,0,40,Private,HS-grad,Married-civ-spouse,Machine-op-inspct,Husband,White,Male,United-States,<=50K
51,111939,13,0,0,50,Private,Bachelors,Married-civ-spouse,Prof-specialty,Husband,White,Male,United-States,>50K
56,285730,14,0,0,66,Private,Masters,Never-married,Prof-specialty,Not-in-family,White,Male,United-States,<=50K
37,73199,13,3137,0,77,Self-emp-not-inc,Bachelors,Married-civ-spouse,Sales,Husband,Asian-Pac-Islander,Male,Vietnam,<=50K
27,89813,9,0,0,40,Private,HS-grad,Never-married,Handlers-cleaners,Own-child,White,Female,United-States,<=50K
19,115248,10,0,0,40,Private,Some-college,Never-married,Adm-clerical,Not-in-family,Asian-Pac-Islander,Male,Vietnam,<=50K
19,143867,10,0,0,40,MISSING,Some-college,Never-married,MISSING,Own-child,White,Male,United-States,<=50K
50,21095,10,0,0,40,Private,Some-college,Divorced,Other-service,Unmarried,Asian-Pac-Islander,Male,Philippines,<=50K
49,123088,10,0,0,46,Local-gov,Some-college,Married-civ-spouse,Exec-managerial,Husband,White,Male,United-States,<=50K
42,263871,9,0,0,8,Local-gov,HS-grad,Married-civ-spouse,Adm-clerical,Husband,White,Male,United-States,<=50K
31,310773,10,0,0,40,Private,Some-college,Separated,Sales,Unmarried,White,Female,Mexico,<=50K
62,56248,13,0,2415,60,Self-emp-inc,Bachelors,Married-civ-spouse,Farming-fishing,Husband,White,Male,United-States,>50K
25,114838,15,0,0,8,Private,Prof-school,Never-married,Prof-specialty,Not-in-family,White,Female,Italy,<=50K
46,30219,10,7688,0,38,State-gov,Some-college,Married-civ-spouse,Exec-managerial,Husband,White,Male,United-States,>50K
36,111128,9,0,0,40,Private,HS-grad,Separated,Craft-repair,Own-child,White,Male,United-States,<=50K
42,126320,10,0,0,40,Federal-gov,Some-college,Married-civ-spouse,Transport-moving,Husband,Black,Male,United-States,<=50K
61,226297,13,0,0,40,Private,Bachelors,Married-civ-spouse,Exec-managerial,Husband,White,Male,United-States,<=50K
40,116632,13,0,0,40,Private,Bachelors,Never-married,Sales,Own-child,White,Male,United-States,<=50K
48,395368,10,0,0,40,Private,Some-college,Divorced,Handlers-cleaners,Other-relative,Black,Male,United-States,<=50K
54,146409,10,0,0,40,Private,Some-college,Widowed,Exec-managerial,Unmarried,White,Female,United-States,<=50K
37,287031,10,5178,0,75,Private,Some-college,Married-civ-spouse,Craft-repair,Husband,White,Male,United-States,>50K
34,167497,10,7688,0,50,Private,Some-college,Married-civ-spouse,Exec-managerial,Wife,White,Female,United-States,>50K
40,243580,13,0,0,48,Local-gov,Bachelors,Married-civ-spouse,Prof-specialty,Husband,White,Male,United-States,<=50K
51,82578,14,0,0,38,Private,Masters,Married-civ-spouse,Prof-specialty,Husband,White,Male,Canada,>50K
41,220460,12,0,0,20,Private,Assoc-acdm,Married-civ-spouse,Sales,Husband,White,Male,United-States,<=50K
27,176761,9,0,0,40,Private,HS-grad,Never-married,Craft-repair,Other-relative,Other,Male,Nicaragua,<=50K
31,272069,11,0,0,40,Private,Assoc-voc,Divorced,Transport-moving,Not-in-family,White,Male,United-States,<=50K
31,407930,4,0,0,40,Private,7th-8th,Married-civ-spouse,Handlers-cleaners,Husband,White,Male,United-States,<=50K
30,55481,14,0,0,45,Private,Masters,Never-married,Tech-support,Unmarried,White,Male,Nicaragua,<=50K
22,183970,9,0,0,40,Private,HS-grad,Never-married,Handlers-cleaners,Own-child,Black,Male,United-States,<=50K
61,110920,6,0,0,40,Private,10th,Married-civ-spouse,Sales,Husband,White,Male,United-States,<=50K
35,204163,10,0,0,55,Private,Some-college,Divorced,Machine-op-inspct,Unmarried,Black,Female,United-States,<=50K
25,164488,13,0,0,40,Private,Bachelors,Never-married,Tech-support,Not-in-family,White,Male,United-States,<=50K
46,148995,9,0,0,40,Private,HS-grad,Married-civ-spouse,Sales,Husband,White,Male,United-States,>50K
26,149943,9,0,0,60,Private,HS-grad,Never-married,Other-service,Other-relative,Asian-Pac-Islander,Male,MISSING,<=50K
34,581071,9,0,0,48,Private,HS-grad,Separated,Adm-clerical,Not-in-family,White,Male,United-States,>50K
31,116677,9,0,0,40,State-gov,HS-grad,Married-civ-spouse,Sales,Husband,White,Male,United-States,<=50K
27,221252,9,0,0,8,Private,HS-grad,Never-married,Adm-clerical,Not-in-family,Amer-Indian-Eskimo,Female,United-States,<=50K
32,131584,9,7298,0,40,Private,HS-grad,Married-civ-spouse,Sales,Husband,White,Male,United-States,>50K
27,60726,9,0,0,40,MISSING,HS-grad,Never-married,MISSING,Own-child,Black,Male,United-States,<=50K
49,67001,9,0,0,40,Local-gov,HS-grad,Married-civ-spouse,Transport-moving,Husband,White,Male,United-States,<=50K
27,105189,9,4865,0,50,Federal-gov,HS-grad,Divorced,Adm-clerical,Not-in-family,White,Male,United-States,<=50K
17,321880,6,0,0,15,Private,10th,Never-married,Other-service,Own-child,Black,Male,United-States,<=50K
23,259496,9,0,0,40,Private,HS-grad,Never-married,Machine-op-inspct,Own-child,White,Female,United-States,<=50K
43,192712,10,0,0,40,Federal-gov,Some-college,Married-civ-spouse,Prof-specialty,Wife,White,Female,United-States,>50K
51,138847,13,0,0,40,Private,Bachelors,Married-civ-spouse,Exec-managerial,Husband,White,Male,United-States,>50K
46,126513,9,0,0,40,Private,HS-grad,Separated,Craft-repair,Unmarried,Black,Female,MISSING,<=50K
36,213008,12,0,0,40,Self-emp-inc,Assoc-acdm,Married-civ-spouse,Exec-managerial,Husband,White,Male,United-States,>50K
31,131425,13,0,0,40,Private,Bachelors,Married-civ-spouse,Craft-repair,Husband,White,Male,United-States,<=50K
52,144361,11,0,1902,40,Private,Assoc-voc,Married-civ-spouse,Craft-repair,Husband,White,Male,United-States,>50K
33,123253,13,0,0,55,Private,Bachelors,Married-civ-spouse,Exec-managerial,Husband,White,Male,United-States,>50K
28,30070,13,0,0,50,Private,Bachelors,Married-civ-spouse,Sales,Husband,White,Male,United-States,<=50K
23,263899,9,0,0,12,MISSING,HS-grad,Never-married,MISSING,Own-child,Black,Male,England,<=50K
37,140673,10,0,0,40,Private,Some-college,Married-civ-spouse,Sales,Wife,White,Female,United-States,>50K
27,204497,6,0,0,75,Private,10th,Divorced,Transport-moving,Not-in-family,Amer-Indian-Eskimo,Male,United-States,<=50K
19,250249,10,0,0,10,Private,Some-college,Never-married,Adm-clerical,Own-child,White,Female,United-States,<=50K
38,372484,7,0,0,40,Private,11th,Never-married,Other-service,Own-child,Black,Female,United-States,<=50K
54,215990,10,7688,0,40,Private,Some-college,Married-civ-spouse,Tech-support,Husband,White,Male,United-States,>50K
48,184787,4,0,0,50,Self-emp-inc,7th-8th,Married-civ-spouse,Craft-repair,Husband,White,Male,United-States,>50K
42,284758,9,0,0,40,Private,HS-grad,Divorced,Exec-managerial,Unmarried,White,Female,United-States,<=50K
49,281647,14,0,0,45,Private,Masters,Married-civ-spouse,Exec-managerial,Husband,White,Male,United-States,>50K
32,390157,13,0,0,40,Private,Bachelors,Never-married,Prof-specialty,Not-in-family,Black,Female,United-States,<=50K
28,375482,13,0,0,40,Private,Bachelors,Never-married,Sales,Not-in-family,White,Male,United-States,<=50K
37,588003,13,15024,0,40,Private,Bachelors,Married-civ-spouse,Exec-managerial,Husband,White,Male,United-States,>50K
17,228786,6,0,0,24,Self-emp-not-inc,10th,Never-married,Other-service,Own-child,White,Female,United-States,<=50K
27,271603,4,0,0,24,Private,7th-8th,Never-married,Other-service,Not-in-family,White,Male,MISSING,<=50K
48,353824,9,0,0,72,State-gov,HS-grad,Married-civ-spouse,Protective-serv,Husband,White,Male,United-States,>50K
41,445382,14,0,1977,65,Private,Masters,Married-civ-spouse,Exec-managerial,Husband,White,Male,United-States,>50K
25,221757,9,0,0,40,Private,HS-grad,Married-civ-spouse,Machine-op-inspct,Husband,White,Male,United-States,<=50K
25,247025,13,3325,0,48,Private,Bachelors,Never-married,Sales,Not-in-family,White,Male,United-States,<=50K
40,63503,13,0,0,40,Private,Bachelors,Married-civ-spouse,Exec-managerial,Husband,White,Male,United-States,>50K
33,193172,11,7688,0,50,MISSING,Assoc-voc,Married-civ-spouse,MISSING,Own-child,White,Female,United-States,>50K
40,283174,11,0,0,60,Private,Assoc-voc,Married-civ-spouse,Farming-fishing,Husband,White,Male,United-States,<=50K
55,272656,13,0,0,55,Private,Bachelors,Married-civ-spouse,Tech-support,Husband,White,Male,United-States,>50K
27,21306,12,0,0,40,State-gov,Assoc-acdm,Never-married,Adm-clerical,Not-in-family,White,Female,Germany,<=50K
56,141877,13,0,0,40,Federal-gov,Bachelors,Married-civ-spouse,Adm-clerical,Husband,White,Male,United-States,>50K
45,165937,9,0,0,60,Private,HS-grad,Divorced,Transport-moving,Own-child,White,Male,United-States,<=50K
18,80616,6,0,0,27,Private,10th,Never-married,Handlers-cleaners,Own-child,White,Male,United-States,<=50K
25,182227,10,0,0,30,Private,Some-college,Never-married,Adm-clerical,Not-in-family,White,Male,United-States,<=50K
60,232618,9,0,0,40,Local-gov,HS-grad,Married-civ-spouse,Other-service,Husband,White,Male,United-States,<=50K
24,203518,13,0,0,40,Private,Bachelors,Never-married,Prof-specialty,Not-in-family,White,Female,United-States,<=50K
29,270421,13,0,0,50,Private,Bachelors,Married-civ-spouse,Craft-repair,Husband,White,Male,United-States,>50K
31,216827,9,0,0,40,Private,HS-grad,Separated,Other-service,Unmarried,Black,Female,United-States,<=50K
51,141645,10,0,0,40,Private,Some-college,Separated,Exec-managerial,Not-in-family,Black,Female,United-States,<=50K
48,47686,7,0,0,40,Private,11th,Married-civ-spouse,Other-service,Wife,White,Female,United-States,<=50K
49,314773,11,0,0,40,Private,Assoc-voc,Married-civ-spouse,Prof-specialty,Husband,White,Male,United-States,<=50K
36,30509,10,0,0,45,Private,Some-college,Divorced,Prof-specialty,Unmarried,White,Female,United-States,<=50K
48,110457,10,0,0,40,Federal-gov,Some-college,Divorced,Exec-managerial,Not-in-family,White,Male,United-States,<=50K
19,331556,6,0,0,40,Private,10th,Never-married,Other-service,Not-in-family,White,Female,United-States,<=50K
35,491000,11,0,0,40,Private,Assoc-voc,Divorced,Prof-specialty,Own-child,Black,Male,United-States,<=50K
69,111238,5,0,0,20,MISSING,9th,Married-civ-spouse,MISSING,Husband,White,Male,United-States,<=50K
21,123983,10,0,0,10,MISSING,Some-college,Never-married,MISSING,Other-relative,Asian-Pac-Islander,Male,Vietnam,<=50K
56,136413,2,0,0,40,Private,1st-4th,Married-civ-spouse,Craft-repair,Husband,White,Male,United-States,<=50K
24,162593,13,0,0,40,Private,Bachelors,Never-married,Adm-clerical,Not-in-family,Asian-Pac-Islander,Female,United-States,<=50K
50,108926,10,0,0,40,Private,Some-college,Divorced,Machine-op-inspct,Not-in-family,Black,Female,United-States,<=50K
40,195617,10,0,0,20,Private,Some-college,Separated,Exec-managerial,Unmarried,White,Female,United-States,<=50K
59,160362,9,0,0,60,Private,HS-grad,Married-civ-spouse,Sales,Husband,White,Male,United-States,<=50K
53,209906,2,0,0,35,Private,1st-4th,Married-civ-spouse,Other-service,Husband,Black,Male,Puerto-Rico,<=50K
22,183257,10,0,0,20,Private,Some-college,Never-married,Sales,Own-child,Black,Female,United-States,<=50K
36,252231,1,0,0,40,Private,Preschool,Never-married,Machine-op-inspct,Not-in-family,Black,Male,Puerto-Rico,<=50K
41,168293,14,0,0,45,Private,Masters,Divorced,Exec-managerial,Unmarried,White,Female,United-States,<=50K
56,230039,4,0,0,30,Private,7th-8th,Never-married,Other-service,Own-child,White,Female,United-States,<=50K
52,146579,9,0,0,40,Self-emp-not-inc,HS-grad,Divorced,Sales,Unmarried,Black,Male,United-States,<=50K
25,143062,9,0,0,40,State-gov,HS-grad,Never-married,Adm-clerical,Own-child,White,Female,United-States,<=50K
36,104772,9,0,0,48,Private,HS-grad,Divorced,Craft-repair,Unmarried,White,Male,United-States,<=50K
51,147015,10,0,0,50,MISSING,Some-college,Divorced,MISSING,Not-in-family,Black,Male,United-States,<=50K
40,226608,10,0,0,30,Private,Some-college,Divorced,Tech-support,Not-in-family,White,Male,Guatemala,>50K
32,317660,9,7688,0,40,Self-emp-inc,HS-grad,Married-civ-spouse,Craft-repair,Husband,White,Male,United-States,>50K
52,125932,4,0,0,40,Private,7th-8th,Widowed,Other-service,Not-in-family,White,Female,United-States,<=50K
38,32897,7,0,0,40,Private,11th,Divorced,Sales,Unmarried,White,Female,United-States,<=50K
52,131631,7,0,0,40,Private,11th,Separated,Machine-op-inspct,Unmarried,Black,Male,United-States,<=50K
37,408229,9,0,0,40,Federal-gov,HS-grad,Divorced,Tech-support,Unmarried,White,Female,United-States,<=50K
18,189924,9,0,0,24,Private,HS-grad,Never-married,Sales,Own-child,White,Female,United-States,<=50K
28,221452,9,0,0,40,Private,HS-grad,Never-married,Adm-clerical,Not-in-family,White,Male,United-States,<=50K
43,184099,12,0,0,40,Private,Assoc-acdm,Married-civ-spouse,Transport-moving,Husband,White,Male,United-States,<=50K
50,125417,12,0,0,40,Private,Assoc-acdm,Married-civ-spouse,Exec-managerial,Wife,Black,Female,United-States,>50K
59,165695,10,0,0,40,Local-gov,Some-college,Married-civ-spouse,Craft-repair,Husband,White,Male,United-States,<=50K
35,93225,9,0,0,40,Private,HS-grad,Married-civ-spouse,Craft-repair,Husband,White,Male,United-States,<=50K
21,411068,10,0,0,35,Private,Some-college,Never-married,Adm-clerical,Own-child,White,Female,United-States,<=50K
42,369781,4,0,0,25,Self-emp-inc,7th-8th,Divorced,Craft-repair,Unmarried,White,Male,United-States,<=50K
26,34110,10,0,0,44,Private,Some-college,Never-married,Protective-serv,Not-in-family,White,Male,United-States,<=50K
45,188694,9,0,0,40,Self-emp-not-inc,HS-grad,Married-civ-spouse,Exec-managerial,Husband,White,Male,United-States,<=50K
36,336367,12,0,0,50,Private,Assoc-acdm,Never-married,Exec-managerial,Unmarried,White,Male,United-States,<=50K
36,210452,13,0,0,45,Private,Bachelors,Divorced,Prof-specialty,Unmarried,White,Male,United-States,<=50K
32,182323,5,0,0,40,Private,9th,Married-civ-spouse,Craft-repair,Husband,White,Male,United-States,<=50K
26,36201,13,0,0,50,Private,Bachelors,Never-married,Sales,Not-in-family,White,Male,United-States,<=50K
26,192302,10,0,0,25,Private,Some-college,Married-civ-spouse,Exec-managerial,Wife,White,Female,United-States,<=50K
34,516337,7,0,0,40,Private,11th,Married-civ-spouse,Handlers-cleaners,Husband,White,Male,Mexico,<=50K
22,235853,5,0,0,40,Private,9th,Never-married,Sales,Not-in-family,White,Male,United-States,<=50K
31,215047,13,0,0,50,Private,Bachelors,Never-married,Adm-clerical,Not-in-family,White,Male,United-States,<=50K
60,198170,10,0,0,40,Private,Some-college,Married-civ-spouse,Transport-moving,Husband,White,Male,United-States,>50K
48,143299,9,0,0,40,Private,HS-grad,Never-married,Machine-op-inspct,Not-in-family,Black,Male,United-States,<=50K
26,181597,10,0,0,40,Private,Some-college,Married-civ-spouse,Machine-op-inspct,Husband,Black,Male,United-States,<=50K
21,434710,10,0,0,15,Private,Some-college,Never-married,Sales,Not-in-family,White,Female,United-States,<=50K
54,82551,11,0,0,10,Self-emp-not-inc,Assoc-voc,Married-civ-spouse,Tech-support,Other-relative,White,Female,United-States,<=50K
27,191822,9,0,0,50,Private,HS-grad,Married-civ-spouse,Sales,Wife,White,Female,United-States,<=50K
23,352606,9,0,0,40,Private,HS-grad,Divorced,Priv-house-serv,Unmarried,White,Female,United-States,<=50K
39,211154,13,0,0,50,Private,Bachelors,Married-civ-spouse,Tech-support,Husband,White,Male,United-States,<=50K
28,108569,13,0,0,43,Private,Bachelors,Married-civ-spouse,Prof-specialty,Husband,White,Male,United-States,<=50K
23,176486,11,0,0,36,Private,Assoc-voc,Never-married,Adm-clerical,Own-child,White,Female,United-States,<=50K
34,400416,7,0,0,45,Private,11th,Never-married,Machine-op-inspct,Own-child,Black,Male,United-States,<=50K
44,150533,10,0,1876,55,Private,Some-college,Separated,Craft-repair,Not-in-family,White,Male,United-States,<=50K
49,104542,9,0,0,40,Private,HS-grad,Divorced,Adm-clerical,Not-in-family,White,Female,United-States,<=50K
30,303867,9,0,0,44,Private,HS-grad,Separated,Transport-moving,Not-in-family,White,Male,United-States,<=50K
45,40666,11,0,0,60,Self-emp-not-inc,Assoc-voc,Married-civ-spouse,Farming-fishing,Husband,White,Male,United-States,<=50K
47,161950,13,0,0,25,Private,Bachelors,Divorced,Other-service,Not-in-family,White,Female,Germany,<=50K
24,170070,9,0,0,25,Private,HS-grad,Never-married,Machine-op-inspct,Own-child,White,Female,United-States,<=50K
52,231166,11,0,0,40,State-gov,Assoc-voc,Married-civ-spouse,Exec-managerial,Husband,White,Male,United-States,<=50K
36,169926,9,0,0,40,Private,HS-grad,Divorced,Sales,Not-in-family,White,Female,United-States,<=50K
59,202682,9,0,0,40,State-gov,HS-grad,Married-civ-spouse,Sales,Husband,White,Male,United-States,<=50K
23,176178,9,0,0,40,Private,HS-grad,Never-married,Tech-support,Own-child,White,Female,United-States,<=50K
19,169853,9,0,0,24,Private,HS-grad,Never-married,Machine-op-inspct,Own-child,White,Male,United-States,<=50K
44,195488,8,0,0,36,MISSING,12th,Separated,MISSING,Not-in-family,White,Female,Puerto-Rico,<=50K
45,449354,10,0,0,40,Private,Some-college,Married-civ-spouse,Exec-managerial,Husband,White,Male,United-States,<=50K
52,125796,9,0,0,40,Federal-gov,HS-grad,Never-married,Adm-clerical,Not-in-family,Black,Male,United-States,<=50K
54,96710,9,0,0,20,Private,HS-grad,Married-civ-spouse,Priv-house-serv,Other-relative,Black,Female,United-States,<=50K
31,168521,13,0,0,50,Private,Bachelors,Never-married,Exec-managerial,Unmarried,White,Female,United-States,<=50K
38,111398,13,7688,0,40,Private,Bachelors,Married-civ-spouse,Prof-specialty,Wife,White,Female,United-States,>50K
47,148724,9,0,0,40,Private,HS-grad,Married-civ-spouse,Sales,Husband,Black,Male,United-States,<=50K
22,190968,9,0,0,40,Private,HS-grad,Married-civ-spouse,Other-service,Husband,White,Male,United-States,<=50K
54,174319,9,0,0,40,Private,HS-grad,Divorced,Transport-moving,Not-in-family,White,Male,United-States,<=50K
24,57711,14,0,0,35,Private,Masters,Married-civ-spouse,Prof-specialty,Wife,White,Female,United-States,>50K
37,236990,10,3464,0,40,Private,Some-college,Married-civ-spouse,Machine-op-inspct,Husband,White,Male,United-States,<=50K
28,69847,13,0,0,30,Private,Bachelors,Never-married,Adm-clerical,Own-child,Asian-Pac-Islander,Female,United-States,<=50K
28,421967,13,0,0,60,Private,Bachelors,Married-civ-spouse,Exec-managerial,Wife,White,Female,United-States,>50K
32,119124,13,0,0,40,Private,Bachelors,Never-married,Prof-specialty,Own-child,White,Male,United-States,<=50K
19,128363,10,0,0,30,Private,Some-college,Never-married,Sales,Own-child,White,Female,United-States,<=50K
19,277695,1,0,0,36,Private,Preschool,Never-married,Farming-fishing,Not-in-family,White,Male,Hong,<=50K
36,28738,12,0,0,35,Self-emp-not-inc,Assoc-acdm,Divorced,Sales,Unmarried,White,Female,United-States,<=50K
46,191389,9,0,0,28,Private,HS-grad,Married-civ-spouse,Exec-managerial,Wife,White,Female,United-States,>50K
28,189346,9,0,0,40,Private,HS-grad,Divorced,Handlers-cleaners,Own-child,White,Male,United-States,<=50K
47,208407,13,0,2002,30,Self-emp-not-inc,Bachelors,Married-civ-spouse,Prof-specialty,Husband,White,Male,United-States,<=50K
46,20956,13,15024,0,40,Federal-gov,Bachelors,Married-civ-spouse,Exec-managerial,Husband,White,Male,United-States,>50K
52,232132,8,0,0,45,Private,12th,Married-civ-spouse,Machine-op-inspct,Husband,White,Male,United-States,>50K
45,210875,9,0,0,40,Private,HS-grad,Married-civ-spouse,Craft-repair,Husband,White,Male,United-States,<=50K
48,112860,6,0,0,35,MISSING,10th,Married-civ-spouse,MISSING,Wife,Black,Female,United-States,<=50K
47,212120,9,0,0,40,Self-emp-inc,HS-grad,Married-civ-spouse,Craft-repair,Husband,White,Male,United-States,>50K
28,335357,9,0,0,40,Private,HS-grad,Never-married,Handlers-cleaners,Own-child,Black,Male,United-States,<=50K
18,138557,7,0,0,40,Private,11th,Never-married,Handlers-cleaners,Own-child,White,Male,United-States,<=50K
42,209370,9,0,0,30,Private,HS-grad,Separated,Sales,Not-in-family,White,Female,United-States,<=50K
52,240013,14,0,0,70,Self-emp-not-inc,Masters,Married-civ-spouse,Sales,Husband,White,Male,United-States,<=50K
57,180920,9,0,0,40,Private,HS-grad,Married-civ-spouse,Transport-moving,Husband,White,Male,United-States,>50K
30,165503,13,0,0,65,Private,Bachelors,Never-married,Sales,Own-child,White,Female,United-States,<=50K
18,184693,10,0,0,20,Private,Some-college,Never-married,Other-service,Own-child,White,Female,Mexico,<=50K
24,102942,10,0,0,50,Self-emp-not-inc,Some-college,Never-married,Other-service,Not-in-family,White,Female,United-States,<=50K
26,385278,9,0,0,60,Private,HS-grad,Married-civ-spouse,Exec-managerial,Husband,Black,Male,United-States,<=50K
37,257042,9,1506,0,40,Private,HS-grad,Divorced,Craft-repair,Unmarried,White,Male,United-States,<=50K
17,160049,6,0,0,12,Private,10th,Never-married,Other-service,Own-child,White,Female,United-States,<=50K
37,340614,14,0,0,50,Private,Masters,Married-civ-spouse,Prof-specialty,Husband,White,Male,United-States,>50K
23,199915,9,0,0,21,State-gov,HS-grad,Never-married,Other-service,Own-child,White,Female,United-States,<=50K
32,90969,11,0,0,45,Private,Assoc-voc,Married-civ-spouse,Transport-moving,Husband,White,Male,United-States,>50K
22,88126,13,0,0,40,Private,Bachelors,Never-married,Exec-managerial,Own-child,White,Male,United-States,<=50K
50,168212,14,0,1902,45,Private,Masters,Married-civ-spouse,Craft-repair,Husband,White,Male,United-States,>50K
47,146497,10,0,0,16,Private,Some-college,Separated,Adm-clerical,Unmarried,White,Female,Germany,<=50K
39,33355,9,7298,0,48,Private,HS-grad,Married-civ-spouse,Transport-moving,Husband,White,Male,United-States,>50K
35,160120,14,0,0,50,Private,Masters,Married-civ-spouse,Exec-managerial,Husband,Asian-Pac-Islander,Male,United-States,>50K
31,451744,9,0,0,50,Private,HS-grad,Never-married,Craft-repair,Not-in-family,White,Male,United-States,<=50K
46,278322,11,0,0,40,Private,Assoc-voc,Married-civ-spouse,Exec-managerial,Husband,White,Male,United-States,>50K
41,201981,9,0,0,40,Private,HS-grad,Divorced,Craft-repair,Own-child,White,Male,United-States,<=50K
20,68358,10,0,0,12,Private,Some-college,Never-married,Adm-clerical,Own-child,White,Female,United-States,<=50K
39,49436,12,0,1380,40,Private,Assoc-acdm,Divorced,Prof-specialty,Unmarried,White,Female,United-States,<=50K
20,94364,10,0,0,20,Private,Some-college,Never-married,Prof-specialty,Not-in-family,Other,Female,United-States,<=50K
51,155403,9,0,0,40,Private,HS-grad,Married-civ-spouse,Adm-clerical,Wife,Black,Female,United-States,<=50K
31,150309,16,0,0,90,Private,Doctorate,Married-civ-spouse,Prof-specialty,Wife,White,Female,United-States,<=50K
39,108069,10,0,0,40,Private,Some-college,Never-married,Craft-repair,Unmarried,White,Female,United-States,<=50K
55,115457,9,0,0,40,Local-gov,HS-grad,Married-civ-spouse,Other-service,Husband,White,Male,United-States,<=50K
63,318763,10,0,0,22,Private,Some-college,Divorced,Craft-repair,Unmarried,White,Male,United-States,<=50K
23,462294,12,0,0,44,Private,Assoc-acdm,Never-married,Other-service,Own-child,Black,Male,United-States,<=50K
25,299908,10,0,0,40,Private,Some-college,Married-civ-spouse,Exec-managerial,Wife,Black,Female,United-States,>50K
60,129447,9,0,0,35,State-gov,HS-grad,Widowed,Adm-clerical,Not-in-family,White,Female,United-States,<=50K
60,26721,10,0,0,40,Private,Some-college,Married-civ-spouse,Craft-repair,Husband,White,Male,United-States,<=50K
76,239880,9,0,0,8,Private,HS-grad,Divorced,Adm-clerical,Not-in-family,White,Female,United-States,<=50K
17,806316,7,0,0,20,MISSING,11th,Never-married,MISSING,Own-child,White,Female,United-States,<=50K
47,277545,13,0,0,40,Private,Bachelors,Married-civ-spouse,Adm-clerical,Husband,Asian-Pac-Islander,Male,MISSING,>50K
20,105312,9,0,0,35,Private,HS-grad,Never-married,Sales,Not-in-family,White,Female,United-States,<=50K
65,90907,3,0,0,40,Private,5th-6th,Married-civ-spouse,Other-service,Husband,Asian-Pac-Islander,Male,United-States,<=50K
39,112731,9,0,0,40,Private,HS-grad,Divorced,Other-service,Not-in-family,Other,Female,Dominican-Republic,<=50K
26,102264,10,0,0,40,Private,Some-college,Never-married,Craft-repair,Not-in-family,White,Male,United-States,<=50K
24,209034,12,0,0,20,Private,Assoc-acdm,Married-civ-spouse,Sales,Own-child,White,Female,United-States,<=50K
29,273771,14,0,0,45,Local-gov,Masters,Never-married,Prof-specialty,Not-in-family,White,Male,United-States,<=50K
26,354784,10,0,0,20,Private,Some-college,Never-married,Adm-clerical,Own-child,White,Male,United-States,<=50K
62,159908,10,0,0,16,Without-pay,Some-college,Married-civ-spouse,Adm-clerical,Wife,White,Female,United-States,<=50K
35,234901,10,2407,0,40,Private,Some-college,Married-civ-spouse,Craft-repair,Husband,White,Male,United-States,<=50K
41,308296,9,0,0,20,Private,HS-grad,Married-civ-spouse,Transport-moving,Wife,White,Female,United-States,<=50K
48,148738,10,0,0,40,State-gov,Some-college,Divorced,Other-service,Own-child,White,Male,United-States,<=50K
25,276249,14,0,0,40,Local-gov,Masters,Never-married,Prof-specialty,Own-child,White,Female,United-States,<=50K
59,193335,9,0,0,40,Private,HS-grad,Married-civ-spouse,Craft-repair,Husband,White,Male,United-States,>50K
23,117606,13,0,0,60,Private,Bachelors,Never-married,Exec-managerial,Own-child,White,Female,United-States,<=50K
32,35595,13,0,0,40,Private,Bachelors,Never-married,Adm-clerical,Not-in-family,White,Male,United-States,<=50K
21,129172,10,0,0,16,Private,Some-college,Never-married,Other-service,Other-relative,White,Male,United-States,<=50K
70,225780,10,0,0,20,Self-emp-inc,Some-college,Married-civ-spouse,Exec-managerial,Husband,White,Male,United-States,>50K
18,141363,10,0,0,40,Private,Some-college,Never-married,Other-service,Not-in-family,White,Female,United-States,<=50K
19,28145,9,0,0,52,Private,HS-grad,Never-married,Other-service,Own-child,White,Female,United-States,<=50K
43,346321,14,0,0,45,Private,Masters,Married-civ-spouse,Prof-specialty,Husband,White,Male,United-States,>50K
52,146711,13,0,0,50,Private,Bachelors,Married-civ-spouse,Prof-specialty,Husband,White,Male,United-States,>50K
38,238397,13,0,0,24,Private,Bachelors,Divorced,Priv-house-serv,Unmarried,White,Female,United-States,<=50K
29,193152,9,0,1408,40,Private,HS-grad,Never-married,Handlers-cleaners,Not-in-family,White,Male,United-States,<=50K
64,169917,4,0,0,4,MISSING,7th-8th,Widowed,MISSING,Not-in-family,White,Female,United-States,<=50K
33,130057,12,0,0,45,Private,Assoc-acdm,Never-married,Craft-repair,Not-in-family,White,Male,United-States,<=50K
24,420779,9,0,0,35,Private,HS-grad,Married-civ-spouse,Farming-fishing,Husband,Black,Male,United-States,<=50K
27,69132,13,0,0,40,Private,Bachelors,Never-married,Prof-specialty,Not-in-family,White,Male,United-States,<=50K
20,278391,10,0,0,25,Private,Some-college,Never-married,Adm-clerical,Own-child,White,Male,Nicaragua,<=50K
33,171216,13,0,0,50,Private,Bachelors,Married-civ-spouse,Exec-managerial,Husband,White,Male,United-States,>50K
31,87560,10,0,0,50,Private,Some-college,Never-married,Machine-op-inspct,Not-in-family,White,Female,United-States,<=50K
36,241998,13,0,1672,50,Local-gov,Bachelors,Married-civ-spouse,Prof-specialty,Husband,White,Male,United-States,<=50K
31,375680,13,0,0,40,Private,Bachelors,Never-married,Prof-specialty,Unmarried,Black,Female,MISSING,<=50K
30,53285,9,0,0,52,Private,HS-grad,Married-civ-spouse,Sales,Husband,White,Male,United-States,>50K
28,167062,10,0,0,40,Private,Some-college,Divorced,Adm-clerical,Unmarried,White,Male,United-States,<=50K
18,99219,7,0,0,15,Private,11th,Never-married,Sales,Own-child,White,Female,United-States,<=50K
53,42924,16,14084,0,50,Self-emp-inc,Doctorate,Divorced,Exec-managerial,Not-in-family,White,Male,United-States,>50K
48,232840,10,0,0,43,Private,Some-college,Widowed,Adm-clerical,Unmarried,White,Female,United-States,<=50K
29,58115,13,0,0,41,Private,Bachelors,Married-civ-spouse,Sales,Husband,White,Male,United-States,<=50K
39,423605,8,0,1848,40,Local-gov,12th,Married-civ-spouse,Transport-moving,Husband,White,Male,Nicaragua,>50K
27,131310,9,0,0,40,Private,HS-grad,Married-civ-spouse,Other-service,Wife,White,Female,United-States,>50K
25,130793,10,0,0,30,Private,Some-college,Divorced,Other-service,Not-in-family,White,Male,United-States,<=50K
35,185366,13,0,0,50,Private,Bachelors,Never-married,Sales,Not-in-family,White,Male,United-States,<=50K
62,378239,14,0,0,2,MISSING,Masters,Married-civ-spouse,MISSING,Husband,White,Male,United-States,>50K
17,209949,7,0,1602,12,Private,11th,Never-married,Sales,Own-child,White,Female,United-States,<=50K
18,80163,10,0,0,20,Private,Some-college,Never-married,Sales,Own-child,White,Female,United-States,<=50K
28,130620,7,0,0,40,State-gov,11th,Separated,Adm-clerical,Unmarried,Asian-Pac-Islander,Female,India,<=50K
53,231919,9,0,0,45,Private,HS-grad,Married-civ-spouse,Machine-op-inspct,Husband,White,Male,United-States,<=50K
54,135803,13,15024,0,60,Private,Bachelors,Married-civ-spouse,Exec-managerial,Husband,Asian-Pac-Islander,Male,South,>50K
46,389843,13,0,0,50,Private,Bachelors,Married-civ-spouse,Sales,Husband,White,Male,Germany,>50K
45,462440,7,0,0,20,Private,11th,Widowed,Other-service,Not-in-family,Black,Female,United-States,<=50K
24,387108,10,0,0,40,Local-gov,Some-college,Married-civ-spouse,Protective-serv,Husband,Black,Male,United-States,<=50K
37,103408,9,0,0,40,Private,HS-grad,Never-married,Farming-fishing,Not-in-family,Black,Male,United-States,<=50K
62,181014,13,0,0,40,MISSING,Bachelors,Married-civ-spouse,MISSING,Husband,White,Male,United-States,<=50K
36,155537,9,0,0,40,Private,HS-grad,Married-civ-spouse,Craft-repair,Husband,White,Male,United-States,<=50K
33,179509,13,0,0,40,Private,Bachelors,Married-civ-spouse,Handlers-cleaners,Husband,White,Male,United-States,<=50K
20,117244,9,0,0,45,Private,HS-grad,Never-married,Machine-op-inspct,Unmarried,White,Female,United-States,<=50K
40,145441,13,0,0,40,Private,Bachelors,Married-civ-spouse,Prof-specialty,Husband,White,Male,United-States,>50K
43,155106,11,0,0,40,Local-gov,Assoc-voc,Married-civ-spouse,Exec-managerial,Husband,White,Male,United-States,<=50K
59,253062,15,0,0,55,Self-emp-inc,Prof-school,Married-civ-spouse,Prof-specialty,Husband,White,Male,United-States,>50K
32,207301,9,0,0,40,Private,HS-grad,Never-married,Handlers-cleaners,Not-in-family,White,Female,United-States,<=50K
45,83064,13,0,0,50,Private,Bachelors,Married-civ-spouse,Sales,Husband,White,Male,United-States,<=50K
20,24395,10,0,0,20,MISSING,Some-college,Never-married,MISSING,Unmarried,White,Female,United-States,<=50K
28,69107,9,0,0,40,Private,HS-grad,Married-civ-spouse,Handlers-cleaners,Husband,Black,Male,United-States,<=50K
21,162228,9,0,0,30,Private,HS-grad,Never-married,Sales,Own-child,White,Male,United-States,<=50K
51,125796,10,0,0,35,Private,Some-college,Married-civ-spouse,Adm-clerical,Wife,Black,Female,Jamaica,<=50K
46,277946,12,0,0,40,Self-emp-not-inc,Assoc-acdm,Separated,Craft-repair,Not-in-family,White,Male,United-States,<=50K
50,266945,9,3137,0,40,Private,HS-grad,Married-civ-spouse,Machine-op-inspct,Wife,White,Female,El-Salvador,<=50K
61,379885,16,0,1902,40,State-gov,Doctorate,Married-civ-spouse,Prof-specialty,Husband,White,Male,United-States,>50K
38,227154,13,0,0,40,Local-gov,Bachelors,Married-civ-spouse,Craft-repair,Husband,Asian-Pac-Islander,Male,Philippines,<=50K
52,159908,8,0,0,40,Private,12th,Never-married,Machine-op-inspct,Not-in-family,White,Male,United-States,<=50K
19,57145,9,0,0,25,Private,HS-grad,Never-married,Other-service,Own-child,White,Female,United-States,<=50K
29,242597,13,0,0,40,Private,Bachelors,Never-married,Tech-support,Not-in-family,White,Male,United-States,<=50K
37,189878,10,0,0,60,Local-gov,Some-college,Married-civ-spouse,Protective-serv,Husband,White,Male,United-States,<=50K
66,140849,9,0,0,25,Local-gov,HS-grad,Widowed,Other-service,Not-in-family,White,Female,United-States,<=50K
17,79682,6,0,0,30,Private,10th,Never-married,Priv-house-serv,Other-relative,White,Male,United-States,<=50K
34,221324,9,0,0,40,Private,HS-grad,Never-married,Machine-op-inspct,Unmarried,Black,Female,United-States,<=50K
57,52267,14,0,0,50,Local-gov,Masters,Married-civ-spouse,Exec-managerial,Husband,White,Male,United-States,>50K
43,185129,13,0,0,40,Private,Bachelors,Divorced,Tech-support,Own-child,White,Male,United-States,<=50K
62,266037,10,0,0,40,MISSING,Some-college,Married-civ-spouse,MISSING,Husband,White,Male,United-States,<=50K
39,163392,9,0,0,26,Private,HS-grad,Married-civ-spouse,Sales,Husband,Asian-Pac-Islander,Male,MISSING,<=50K
43,265266,9,0,0,40,Private,HS-grad,Married-civ-spouse,Craft-repair,Husband,White,Male,United-States,<=50K
55,49996,7,0,0,40,Private,11th,Never-married,Machine-op-inspct,Not-in-family,Black,Female,United-States,<=50K
36,342642,14,0,0,15,Private,Masters,Never-married,Exec-managerial,Not-in-family,White,Male,United-States,<=50K
60,160625,10,0,0,47,Private,Some-college,Divorced,Craft-repair,Not-in-family,White,Male,United-States,<=50K
41,33068,14,0,1974,40,Local-gov,Masters,Divorced,Prof-specialty,Not-in-family,White,Male,United-States,<=50K
34,117529,10,0,0,54,Private,Some-college,Married-civ-spouse,Farming-fishing,Husband,White,Male,Mexico,<=50K
43,254146,10,0,1902,40,Private,Some-college,Married-civ-spouse,Craft-repair,Husband,White,Male,United-States,>50K
32,111567,15,0,0,40,Federal-gov,Prof-school,Married-civ-spouse,Prof-specialty,Husband,White,Male,United-States,>50K
36,183425,10,0,0,40,Private,Some-college,Divorced,Handlers-cleaners,Not-in-family,White,Male,United-States,<=50K
41,283917,11,0,0,35,State-gov,Assoc-voc,Married-civ-spouse,Prof-specialty,Husband,White,Male,United-States,>50K
40,136244,10,0,0,40,Private,Some-college,Married-civ-spouse,Adm-clerical,Wife,White,Female,United-States,<=50K
49,60751,9,0,0,40,Private,HS-grad,Married-civ-spouse,Protective-serv,Husband,White,Male,United-States,<=50K
28,184831,10,0,0,40,Private,Some-college,Never-married,Craft-repair,Unmarried,White,Male,United-States,<=50K
41,143129,13,0,0,40,Self-emp-not-inc,Bachelors,Divorced,Exec-managerial,Not-in-family,White,Female,United-States,<=50K
18,379242,10,0,0,50,Self-emp-not-inc,Some-college,Never-married,Exec-managerial,Not-in-family,White,Female,United-States,<=50K
55,197399,14,99999,0,55,Private,Masters,Married-civ-spouse,Exec-managerial,Husband,White,Male,United-States,>50K
41,118853,10,0,0,40,Private,Some-college,Married-civ-spouse,Sales,Husband,White,Male,United-States,<=50K
38,114835,13,0,0,60,Self-emp-not-inc,Bachelors,Married-civ-spouse,Sales,Wife,White,Female,United-States,>50K
40,186916,13,0,0,40,Private,Bachelors,Married-civ-spouse,Prof-specialty,Husband,White,Male,United-States,<=50K
20,216563,10,0,0,20,Private,Some-college,Never-married,Other-service,Own-child,White,Female,United-States,<=50K
49,40666,10,0,0,50,Private,Some-college,Married-civ-spouse,Farming-fishing,Husband,White,Male,United-States,<=50K
51,193720,9,0,0,56,State-gov,HS-grad,Married-civ-spouse,Craft-repair,Husband,White,Male,United-States,>50K
35,247547,9,0,0,40,Private,HS-grad,Separated,Prof-specialty,Other-relative,Black,Female,United-States,<=50K
63,273010,9,3471,0,40,Private,HS-grad,Married-civ-spouse,Adm-clerical,Wife,White,Female,United-States,<=50K
22,230704,12,0,0,20,Private,Assoc-acdm,Never-married,Handlers-cleaners,Own-child,Black,Male,Jamaica,<=50K
30,117963,13,0,0,40,Private,Bachelors,Married-civ-spouse,Adm-clerical,Husband,White,Male,United-States,>50K
20,199268,10,0,0,20,Private,Some-college,Never-married,Other-service,Own-child,White,Female,United-States,<=50K
24,154373,9,0,0,25,MISSING,HS-grad,Married-civ-spouse,MISSING,Wife,White,Female,United-States,<=50K
35,188972,9,0,0,30,Private,HS-grad,Widowed,Exec-managerial,Unmarried,White,Female,United-States,<=50K
62,191188,9,0,0,40,MISSING,HS-grad,Married-civ-spouse,MISSING,Husband,White,Male,United-States,<=50K
34,143582,10,0,0,35,Private,Some-college,Never-married,Adm-clerical,Not-in-family,Asian-Pac-Islander,Female,Japan,<=50K
22,230574,6,0,0,25,Private,10th,Never-married,Transport-moving,Own-child,White,Male,United-States,<=50K
31,61308,6,0,0,40,Private,10th,Never-married,Other-service,Not-in-family,White,Male,United-States,<=50K
34,112139,9,0,0,40,Private,HS-grad,Married-civ-spouse,Craft-repair,Husband,White,Male,United-States,<=50K
41,19914,13,0,0,40,Federal-gov,Bachelors,Married-civ-spouse,Adm-clerical,Wife,Asian-Pac-Islander,Female,Philippines,>50K
35,228190,9,0,0,40,Private,HS-grad,Married-civ-spouse,Transport-moving,Husband,Black,Male,United-States,<=50K
47,223944,10,0,0,30,State-gov,Some-college,Married-civ-spouse,Adm-clerical,Wife,White,Female,United-States,<=50K
57,258883,9,5178,0,60,Self-emp-inc,HS-grad,Married-civ-spouse,Transport-moving,Husband,White,Male,Hungary,>50K
26,192262,13,0,0,45,Private,Bachelors,Never-married,Sales,Own-child,White,Male,United-States,<=50K
43,311914,10,0,0,40,Local-gov,Some-college,Divorced,Adm-clerical,Not-in-family,White,Female,United-States,<=50K
81,364099,10,0,0,20,Private,Some-college,Divorced,Adm-clerical,Not-in-family,White,Female,United-States,<=50K
34,201122,10,0,0,48,Private,Some-college,Married-civ-spouse,Craft-repair,Husband,White,Male,United-States,>50K
48,207120,10,0,0,40,Private,Some-college,Married-civ-spouse,Prof-specialty,Husband,White,Male,United-States,<=50K
50,101094,14,0,0,55,Self-emp-inc,Masters,Married-civ-spouse,Sales,Husband,White,Male,United-States,<=50K
61,355645,9,0,0,40,Private,HS-grad,Married-civ-spouse,Sales,Husband,Black,Male,United-States,<=50K
27,70657,10,0,0,35,Self-emp-not-inc,Some-college,Never-married,Craft-repair,Not-in-family,White,Male,United-States,<=50K
43,142682,9,0,0,30,Private,HS-grad,Married-civ-spouse,Transport-moving,Husband,White,Male,Dominican-Republic,<=50K
44,240043,6,0,0,30,Private,10th,Married-spouse-absent,Adm-clerical,Unmarried,Black,Female,United-States,<=50K
34,206297,13,0,0,48,Private,Bachelors,Married-civ-spouse,Exec-managerial,Husband,White,Male,United-States,>50K
42,173704,10,0,1887,50,Private,Some-college,Married-civ-spouse,Sales,Husband,White,Male,United-States,>50K
29,236436,9,0,0,40,Private,HS-grad,Never-married,Adm-clerical,Not-in-family,White,Female,United-States,<=50K
46,137547,9,0,0,40,Private,HS-grad,Divorced,Craft-repair,Not-in-family,Amer-Indian-Eskimo,Male,United-States,<=50K
34,209808,10,0,0,40,Private,Some-college,Married-civ-spouse,Adm-clerical,Husband,White,Male,United-States,>50K
67,37092,4,0,0,4,MISSING,7th-8th,Married-civ-spouse,MISSING,Husband,White,Male,United-States,<=50K
23,195411,9,0,0,40,Private,HS-grad,Never-married,Adm-clerical,Unmarried,Black,Female,United-States,<=50K
30,115426,13,0,0,40,Private,Bachelors,Married-civ-spouse,Sales,Husband,White,Male,United-States,>50K
24,329408,7,0,0,40,Private,11th,Never-married,Handlers-cleaners,Not-in-family,White,Male,United-States,<=50K
38,203836,3,0,0,40,Self-emp-not-inc,5th-6th,Never-married,Transport-moving,Not-in-family,White,Male,United-States,<=50K
25,348986,9,0,0,40,Local-gov,HS-grad,Never-married,Handlers-cleaners,Other-relative,Black,Male,United-States,<=50K
59,70623,4,0,0,85,Self-emp-not-inc,7th-8th,Married-civ-spouse,Sales,Husband,White,Male,United-States,<=50K
53,191565,2,0,0,40,Private,1st-4th,Divorced,Other-service,Unmarried,Black,Female,Dominican-Republic,<=50K
29,499935,11,0,0,40,MISSING,Assoc-voc,Never-married,MISSING,Unmarried,White,Female,United-States,<=50K
60,151369,14,0,0,60,Private,Masters,Married-civ-spouse,Exec-managerial,Husband,White,Male,United-States,>50K
60,33266,9,0,0,40,Private,HS-grad,Married-civ-spouse,Protective-serv,Husband,White,Male,United-States,<=50K
24,73514,10,0,0,50,Private,Some-college,Never-married,Sales,Not-in-family,Asian-Pac-Islander,Female,Philippines,<=50K
21,189749,10,0,0,40,Private,Some-college,Never-married,Sales,Own-child,White,Male,United-States,<=50K
40,151038,13,0,0,40,State-gov,Bachelors,Divorced,Craft-repair,Not-in-family,White,Male,United-States,<=50K
31,188246,12,0,0,50,Private,Assoc-acdm,Divorced,Craft-repair,Not-in-family,White,Male,United-States,>50K
47,178013,6,0,0,20,MISSING,10th,Married-civ-spouse,MISSING,Wife,White,Female,Cuba,<=50K
45,187666,11,0,0,45,Private,Assoc-voc,Widowed,Exec-managerial,Not-in-family,White,Female,United-States,<=50K
22,228465,9,0,0,40,Private,HS-grad,Married-civ-spouse,Transport-moving,Husband,Black,Male,United-States,<=50K
23,309055,10,0,0,20,State-gov,Some-college,Never-married,Adm-clerical,Own-child,White,Female,United-States,<=50K
36,257250,11,0,0,99,Self-emp-not-inc,Assoc-voc,Married-civ-spouse,Farming-fishing,Husband,White,Male,United-States,<=50K
46,298786,10,0,0,40,State-gov,Some-college,Never-married,Other-service,Own-child,Black,Female,United-States,<=50K
39,258276,13,3137,0,40,Private,Bachelors,Married-civ-spouse,Tech-support,Husband,Asian-Pac-Islander,Male,MISSING,<=50K
82,147729,3,0,0,20,Private,5th-6th,Widowed,Other-service,Unmarried,White,Male,United-States,<=50K
52,287927,9,15024,0,40,Self-emp-inc,HS-grad,Married-civ-spouse,Exec-managerial,Wife,White,Female,United-States,>50K
65,24824,9,0,0,40,Local-gov,HS-grad,Married-civ-spouse,Craft-repair,Husband,White,Male,United-States,<=50K
37,258037,9,0,0,45,Self-emp-not-inc,HS-grad,Married-civ-spouse,Transport-moving,Husband,White,Male,Cuba,>50K
70,118630,11,0,0,35,MISSING,Assoc-voc,Widowed,MISSING,Unmarried,White,Female,United-States,<=50K
25,193773,9,0,0,35,Private,HS-grad,Never-married,Other-service,Not-in-family,Black,Female,United-States,<=50K
64,265661,9,0,0,40,Private,HS-grad,Married-civ-spouse,Transport-moving,Husband,White,Male,United-States,<=50K
33,178615,12,0,0,40,Private,Assoc-acdm,Married-civ-spouse,Craft-repair,Husband,White,Male,United-States,<=50K
33,163003,9,0,0,41,MISSING,HS-grad,Divorced,MISSING,Not-in-family,Asian-Pac-Islander,Female,China,<=50K
63,169983,7,2176,0,30,Private,11th,Widowed,Sales,Not-in-family,White,Female,United-States,<=50K
18,293227,9,0,0,45,Private,HS-grad,Never-married,Other-service,Not-in-family,White,Female,United-States,<=50K
17,238628,7,0,0,5,Private,11th,Never-married,Other-service,Own-child,White,Female,United-States,<=50K
21,329530,7,0,0,40,Private,11th,Married-civ-spouse,Craft-repair,Husband,White,Male,Mexico,<=50K
52,152795,9,0,0,52,Local-gov,HS-grad,Married-civ-spouse,Protective-serv,Husband,White,Male,United-States,>50K
26,164018,13,4064,0,50,Private,Bachelors,Married-civ-spouse,Sales,Husband,White,Male,United-States,<=50K
47,140219,9,0,0,40,Private,HS-grad,Never-married,Adm-clerical,Other-relative,White,Female,United-States,<=50K
56,290641,13,0,0,50,Private,Bachelors,Married-civ-spouse,Exec-managerial,Husband,White,Male,United-States,>50K
34,62124,9,0,0,40,Private,HS-grad,Separated,Other-service,Not-in-family,Black,Male,United-States,<=50K
22,197387,10,0,0,24,Private,Some-college,Never-married,Handlers-cleaners,Other-relative,White,Male,Mexico,<=50K
37,137314,9,0,0,60,Self-emp-not-inc,HS-grad,Married-civ-spouse,Exec-managerial,Husband,White,Male,United-States,<=50K
21,275291,10,0,0,12,Private,Some-college,Never-married,Sales,Own-child,White,Male,United-States,<=50K
55,179534,7,0,0,40,Private,11th,Widowed,Handlers-cleaners,Unmarried,White,Female,United-States,<=50K
59,328525,9,2414,0,15,Private,HS-grad,Married-civ-spouse,Adm-clerical,Husband,White,Male,United-States,<=50K
31,194055,9,0,0,50,Private,HS-grad,Married-civ-spouse,Transport-moving,Husband,White,Male,United-States,<=50K
66,186030,4,0,0,32,MISSING,7th-8th,Married-civ-spouse,MISSING,Husband,White,Male,United-States,<=50K
40,201734,10,0,0,48,Private,Some-college,Never-married,Handlers-cleaners,Not-in-family,White,Male,United-States,<=50K
42,50018,9,0,0,40,Private,HS-grad,Married-civ-spouse,Other-service,Husband,White,Male,MISSING,<=50K
30,154297,6,0,0,40,Private,10th,Never-married,Machine-op-inspct,Unmarried,Black,Female,United-States,<=50K
46,24728,9,0,0,48,Private,HS-grad,Never-married,Craft-repair,Not-in-family,White,Female,United-States,<=50K
59,195835,4,0,0,40,Private,7th-8th,Divorced,Transport-moving,Not-in-family,White,Male,United-States,<=50K
18,478380,7,0,0,25,Private,11th,Never-married,Sales,Own-child,White,Female,United-States,<=50K
46,162030,9,0,0,43,Private,HS-grad,Widowed,Adm-clerical,Unmarried,White,Female,United-States,<=50K
23,239663,10,2597,0,50,Private,Some-college,Never-married,Handlers-cleaners,Own-child,White,Male,United-States,<=50K
64,178556,6,0,0,56,MISSING,10th,Married-civ-spouse,MISSING,Husband,White,Male,United-States,>50K
22,60668,10,0,0,40,Private,Some-college,Never-married,Craft-repair,Not-in-family,White,Male,United-States,<=50K
50,193884,4,0,0,40,Private,7th-8th,Married-civ-spouse,Craft-repair,Husband,White,Male,Ecuador,<=50K
36,367020,4,0,0,35,Self-emp-not-inc,7th-8th,Married-civ-spouse,Craft-repair,Husband,White,Male,United-States,<=50K
66,174788,10,0,0,20,Self-emp-not-inc,Some-college,Never-married,Sales,Not-in-family,White,Female,United-States,<=50K
35,139086,9,0,0,40,Private,HS-grad,Married-civ-spouse,Handlers-cleaners,Husband,White,Male,United-States,<=50K
49,197418,9,0,0,20,Private,HS-grad,Widowed,Adm-clerical,Unmarried,White,Female,United-States,<=50K
33,208405,14,0,0,50,Private,Masters,Married-civ-spouse,Prof-specialty,Husband,White,Male,United-States,>50K
41,191814,9,0,0,40,Private,HS-grad,Married-civ-spouse,Adm-clerical,Own-child,White,Male,United-States,<=50K
24,73928,11,0,0,20,Private,Assoc-voc,Never-married,Adm-clerical,Own-child,Asian-Pac-Islander,Female,United-States,<=50K
41,101593,14,15024,0,50,Private,Masters,Married-civ-spouse,Prof-specialty,Husband,White,Male,United-States,>50K
38,205493,9,0,0,60,Private,HS-grad,Married-civ-spouse,Exec-managerial,Wife,White,Female,United-States,>50K
69,203072,16,0,0,50,State-gov,Doctorate,Married-civ-spouse,Prof-specialty,Husband,White,Male,United-States,>50K
21,317175,9,0,0,60,Private,HS-grad,Never-married,Transport-moving,Not-in-family,White,Male,United-States,<=50K
56,33323,9,0,0,40,Private,HS-grad,Married-civ-spouse,Machine-op-inspct,Husband,White,Male,United-States,<=50K
66,175558,4,0,0,20,Private,7th-8th,Widowed,Other-service,Not-in-family,White,Female,Germany,<=50K
68,123653,3,0,0,12,Private,5th-6th,Separated,Other-service,Not-in-family,White,Male,Italy,<=50K
18,216730,7,0,0,12,Private,11th,Never-married,Other-service,Own-child,White,Male,United-States,<=50K
31,226696,9,0,0,50,Private,HS-grad,Never-married,Craft-repair,Not-in-family,White,Male,United-States,>50K
47,304133,10,0,0,45,Private,Some-college,Married-civ-spouse,Exec-managerial,Husband,White,Male,United-States,<=50K
38,245090,9,0,0,40,Private,HS-grad,Married-civ-spouse,Craft-repair,Husband,White,Male,Nicaragua,<=50K
23,121313,9,0,0,40,Self-emp-not-inc,HS-grad,Never-married,Craft-repair,Own-child,White,Male,United-States,<=50K
53,608184,13,0,1902,40,Private,Bachelors,Married-civ-spouse,Exec-managerial,Husband,Black,Male,United-States,>50K
23,118693,13,0,0,35,Private,Bachelors,Never-married,Other-service,Not-in-family,White,Male,United-States,<=50K
60,404023,9,10520,0,40,Federal-gov,HS-grad,Divorced,Exec-managerial,Not-in-family,White,Male,United-States,>50K
18,434268,7,0,0,15,Private,11th,Never-married,Adm-clerical,Own-child,White,Female,United-States,<=50K
44,212888,13,0,0,45,Private,Bachelors,Divorced,Exec-managerial,Unmarried,White,Female,United-States,<=50K
23,522881,3,0,0,35,Private,5th-6th,Married-civ-spouse,Other-service,Husband,White,Male,Mexico,<=50K
28,153291,9,0,0,35,Self-emp-inc,HS-grad,Never-married,Adm-clerical,Own-child,White,Female,United-States,<=50K
25,129200,10,0,0,40,State-gov,Some-college,Never-married,Transport-moving,Not-in-family,Black,Male,United-States,<=50K
47,191277,10,0,0,50,Private,Some-college,Married-civ-spouse,Sales,Husband,White,Male,United-States,>50K
48,449354,9,4386,0,45,Private,HS-grad,Married-civ-spouse,Adm-clerical,Husband,White,Male,United-States,>50K
58,169982,10,0,0,40,MISSING,Some-college,Married-civ-spouse,MISSING,Husband,White,Male,United-States,>50K
21,234108,9,0,0,40,Private,HS-grad,Never-married,Sales,Not-in-family,White,Male,United-States,<=50K
54,227832,8,0,0,40,Private,12th,Married-civ-spouse,Craft-repair,Husband,White,Male,United-States,<=50K
48,47022,9,0,0,48,Private,HS-grad,Widowed,Handlers-cleaners,Other-relative,White,Female,United-States,<=50K
35,169104,10,0,0,40,Private,Some-college,Married-spouse-absent,Craft-repair,Not-in-family,White,Male,United-States,<=50K
22,150683,9,0,0,24,Self-emp-inc,HS-grad,Never-married,Machine-op-inspct,Own-child,White,Male,United-States,<=50K
29,210498,9,0,0,40,Private,HS-grad,Married-civ-spouse,Craft-repair,Husband,White,Male,United-States,<=50K
33,126223,9,0,0,40,Private,HS-grad,Separated,Machine-op-inspct,Unmarried,Black,Female,United-States,<=50K
52,98588,9,0,0,40,Private,HS-grad,Married-civ-spouse,Craft-repair,Husband,White,Male,United-States,<=50K
63,68954,9,0,0,11,MISSING,HS-grad,Widowed,MISSING,Not-in-family,Black,Female,United-States,<=50K
47,352614,12,0,0,40,Local-gov,Assoc-acdm,Married-civ-spouse,Protective-serv,Husband,White,Male,United-States,>50K
39,139012,13,0,0,40,Private,Bachelors,Married-civ-spouse,Adm-clerical,Husband,Asian-Pac-Islander,Male,Philippines,>50K
37,218188,9,0,0,32,Private,HS-grad,Divorced,Machine-op-inspct,Other-relative,White,Female,United-States,<=50K
60,153072,9,0,0,5,MISSING,HS-grad,Married-civ-spouse,MISSING,Husband,White,Male,United-States,<=50K
37,454915,6,0,0,40,Private,10th,Divorced,Craft-repair,Not-in-family,White,Male,United-States,<=50K
51,387250,13,0,0,50,Local-gov,Bachelors,Married-civ-spouse,Adm-clerical,Husband,White,Male,United-States,>50K
42,33002,9,0,0,48,Private,HS-grad,Married-civ-spouse,Exec-managerial,Husband,White,Male,United-States,<=50K
34,231826,9,0,0,40,Local-gov,HS-grad,Married-civ-spouse,Prof-specialty,Husband,White,Male,El-Salvador,<=50K
51,33304,9,0,0,40,Private,HS-grad,Married-civ-spouse,Craft-repair,Husband,White,Male,United-States,<=50K
48,431513,6,0,0,65,Private,10th,Married-civ-spouse,Craft-repair,Husband,White,Male,United-States,>50K
58,165695,9,0,0,70,Self-emp-not-inc,HS-grad,Divorced,Exec-managerial,Not-in-family,White,Male,United-States,<=50K
36,243666,9,0,0,40,State-gov,HS-grad,Divorced,Adm-clerical,Own-child,Black,Female,United-States,<=50K
51,184542,9,0,0,40,Local-gov,HS-grad,Married-civ-spouse,Machine-op-inspct,Husband,White,Male,United-States,<=50K
36,54159,13,0,0,45,Federal-gov,Bachelors,Married-civ-spouse,Exec-managerial,Husband,White,Male,United-States,<=50K
58,280309,12,5178,0,60,Private,Assoc-acdm,Married-civ-spouse,Exec-managerial,Husband,White,Male,United-States,>50K
36,152744,13,0,0,40,Private,Bachelors,Divorced,Sales,Other-relative,Asian-Pac-Islander,Female,South,<=50K
49,128132,9,0,0,60,Private,HS-grad,Married-civ-spouse,Sales,Husband,White,Male,United-States,>50K
22,105592,12,0,0,45,Private,Assoc-acdm,Never-married,Transport-moving,Not-in-family,White,Male,United-States,<=50K
29,212895,10,0,0,48,Self-emp-not-inc,Some-college,Divorced,Machine-op-inspct,Not-in-family,White,Male,United-States,<=50K
25,353795,10,3103,0,40,Private,Some-college,Married-civ-spouse,Adm-clerical,Wife,Black,Female,United-States,>50K
64,185912,15,99999,0,35,Self-emp-inc,Prof-school,Married-civ-spouse,Prof-specialty,Husband,White,Male,United-States,>50K
27,466224,10,0,0,40,Private,Some-college,Never-married,Sales,Not-in-family,Black,Male,United-States,<=50K
19,29526,10,0,0,18,Private,Some-college,Never-married,Other-service,Own-child,White,Female,United-States,<=50K
90,88991,13,0,0,40,Private,Bachelors,Married-civ-spouse,Exec-managerial,Wife,White,Female,England,>50K
51,74784,13,0,0,60,Private,Bachelors,Divorced,Sales,Not-in-family,White,Female,United-States,<=50K
39,343403,9,0,0,36,Private,HS-grad,Married-civ-spouse,Sales,Wife,White,Female,United-States,<=50K
21,121407,11,0,0,36,Private,Assoc-voc,Never-married,Other-service,Own-child,White,Female,United-States,<=50K
33,118941,13,0,0,40,Private,Bachelors,Married-civ-spouse,Exec-managerial,Wife,White,Female,United-States,>50K
19,105289,6,0,0,20,Private,10th,Never-married,Other-service,Other-relative,Black,Female,United-States,<=50K
53,298215,13,0,0,45,Self-emp-inc,Bachelors,Married-civ-spouse,Sales,Husband,White,Male,United-States,>50K
59,515712,4,0,0,40,Private,7th-8th,Married-civ-spouse,Craft-repair,Husband,White,Male,United-States,<=50K
21,41183,10,0,0,20,State-gov,Some-college,Never-married,Prof-specialty,Own-child,White,Female,United-States,<=50K
46,327786,11,3325,0,42,State-gov,Assoc-voc,Divorced,Tech-support,Not-in-family,White,Female,United-States,<=50K
40,101795,9,0,0,42,Local-gov,HS-grad,Never-married,Protective-serv,Not-in-family,White,Male,United-States,<=50K
25,181576,10,0,0,55,Private,Some-college,Never-married,Transport-moving,Not-in-family,White,Male,United-States,<=50K
40,400061,10,0,0,40,Private,Some-college,Married-civ-spouse,Machine-op-inspct,Husband,Other,Male,United-States,>50K
38,137707,11,0,0,40,Private,Assoc-voc,Married-civ-spouse,Tech-support,Wife,White,Female,United-States,>50K
35,186126,14,0,0,38,Private,Masters,Married-civ-spouse,Prof-specialty,Husband,White,Male,MISSING,<=50K
43,266324,9,0,1902,99,Private,HS-grad,Married-civ-spouse,Craft-repair,Husband,White,Male,United-States,>50K
44,167005,10,4386,0,55,Private,Some-college,Married-civ-spouse,Craft-repair,Husband,White,Male,United-States,<=50K
34,154667,9,0,0,40,Private,HS-grad,Married-civ-spouse,Machine-op-inspct,Wife,White,Female,United-States,<=50K
54,343242,10,0,0,44,Private,Some-college,Married-civ-spouse,Exec-managerial,Husband,White,Male,United-States,>50K
49,280525,10,0,0,45,Private,Some-college,Married-civ-spouse,Adm-clerical,Husband,White,Male,United-States,>50K
46,54190,9,0,0,60,Private,HS-grad,Married-civ-spouse,Craft-repair,Husband,White,Male,United-States,<=50K
34,153927,9,0,0,40,Private,HS-grad,Married-civ-spouse,Craft-repair,Husband,White,Male,United-States,<=50K
34,190027,9,0,0,40,MISSING,HS-grad,Never-married,MISSING,Unmarried,Black,Female,United-States,<=50K
19,117201,9,0,0,30,MISSING,HS-grad,Never-married,MISSING,Own-child,White,Male,United-States,<=50K
26,193304,9,0,0,40,Private,HS-grad,Married-civ-spouse,Craft-repair,Husband,White,Male,United-States,<=50K
24,206827,10,5060,0,30,Private,Some-college,Never-married,Sales,Own-child,White,Female,United-States,<=50K
33,24504,10,0,0,60,Self-emp-not-inc,Some-college,Married-civ-spouse,Craft-repair,Husband,White,Male,United-States,<=50K
64,149775,14,0,0,8,Private,Masters,Never-married,Prof-specialty,Other-relative,White,Female,United-States,<=50K
63,188976,13,0,0,40,Private,Bachelors,Married-civ-spouse,Adm-clerical,Husband,White,Male,United-States,<=50K
31,114324,11,0,0,40,Private,Assoc-voc,Never-married,Other-service,Not-in-family,Black,Female,United-States,<=50K
61,231183,9,0,0,40,Private,HS-grad,Widowed,Exec-managerial,Not-in-family,White,Female,United-States,<=50K
33,202642,13,0,0,40,Private,Bachelors,Separated,Prof-specialty,Other-relative,Black,Female,Jamaica,<=50K
36,37019,9,0,0,50,Self-emp-inc,HS-grad,Never-married,Farming-fishing,Not-in-family,White,Male,United-States,<=50K
49,163352,15,0,0,85,Self-emp-not-inc,Prof-school,Married-civ-spouse,Prof-specialty,Husband,White,Male,United-States,>50K
27,38918,9,0,1876,75,Private,HS-grad,Never-married,Transport-moving,Not-in-family,White,Male,United-States,<=50K
33,204494,10,0,0,56,Private,Some-college,Married-civ-spouse,Exec-managerial,Husband,White,Male,United-States,>50K
50,195322,16,0,0,40,Self-emp-inc,Doctorate,Separated,Prof-specialty,Not-in-family,White,Male,United-States,>50K
53,479621,11,0,0,40,Private,Assoc-voc,Divorced,Tech-support,Not-in-family,Black,Male,United-States,<=50K
36,29702,9,7688,0,40,Private,HS-grad,Married-civ-spouse,Sales,Husband,White,Male,United-States,>50K
34,114691,10,0,0,50,Private,Some-college,Married-civ-spouse,Exec-managerial,Husband,White,Male,United-States,>50K
28,208965,5,0,0,40,Private,9th,Never-married,Machine-op-inspct,Unmarried,Other,Male,Mexico,<=50K
19,87653,10,0,0,25,Private,Some-college,Never-married,Other-service,Own-child,White,Female,United-States,<=50K
60,190682,11,0,0,37,State-gov,Assoc-voc,Widowed,Other-service,Not-in-family,Black,Female,United-States,<=50K
33,182556,9,0,0,40,Private,HS-grad,Never-married,Other-service,Not-in-family,White,Male,United-States,<=50K
53,194501,7,0,0,47,Private,11th,Widowed,Other-service,Own-child,White,Female,United-States,<=50K
40,79372,9,0,0,40,Private,HS-grad,Divorced,Sales,Not-in-family,White,Female,United-States,<=50K
22,228452,6,0,0,30,Private,10th,Never-married,Craft-repair,Not-in-family,White,Male,United-States,<=50K
55,226875,9,4064,0,40,Private,HS-grad,Married-civ-spouse,Sales,Husband,White,Male,United-States,<=50K
30,145714,11,0,0,40,Private,Assoc-voc,Never-married,Prof-specialty,Not-in-family,White,Male,United-States,<=50K
28,191129,9,0,0,65,Self-emp-inc,HS-grad,Never-married,Exec-managerial,Not-in-family,White,Male,United-States,>50K
45,262802,13,0,0,40,Private,Bachelors,Divorced,Exec-managerial,Unmarried,White,Female,United-States,<=50K
29,59231,10,0,0,42,Private,Some-college,Married-civ-spouse,Craft-repair,Husband,White,Male,United-States,<=50K
26,273792,10,0,0,20,Private,Some-college,Never-married,Other-service,Own-child,White,Male,United-States,<=50K
48,174794,11,0,0,40,Private,Assoc-voc,Divorced,Adm-clerical,Unmarried,White,Female,United-States,<=50K
62,71751,10,0,1977,98,Private,Some-college,Married-civ-spouse,Exec-managerial,Husband,White,Male,United-States,>50K
77,123959,9,0,0,32,Private,HS-grad,Widowed,Adm-clerical,Not-in-family,White,Female,United-States,<=50K
47,34458,9,0,0,40,Private,HS-grad,Married-civ-spouse,Farming-fishing,Husband,White,Male,United-States,<=50K
36,70282,10,0,0,40,Private,Some-college,Divorced,Adm-clerical,Unmarried,Black,Female,United-States,<=50K
56,156842,10,0,0,40,Federal-gov,Some-college,Separated,Other-service,Not-in-family,Black,Male,United-States,<=50K
41,344624,13,0,0,50,Private,Bachelors,Divorced,Exec-managerial,Not-in-family,White,Male,United-States,>50K
35,406051,16,0,0,80,Private,Doctorate,Never-married,Prof-specialty,Not-in-family,White,Female,United-States,>50K
46,133938,14,27828,0,50,Private,Masters,Divorced,Exec-managerial,Not-in-family,White,Female,United-States,>50K
24,166851,14,0,0,13,State-gov,Masters,Never-married,Prof-specialty,Not-in-family,White,Male,United-States,<=50K
49,168211,10,0,1485,40,Private,Some-college,Married-civ-spouse,Craft-repair,Husband,White,Male,United-States,>50K
32,330715,9,99999,0,40,Private,HS-grad,Married-civ-spouse,Craft-repair,Husband,White,Male,United-States,>50K
17,98005,7,0,0,16,Private,11th,Never-married,Sales,Own-child,White,Female,United-States,<=50K
40,190290,10,0,0,40,Private,Some-college,Divorced,Sales,Not-in-family,White,Male,United-States,<=50K
40,271393,12,0,0,40,Private,Assoc-acdm,Divorced,Exec-managerial,Not-in-family,White,Female,United-States,<=50K
76,211574,6,0,0,1,MISSING,10th,Married-civ-spouse,MISSING,Husband,White,Male,United-States,<=50K
65,99359,15,1086,0,60,Self-emp-not-inc,Prof-school,Never-married,Prof-specialty,Not-in-family,White,Male,United-States,<=50K
25,104662,9,0,0,22,Private,HS-grad,Never-married,Other-service,Unmarried,White,Female,United-States,<=50K
34,182218,11,0,0,40,Private,Assoc-voc,Divorced,Prof-specialty,Unmarried,White,Female,United-States,<=50K
63,154675,9,0,0,40,Federal-gov,HS-grad,Widowed,Exec-managerial,Not-in-family,White,Female,United-States,<=50K
50,172281,9,7688,0,50,Self-emp-not-inc,HS-grad,Married-civ-spouse,Exec-managerial,Husband,White,Male,United-States,>50K
39,179271,10,0,0,50,Private,Some-college,Married-civ-spouse,Craft-repair,Husband,White,Male,United-States,>50K
33,189265,13,0,0,40,Private,Bachelors,Never-married,Exec-managerial,Not-in-family,White,Female,United-States,<=50K
68,493363,13,0,0,20,State-gov,Bachelors,Married-civ-spouse,Exec-managerial,Husband,White,Male,United-States,<=50K
48,383384,9,0,0,60,Local-gov,HS-grad,Married-civ-spouse,Craft-repair,Husband,White,Male,United-States,<=50K
30,59496,10,0,0,40,Private,Some-college,Married-civ-spouse,Transport-moving,Husband,White,Male,United-States,<=50K
51,160703,8,0,0,45,Private,12th,Married-civ-spouse,Craft-repair,Husband,White,Male,United-States,<=50K
19,199495,10,0,0,60,MISSING,Some-college,Never-married,MISSING,Own-child,White,Male,United-States,<=50K
21,43475,9,0,0,40,Private,HS-grad,Never-married,Protective-serv,Not-in-family,White,Male,United-States,<=50K
31,246439,10,7298,0,50,Private,Some-college,Married-civ-spouse,Farming-fishing,Husband,White,Male,United-States,>50K
19,544091,9,0,0,25,Private,HS-grad,Married-AF-spouse,Adm-clerical,Wife,White,Female,United-States,<=50K
23,335067,13,0,0,50,Private,Bachelors,Never-married,Sales,Not-in-family,White,Male,United-States,<=50K
30,117944,9,0,0,25,Self-emp-not-inc,HS-grad,Married-civ-spouse,Prof-specialty,Husband,White,Male,United-States,<=50K
27,366066,12,0,0,40,Private,Assoc-acdm,Never-married,Sales,Own-child,White,Female,United-States,<=50K
35,98989,5,0,0,38,MISSING,9th,Divorced,MISSING,Own-child,Amer-Indian-Eskimo,Male,United-States,<=50K
29,260729,9,0,1977,25,Self-emp-inc,HS-grad,Married-civ-spouse,Sales,Wife,White,Female,United-States,>50K
28,362491,9,0,0,40,Private,HS-grad,Never-married,Handlers-cleaners,Own-child,White,Male,United-States,<=50K
34,255098,13,0,0,40,Local-gov,Bachelors,Divorced,Prof-specialty,Unmarried,White,Female,United-States,<=50K
27,176683,12,0,0,52,Private,Assoc-acdm,Never-married,Sales,Not-in-family,White,Male,United-States,<=50K
30,159888,13,0,0,60,Private,Bachelors,Never-married,Sales,Not-in-family,White,Male,United-States,>50K
28,100219,9,0,0,45,Private,HS-grad,Never-married,Machine-op-inspct,Own-child,White,Male,United-States,<=50K
39,358837,10,0,0,40,Private,Some-college,Never-married,Tech-support,Unmarried,Black,Female,United-States,<=50K
23,46645,13,0,0,25,Private,Bachelors,Never-married,Prof-specialty,Not-in-family,White,Female,United-States,<=50K
75,111177,13,25124,0,16,MISSING,Bachelors,Widowed,MISSING,Not-in-family,White,Female,United-States,>50K
38,262882,9,0,0,40,Private,HS-grad,Married-civ-spouse,Machine-op-inspct,Wife,White,Female,United-States,<=50K
24,234640,11,0,0,35,Private,Assoc-voc,Never-married,Other-service,Own-child,White,Female,United-States,<=50K
23,45713,10,0,0,40,Private,Some-college,Never-married,Craft-repair,Other-relative,White,Male,United-States,<=50K
20,107242,9,0,0,40,Private,HS-grad,Never-married,Machine-op-inspct,Not-in-family,Black,Male,MISSING,<=50K
36,130926,13,3674,0,40,Private,Bachelors,Divorced,Adm-clerical,Not-in-family,White,Female,United-States,<=50K
57,175942,10,0,0,25,Self-emp-not-inc,Some-college,Widowed,Exec-managerial,Other-relative,White,Male,United-States,<=50K
19,137578,9,0,0,53,Self-emp-not-inc,HS-grad,Never-married,Other-service,Own-child,White,Male,United-States,<=50K
47,402975,10,0,0,40,Federal-gov,Some-college,Married-civ-spouse,Exec-managerial,Husband,Black,Male,United-States,<=50K
28,37250,13,0,0,16,State-gov,Bachelors,Never-married,Prof-specialty,Own-child,White,Male,United-States,<=50K
58,182123,9,0,0,44,Private,HS-grad,Married-civ-spouse,Machine-op-inspct,Husband,White,Male,United-States,<=50K
22,109039,9,0,0,55,Private,HS-grad,Never-married,Exec-managerial,Not-in-family,White,Female,United-States,<=50K
53,200190,12,0,0,80,Private,Assoc-acdm,Married-civ-spouse,Sales,Husband,White,Male,United-States,>50K
30,200246,11,0,0,40,Private,Assoc-voc,Never-married,Craft-repair,Not-in-family,White,Male,United-States,<=50K
53,386773,9,7298,0,40,Private,HS-grad,Married-civ-spouse,Craft-repair,Husband,White,Male,United-States,>50K
18,703067,7,0,0,20,Private,11th,Never-married,Sales,Own-child,White,Male,United-States,<=50K
18,170544,7,0,0,20,Private,11th,Never-married,Sales,Own-child,White,Male,United-States,<=50K
61,153790,9,0,0,40,Private,HS-grad,Married-civ-spouse,Adm-clerical,Wife,Black,Female,United-States,<=50K
46,187749,13,0,0,40,Local-gov,Bachelors,Married-civ-spouse,Prof-specialty,Husband,Asian-Pac-Islander,Male,Philippines,>50K
43,177083,10,0,0,30,Private,Some-college,Divorced,Tech-support,Unmarried,White,Female,United-States,<=50K
50,20795,10,0,0,40,Local-gov,Some-college,Married-civ-spouse,Protective-serv,Husband,White,Male,United-States,>50K
34,347166,10,0,0,40,Private,Some-college,Married-civ-spouse,Adm-clerical,Husband,White,Male,United-States,<=50K
34,105493,14,0,0,40,Private,Masters,Divorced,Prof-specialty,Unmarried,White,Female,United-States,<=50K
54,133403,10,0,0,40,Private,Some-college,Married-civ-spouse,Machine-op-inspct,Husband,White,Male,United-States,<=50K
18,163788,10,0,0,40,MISSING,Some-college,Never-married,MISSING,Own-child,White,Female,United-States,<=50K
28,120135,11,0,0,40,Private,Assoc-voc,Never-married,Sales,Not-in-family,White,Female,United-States,<=50K
36,182074,10,0,0,45,Private,Some-college,Divorced,Adm-clerical,Not-in-family,White,Male,United-States,<=50K
36,240323,10,0,0,40,Private,Some-college,Widowed,Adm-clerical,Unmarried,Black,Female,United-States,<=50K
21,182117,12,0,0,40,Private,Assoc-acdm,Never-married,Other-service,Own-child,White,Male,United-States,<=50K
19,231972,7,0,0,20,Private,11th,Never-married,Adm-clerical,Own-child,White,Female,United-States,<=50K
19,185097,9,0,0,37,Private,HS-grad,Never-married,Handlers-cleaners,Not-in-family,White,Female,United-States,<=50K
49,99361,15,0,0,45,Private,Prof-school,Married-civ-spouse,Prof-specialty,Husband,White,Male,United-States,<=50K
61,176839,13,15024,0,50,Private,Bachelors,Married-civ-spouse,Prof-specialty,Husband,White,Male,United-States,>50K
32,227160,10,0,0,40,MISSING,Some-college,Divorced,MISSING,Not-in-family,White,Male,United-States,<=50K
33,182971,10,0,1887,40,Local-gov,Some-college,Married-civ-spouse,Protective-serv,Husband,White,Male,United-States,>50K
54,215990,9,0,0,40,Private,HS-grad,Married-civ-spouse,Exec-managerial,Husband,White,Male,United-States,>50K
20,84375,9,0,0,45,MISSING,HS-grad,Married-civ-spouse,MISSING,Wife,White,Female,United-States,<=50K
39,76767,10,0,0,60,Private,Some-college,Divorced,Adm-clerical,Not-in-family,White,Female,United-States,<=50K
34,79586,13,0,0,60,Self-emp-inc,Bachelors,Never-married,Prof-specialty,Not-in-family,Other,Male,United-States,<=50K
32,107218,13,0,0,40,Private,Bachelors,Never-married,Adm-clerical,Not-in-family,Asian-Pac-Islander,Male,United-States,<=50K
22,205970,6,0,0,35,Private,10th,Separated,Other-service,Unmarried,White,Female,United-States,<=50K
40,377018,13,0,0,60,State-gov,Bachelors,Married-civ-spouse,Prof-specialty,Husband,White,Male,United-States,>50K
33,254935,10,0,0,45,Local-gov,Some-college,Married-civ-spouse,Protective-serv,Husband,White,Male,United-States,<=50K
42,156526,10,0,0,33,Private,Some-college,Never-married,Tech-support,Not-in-family,White,Male,United-States,<=50K
66,182378,4,0,0,30,MISSING,7th-8th,Married-civ-spouse,MISSING,Husband,White,Male,United-States,<=50K
38,37931,9,0,0,40,Local-gov,HS-grad,Married-civ-spouse,Protective-serv,Husband,White,Male,United-States,>50K
21,113106,10,0,0,30,Private,Some-college,Never-married,Other-service,Own-child,White,Female,United-States,<=50K
41,121055,9,0,0,40,Private,HS-grad,Divorced,Transport-moving,Not-in-family,White,Male,United-States,<=50K
48,497486,9,1471,0,40,Federal-gov,HS-grad,Married-spouse-absent,Adm-clerical,Unmarried,White,Female,United-States,<=50K
38,108907,9,0,0,40,Private,HS-grad,Divorced,Craft-repair,Not-in-family,White,Male,MISSING,<=50K
36,194905,13,0,0,44,Private,Bachelors,Widowed,Prof-specialty,Unmarried,White,Female,United-States,<=50K
35,145308,10,0,0,40,Local-gov,Some-college,Married-civ-spouse,Other-service,Husband,White,Male,United-States,<=50K
65,170012,13,0,0,34,Private,Bachelors,Married-civ-spouse,Adm-clerical,Husband,White,Male,United-States,<=50K
22,376277,10,0,0,35,MISSING,Some-college,Divorced,MISSING,Not-in-family,White,Female,United-States,<=50K
36,370156,9,0,0,38,Private,HS-grad,Divorced,Adm-clerical,Unmarried,White,Female,United-States,<=50K
43,403467,13,7688,0,40,Private,Bachelors,Married-civ-spouse,Exec-managerial,Husband,Black,Male,United-States,>50K
21,204425,10,0,0,20,State-gov,Some-college,Never-married,Exec-managerial,Own-child,White,Female,United-States,<=50K
41,101290,9,0,0,40,Private,HS-grad,Divorced,Sales,Unmarried,White,Female,United-States,<=50K
26,205036,9,0,0,42,Private,HS-grad,Never-married,Handlers-cleaners,Not-in-family,White,Male,United-States,<=50K
49,203067,10,0,0,40,Private,Some-college,Married-civ-spouse,Prof-specialty,Husband,White,Male,United-States,>50K
30,54334,5,0,0,40,Private,9th,Never-married,Sales,Not-in-family,White,Male,United-States,<=50K
46,256909,9,3325,0,45,Self-emp-inc,HS-grad,Married-spouse-absent,Farming-fishing,Not-in-family,White,Male,United-States,<=50K
27,97490,10,0,0,40,Private,Some-college,Divorced,Craft-repair,Unmarried,White,Female,United-States,<=50K
26,33610,9,0,0,60,Private,HS-grad,Never-married,Craft-repair,Other-relative,White,Male,United-States,<=50K
80,26865,4,0,0,20,Self-emp-not-inc,7th-8th,Never-married,Farming-fishing,Unmarried,White,Male,United-States,<=50K
33,126414,13,0,0,40,Private,Bachelors,Married-civ-spouse,Other-service,Wife,White,Female,MISSING,<=50K
41,279297,9,0,0,60,Private,HS-grad,Never-married,Sales,Not-in-family,Black,Female,United-States,<=50K
65,90377,11,6767,0,60,Private,Assoc-voc,Married-civ-spouse,Farming-fishing,Husband,White,Male,United-States,<=50K
22,255252,9,0,0,40,Private,HS-grad,Never-married,Craft-repair,Own-child,White,Male,United-States,<=50K
41,408498,9,0,0,50,Self-emp-not-inc,HS-grad,Married-civ-spouse,Exec-managerial,Husband,White,Male,United-States,<=50K
35,241998,13,0,0,45,Private,Bachelors,Married-civ-spouse,Exec-managerial,Husband,White,Male,United-States,>50K
52,260938,10,0,0,60,Self-emp-inc,Some-college,Married-civ-spouse,Exec-managerial,Husband,White,Male,United-States,>50K
33,168981,2,0,0,24,Private,1st-4th,Never-married,Sales,Own-child,White,Female,United-States,<=50K
21,118712,9,0,0,35,Private,HS-grad,Never-married,Craft-repair,Unmarried,White,Male,United-States,<=50K
47,168109,9,15024,0,50,Self-emp-not-inc,HS-grad,Married-civ-spouse,Farming-fishing,Husband,White,Male,United-States,>50K
51,153486,9,0,0,45,Private,HS-grad,Married-civ-spouse,Machine-op-inspct,Husband,White,Male,United-States,>50K
34,175697,11,0,0,75,Self-emp-not-inc,Assoc-voc,Married-civ-spouse,Craft-repair,Husband,White,Male,United-States,<=50K
28,201175,7,0,0,40,Private,11th,Never-married,Machine-op-inspct,Not-in-family,Black,Male,United-States,<=50K
39,191161,10,0,0,40,Private,Some-college,Married-civ-spouse,Craft-repair,Husband,White,Male,United-States,<=50K
23,230315,10,0,0,40,Private,Some-college,Never-married,Other-service,Not-in-family,Asian-Pac-Islander,Male,Dominican-Republic,<=50K
55,71630,9,0,1617,40,State-gov,HS-grad,Divorced,Adm-clerical,Not-in-family,White,Female,United-States,<=50K
41,139916,11,0,2179,84,Self-emp-inc,Assoc-voc,Married-civ-spouse,Sales,Husband,Other,Male,Mexico,<=50K
29,119359,9,0,0,10,Private,HS-grad,Married-civ-spouse,Prof-specialty,Wife,Asian-Pac-Islander,Female,China,>50K
32,230224,12,0,0,35,State-gov,Assoc-acdm,Married-civ-spouse,Other-service,Husband,White,Male,United-States,<=50K
47,256866,9,0,0,48,Private,HS-grad,Married-civ-spouse,Transport-moving,Husband,White,Male,United-States,<=50K
34,33117,10,0,0,40,Private,Some-college,Married-civ-spouse,Other-service,Husband,White,Male,United-States,<=50K
47,228583,10,0,0,40,Private,Some-college,Married-civ-spouse,Craft-repair,Husband,White,Male,MISSING,<=50K
36,129573,12,0,0,60,Private,Assoc-acdm,Married-civ-spouse,Sales,Husband,White,Male,United-States,>50K
33,159574,4,0,0,45,Private,7th-8th,Married-civ-spouse,Adm-clerical,Husband,White,Male,United-States,<=50K
28,52603,13,0,0,50,Private,Bachelors,Married-civ-spouse,Sales,Husband,White,Male,United-States,>50K
35,46028,12,0,0,50,Private,Assoc-acdm,Divorced,Other-service,Unmarried,White,Female,United-States,<=50K
26,222248,9,0,0,70,Private,HS-grad,Never-married,Craft-repair,Not-in-family,White,Male,United-States,<=50K
19,192773,10,0,0,35,MISSING,Some-college,Never-married,MISSING,Own-child,White,Female,United-States,<=50K
37,267086,11,0,0,52,Private,Assoc-voc,Divorced,Tech-support,Unmarried,White,Female,United-States,<=50K
22,236907,10,0,0,20,Private,Some-college,Never-married,Handlers-cleaners,Own-child,White,Male,United-States,<=50K
40,374764,10,0,0,40,Private,Some-college,Divorced,Handlers-cleaners,Not-in-family,White,Male,United-States,<=50K
30,164190,15,0,0,40,Self-emp-not-inc,Prof-school,Never-married,Prof-specialty,Own-child,White,Male,United-States,<=50K
32,182926,14,0,0,40,Self-emp-not-inc,Masters,Never-married,Prof-specialty,Not-in-family,White,Male,United-States,<=50K
31,111567,13,0,0,40,Private,Bachelors,Never-married,Sales,Not-in-family,White,Male,United-States,>50K
56,202220,10,0,0,38,Private,Some-college,Separated,Tech-support,Unmarried,Black,Female,United-States,<=50K
46,81136,11,0,0,30,MISSING,Assoc-voc,Divorced,MISSING,Unmarried,White,Male,United-States,<=50K
45,176917,9,0,0,40,Private,HS-grad,Never-married,Handlers-cleaners,Other-relative,White,Male,United-States,<=50K
26,289700,10,0,0,25,Private,Some-college,Married-civ-spouse,Other-service,Husband,White,Male,United-States,<=50K
45,51664,10,0,0,40,Private,Some-college,Married-civ-spouse,Sales,Husband,White,Male,United-States,<=50K
60,101096,16,0,0,65,Private,Doctorate,Never-married,Prof-specialty,Not-in-family,White,Female,United-States,>50K
30,319280,9,0,0,40,Local-gov,HS-grad,Married-civ-spouse,Protective-serv,Husband,White,Male,United-States,>50K
53,123011,14,0,0,45,Private,Masters,Married-civ-spouse,Exec-managerial,Husband,White,Male,United-States,>50K
43,96129,7,0,0,60,Self-emp-not-inc,11th,Married-civ-spouse,Handlers-cleaners,Husband,White,Male,United-States,<=50K
34,176711,9,0,0,40,Private,HS-grad,Never-married,Adm-clerical,Own-child,White,Male,United-States,<=50K
25,111675,10,0,0,43,Private,Some-college,Married-civ-spouse,Sales,Husband,White,Male,United-States,<=50K
37,102541,11,0,0,40,MISSING,Assoc-voc,Married-civ-spouse,MISSING,Wife,Amer-Indian-Eskimo,Female,United-States,<=50K
53,111939,13,0,0,35,Private,Bachelors,Married-civ-spouse,Other-service,Husband,White,Male,United-States,<=50K
36,51089,13,0,0,60,Private,Bachelors,Never-married,Craft-repair,Not-in-family,White,Male,United-States,<=50K
32,169589,11,0,0,40,Private,Assoc-voc,Married-civ-spouse,Handlers-cleaners,Husband,White,Male,United-States,>50K
46,166003,7,0,0,40,Private,11th,Married-civ-spouse,Machine-op-inspct,Husband,White,Male,United-States,<=50K
46,39606,14,0,0,40,Federal-gov,Masters,Married-civ-spouse,Exec-managerial,Husband,White,Male,England,>50K
35,108293,13,0,0,32,Private,Bachelors,Widowed,Prof-specialty,Unmarried,White,Female,United-States,>50K
56,192869,9,0,0,40,Private,HS-grad,Married-civ-spouse,Machine-op-inspct,Husband,White,Male,United-States,>50K
55,86505,9,0,0,20,Private,HS-grad,Married-civ-spouse,Tech-support,Husband,White,Male,United-States,<=50K
47,191411,14,0,0,45,Private,Masters,Married-civ-spouse,Prof-specialty,Husband,Asian-Pac-Islander,Male,India,<=50K
48,175221,9,0,0,40,Private,HS-grad,Married-civ-spouse,Machine-op-inspct,Husband,White,Male,United-States,<=50K
64,98586,16,0,0,60,Private,Doctorate,Married-civ-spouse,Prof-specialty,Husband,White,Male,United-States,>50K
38,161066,9,0,0,50,Private,HS-grad,Divorced,Craft-repair,Not-in-family,Amer-Indian-Eskimo,Male,United-States,<=50K
43,77370,9,0,0,40,Federal-gov,HS-grad,Married-civ-spouse,Transport-moving,Husband,White,Male,United-States,<=50K
20,250165,9,0,0,40,Private,HS-grad,Married-civ-spouse,Sales,Husband,White,Male,United-States,<=50K
25,280093,7,0,0,40,Private,11th,Married-spouse-absent,Handlers-cleaners,Not-in-family,White,Male,Mexico,<=50K
50,248619,9,0,0,40,Private,HS-grad,Married-civ-spouse,Craft-repair,Husband,White,Male,United-States,<=50K
17,341395,6,0,0,20,MISSING,10th,Never-married,MISSING,Own-child,Black,Male,United-States,<=50K
36,20333,9,7688,0,40,Self-emp-not-inc,HS-grad,Married-civ-spouse,Sales,Wife,White,Female,United-States,>50K
38,179668,13,0,0,50,Private,Bachelors,Married-civ-spouse,Prof-specialty,Husband,White,Male,United-States,>50K
43,198316,10,0,0,40,Private,Some-college,Married-civ-spouse,Craft-repair,Husband,White,Male,United-States,<=50K
44,241851,11,4386,0,40,Local-gov,Assoc-voc,Married-civ-spouse,Transport-moving,Husband,White,Male,United-States,>50K
53,226135,5,0,0,40,Private,9th,Never-married,Craft-repair,Not-in-family,Black,Male,Jamaica,<=50K
50,146325,9,0,0,44,Private,HS-grad,Married-civ-spouse,Craft-repair,Husband,White,Male,United-States,>50K
52,110977,16,0,0,40,Private,Doctorate,Never-married,Exec-managerial,Not-in-family,White,Male,United-States,>50K
74,392886,9,0,0,14,Self-emp-not-inc,HS-grad,Widowed,Farming-fishing,Not-in-family,White,Female,United-States,<=50K
68,214521,15,0,0,16,Private,Prof-school,Widowed,Prof-specialty,Unmarried,White,Female,United-States,<=50K
22,235733,9,0,0,45,Private,HS-grad,Never-married,Other-service,Not-in-family,White,Female,United-States,<=50K
36,166304,9,0,0,33,Private,HS-grad,Married-civ-spouse,Transport-moving,Husband,White,Male,United-States,<=50K
45,170099,12,0,0,40,Local-gov,Assoc-acdm,Married-civ-spouse,Handlers-cleaners,Husband,White,Male,United-States,<=50K
23,256278,4,0,0,30,Private,7th-8th,Married-civ-spouse,Handlers-cleaners,Other-relative,Other,Female,El-Salvador,<=50K
26,181666,10,0,0,40,Private,Some-college,Married-civ-spouse,Machine-op-inspct,Wife,White,Female,United-States,<=50K
36,437909,9,0,0,40,Private,HS-grad,Married-civ-spouse,Machine-op-inspct,Husband,White,Male,United-States,<=50K
25,161235,11,0,0,90,MISSING,Assoc-voc,Never-married,MISSING,Own-child,White,Male,United-States,<=50K
29,125976,9,0,0,35,Private,HS-grad,Separated,Sales,Unmarried,White,Female,United-States,<=50K
42,155657,9,0,0,25,State-gov,HS-grad,Divorced,Adm-clerical,Not-in-family,Black,Female,United-States,<=50K
38,34180,10,0,0,35,Self-emp-not-inc,Some-college,Married-civ-spouse,Farming-fishing,Husband,White,Male,United-States,<=50K
66,142723,3,0,0,40,Private,5th-6th,Married-spouse-absent,Handlers-cleaners,Unmarried,White,Female,Puerto-Rico,<=50K
58,238438,10,0,0,42,Private,Some-college,Married-civ-spouse,Prof-specialty,Husband,White,Male,United-States,<=50K
23,496382,10,0,0,40,Local-gov,Some-college,Married-spouse-absent,Adm-clerical,Own-child,White,Female,Guatemala,<=50K
41,806552,10,0,0,50,Private,Some-college,Married-civ-spouse,Sales,Husband,White,Male,United-States,>50K
59,229939,9,0,0,40,Private,HS-grad,Married-civ-spouse,Sales,Husband,White,Male,United-States,<=50K
24,306779,10,0,0,65,Private,Some-college,Never-married,Sales,Not-in-family,White,Male,United-States,<=50K
37,248445,9,0,0,40,Private,HS-grad,Divorced,Handlers-cleaners,Other-relative,White,Male,El-Salvador,<=50K
59,115389,10,0,0,36,Federal-gov,Some-college,Married-civ-spouse,Craft-repair,Husband,White,Male,United-States,<=50K
38,252250,7,0,0,65,Private,11th,Divorced,Machine-op-inspct,Not-in-family,White,Male,United-States,<=50K
49,195554,9,0,0,44,Private,HS-grad,Married-civ-spouse,Transport-moving,Husband,White,Male,United-States,<=50K
29,86613,2,0,0,20,Private,1st-4th,Never-married,Other-service,Not-in-family,White,Male,El-Salvador,<=50K
84,135839,11,0,0,14,Local-gov,Assoc-voc,Widowed,Adm-clerical,Not-in-family,White,Female,United-States,<=50K
51,69328,11,0,0,50,MISSING,Assoc-voc,Married-civ-spouse,MISSING,Husband,White,Male,United-States,>50K
50,187830,13,0,0,50,Private,Bachelors,Never-married,Exec-managerial,Not-in-family,White,Male,United-States,>50K
48,320421,9,0,0,50,Private,HS-grad,Married-civ-spouse,Sales,Husband,White,Male,United-States,<=50K
22,89991,10,0,0,11,Private,Some-college,Never-married,Other-service,Own-child,White,Female,United-States,<=50K
50,94885,13,0,0,45,Private,Bachelors,Divorced,Prof-specialty,Not-in-family,White,Male,United-States,>50K
25,169759,9,0,0,95,Private,HS-grad,Never-married,Handlers-cleaners,Own-child,White,Male,United-States,<=50K
32,239824,13,0,0,40,Private,Bachelors,Never-married,Tech-support,Not-in-family,White,Male,United-States,<=50K
38,380543,9,0,0,30,Private,HS-grad,Never-married,Other-service,Unmarried,Black,Female,United-States,<=50K
71,200418,3,0,0,40,Private,5th-6th,Married-civ-spouse,Transport-moving,Husband,White,Male,United-States,<=50K
41,44006,11,0,0,40,Self-emp-not-inc,Assoc-voc,Divorced,Farming-fishing,Not-in-family,White,Male,United-States,<=50K
35,45607,14,0,0,60,Local-gov,Masters,Never-married,Prof-specialty,Not-in-family,White,Male,United-States,>50K
27,23740,9,0,0,38,State-gov,HS-grad,Never-married,Transport-moving,Not-in-family,Amer-Indian-Eskimo,Male,United-States,>50K
43,300528,10,0,0,40,Private,Some-college,Married-civ-spouse,Transport-moving,Husband,White,Male,United-States,<=50K
28,108574,10,0,0,15,Private,Some-college,Married-civ-spouse,Adm-clerical,Wife,White,Female,United-States,<=50K
39,132879,13,0,1887,40,Local-gov,Bachelors,Married-civ-spouse,Prof-specialty,Husband,White,Male,United-States,>50K
31,215297,9,0,0,45,Private,HS-grad,Married-civ-spouse,Craft-repair,Husband,White,Male,United-States,<=50K
28,175343,13,0,0,40,Private,Bachelors,Married-civ-spouse,Sales,Husband,White,Male,United-States,<=50K
55,145214,10,4650,0,20,Private,Some-college,Divorced,Adm-clerical,Unmarried,White,Female,United-States,<=50K
18,97318,9,0,0,35,MISSING,HS-grad,Never-married,MISSING,Own-child,White,Female,United-States,<=50K
32,53277,14,0,0,60,Private,Masters,Married-civ-spouse,Exec-managerial,Husband,White,Male,United-States,>50K
30,75573,13,0,0,45,Private,Bachelors,Never-married,Exec-managerial,Not-in-family,White,Female,Germany,<=50K
27,339956,9,0,0,60,Private,HS-grad,Married-civ-spouse,Transport-moving,Husband,Black,Male,United-States,<=50K
40,166893,13,0,0,40,Local-gov,Bachelors,Married-civ-spouse,Protective-serv,Husband,Black,Male,United-States,>50K
41,174540,10,0,0,4,Private,Some-college,Married-civ-spouse,Prof-specialty,Husband,Black,Male,United-States,<=50K
35,47707,9,0,0,40,Private,HS-grad,Never-married,Other-service,Not-in-family,Black,Female,United-States,<=50K
52,48947,10,0,0,45,Private,Some-college,Divorced,Adm-clerical,Unmarried,White,Female,United-States,<=50K
43,174395,14,0,0,50,Local-gov,Masters,Married-civ-spouse,Prof-specialty,Husband,White,Male,United-States,<=50K
25,274228,9,0,0,84,Private,HS-grad,Married-civ-spouse,Tech-support,Husband,White,Male,United-States,<=50K
62,197286,8,0,0,48,Private,12th,Married-civ-spouse,Farming-fishing,Husband,White,Male,Germany,<=50K
43,183765,10,0,0,40,Private,Some-college,Divorced,Tech-support,Not-in-family,White,Male,MISSING,>50K
22,162343,10,0,0,20,Private,Some-college,Never-married,Other-service,Other-relative,Black,Male,United-States,<=50K
29,119429,9,0,0,40,Private,HS-grad,Never-married,Craft-repair,Not-in-family,Black,Male,United-States,<=50K
36,68781,10,0,0,35,Federal-gov,Some-college,Married-civ-spouse,Adm-clerical,Husband,White,Male,United-States,<=50K
21,314645,10,0,0,43,MISSING,Some-college,Never-married,MISSING,Not-in-family,White,Female,United-States,<=50K
26,36936,11,0,2002,40,Private,Assoc-voc,Married-civ-spouse,Craft-repair,Husband,White,Male,United-States,<=50K
36,199439,14,0,0,45,Private,Masters,Married-civ-spouse,Exec-managerial,Husband,White,Male,United-States,>50K
61,203445,10,0,0,40,Private,Some-college,Widowed,Adm-clerical,Other-relative,White,Female,United-States,<=50K
41,488706,10,0,0,40,Local-gov,Some-college,Married-civ-spouse,Handlers-cleaners,Husband,White,Male,United-States,<=50K
19,278220,10,0,1602,40,MISSING,Some-college,Never-married,MISSING,Own-child,White,Female,United-States,<=50K
44,234885,9,0,0,40,Self-emp-not-inc,HS-grad,Married-civ-spouse,Sales,Wife,White,Female,United-States,>50K
39,218249,10,0,0,37,State-gov,Some-college,Separated,Prof-specialty,Unmarried,Black,Female,United-States,<=50K
17,193769,5,0,0,20,Private,9th,Never-married,Other-service,Unmarried,White,Male,United-States,<=50K
20,200153,9,0,0,38,Private,HS-grad,Never-married,Other-service,Own-child,White,Female,United-States,<=50K
30,275632,9,0,0,45,Private,HS-grad,Married-civ-spouse,Machine-op-inspct,Husband,White,Male,United-States,<=50K
34,158420,13,0,0,70,Private,Bachelors,Married-civ-spouse,Exec-managerial,Husband,White,Male,United-States,<=50K
29,130045,4,0,0,40,Private,7th-8th,Married-civ-spouse,Other-service,Wife,White,Female,United-States,<=50K
27,204098,6,0,0,30,Private,10th,Never-married,Craft-repair,Not-in-family,White,Male,United-States,<=50K
30,243165,9,0,0,40,Private,HS-grad,Married-civ-spouse,Exec-managerial,Husband,White,Male,United-States,<=50K
43,96483,9,0,0,40,Private,HS-grad,Divorced,Other-service,Own-child,Asian-Pac-Islander,Female,South,<=50K
17,142964,7,0,0,20,Private,11th,Never-married,Other-service,Own-child,White,Male,United-States,<=50K
43,25005,14,5013,0,12,Federal-gov,Masters,Married-civ-spouse,Handlers-cleaners,Husband,White,Male,United-States,<=50K
53,321865,15,0,0,60,Self-emp-not-inc,Prof-school,Divorced,Prof-specialty,Not-in-family,White,Male,United-States,>50K
27,168470,13,0,0,40,Private,Bachelors,Never-married,Exec-managerial,Not-in-family,White,Male,United-States,<=50K
24,312017,10,0,0,40,Federal-gov,Some-college,Never-married,Exec-managerial,Own-child,White,Male,United-States,<=50K
62,26966,10,0,0,40,Private,Some-college,Widowed,Adm-clerical,Not-in-family,White,Female,United-States,<=50K
26,245628,7,0,0,20,Private,11th,Never-married,Handlers-cleaners,Unmarried,White,Male,United-States,<=50K
51,186303,13,0,0,40,Private,Bachelors,Married-civ-spouse,Sales,Husband,White,Male,United-States,>50K
32,317219,14,0,1590,40,Private,Masters,Never-married,Prof-specialty,Not-in-family,White,Female,United-States,<=50K
38,269318,10,7298,0,40,Self-emp-inc,Some-college,Married-civ-spouse,Exec-managerial,Husband,White,Male,United-States,>50K
38,194538,11,0,0,48,Private,Assoc-voc,Married-civ-spouse,Machine-op-inspct,Husband,White,Male,United-States,>50K
28,283227,10,0,0,65,Local-gov,Some-college,Married-civ-spouse,Exec-managerial,Husband,White,Male,United-States,<=50K
20,432154,9,0,0,8,Private,HS-grad,Never-married,Sales,Own-child,White,Female,Mexico,<=50K
22,110622,13,0,0,15,MISSING,Bachelors,Never-married,MISSING,Own-child,Asian-Pac-Islander,Female,Taiwan,<=50K
40,291192,9,0,0,40,Private,HS-grad,Widowed,Sales,Not-in-family,White,Female,United-States,<=50K
24,215797,13,0,0,40,State-gov,Bachelors,Never-married,Tech-support,Not-in-family,White,Female,United-States,<=50K
67,45537,14,0,0,40,MISSING,Masters,Married-civ-spouse,MISSING,Husband,Black,Male,United-States,>50K
43,193882,9,0,0,40,Private,HS-grad,Married-civ-spouse,Exec-managerial,Husband,White,Male,United-States,>50K
42,99679,9,0,0,60,Private,HS-grad,Married-civ-spouse,Transport-moving,Husband,White,Male,United-States,>50K
67,157403,15,6418,0,10,MISSING,Prof-school,Married-civ-spouse,MISSING,Husband,White,Male,United-States,>50K
29,107812,10,0,0,15,Private,Some-college,Never-married,Prof-specialty,Not-in-family,White,Male,United-States,<=50K
31,257644,7,0,0,40,Private,11th,Never-married,Transport-moving,Unmarried,White,Male,United-States,<=50K
58,189933,10,0,0,65,Self-emp-inc,Some-college,Married-civ-spouse,Exec-managerial,Husband,White,Male,United-States,>50K
48,379883,14,0,0,40,Self-emp-not-inc,Masters,Married-civ-spouse,Exec-managerial,Husband,White,Male,Mexico,>50K
55,183869,15,0,0,50,Self-emp-inc,Prof-school,Married-civ-spouse,Exec-managerial,Husband,White,Male,MISSING,>50K
34,33442,11,0,0,40,Self-emp-not-inc,Assoc-voc,Never-married,Other-service,Other-relative,White,Female,United-States,<=50K
59,87510,9,0,0,40,Private,HS-grad,Divorced,Craft-repair,Not-in-family,White,Male,United-States,<=50K
26,212800,12,0,0,36,Private,Assoc-acdm,Never-married,Prof-specialty,Own-child,White,Female,United-States,<=50K
33,399088,9,0,0,40,Private,HS-grad,Divorced,Transport-moving,Unmarried,White,Female,United-States,<=50K
47,185399,9,0,0,38,Private,HS-grad,Married-civ-spouse,Other-service,Wife,White,Female,United-States,<=50K
42,99185,10,0,0,40,Self-emp-not-inc,Some-college,Married-civ-spouse,Exec-managerial,Husband,White,Male,United-States,>50K
28,31778,13,0,0,40,Private,Bachelors,Never-married,Handlers-cleaners,Own-child,White,Male,United-States,<=50K
27,188711,10,0,0,30,MISSING,Some-college,Divorced,MISSING,Not-in-family,White,Male,United-States,<=50K
52,135716,9,0,0,70,Self-emp-not-inc,HS-grad,Married-civ-spouse,Farming-fishing,Husband,White,Male,United-States,<=50K
18,182643,10,0,0,9,Private,Some-college,Never-married,Handlers-cleaners,Own-child,White,Male,United-States,<=50K
24,306515,9,0,0,40,Federal-gov,HS-grad,Never-married,Adm-clerical,Not-in-family,White,Female,United-States,<=50K
30,196342,14,0,0,40,Private,Masters,Never-married,Prof-specialty,Not-in-family,White,Male,Ireland,<=50K
37,133328,9,0,0,40,Private,HS-grad,Divorced,Sales,Unmarried,White,Female,United-States,<=50K
46,294907,3,0,0,40,Private,5th-6th,Married-civ-spouse,Machine-op-inspct,Husband,White,Male,Mexico,<=50K
22,39803,10,0,0,40,MISSING,Some-college,Never-married,MISSING,Own-child,White,Male,United-States,<=50K
21,347292,9,0,0,40,Private,HS-grad,Never-married,Craft-repair,Not-in-family,White,Male,United-States,<=50K
21,209955,9,0,0,48,Private,HS-grad,Never-married,Craft-repair,Not-in-family,White,Male,United-States,<=50K
46,122206,9,0,0,50,Self-emp-not-inc,HS-grad,Married-civ-spouse,Exec-managerial,Husband,White,Male,United-States,<=50K
45,166929,7,0,0,40,Private,11th,Married-civ-spouse,Craft-repair,Husband,White,Male,United-States,<=50K
21,153718,10,0,0,25,Private,Some-college,Never-married,Other-service,Not-in-family,Asian-Pac-Islander,Female,United-States,<=50K
37,123785,9,0,0,75,Private,HS-grad,Never-married,Other-service,Not-in-family,White,Male,United-States,<=50K
62,83439,4,0,0,40,MISSING,7th-8th,Married-civ-spouse,MISSING,Husband,White,Male,United-States,<=50K
37,482927,10,0,0,65,State-gov,Some-college,Divorced,Other-service,Not-in-family,White,Male,United-States,<=50K
56,198388,9,0,0,40,Private,HS-grad,Divorced,Adm-clerical,Not-in-family,White,Female,United-States,<=50K
25,391591,8,0,0,40,Private,12th,Never-married,Craft-repair,Not-in-family,White,Male,United-States,<=50K
47,83046,13,0,0,18,MISSING,Bachelors,Married-civ-spouse,MISSING,Husband,White,Male,United-States,<=50K
47,105381,9,0,0,40,Private,HS-grad,Divorced,Sales,Not-in-family,White,Female,United-States,<=50K
22,145964,13,0,0,40,Private,Bachelors,Never-married,Sales,Own-child,White,Male,United-States,<=50K
26,31143,9,0,0,45,Self-emp-not-inc,HS-grad,Married-civ-spouse,Exec-managerial,Husband,White,Male,United-States,<=50K
39,164866,9,0,0,42,Private,HS-grad,Married-civ-spouse,Machine-op-inspct,Husband,White,Male,United-States,>50K
57,123778,9,0,0,48,Self-emp-not-inc,HS-grad,Married-civ-spouse,Sales,Husband,White,Male,United-States,<=50K
52,162576,12,0,0,40,Private,Assoc-acdm,Married-civ-spouse,Tech-support,Husband,White,Male,United-States,>50K
22,298227,9,0,0,35,Private,HS-grad,Never-married,Handlers-cleaners,Unmarried,White,Male,United-States,<=50K
39,456922,13,0,0,40,Private,Bachelors,Divorced,Tech-support,Not-in-family,White,Male,United-States,<=50K
62,224520,9,0,0,90,Self-emp-not-inc,HS-grad,Married-civ-spouse,Sales,Husband,White,Male,United-States,>50K
23,33105,10,0,0,40,Private,Some-college,Never-married,Handlers-cleaners,Own-child,Amer-Indian-Eskimo,Male,United-States,<=50K
60,141637,14,0,0,40,Local-gov,Masters,Married-civ-spouse,Prof-specialty,Husband,White,Male,United-States,>50K
24,291355,10,0,0,60,Private,Some-college,Divorced,Adm-clerical,Not-in-family,White,Female,United-States,<=50K
34,286020,9,0,0,45,Private,HS-grad,Married-civ-spouse,Machine-op-inspct,Husband,White,Male,United-States,<=50K
56,196307,16,0,0,40,Federal-gov,Doctorate,Married-civ-spouse,Prof-specialty,Husband,White,Male,United-States,>50K
75,125784,10,0,0,8,MISSING,Some-college,Married-civ-spouse,MISSING,Husband,White,Male,United-States,<=50K
26,322614,1,0,1719,40,Private,Preschool,Married-spouse-absent,Machine-op-inspct,Not-in-family,White,Male,Mexico,<=50K
64,187601,10,0,0,40,Private,Some-college,Widowed,Adm-clerical,Not-in-family,White,Female,United-States,<=50K
31,148600,9,0,0,40,Private,HS-grad,Married-civ-spouse,Machine-op-inspct,Husband,Black,Male,United-States,<=50K
37,292855,11,0,1887,35,Private,Assoc-voc,Married-civ-spouse,Prof-specialty,Wife,White,Female,United-States,>50K
43,137126,10,0,0,40,Private,Some-college,Married-civ-spouse,Exec-managerial,Husband,White,Male,United-States,>50K
71,149040,8,0,0,40,Private,12th,Never-married,Other-service,Not-in-family,White,Female,United-States,<=50K
28,166481,4,0,2179,40,Private,7th-8th,Married-civ-spouse,Handlers-cleaners,Husband,Other,Male,Puerto-Rico,<=50K
22,236684,11,0,0,36,Private,Assoc-voc,Never-married,Other-service,Own-child,Black,Female,United-States,<=50K
42,50122,9,0,0,60,Self-emp-inc,HS-grad,Married-civ-spouse,Sales,Husband,White,Male,United-States,<=50K
36,241998,13,0,0,50,Private,Bachelors,Married-civ-spouse,Craft-repair,Husband,White,Male,United-States,>50K
54,146834,6,0,0,60,Private,10th,Married-civ-spouse,Machine-op-inspct,Husband,White,Male,United-States,<=50K
48,239058,8,0,0,50,Private,12th,Widowed,Handlers-cleaners,Unmarried,White,Female,United-States,<=50K
47,197038,13,0,0,50,Federal-gov,Bachelors,Married-civ-spouse,Prof-specialty,Husband,White,Male,United-States,<=50K
45,148222,9,0,0,40,Local-gov,HS-grad,Never-married,Adm-clerical,Not-in-family,Black,Female,United-States,<=50K
23,162945,4,0,0,35,Private,7th-8th,Never-married,Other-service,Own-child,White,Male,United-States,<=50K
40,105794,15,14084,0,50,Private,Prof-school,Never-married,Prof-specialty,Not-in-family,White,Female,United-States,>50K
59,340591,6,3942,0,40,Private,10th,Married-civ-spouse,Handlers-cleaners,Husband,White,Male,United-States,<=50K
33,272411,13,0,0,40,Private,Bachelors,Never-married,Exec-managerial,Not-in-family,White,Female,United-States,<=50K
19,73514,9,0,0,30,Self-emp-not-inc,HS-grad,Never-married,Adm-clerical,Own-child,Asian-Pac-Islander,Female,United-States,<=50K
52,22428,13,0,0,60,Federal-gov,Bachelors,Married-civ-spouse,Protective-serv,Husband,White,Male,United-States,>50K
70,232871,10,0,0,30,Self-emp-inc,Some-college,Married-civ-spouse,Exec-managerial,Husband,White,Male,United-States,<=50K
39,209609,9,0,0,50,Federal-gov,HS-grad,Married-civ-spouse,Adm-clerical,Husband,White,Male,United-States,<=50K
25,272428,9,4416,0,42,Private,HS-grad,Never-married,Sales,Not-in-family,White,Male,United-States,<=50K
35,117528,11,0,0,40,MISSING,Assoc-voc,Married-civ-spouse,MISSING,Wife,White,Female,United-States,>50K
23,376416,13,0,0,40,Private,Bachelors,Never-married,Adm-clerical,Not-in-family,White,Male,United-States,<=50K
30,151868,5,0,0,40,Private,9th,Married-civ-spouse,Craft-repair,Husband,White,Male,United-States,<=50K
36,355053,9,0,0,28,Private,HS-grad,Separated,Other-service,Unmarried,Black,Female,United-States,<=50K
45,120131,4,0,0,52,Self-emp-inc,7th-8th,Married-civ-spouse,Exec-managerial,Husband,White,Male,MISSING,<=50K
34,259705,10,0,0,40,State-gov,Some-college,Separated,Exec-managerial,Own-child,White,Female,United-States,<=50K
42,208726,10,0,0,45,Private,Some-college,Divorced,Exec-managerial,Unmarried,White,Female,United-States,<=50K
44,112797,5,0,0,50,Private,9th,Divorced,Other-service,Own-child,White,Female,United-States,<=50K
44,409505,13,0,0,40,Local-gov,Bachelors,Divorced,Protective-serv,Not-in-family,White,Male,United-States,<=50K
37,191364,12,0,0,40,Local-gov,Assoc-acdm,Married-civ-spouse,Exec-managerial,Husband,White,Male,France,>50K
36,361888,9,0,0,45,Private,HS-grad,Married-civ-spouse,Transport-moving,Husband,White,Male,United-States,>50K
32,84119,9,0,0,40,Local-gov,HS-grad,Married-civ-spouse,Craft-repair,Husband,White,Male,United-States,<=50K
32,126132,13,15024,0,50,Private,Bachelors,Married-civ-spouse,Exec-managerial,Husband,White,Male,United-States,>50K
46,199925,13,0,0,40,Federal-gov,Bachelors,Divorced,Prof-specialty,Not-in-family,White,Male,United-States,<=50K
49,115613,5,0,0,40,Private,9th,Married-civ-spouse,Other-service,Husband,White,Male,United-States,<=50K
37,213008,11,0,0,40,Private,Assoc-voc,Married-civ-spouse,Prof-specialty,Husband,White,Male,Japan,<=50K
63,206052,9,0,0,40,Private,HS-grad,Married-civ-spouse,Craft-repair,Husband,White,Male,United-States,<=50K
25,250038,14,0,0,40,Private,Masters,Married-civ-spouse,Machine-op-inspct,Not-in-family,White,Male,Mexico,<=50K
32,504951,12,0,0,50,Federal-gov,Assoc-acdm,Married-civ-spouse,Protective-serv,Husband,White,Male,United-States,<=50K
47,347025,14,0,0,40,Private,Masters,Divorced,Prof-specialty,Not-in-family,White,Female,United-States,<=50K
51,145166,9,0,0,50,Private,HS-grad,Married-civ-spouse,Adm-clerical,Husband,White,Male,United-States,<=50K
59,121912,10,0,0,40,Private,Some-college,Married-civ-spouse,Exec-managerial,Husband,White,Male,United-States,>50K
26,171114,10,0,0,38,Private,Some-college,Never-married,Farming-fishing,Not-in-family,White,Female,United-States,<=50K
22,192017,9,0,0,40,Private,HS-grad,Never-married,Prof-specialty,Not-in-family,White,Male,United-States,<=50K
50,297906,10,0,0,50,Private,Some-college,Married-civ-spouse,Sales,Husband,Asian-Pac-Islander,Male,United-States,>50K
45,71823,10,0,0,20,Federal-gov,Some-college,Married-civ-spouse,Adm-clerical,Husband,Black,Male,United-States,<=50K
45,221780,10,0,0,30,Private,Some-college,Divorced,Handlers-cleaners,Not-in-family,White,Male,United-States,<=50K
28,183802,9,0,0,55,Private,HS-grad,Married-civ-spouse,Transport-moving,Husband,White,Male,United-States,<=50K
39,103456,13,0,0,45,Private,Bachelors,Married-civ-spouse,Adm-clerical,Husband,White,Male,United-States,>50K
23,32950,10,4101,0,40,Private,Some-college,Never-married,Transport-moving,Not-in-family,White,Male,United-States,<=50K
49,168232,9,0,0,40,Federal-gov,HS-grad,Married-civ-spouse,Adm-clerical,Husband,White,Male,United-States,>50K
17,99161,6,0,0,8,Private,10th,Never-married,Other-service,Own-child,White,Male,United-States,<=50K
26,256737,7,0,0,40,Private,11th,Married-civ-spouse,Transport-moving,Husband,White,Male,United-States,<=50K
27,103164,7,0,0,40,Private,11th,Married-civ-spouse,Craft-repair,Husband,White,Male,United-States,<=50K
53,98791,10,0,0,40,Private,Some-college,Married-civ-spouse,Tech-support,Husband,White,Male,United-States,<=50K
19,238474,7,0,0,40,Private,11th,Never-married,Machine-op-inspct,Own-child,White,Male,United-States,<=50K
51,306784,9,4386,0,40,Federal-gov,HS-grad,Married-civ-spouse,Craft-repair,Husband,White,Male,United-States,>50K
21,415913,10,0,0,40,MISSING,Some-college,Never-married,MISSING,Own-child,White,Male,United-States,<=50K
24,200295,10,0,0,40,Private,Some-college,Never-married,Craft-repair,Not-in-family,White,Male,United-States,<=50K
27,81540,9,0,0,40,Private,HS-grad,Married-civ-spouse,Craft-repair,Husband,White,Male,United-States,>50K
43,207685,9,0,0,40,Private,HS-grad,Married-civ-spouse,Machine-op-inspct,Husband,White,Male,United-States,<=50K
66,108185,5,0,0,40,MISSING,9th,Married-civ-spouse,MISSING,Husband,Black,Male,United-States,<=50K
19,195985,9,0,0,40,Private,HS-grad,Never-married,Other-service,Not-in-family,White,Female,United-States,<=50K
46,328216,15,0,0,45,Self-emp-not-inc,Prof-school,Married-civ-spouse,Prof-specialty,Husband,White,Male,United-States,>50K
17,237272,6,0,0,30,Never-worked,10th,Never-married,MISSING,Own-child,White,Male,United-States,<=50K
37,117651,13,0,0,40,State-gov,Bachelors,Never-married,Prof-specialty,Other-relative,White,Male,United-States,<=50K
51,241346,9,0,0,43,Private,HS-grad,Divorced,Adm-clerical,Not-in-family,White,Female,United-States,<=50K
43,115178,11,0,0,40,Private,Assoc-voc,Married-civ-spouse,Adm-clerical,Wife,White,Female,United-States,>50K
26,220656,13,0,0,38,Local-gov,Bachelors,Never-married,Prof-specialty,Own-child,Black,Male,England,<=50K
24,108495,10,0,0,40,Private,Some-college,Never-married,Adm-clerical,Own-child,White,Male,India,<=50K
26,224361,4,0,0,75,Self-emp-not-inc,7th-8th,Married-civ-spouse,Transport-moving,Husband,White,Male,United-States,<=50K
24,33339,10,0,0,20,MISSING,Some-college,Never-married,MISSING,Own-child,White,Male,United-States,<=50K
51,284211,9,0,0,35,Private,HS-grad,Widowed,Prof-specialty,Unmarried,White,Female,United-States,<=50K
41,182370,12,0,0,40,Private,Assoc-acdm,Divorced,Craft-repair,Own-child,White,Male,United-States,<=50K
57,212448,13,0,0,45,Private,Bachelors,Divorced,Exec-managerial,Not-in-family,White,Female,United-States,>50K
33,246291,13,0,0,46,Local-gov,Bachelors,Never-married,Prof-specialty,Not-in-family,White,Female,United-States,<=50K
37,234901,10,0,0,50,Private,Some-college,Married-civ-spouse,Sales,Husband,White,Male,Germany,>50K
41,265266,12,0,0,40,Private,Assoc-acdm,Married-civ-spouse,Tech-support,Husband,White,Male,United-States,<=50K
26,214413,10,0,0,40,Private,Some-college,Never-married,Craft-repair,Own-child,White,Male,United-States,<=50K
33,55176,4,0,0,40,Private,7th-8th,Married-civ-spouse,Craft-repair,Husband,White,Male,United-States,<=50K
34,54850,13,0,1590,50,Private,Bachelors,Never-married,Exec-managerial,Not-in-family,White,Male,United-States,<=50K
63,194682,16,0,1902,50,State-gov,Doctorate,Married-civ-spouse,Exec-managerial,Husband,White,Male,United-States,>50K
47,148884,9,0,0,60,Private,HS-grad,Married-civ-spouse,Transport-moving,Husband,White,Male,United-States,<=50K
51,32372,13,0,1672,70,Self-emp-not-inc,Bachelors,Married-civ-spouse,Exec-managerial,Husband,White,Male,United-States,<=50K
23,197904,9,0,0,35,Private,HS-grad,Never-married,Other-service,Unmarried,White,Female,United-States,<=50K
32,105938,9,0,1602,20,Private,HS-grad,Never-married,Machine-op-inspct,Own-child,Black,Female,United-States,<=50K
25,108001,5,0,0,15,Self-emp-not-inc,9th,Never-married,Craft-repair,Not-in-family,White,Male,United-States,<=50K
50,256861,9,0,0,80,Private,HS-grad,Married-civ-spouse,Sales,Husband,White,Male,United-States,<=50K
42,227890,13,0,1485,40,Local-gov,Bachelors,Married-civ-spouse,Exec-managerial,Husband,White,Male,United-States,<=50K
18,115443,7,0,0,25,Private,11th,Never-married,Handlers-cleaners,Not-in-family,White,Male,United-States,<=50K
22,182387,10,0,0,12,MISSING,Some-college,Never-married,MISSING,Not-in-family,Asian-Pac-Islander,Female,Thailand,<=50K
49,271346,13,15024,0,60,MISSING,Bachelors,Married-civ-spouse,MISSING,Husband,White,Male,United-States,>50K
49,98092,9,0,0,40,Private,HS-grad,Married-civ-spouse,Craft-repair,Husband,White,Male,United-States,>50K
28,29444,9,0,0,40,Private,HS-grad,Married-civ-spouse,Handlers-cleaners,Husband,Amer-Indian-Eskimo,Male,United-States,<=50K
34,67083,13,1471,0,40,Federal-gov,Bachelors,Never-married,Exec-managerial,Unmarried,Asian-Pac-Islander,Male,Cambodia,<=50K
24,265567,7,0,0,35,Private,11th,Never-married,Craft-repair,Own-child,White,Male,United-States,<=50K
22,117210,10,0,0,25,Private,Some-college,Never-married,Adm-clerical,Own-child,White,Male,Greece,<=50K
36,237943,13,0,1977,45,Private,Bachelors,Married-civ-spouse,Prof-specialty,Husband,White,Male,United-States,>50K
41,147206,8,0,0,40,Private,12th,Married-civ-spouse,Handlers-cleaners,Husband,White,Male,United-States,>50K
23,113601,10,0,0,30,Private,Some-college,Never-married,Handlers-cleaners,Own-child,White,Male,United-States,<=50K
42,184105,10,0,0,28,Private,Some-college,Never-married,Farming-fishing,Not-in-family,White,Male,United-States,<=50K
23,117618,13,0,0,24,Local-gov,Bachelors,Never-married,Prof-specialty,Own-child,White,Male,United-States,<=50K
21,102766,10,0,0,40,Private,Some-college,Divorced,Craft-repair,Own-child,White,Male,United-States,<=50K
49,337666,9,0,0,40,Private,HS-grad,Divorced,Machine-op-inspct,Not-in-family,Black,Male,United-States,<=50K
53,129525,13,0,0,50,Private,Bachelors,Married-civ-spouse,Exec-managerial,Husband,White,Male,United-States,>50K
31,329874,10,0,0,40,Private,Some-college,Never-married,Adm-clerical,Not-in-family,White,Male,United-States,<=50K
45,223319,10,0,0,45,Private,Some-college,Divorced,Sales,Own-child,White,Male,United-States,<=50K
38,267540,10,0,0,38,State-gov,Some-college,Separated,Adm-clerical,Unmarried,Black,Female,United-States,<=50K
21,337766,10,0,0,20,State-gov,Some-college,Never-married,Prof-specialty,Own-child,White,Male,United-States,<=50K
45,37672,11,0,0,40,State-gov,Assoc-voc,Divorced,Tech-support,Unmarried,White,Female,United-States,<=50K
36,526968,6,0,0,40,Private,10th,Divorced,Exec-managerial,Unmarried,White,Female,United-States,<=50K
47,109921,9,0,0,32,MISSING,HS-grad,Separated,MISSING,Unmarried,Black,Female,United-States,<=50K
24,162919,10,0,0,40,Local-gov,Some-college,Never-married,Adm-clerical,Not-in-family,White,Female,United-States,<=50K
36,189404,13,0,1977,35,Private,Bachelors,Married-civ-spouse,Sales,Husband,White,Male,United-States,>50K
49,350759,9,0,0,40,MISSING,HS-grad,Married-civ-spouse,MISSING,Husband,White,Male,United-States,<=50K
30,111415,9,0,0,55,Private,HS-grad,Married-civ-spouse,Other-service,Husband,White,Male,Germany,<=50K
41,116797,9,7298,0,50,Private,HS-grad,Married-civ-spouse,Sales,Husband,White,Male,United-States,>50K
53,231196,9,0,0,40,Local-gov,HS-grad,Married-civ-spouse,Adm-clerical,Husband,White,Male,United-States,<=50K
45,293691,9,0,1590,40,Private,HS-grad,Divorced,Adm-clerical,Not-in-family,Asian-Pac-Islander,Female,Japan,<=50K
53,126977,9,0,0,35,Private,HS-grad,Separated,Craft-repair,Not-in-family,White,Male,United-States,<=50K
17,41979,6,0,0,40,Private,10th,Never-married,Farming-fishing,Own-child,White,Male,United-States,<=50K
45,122195,9,0,0,40,Private,HS-grad,Widowed,Craft-repair,Unmarried,Black,Female,United-States,<=50K
28,309566,9,0,0,20,Private,HS-grad,Never-married,Adm-clerical,Unmarried,White,Female,United-States,<=50K
41,220694,13,0,0,37,Private,Bachelors,Divorced,Other-service,Not-in-family,White,Male,United-States,<=50K
19,195282,9,0,0,20,MISSING,HS-grad,Never-married,MISSING,Own-child,Black,Female,United-States,<=50K
51,104651,13,0,0,50,Private,Bachelors,Married-civ-spouse,Craft-repair,Husband,White,Male,United-States,<=50K
27,332785,9,0,0,38,Local-gov,HS-grad,Never-married,Protective-serv,Own-child,White,Male,United-States,<=50K
28,123983,10,0,0,63,Self-emp-not-inc,Some-college,Married-civ-spouse,Sales,Own-child,Asian-Pac-Islander,Male,South,<=50K
40,221172,14,0,0,65,Private,Masters,Married-civ-spouse,Exec-managerial,Husband,White,Male,United-States,>50K
34,176711,9,0,0,40,Private,HS-grad,Divorced,Other-service,Own-child,White,Male,United-States,<=50K
24,197731,9,0,0,49,State-gov,HS-grad,Married-civ-spouse,Transport-moving,Husband,White,Male,United-States,>50K
37,96330,10,0,0,40,Private,Some-college,Never-married,Exec-managerial,Unmarried,Black,Female,United-States,<=50K
54,249096,11,0,0,40,State-gov,Assoc-voc,Married-civ-spouse,Protective-serv,Husband,White,Male,United-States,<=50K
41,126850,15,0,0,40,Private,Prof-school,Married-civ-spouse,Adm-clerical,Husband,Asian-Pac-Islander,Male,Philippines,<=50K
31,186420,14,0,0,25,Self-emp-not-inc,Masters,Separated,Tech-support,Not-in-family,White,Female,United-States,<=50K
45,320192,2,0,0,40,Private,1st-4th,Married-civ-spouse,Other-service,Wife,White,Female,United-States,<=50K
40,49249,13,0,0,50,Self-emp-inc,Bachelors,Married-civ-spouse,Exec-managerial,Husband,White,Male,United-States,>50K
24,216867,6,0,0,30,Private,10th,Never-married,Other-service,Other-relative,White,Male,Mexico,<=50K
20,210781,10,0,0,20,Private,Some-college,Never-married,Adm-clerical,Own-child,White,Female,United-States,<=50K
31,234976,7,0,0,48,Private,11th,Never-married,Adm-clerical,Unmarried,White,Female,United-States,<=50K
20,210029,10,0,0,40,MISSING,Some-college,Never-married,MISSING,Own-child,White,Female,United-States,<=50K
66,104576,13,0,0,8,Self-emp-not-inc,Bachelors,Married-civ-spouse,Exec-managerial,Husband,White,Male,United-States,>50K
23,287681,4,0,0,25,Private,7th-8th,Never-married,Other-service,Not-in-family,White,Male,Mexico,<=50K
64,388625,6,0,0,10,Self-emp-not-inc,10th,Married-civ-spouse,Prof-specialty,Husband,White,Male,United-States,>50K
33,394447,14,0,0,33,Private,Masters,Married-civ-spouse,Prof-specialty,Husband,White,Male,United-States,>50K
26,209942,9,0,0,40,Private,HS-grad,Never-married,Handlers-cleaners,Own-child,Black,Male,United-States,<=50K
38,156728,13,0,0,40,Private,Bachelors,Married-civ-spouse,Sales,Husband,White,Male,United-States,>50K
52,177995,2,0,0,56,Private,1st-4th,Married-civ-spouse,Farming-fishing,Husband,White,Male,Mexico,>50K
36,93225,7,0,0,40,Private,11th,Married-civ-spouse,Machine-op-inspct,Husband,White,Male,United-States,<=50K
57,253914,2,0,0,35,Self-emp-not-inc,1st-4th,Married-civ-spouse,Sales,Husband,White,Male,Mexico,<=50K
19,150553,10,0,0,18,Private,Some-college,Never-married,Sales,Own-child,Asian-Pac-Islander,Female,Philippines,<=50K
38,29702,13,0,0,45,Private,Bachelors,Married-civ-spouse,Exec-managerial,Husband,White,Male,United-States,>50K
25,204338,9,0,0,30,Private,HS-grad,Never-married,Farming-fishing,Unmarried,White,Male,MISSING,<=50K
35,275364,13,7430,0,40,Private,Bachelors,Divorced,Tech-support,Unmarried,White,Male,Germany,>50K
48,121424,13,0,0,55,Private,Bachelors,Married-civ-spouse,Exec-managerial,Husband,White,Male,United-States,>50K
39,80324,10,0,1977,62,Private,Some-college,Married-civ-spouse,Exec-managerial,Husband,White,Male,United-States,>50K
62,249078,13,0,0,40,Local-gov,Bachelors,Divorced,Prof-specialty,Not-in-family,Black,Female,United-States,<=50K
49,235683,10,0,0,40,Private,Some-college,Married-civ-spouse,Sales,Wife,White,Female,United-States,>50K
50,194514,14,0,0,50,Self-emp-inc,Masters,Never-married,Prof-specialty,Not-in-family,Black,Male,Trinadad&Tobago,<=50K
22,96862,10,0,0,40,State-gov,Some-college,Never-married,Adm-clerical,Own-child,White,Female,United-States,<=50K
33,245777,9,0,0,40,Private,HS-grad,Divorced,Sales,Not-in-family,White,Male,United-States,<=50K
31,473133,14,5178,0,40,Private,Masters,Married-civ-spouse,Prof-specialty,Husband,White,Male,United-States,>50K
37,103121,13,0,1848,40,Private,Bachelors,Married-civ-spouse,Exec-managerial,Wife,White,Female,United-States,>50K
30,126242,10,0,0,40,Private,Some-college,Married-civ-spouse,Other-service,Wife,White,Female,United-States,<=50K
44,111891,10,0,0,35,Private,Some-college,Separated,Sales,Other-relative,Black,Female,United-States,<=50K
55,153451,9,0,1887,40,State-gov,HS-grad,Married-civ-spouse,Tech-support,Wife,White,Female,United-States,>50K
45,231672,9,0,0,40,Private,HS-grad,Married-civ-spouse,Machine-op-inspct,Husband,Black,Male,United-States,<=50K
22,362589,12,0,0,15,Private,Assoc-acdm,Never-married,Sales,Not-in-family,White,Female,United-States,<=50K
26,117125,5,0,0,40,Self-emp-not-inc,9th,Married-civ-spouse,Craft-repair,Husband,White,Male,Portugal,<=50K
23,376383,9,0,0,35,Private,HS-grad,Never-married,Other-service,Unmarried,White,Male,Mexico,<=50K
40,179580,9,0,0,40,Local-gov,HS-grad,Married-civ-spouse,Adm-clerical,Wife,White,Female,United-States,<=50K
23,109199,3,0,0,40,Private,5th-6th,Married-civ-spouse,Handlers-cleaners,Husband,White,Male,Mexico,<=50K
45,334039,10,0,0,40,Local-gov,Some-college,Married-civ-spouse,Exec-managerial,Husband,White,Male,United-States,>50K
58,174864,9,0,0,55,Self-emp-inc,HS-grad,Married-civ-spouse,Sales,Husband,White,Male,United-States,>50K
37,239171,9,0,0,40,Private,HS-grad,Married-civ-spouse,Craft-repair,Husband,White,Male,United-States,>50K
64,257790,9,0,0,38,MISSING,HS-grad,Divorced,MISSING,Unmarried,White,Female,United-States,<=50K
38,461337,9,0,0,33,Private,HS-grad,Never-married,Sales,Not-in-family,White,Female,United-States,<=50K
42,173938,9,0,0,40,Private,HS-grad,Separated,Sales,Own-child,White,Female,United-States,<=50K
25,120238,9,0,0,40,Private,HS-grad,Married-spouse-absent,Machine-op-inspct,Not-in-family,White,Male,Poland,<=50K
18,280603,7,0,0,30,Private,11th,Never-married,Sales,Own-child,White,Female,United-States,<=50K
42,59474,9,0,0,40,Private,HS-grad,Divorced,Machine-op-inspct,Not-in-family,White,Male,United-States,<=50K
61,50483,4,0,0,56,Self-emp-not-inc,7th-8th,Married-civ-spouse,Farming-fishing,Husband,White,Male,United-States,<=50K
48,196107,9,0,0,30,Private,HS-grad,Divorced,Adm-clerical,Not-in-family,White,Female,United-States,<=50K
27,196386,12,4064,0,40,Federal-gov,Assoc-acdm,Married-civ-spouse,Adm-clerical,Husband,White,Male,El-Salvador,<=50K
25,324372,9,0,0,40,Private,HS-grad,Never-married,Handlers-cleaners,Own-child,Black,Male,United-States,<=50K
31,399052,5,0,0,42,Private,9th,Married-civ-spouse,Farming-fishing,Wife,White,Female,United-States,<=50K
35,115618,9,0,0,50,Self-emp-not-inc,HS-grad,Divorced,Sales,Not-in-family,White,Male,United-States,>50K
57,296516,10,0,0,50,MISSING,Some-college,Married-civ-spouse,MISSING,Husband,White,Male,United-States,<=50K
40,107306,13,0,0,40,Private,Bachelors,Married-civ-spouse,Exec-managerial,Husband,White,Male,United-States,>50K
29,136017,6,0,0,48,Private,10th,Never-married,Craft-repair,Not-in-family,White,Male,United-States,<=50K
59,176118,14,0,0,40,Local-gov,Masters,Divorced,Prof-specialty,Not-in-family,White,Male,United-States,>50K
34,234960,13,0,1887,48,Self-emp-not-inc,Bachelors,Married-civ-spouse,Prof-specialty,Husband,Black,Male,United-States,>50K
29,134890,13,0,0,40,Private,Bachelors,Married-civ-spouse,Tech-support,Husband,White,Male,United-States,>50K
46,394860,9,0,0,40,Private,HS-grad,Married-civ-spouse,Other-service,Husband,White,Male,United-States,<=50K
25,60485,10,0,0,30,Private,Some-college,Never-married,Adm-clerical,Own-child,White,Female,United-States,<=50K
18,255282,7,0,1602,48,MISSING,11th,Never-married,MISSING,Own-child,Black,Male,United-States,<=50K
17,48610,7,0,0,45,Private,11th,Never-married,Farming-fishing,Own-child,White,Male,United-States,<=50K
54,365049,10,0,0,40,Local-gov,Some-college,Never-married,Prof-specialty,Not-in-family,White,Female,Mexico,<=50K
47,274800,13,0,0,60,Self-emp-not-inc,Bachelors,Married-civ-spouse,Prof-specialty,Husband,White,Male,United-States,<=50K
35,126675,9,0,0,48,Private,HS-grad,Married-civ-spouse,Exec-managerial,Husband,White,Male,United-States,<=50K
25,231638,9,0,0,40,Private,HS-grad,Never-married,Adm-clerical,Own-child,White,Female,United-States,<=50K
55,149168,9,0,0,30,Self-emp-not-inc,HS-grad,Married-civ-spouse,Farming-fishing,Husband,White,Male,United-States,<=50K
55,119751,14,0,0,40,Private,Masters,Never-married,Prof-specialty,Other-relative,Asian-Pac-Islander,Female,Thailand,<=50K
37,150566,9,0,0,44,State-gov,HS-grad,Separated,Craft-repair,Not-in-family,White,Male,United-States,<=50K
46,106092,9,0,0,45,Private,HS-grad,Married-civ-spouse,Exec-managerial,Husband,White,Male,United-States,>50K
22,191324,10,0,0,25,Private,Some-college,Never-married,Protective-serv,Own-child,White,Male,United-States,<=50K
46,117502,9,0,0,40,Private,HS-grad,Married-civ-spouse,Adm-clerical,Wife,White,Female,United-States,<=50K
19,232392,9,0,0,40,Private,HS-grad,Never-married,Other-service,Other-relative,White,Female,United-States,<=50K
50,99307,9,5013,0,45,Private,HS-grad,Married-civ-spouse,Craft-repair,Husband,White,Male,United-States,<=50K
55,26290,11,0,0,38,State-gov,Assoc-voc,Widowed,Exec-managerial,Not-in-family,Amer-Indian-Eskimo,Female,United-States,<=50K
62,134768,8,0,0,40,Self-emp-not-inc,12th,Married-civ-spouse,Craft-repair,Husband,White,Male,United-States,>50K
29,169544,10,0,0,48,Local-gov,Some-college,Never-married,Protective-serv,Own-child,White,Male,United-States,<=50K
61,181081,9,0,0,20,Federal-gov,HS-grad,Divorced,Adm-clerical,Own-child,Black,Female,United-States,<=50K
29,423024,3,0,0,40,Private,5th-6th,Married-civ-spouse,Farming-fishing,Husband,White,Male,Mexico,<=50K
29,251854,9,0,0,40,Local-gov,HS-grad,Never-married,Protective-serv,Not-in-family,Black,Female,United-States,<=50K
26,127202,9,0,0,40,Private,HS-grad,Divorced,Machine-op-inspct,Not-in-family,White,Male,United-States,<=50K
49,287647,14,4787,0,45,Private,Masters,Divorced,Sales,Not-in-family,White,Male,United-States,>50K
41,282948,10,3137,0,40,Private,Some-college,Married-civ-spouse,Tech-support,Husband,Black,Male,United-States,<=50K
36,245521,4,0,0,35,Private,7th-8th,Married-civ-spouse,Farming-fishing,Husband,White,Male,Mexico,<=50K
46,216934,13,0,0,40,Private,Bachelors,Divorced,Adm-clerical,Not-in-family,White,Male,Portugal,<=50K
22,496856,10,0,0,40,Private,Some-college,Married-civ-spouse,Exec-managerial,Wife,White,Female,United-States,<=50K
58,210563,9,15024,0,35,Self-emp-inc,HS-grad,Married-civ-spouse,Sales,Wife,White,Female,United-States,>50K
73,131982,13,0,0,5,MISSING,Bachelors,Married-civ-spouse,MISSING,Husband,Asian-Pac-Islander,Male,Vietnam,<=50K
67,105438,9,0,0,40,Private,HS-grad,Separated,Machine-op-inspct,Other-relative,White,Female,United-States,<=50K
39,245361,13,0,0,25,Private,Bachelors,Divorced,Exec-managerial,Not-in-family,White,Female,United-States,<=50K
49,349633,14,0,0,50,Local-gov,Masters,Married-civ-spouse,Prof-specialty,Wife,White,Female,United-States,>50K
43,369468,13,0,0,40,Federal-gov,Bachelors,Married-civ-spouse,Prof-specialty,Husband,White,Male,United-States,>50K
63,46907,13,0,0,8,MISSING,Bachelors,Married-civ-spouse,MISSING,Husband,White,Male,United-States,>50K
33,157747,12,0,0,40,Private,Assoc-acdm,Married-civ-spouse,Handlers-cleaners,Husband,White,Male,United-States,<=50K
62,109190,13,15024,0,40,Private,Bachelors,Married-civ-spouse,Exec-managerial,Husband,White,Male,United-States,>50K
61,134768,13,0,0,50,Self-emp-inc,Bachelors,Married-civ-spouse,Exec-managerial,Husband,White,Male,Germany,>50K
62,123411,4,0,0,53,Private,7th-8th,Married-civ-spouse,Transport-moving,Husband,White,Male,United-States,<=50K
23,272185,11,0,0,33,Private,Assoc-voc,Never-married,Craft-repair,Own-child,White,Male,United-States,<=50K
39,272950,13,0,0,45,Private,Bachelors,Married-civ-spouse,Craft-repair,Husband,White,Male,United-States,>50K
20,236592,7,0,0,25,Private,11th,Never-married,Sales,Own-child,White,Female,United-States,<=50K
31,183000,15,0,0,55,Private,Prof-school,Never-married,Tech-support,Not-in-family,White,Male,United-States,<=50K
26,245465,12,0,0,30,Private,Assoc-acdm,Never-married,Sales,Own-child,White,Male,United-States,<=50K
42,272625,11,0,0,40,Federal-gov,Assoc-voc,Divorced,Adm-clerical,Unmarried,Black,Female,United-States,>50K
28,205337,9,0,0,40,Private,HS-grad,Married-civ-spouse,Machine-op-inspct,Husband,White,Male,United-States,<=50K
33,222221,9,7298,0,45,Private,HS-grad,Married-civ-spouse,Exec-managerial,Husband,White,Male,United-States,>50K
43,101950,14,0,0,45,Private,Masters,Never-married,Exec-managerial,Not-in-family,White,Female,United-States,<=50K
39,202027,13,15024,0,45,Private,Bachelors,Married-civ-spouse,Exec-managerial,Husband,White,Male,United-States,>50K
44,427952,13,0,0,40,Private,Bachelors,Married-civ-spouse,Prof-specialty,Husband,White,Male,United-States,<=50K
19,323605,4,0,0,60,Private,7th-8th,Never-married,Other-service,Not-in-family,White,Male,United-States,>50K
35,173858,9,0,0,40,Private,HS-grad,Married-spouse-absent,Craft-repair,Not-in-family,Asian-Pac-Islander,Male,MISSING,<=50K
66,350498,10,0,1258,20,Private,Some-college,Married-civ-spouse,Transport-moving,Husband,White,Male,United-States,<=50K
38,103925,9,0,0,35,Private,HS-grad,Never-married,Adm-clerical,Unmarried,White,Female,United-States,<=50K
45,175958,15,0,0,40,Private,Prof-school,Married-civ-spouse,Exec-managerial,Husband,White,Male,United-States,>50K
71,52171,4,0,0,45,MISSING,7th-8th,Divorced,MISSING,Unmarried,White,Male,United-States,<=50K
51,54342,15,27828,0,60,Self-emp-inc,Prof-school,Divorced,Prof-specialty,Not-in-family,White,Male,United-States,>50K
26,310907,10,0,0,35,Private,Some-college,Married-civ-spouse,Exec-managerial,Wife,White,Female,United-States,<=50K
49,200471,7,0,0,60,Private,11th,Never-married,Other-service,Not-in-family,White,Male,United-States,<=50K
20,347530,9,0,0,25,Private,HS-grad,Never-married,Other-service,Unmarried,Black,Female,United-States,<=50K
23,107801,13,0,0,20,Private,Bachelors,Never-married,Adm-clerical,Own-child,White,Female,United-States,<=50K
20,138768,9,0,0,40,Private,HS-grad,Never-married,Handlers-cleaners,Own-child,White,Male,United-States,<=50K
41,77937,8,0,0,40,MISSING,12th,Divorced,MISSING,Not-in-family,White,Female,Canada,<=50K
39,210626,9,0,0,40,Private,HS-grad,Divorced,Machine-op-inspct,Unmarried,White,Female,United-States,<=50K
52,298215,13,0,0,50,Private,Bachelors,Married-civ-spouse,Craft-repair,Husband,White,Male,United-States,>50K
22,100345,13,13550,0,55,Private,Bachelors,Never-married,Craft-repair,Not-in-family,White,Male,United-States,>50K
25,178421,13,0,0,20,Private,Bachelors,Never-married,Other-service,Not-in-family,White,Female,United-States,<=50K
43,117627,10,0,0,40,Private,Some-college,Divorced,Exec-managerial,Not-in-family,Black,Female,United-States,<=50K
35,52187,10,0,0,30,Private,Some-college,Never-married,Other-service,Not-in-family,White,Male,United-States,<=50K
33,103596,11,0,0,40,Private,Assoc-voc,Married-civ-spouse,Transport-moving,Husband,White,Male,United-States,<=50K
38,161141,10,0,0,45,Private,Some-college,Married-civ-spouse,Tech-support,Husband,White,Male,United-States,<=50K
21,201603,9,2176,0,40,Private,HS-grad,Never-married,Machine-op-inspct,Own-child,White,Male,United-States,<=50K
46,247043,9,0,0,40,Private,HS-grad,Married-civ-spouse,Transport-moving,Husband,White,Male,United-States,>50K
45,151584,15,0,0,35,Self-emp-inc,Prof-school,Married-civ-spouse,Prof-specialty,Husband,White,Male,United-States,>50K
48,155372,9,0,0,36,Private,HS-grad,Widowed,Machine-op-inspct,Unmarried,White,Female,United-States,<=50K
45,200363,11,0,0,44,Private,Assoc-voc,Divorced,Exec-managerial,Not-in-family,White,Female,United-States,<=50K
21,126613,9,0,0,40,Private,HS-grad,Never-married,Sales,Not-in-family,White,Female,United-States,<=50K
24,204172,9,0,0,48,Private,HS-grad,Never-married,Handlers-cleaners,Own-child,White,Female,United-States,<=50K
39,99357,14,1506,0,40,Private,Masters,Divorced,Prof-specialty,Own-child,White,Female,United-States,<=50K
46,32825,9,0,0,40,Self-emp-not-inc,HS-grad,Separated,Craft-repair,Unmarried,White,Male,United-States,<=50K
26,266912,9,0,0,50,Private,HS-grad,Married-civ-spouse,Sales,Husband,White,Male,United-States,>50K
67,431426,9,0,0,2,Self-emp-not-inc,HS-grad,Married-civ-spouse,Adm-clerical,Wife,White,Female,United-States,<=50K
34,182926,9,0,0,43,Private,HS-grad,Married-civ-spouse,Craft-repair,Husband,White,Male,United-States,>50K
21,306779,10,0,0,40,MISSING,Some-college,Never-married,MISSING,Own-child,White,Male,United-States,<=50K
29,184596,7,3942,0,50,Private,11th,Married-civ-spouse,Craft-repair,Husband,White,Male,United-States,<=50K
52,124793,8,0,0,40,Local-gov,12th,Married-civ-spouse,Craft-repair,Husband,White,Male,United-States,<=50K
62,226733,9,0,0,40,Private,HS-grad,Married-civ-spouse,Adm-clerical,Husband,White,Male,United-States,>50K
41,102332,9,0,0,40,Private,HS-grad,Divorced,Sales,Unmarried,Black,Female,United-States,<=50K
27,332187,13,0,0,65,Private,Bachelors,Never-married,Adm-clerical,Not-in-family,White,Female,United-States,<=50K
36,218490,11,0,0,60,Private,Assoc-voc,Married-civ-spouse,Sales,Husband,White,Male,United-States,<=50K
26,335533,9,0,0,20,Private,HS-grad,Never-married,Craft-repair,Own-child,White,Male,United-States,<=50K
60,336188,15,0,2415,80,Self-emp-inc,Prof-school,Married-civ-spouse,Prof-specialty,Husband,White,Male,United-States,>50K
21,206354,9,0,0,35,Private,HS-grad,Never-married,Other-service,Unmarried,Black,Female,United-States,<=50K
21,225890,10,0,0,30,Private,Some-college,Never-married,Other-service,Other-relative,White,Female,United-States,<=50K
32,155232,13,0,0,60,Private,Bachelors,Divorced,Protective-serv,Not-in-family,Black,Male,United-States,>50K
37,143912,9,0,0,50,Private,HS-grad,Divorced,Transport-moving,Not-in-family,White,Male,United-States,<=50K
42,136177,10,0,0,38,Private,Some-college,Divorced,Adm-clerical,Unmarried,White,Female,United-States,<=50K
69,106395,9,0,0,40,Self-emp-inc,HS-grad,Married-civ-spouse,Other-service,Husband,White,Male,United-States,>50K
32,195891,13,0,0,55,Private,Bachelors,Never-married,Adm-clerical,Not-in-family,White,Male,United-States,<=50K
53,90127,10,0,0,60,Federal-gov,Some-college,Married-civ-spouse,Protective-serv,Husband,White,Male,United-States,>50K
51,86332,11,4064,0,55,Private,Assoc-voc,Married-civ-spouse,Other-service,Husband,White,Male,United-States,<=50K
27,332249,9,0,0,40,Local-gov,HS-grad,Never-married,Farming-fishing,Own-child,White,Male,United-States,<=50K
25,328697,10,0,0,45,State-gov,Some-college,Divorced,Protective-serv,Other-relative,White,Male,United-States,<=50K
20,197997,9,0,0,40,Private,HS-grad,Never-married,Craft-repair,Not-in-family,White,Male,United-States,<=50K
28,142712,9,0,0,40,Private,HS-grad,Never-married,Handlers-cleaners,Own-child,White,Male,United-States,<=50K
28,398220,3,0,0,40,Private,5th-6th,Never-married,Craft-repair,Other-relative,White,Male,Mexico,<=50K
67,192670,9,0,0,20,Private,HS-grad,Divorced,Sales,Not-in-family,White,Female,United-States,<=50K
41,162189,9,1831,0,40,Private,HS-grad,Never-married,Machine-op-inspct,Own-child,White,Female,Peru,<=50K
30,523095,10,0,0,45,Self-emp-not-inc,Some-college,Never-married,Craft-repair,Not-in-family,White,Male,United-States,<=50K
35,190226,9,0,0,40,Local-gov,HS-grad,Never-married,Protective-serv,Own-child,White,Male,United-States,<=50K
60,199085,6,0,0,40,Private,10th,Married-civ-spouse,Machine-op-inspct,Husband,White,Male,United-States,<=50K
23,239539,9,0,0,40,Private,HS-grad,Never-married,Machine-op-inspct,Own-child,Asian-Pac-Islander,Male,Philippines,<=50K
35,77820,10,0,0,60,Private,Some-college,Married-civ-spouse,Craft-repair,Husband,White,Male,United-States,<=50K
32,459007,9,0,0,90,Private,HS-grad,Married-civ-spouse,Protective-serv,Husband,White,Male,United-States,<=50K
51,291755,4,0,0,42,Self-emp-not-inc,7th-8th,Married-civ-spouse,Exec-managerial,Husband,White,Male,United-States,<=50K
60,96073,9,0,0,30,Self-emp-not-inc,HS-grad,Married-civ-spouse,Craft-repair,Husband,White,Male,United-States,<=50K
38,111128,12,0,0,40,Private,Assoc-acdm,Married-civ-spouse,Exec-managerial,Husband,White,Male,United-States,>50K
57,121111,9,0,0,40,Local-gov,HS-grad,Divorced,Adm-clerical,Unmarried,White,Female,United-States,<=50K
29,228346,11,0,0,50,Private,Assoc-voc,Never-married,Craft-repair,Not-in-family,White,Male,United-States,<=50K
33,188661,9,0,0,50,Private,HS-grad,Married-civ-spouse,Craft-repair,Husband,White,Male,United-States,<=50K
58,165315,9,0,0,35,Self-emp-not-inc,HS-grad,Married-civ-spouse,Sales,Husband,White,Male,United-States,>50K
37,269329,11,8614,0,45,Private,Assoc-voc,Divorced,Prof-specialty,Not-in-family,White,Female,United-States,>50K
23,107882,13,0,0,40,Private,Bachelors,Never-married,Adm-clerical,Own-child,White,Female,United-States,<=50K
45,128378,9,0,0,40,Private,HS-grad,Married-civ-spouse,Machine-op-inspct,Husband,Black,Male,United-States,<=50K
39,91996,9,0,0,40,Private,HS-grad,Divorced,Other-service,Unmarried,White,Female,United-States,<=50K
56,286487,9,2885,0,45,Private,HS-grad,Married-civ-spouse,Craft-repair,Husband,White,Male,United-States,<=50K
50,162632,9,0,0,45,Private,HS-grad,Married-civ-spouse,Exec-managerial,Husband,White,Male,United-States,<=50K
33,222654,10,0,0,66,Local-gov,Some-college,Married-civ-spouse,Handlers-cleaners,Husband,White,Male,MISSING,<=50K
23,203076,10,0,0,40,Private,Some-college,Never-married,Machine-op-inspct,Own-child,White,Male,United-States,<=50K
53,155314,9,0,0,40,Local-gov,HS-grad,Married-civ-spouse,Adm-clerical,Wife,White,Female,United-States,>50K
36,188563,10,5178,0,50,Private,Some-college,Married-civ-spouse,Sales,Husband,White,Male,United-States,>50K
53,188067,10,0,0,40,Self-emp-inc,Some-college,Widowed,Sales,Unmarried,White,Female,United-States,<=50K
57,36990,9,0,0,52,Private,HS-grad,Married-civ-spouse,Craft-repair,Husband,Black,Male,United-States,<=50K
60,113440,13,0,0,60,Private,Bachelors,Divorced,Exec-managerial,Own-child,White,Male,United-States,<=50K
22,288132,10,0,0,35,Private,Some-college,Never-married,Sales,Own-child,White,Female,United-States,<=50K
58,159378,9,0,0,45,Private,HS-grad,Married-civ-spouse,Machine-op-inspct,Husband,White,Male,United-States,>50K
75,71898,1,0,0,48,Private,Preschool,Never-married,Priv-house-serv,Not-in-family,Asian-Pac-Islander,Female,Philippines,<=50K
52,159670,12,0,0,40,Private,Assoc-acdm,Married-civ-spouse,Exec-managerial,Husband,White,Male,United-States,<=50K
23,201138,10,0,0,8,Private,Some-college,Never-married,Adm-clerical,Not-in-family,White,Female,United-States,<=50K
45,205424,10,0,0,65,Private,Some-college,Married-civ-spouse,Sales,Husband,White,Male,United-States,>50K
44,106900,14,0,0,44,Private,Masters,Married-civ-spouse,Prof-specialty,Husband,White,Male,United-States,>50K
26,198163,14,0,0,40,Private,Masters,Married-civ-spouse,Sales,Wife,White,Female,United-States,<=50K
23,311376,11,0,0,40,Private,Assoc-voc,Never-married,Adm-clerical,Not-in-family,White,Female,United-States,<=50K
19,194095,10,0,0,40,MISSING,Some-college,Never-married,MISSING,Own-child,White,Male,United-States,<=50K
44,171722,9,0,0,39,Private,HS-grad,Separated,Other-service,Unmarried,White,Female,United-States,<=50K
42,248094,9,0,1740,43,Private,HS-grad,Married-civ-spouse,Transport-moving,Husband,White,Male,United-States,<=50K
55,84774,9,0,0,30,Private,HS-grad,Married-civ-spouse,Priv-house-serv,Wife,White,Female,United-States,<=50K
62,159841,9,0,0,24,Private,HS-grad,Widowed,Other-service,Not-in-family,White,Female,United-States,<=50K
36,272944,9,0,0,45,Private,HS-grad,Never-married,Transport-moving,Not-in-family,White,Male,United-States,<=50K
61,202106,9,0,1902,40,MISSING,HS-grad,Married-civ-spouse,MISSING,Husband,White,Male,United-States,>50K
46,162566,14,0,0,50,Local-gov,Masters,Divorced,Prof-specialty,Unmarried,White,Female,Canada,<=50K
32,269182,10,3887,0,40,Private,Some-college,Separated,Tech-support,Unmarried,Black,Female,United-States,<=50K
44,212665,10,0,0,99,Local-gov,Some-college,Married-civ-spouse,Protective-serv,Husband,Black,Male,United-States,<=50K
20,176178,9,0,0,35,Private,HS-grad,Never-married,Sales,Own-child,White,Female,United-States,<=50K
28,124905,4,0,0,30,Private,7th-8th,Married-civ-spouse,Craft-repair,Husband,White,Male,United-States,<=50K
42,152568,9,0,0,40,Private,HS-grad,Widowed,Sales,Unmarried,Amer-Indian-Eskimo,Female,United-States,<=50K
30,227359,10,0,0,40,Private,Some-college,Never-married,Craft-repair,Unmarried,White,Male,United-States,<=50K
30,85708,9,0,0,40,Self-emp-not-inc,HS-grad,Married-civ-spouse,Craft-repair,Husband,White,Male,United-States,<=50K
31,127651,6,0,1741,40,Local-gov,10th,Never-married,Transport-moving,Other-relative,White,Male,United-States,<=50K
40,220977,16,3103,0,40,Private,Doctorate,Married-civ-spouse,Exec-managerial,Husband,Asian-Pac-Islander,Male,India,>50K
36,184655,9,0,0,48,Private,HS-grad,Married-civ-spouse,Machine-op-inspct,Husband,White,Male,United-States,<=50K
40,26880,10,0,0,40,Federal-gov,Some-college,Never-married,Adm-clerical,Unmarried,White,Female,United-States,<=50K
45,120131,10,0,1887,40,Private,Some-college,Married-civ-spouse,Craft-repair,Husband,White,Male,United-States,>50K
28,166320,9,0,0,40,Private,HS-grad,Never-married,Prof-specialty,Not-in-family,White,Male,United-States,<=50K
30,197558,9,0,0,40,Private,HS-grad,Married-civ-spouse,Handlers-cleaners,Husband,White,Male,United-States,<=50K
57,142791,4,0,1602,3,Private,7th-8th,Widowed,Sales,Other-relative,White,Female,United-States,<=50K
22,167615,9,0,0,40,Private,HS-grad,Never-married,Sales,Unmarried,White,Female,United-States,<=50K
46,443179,13,0,0,8,MISSING,Bachelors,Divorced,MISSING,Not-in-family,White,Female,United-States,<=50K
34,595000,14,0,0,40,State-gov,Masters,Married-civ-spouse,Prof-specialty,Wife,Black,Female,United-States,>50K
31,185814,9,0,0,30,Private,HS-grad,Never-married,Transport-moving,Unmarried,Black,Female,United-States,<=50K
46,164749,10,0,0,40,Private,Some-college,Married-civ-spouse,Exec-managerial,Husband,White,Male,United-States,>50K
53,68898,10,0,0,40,Private,Some-college,Married-civ-spouse,Tech-support,Husband,White,Male,United-States,<=50K
31,345277,13,0,0,40,Private,Bachelors,Divorced,Prof-specialty,Not-in-family,White,Female,United-States,<=50K
23,122346,9,0,0,40,Private,HS-grad,Never-married,Sales,Own-child,White,Male,United-States,<=50K
61,30475,4,0,0,40,MISSING,7th-8th,Married-civ-spouse,MISSING,Husband,White,Male,United-States,>50K
49,26502,13,6497,0,45,Self-emp-inc,Bachelors,Divorced,Prof-specialty,Unmarried,White,Male,United-States,<=50K
57,175942,10,0,0,50,Private,Some-college,Divorced,Exec-managerial,Not-in-family,White,Female,United-States,>50K
23,256755,13,0,0,40,Private,Bachelors,Never-married,Handlers-cleaners,Other-relative,White,Female,Cuba,<=50K
43,240504,10,0,0,70,Self-emp-inc,Some-college,Married-civ-spouse,Exec-managerial,Husband,White,Male,United-States,>50K
44,165108,14,0,0,40,State-gov,Masters,Married-civ-spouse,Prof-specialty,Husband,White,Male,United-States,>50K
17,244602,8,0,0,15,Private,12th,Never-married,Other-service,Own-child,White,Male,United-States,<=50K
30,248384,9,0,0,40,Private,HS-grad,Divorced,Other-service,Unmarried,White,Female,United-States,<=50K
19,220517,10,0,0,15,MISSING,Some-college,Never-married,MISSING,Own-child,White,Female,United-States,<=50K
54,163826,9,0,0,40,Private,HS-grad,Never-married,Prof-specialty,Not-in-family,White,Male,United-States,<=50K
50,86373,9,0,0,50,Private,HS-grad,Married-civ-spouse,Machine-op-inspct,Husband,White,Male,United-States,<=50K
40,241895,9,0,0,40,Federal-gov,HS-grad,Married-civ-spouse,Adm-clerical,Husband,White,Male,United-States,<=50K
62,122246,14,0,0,32,Self-emp-not-inc,Masters,Divorced,Prof-specialty,Unmarried,White,Female,United-States,<=50K
28,138269,9,0,0,40,Private,HS-grad,Never-married,Craft-repair,Not-in-family,White,Male,United-States,<=50K
35,25803,9,0,0,40,Private,HS-grad,Married-civ-spouse,Craft-repair,Husband,White,Male,United-States,<=50K
47,211239,10,0,0,40,Private,Some-college,Married-civ-spouse,Craft-repair,Husband,White,Male,United-States,<=50K
22,117363,10,0,0,35,Private,Some-college,Never-married,Adm-clerical,Not-in-family,White,Female,United-States,<=50K
52,380633,3,0,0,40,Private,5th-6th,Widowed,Other-service,Unmarried,White,Female,Mexico,<=50K
62,194167,9,2174,0,40,Private,HS-grad,Divorced,Machine-op-inspct,Not-in-family,White,Female,United-States,<=50K
45,297676,12,0,0,40,Private,Assoc-acdm,Widowed,Sales,Unmarried,White,Female,Cuba,<=50K
32,286675,10,0,0,40,Private,Some-college,Never-married,Exec-managerial,Other-relative,White,Male,United-States,<=50K
17,80077,7,0,0,20,MISSING,11th,Never-married,MISSING,Own-child,White,Female,United-States,<=50K
32,373263,9,0,0,40,Private,HS-grad,Married-civ-spouse,Exec-managerial,Wife,White,Female,United-States,<=50K
21,134746,10,0,0,35,MISSING,Some-college,Never-married,MISSING,Own-child,White,Female,United-States,<=50K
23,265077,11,0,0,40,Private,Assoc-voc,Never-married,Other-service,Not-in-family,White,Female,United-States,<=50K
38,168407,10,5721,0,44,Private,Some-college,Divorced,Adm-clerical,Unmarried,White,Female,United-States,<=50K
35,30381,13,0,0,45,Private,Bachelors,Married-civ-spouse,Sales,Husband,White,Male,United-States,>50K
32,192565,7,0,0,55,Private,11th,Married-civ-spouse,Exec-managerial,Husband,White,Male,United-States,<=50K
22,195179,10,0,0,24,Private,Some-college,Never-married,Sales,Own-child,White,Male,United-States,<=50K
23,284898,10,0,0,30,Private,Some-college,Never-married,Exec-managerial,Own-child,White,Male,United-States,<=50K
48,212120,9,0,0,40,Private,HS-grad,Married-civ-spouse,Machine-op-inspct,Husband,White,Male,United-States,>50K
51,328947,10,0,0,40,Private,Some-college,Widowed,Adm-clerical,Not-in-family,White,Female,United-States,<=50K
44,267717,14,0,0,42,Private,Masters,Married-civ-spouse,Prof-specialty,Husband,White,Male,United-States,>50K
34,159255,9,0,0,60,Private,HS-grad,Married-civ-spouse,Exec-managerial,Husband,White,Male,United-States,>50K
21,180303,13,0,0,25,MISSING,Bachelors,Never-married,MISSING,Not-in-family,Asian-Pac-Islander,Male,MISSING,<=50K
25,304032,9,0,0,36,Private,HS-grad,Never-married,Adm-clerical,Own-child,White,Male,United-States,<=50K
23,197200,13,0,0,60,Private,Bachelors,Never-married,Prof-specialty,Own-child,White,Male,United-States,<=50K
24,201680,9,0,0,60,Private,HS-grad,Never-married,Adm-clerical,Unmarried,White,Male,United-States,<=50K
27,78529,9,0,0,15,Private,HS-grad,Never-married,Transport-moving,Own-child,White,Female,United-States,<=50K
32,288273,13,0,0,70,Private,Bachelors,Married-civ-spouse,Craft-repair,Husband,White,Male,Mexico,<=50K
31,279680,10,0,0,45,Private,Some-college,Married-civ-spouse,Handlers-cleaners,Husband,White,Male,United-States,<=50K
40,231991,9,0,0,40,Private,HS-grad,Divorced,Exec-managerial,Unmarried,White,Female,United-States,<=50K
57,337895,13,0,0,40,Federal-gov,Bachelors,Married-civ-spouse,Prof-specialty,Husband,Black,Male,United-States,>50K
57,95280,10,99999,0,45,Self-emp-not-inc,Some-college,Married-civ-spouse,Sales,Husband,White,Male,United-States,>50K
47,73394,10,0,0,50,Private,Some-college,Married-civ-spouse,Exec-managerial,Wife,White,Female,United-States,<=50K
47,116279,9,0,0,43,Private,HS-grad,Divorced,Craft-repair,Unmarried,White,Female,United-States,<=50K
54,104748,6,0,0,65,Self-emp-not-inc,10th,Married-civ-spouse,Sales,Husband,White,Male,United-States,<=50K
22,39615,10,0,0,45,Private,Some-college,Never-married,Prof-specialty,Not-in-family,White,Male,United-States,<=50K
90,171956,10,0,0,40,Private,Some-college,Separated,Adm-clerical,Own-child,White,Female,Puerto-Rico,<=50K
61,106330,9,0,0,40,Private,HS-grad,Married-civ-spouse,Craft-repair,Husband,White,Male,United-States,<=50K
30,158002,10,0,0,55,Private,Some-college,Never-married,Craft-repair,Other-relative,White,Male,Ecuador,<=50K
31,157887,10,0,0,65,Private,Some-college,Married-civ-spouse,Exec-managerial,Husband,White,Male,United-States,>50K
49,83622,12,2597,0,40,Private,Assoc-acdm,Separated,Adm-clerical,Not-in-family,White,Female,United-States,<=50K
77,132728,14,0,0,45,MISSING,Masters,Divorced,MISSING,Not-in-family,White,Male,United-States,<=50K
37,233571,11,0,0,37,Private,Assoc-voc,Married-civ-spouse,Tech-support,Wife,White,Female,United-States,>50K
75,31195,9,0,0,20,Local-gov,HS-grad,Divorced,Adm-clerical,Not-in-family,White,Female,United-States,<=50K
47,126754,14,0,0,40,Local-gov,Masters,Married-civ-spouse,Prof-specialty,Husband,White,Male,United-States,>50K
19,164395,9,0,0,25,Private,HS-grad,Never-married,Adm-clerical,Own-child,White,Female,United-States,<=50K
49,268090,13,0,0,26,Private,Bachelors,Married-civ-spouse,Sales,Husband,White,Male,United-States,>50K
33,116539,9,0,0,40,Self-emp-not-inc,HS-grad,Married-civ-spouse,Craft-repair,Husband,White,Male,United-States,<=50K
37,299090,9,0,0,30,MISSING,HS-grad,Divorced,MISSING,Not-in-family,White,Female,United-States,<=50K
36,206521,9,0,0,40,Private,HS-grad,Never-married,Machine-op-inspct,Not-in-family,White,Male,United-States,<=50K
43,105188,9,0,0,40,Private,HS-grad,Never-married,Other-service,Not-in-family,Black,Male,Haiti,<=50K
37,262409,14,0,213,45,Private,Masters,Divorced,Exec-managerial,Unmarried,White,Female,United-States,<=50K
26,163189,10,0,0,40,Local-gov,Some-college,Married-civ-spouse,Other-service,Other-relative,White,Male,United-States,<=50K
37,163998,12,0,0,50,Self-emp-inc,Assoc-acdm,Married-civ-spouse,Sales,Husband,White,Male,United-States,>50K
55,750972,4,0,0,41,Private,7th-8th,Married-civ-spouse,Craft-repair,Husband,White,Male,United-States,<=50K
35,65876,9,0,0,40,Private,HS-grad,Married-civ-spouse,Craft-repair,Husband,White,Male,United-States,<=50K
42,436107,12,0,0,50,Self-emp-not-inc,Assoc-acdm,Married-civ-spouse,Transport-moving,Husband,White,Male,United-States,<=50K
55,141727,13,3464,0,40,Private,Bachelors,Married-civ-spouse,Adm-clerical,Wife,White,Female,United-States,<=50K
23,161708,10,0,0,20,Private,Some-college,Never-married,Other-service,Own-child,White,Female,United-States,<=50K
34,208785,12,0,0,50,Private,Assoc-acdm,Divorced,Sales,Not-in-family,White,Male,United-States,>50K
38,409604,13,15024,0,40,Private,Bachelors,Married-civ-spouse,Exec-managerial,Husband,White,Male,United-States,>50K
51,97934,13,5178,0,40,Federal-gov,Bachelors,Married-civ-spouse,Farming-fishing,Husband,White,Male,United-States,>50K
28,107389,9,0,0,32,Private,HS-grad,Never-married,Exec-managerial,Own-child,White,Male,United-States,<=50K
25,50053,9,0,0,40,Private,HS-grad,Never-married,Other-service,Not-in-family,Black,Male,Japan,<=50K
47,285200,9,0,0,40,Private,HS-grad,Married-civ-spouse,Craft-repair,Husband,White,Male,United-States,<=50K
44,145178,9,0,0,38,Local-gov,HS-grad,Married-civ-spouse,Other-service,Wife,Black,Female,Jamaica,>50K
17,158762,6,0,0,20,MISSING,10th,Never-married,MISSING,Own-child,White,Female,United-States,<=50K
43,272165,5,0,0,40,Self-emp-not-inc,9th,Married-civ-spouse,Craft-repair,Husband,White,Male,United-States,<=50K
34,591711,10,0,0,48,Private,Some-college,Never-married,Handlers-cleaners,Not-in-family,Black,Male,MISSING,<=50K
17,108470,7,0,0,17,Private,11th,Never-married,Other-service,Own-child,Black,Male,United-States,<=50K
59,195820,9,0,0,40,Private,HS-grad,Married-civ-spouse,Transport-moving,Husband,White,Male,United-States,>50K
54,155233,13,14084,0,40,Private,Bachelors,Never-married,Adm-clerical,Not-in-family,White,Female,United-States,>50K
21,166851,9,0,0,40,Private,HS-grad,Never-married,Machine-op-inspct,Other-relative,White,Male,United-States,<=50K
24,213427,9,0,0,40,Private,HS-grad,Never-married,Adm-clerical,Not-in-family,White,Male,United-States,<=50K
46,186820,10,5013,0,40,Private,Some-college,Married-civ-spouse,Other-service,Wife,White,Female,United-States,<=50K
44,307468,15,0,0,29,Private,Prof-school,Married-civ-spouse,Prof-specialty,Husband,White,Male,United-States,>50K
49,68505,5,0,0,37,Private,9th,Divorced,Other-service,Not-in-family,Black,Male,United-States,<=50K
64,391121,4,0,0,40,Private,7th-8th,Married-civ-spouse,Farming-fishing,Husband,White,Male,United-States,>50K
62,191118,10,7298,0,40,MISSING,Some-college,Married-civ-spouse,MISSING,Husband,White,Male,United-States,>50K
19,256979,9,0,0,35,Private,HS-grad,Never-married,Craft-repair,Other-relative,White,Male,United-States,<=50K
62,57970,4,0,0,40,Private,7th-8th,Divorced,Handlers-cleaners,Not-in-family,White,Male,United-States,<=50K
38,99138,13,0,0,38,Private,Bachelors,Never-married,Exec-managerial,Not-in-family,White,Female,United-States,<=50K
34,418020,16,0,0,50,Private,Doctorate,Married-civ-spouse,Prof-specialty,Husband,White,Male,United-States,>50K
55,31905,14,0,1977,40,Private,Masters,Married-civ-spouse,Exec-managerial,Husband,White,Male,United-States,>50K
49,104455,13,0,0,40,Private,Bachelors,Married-spouse-absent,Other-service,Not-in-family,Asian-Pac-Islander,Male,Philippines,<=50K
35,208165,9,0,0,50,Private,HS-grad,Divorced,Exec-managerial,Unmarried,White,Female,United-States,<=50K
22,355686,10,0,0,40,Private,Some-college,Never-married,Adm-clerical,Not-in-family,White,Female,United-States,<=50K
47,145868,7,0,0,40,Private,11th,Divorced,Other-service,Unmarried,Black,Female,United-States,<=50K
22,281432,10,0,0,30,Private,Some-college,Never-married,Handlers-cleaners,Own-child,White,Male,United-States,<=50K
21,33831,9,0,0,40,Private,HS-grad,Never-married,Adm-clerical,Unmarried,White,Female,United-States,<=50K
46,191978,14,0,2392,50,Self-emp-inc,Masters,Married-civ-spouse,Exec-managerial,Husband,White,Male,United-States,>50K
55,190508,10,0,0,35,Private,Some-college,Married-civ-spouse,Transport-moving,Husband,Black,Male,United-States,<=50K
34,204470,14,0,0,50,Private,Masters,Married-civ-spouse,Exec-managerial,Husband,White,Male,United-States,>50K
34,229531,12,0,0,60,Local-gov,Assoc-acdm,Married-civ-spouse,Prof-specialty,Husband,White,Male,United-States,<=50K
57,127728,15,15024,0,60,Self-emp-inc,Prof-school,Married-civ-spouse,Prof-specialty,Husband,White,Male,United-States,>50K
32,349365,10,0,0,65,Private,Some-college,Married-civ-spouse,Sales,Husband,Black,Male,United-States,<=50K
44,188436,13,0,0,45,Private,Bachelors,Married-civ-spouse,Adm-clerical,Husband,White,Male,United-States,<=50K
44,336513,10,0,0,45,Private,Some-college,Married-civ-spouse,Prof-specialty,Husband,White,Male,United-States,<=50K
44,442035,10,0,0,40,Private,Some-college,Divorced,Prof-specialty,Not-in-family,White,Female,United-States,<=50K
33,195488,9,0,0,52,Private,HS-grad,Married-civ-spouse,Adm-clerical,Wife,White,Female,United-States,<=50K
42,433170,10,0,0,60,Private,Some-college,Married-civ-spouse,Craft-repair,Husband,White,Male,United-States,>50K
35,169426,12,0,0,40,Self-emp-not-inc,Assoc-acdm,Married-civ-spouse,Craft-repair,Husband,White,Male,United-States,<=50K
55,51008,9,0,0,40,Private,HS-grad,Divorced,Adm-clerical,Unmarried,White,Female,United-States,<=50K
32,222654,6,0,0,40,Private,10th,Divorced,Machine-op-inspct,Not-in-family,White,Male,United-States,<=50K
47,135803,9,0,0,25,Private,HS-grad,Married-civ-spouse,Other-service,Husband,Asian-Pac-Islander,Male,Philippines,<=50K
55,171780,12,0,0,30,Private,Assoc-acdm,Divorced,Sales,Unmarried,Black,Female,United-States,<=50K
36,592930,9,0,0,50,Private,HS-grad,Married-civ-spouse,Transport-moving,Husband,Black,Male,United-States,>50K
44,87282,13,0,0,38,State-gov,Bachelors,Never-married,Prof-specialty,Not-in-family,Asian-Pac-Islander,Female,United-States,<=50K
20,163665,9,0,0,20,MISSING,HS-grad,Never-married,MISSING,Own-child,White,Female,United-States,<=50K
39,222641,13,0,0,40,Self-emp-inc,Bachelors,Married-civ-spouse,Sales,Husband,White,Male,United-States,<=50K
34,228873,13,0,0,40,Private,Bachelors,Never-married,Exec-managerial,Own-child,White,Male,United-States,<=50K
40,46990,16,0,1977,20,Private,Doctorate,Married-civ-spouse,Prof-specialty,Wife,White,Female,United-States,>50K
46,102308,9,0,0,56,Private,HS-grad,Married-civ-spouse,Handlers-cleaners,Husband,White,Male,United-States,>50K
34,28568,9,0,0,60,Self-emp-not-inc,HS-grad,Divorced,Exec-managerial,Not-in-family,White,Male,United-States,>50K
25,378322,9,0,2001,50,Private,HS-grad,Never-married,Craft-repair,Not-in-family,White,Male,United-States,<=50K
40,200479,11,0,0,40,Private,Assoc-voc,Married-civ-spouse,Prof-specialty,Husband,White,Male,United-States,<=50K
43,193882,10,0,0,55,Private,Some-college,Never-married,Adm-clerical,Not-in-family,White,Male,United-States,<=50K
57,329792,4,0,0,75,Private,7th-8th,Divorced,Transport-moving,Unmarried,White,Male,United-States,<=50K
24,450695,10,0,0,35,Private,Some-college,Never-married,Sales,Own-child,White,Male,United-States,<=50K
20,104164,9,0,0,40,Private,HS-grad,Never-married,Handlers-cleaners,Own-child,White,Male,United-States,<=50K
50,46155,11,0,0,40,Private,Assoc-voc,Divorced,Prof-specialty,Unmarried,White,Female,United-States,>50K
26,41521,9,0,0,35,Private,HS-grad,Never-married,Other-service,Not-in-family,White,Female,United-States,<=50K
27,135308,13,0,0,40,Private,Bachelors,Never-married,Sales,Not-in-family,Black,Female,United-States,<=50K
51,203334,16,0,0,45,Local-gov,Doctorate,Divorced,Exec-managerial,Not-in-family,White,Female,United-States,>50K
33,126950,9,0,0,60,Private,HS-grad,Married-civ-spouse,Transport-moving,Husband,White,Male,United-States,<=50K
32,27856,10,0,0,40,Private,Some-college,Never-married,Adm-clerical,Not-in-family,White,Female,United-States,<=50K
24,258700,3,0,0,40,Private,5th-6th,Never-married,Farming-fishing,Other-relative,Black,Male,Mexico,<=50K
22,131230,13,0,0,40,Private,Bachelors,Never-married,Sales,Own-child,White,Male,United-States,<=50K
38,38312,13,15024,0,65,Private,Bachelors,Married-civ-spouse,Exec-managerial,Husband,White,Male,United-States,>50K
49,175109,10,0,0,50,State-gov,Some-college,Married-civ-spouse,Prof-specialty,Husband,White,Male,United-States,>50K
57,35884,9,0,0,40,Private,HS-grad,Divorced,Other-service,Not-in-family,White,Female,United-States,<=50K
34,202210,9,0,0,40,Private,HS-grad,Never-married,Other-service,Unmarried,Black,Female,United-States,<=50K
30,131588,9,0,0,45,Private,HS-grad,Never-married,Craft-repair,Not-in-family,Black,Female,United-States,<=50K
19,187352,9,0,0,40,Private,HS-grad,Married-civ-spouse,Craft-repair,Husband,White,Male,United-States,<=50K
34,31740,4,0,0,40,Private,7th-8th,Married-civ-spouse,Transport-moving,Husband,White,Male,United-States,<=50K
28,303674,9,3103,0,20,MISSING,HS-grad,Married-civ-spouse,MISSING,Wife,White,Female,United-States,<=50K
40,259307,14,0,0,50,Private,Masters,Married-civ-spouse,Exec-managerial,Husband,White,Male,United-States,>50K
27,153475,13,0,0,40,Private,Bachelors,Never-married,Sales,Not-in-family,White,Female,United-States,<=50K
58,183870,6,0,0,40,Self-emp-inc,10th,Married-civ-spouse,Transport-moving,Wife,White,Female,United-States,<=50K
40,374367,11,0,0,44,Private,Assoc-voc,Separated,Sales,Not-in-family,Black,Male,United-States,<=50K
32,124187,5,0,0,40,Private,9th,Married-civ-spouse,Farming-fishing,Husband,Black,Male,United-States,<=50K
64,289741,10,0,0,20,Self-emp-not-inc,Some-college,Married-civ-spouse,Sales,Husband,White,Male,United-States,<=50K
27,216481,10,0,0,40,Private,Some-college,Widowed,Adm-clerical,Unmarried,White,Female,United-States,<=50K
23,335453,13,0,0,20,State-gov,Bachelors,Never-married,Tech-support,Not-in-family,White,Female,United-States,<=50K
36,135289,9,0,0,45,Private,HS-grad,Married-civ-spouse,Machine-op-inspct,Husband,White,Male,United-States,<=50K
24,321435,13,0,0,50,Private,Bachelors,Never-married,Exec-managerial,Not-in-family,White,Male,United-States,<=50K
33,198452,12,0,0,45,Private,Assoc-acdm,Divorced,Sales,Not-in-family,White,Female,United-States,<=50K
40,195488,9,0,0,45,Private,HS-grad,Never-married,Adm-clerical,Own-child,White,Female,United-States,<=50K
72,188009,4,0,0,30,MISSING,7th-8th,Divorced,MISSING,Not-in-family,White,Male,United-States,<=50K
50,173754,9,0,0,40,Private,HS-grad,Married-civ-spouse,Craft-repair,Husband,White,Male,United-States,<=50K
19,418324,10,0,0,36,Private,Some-college,Never-married,Sales,Own-child,White,Male,United-States,<=50K
22,369549,10,0,0,30,Private,Some-college,Never-married,Other-service,Not-in-family,Black,Female,United-States,<=50K
74,211075,9,0,0,30,Private,HS-grad,Married-civ-spouse,Other-service,Husband,White,Male,United-States,<=50K
50,175339,9,0,0,40,Private,HS-grad,Married-civ-spouse,Handlers-cleaners,Husband,White,Male,United-States,>50K
56,191917,12,4101,0,40,Private,Assoc-acdm,Divorced,Adm-clerical,Unmarried,White,Female,United-States,<=50K
52,143807,9,0,0,40,Private,HS-grad,Divorced,Sales,Not-in-family,White,Female,United-States,<=50K
46,109089,15,0,0,40,Local-gov,Prof-school,Married-civ-spouse,Protective-serv,Husband,White,Male,United-States,>50K
61,119684,15,15024,0,20,Private,Prof-school,Married-civ-spouse,Prof-specialty,Husband,White,Male,United-States,>50K
44,105862,10,0,0,70,Private,Some-college,Married-civ-spouse,Exec-managerial,Wife,White,Female,United-States,>50K
33,319854,13,4650,0,35,Private,Bachelors,Separated,Prof-specialty,Not-in-family,White,Male,United-States,<=50K
27,207611,13,0,0,40,Private,Bachelors,Never-married,Exec-managerial,Own-child,White,Female,United-States,<=50K
42,44402,13,0,0,60,Private,Bachelors,Married-civ-spouse,Sales,Husband,White,Male,United-States,<=50K
23,298871,10,0,0,40,State-gov,Some-college,Married-civ-spouse,Adm-clerical,Husband,Asian-Pac-Islander,Male,Vietnam,<=50K
29,130856,10,0,0,60,Private,Some-college,Married-civ-spouse,Craft-repair,Husband,White,Male,United-States,<=50K
42,185145,10,0,0,57,Private,Some-college,Married-civ-spouse,Transport-moving,Husband,White,Male,United-States,<=50K
47,102628,14,15024,0,55,Private,Masters,Married-civ-spouse,Exec-managerial,Husband,White,Male,United-States,>50K
55,168625,10,0,0,12,Self-emp-not-inc,Some-college,Divorced,Tech-support,Not-in-family,White,Female,United-States,>50K
23,177087,7,0,0,35,Private,11th,Never-married,Adm-clerical,Unmarried,Black,Male,United-States,<=50K
64,46087,13,0,0,50,Private,Bachelors,Divorced,Exec-managerial,Not-in-family,White,Female,United-States,<=50K
29,251905,12,0,0,45,Private,Assoc-acdm,Married-civ-spouse,Craft-repair,Husband,White,Male,United-States,<=50K
39,122742,12,15024,0,55,Self-emp-inc,Assoc-acdm,Married-civ-spouse,Exec-managerial,Husband,White,Male,United-States,>50K
35,119272,13,0,0,55,Private,Bachelors,Married-civ-spouse,Exec-managerial,Husband,White,Male,United-States,>50K
30,197886,10,0,0,45,Private,Some-college,Never-married,Sales,Not-in-family,White,Male,United-States,>50K
37,137527,16,0,2559,60,Self-emp-not-inc,Doctorate,Never-married,Prof-specialty,Not-in-family,White,Female,United-States,>50K
27,199903,13,0,0,40,Private,Bachelors,Never-married,Prof-specialty,Not-in-family,White,Female,United-States,<=50K
45,140581,10,0,0,40,Private,Some-college,Widowed,Other-service,Unmarried,Black,Female,United-States,<=50K
28,301654,13,0,0,40,Private,Bachelors,Never-married,Prof-specialty,Not-in-family,White,Female,United-States,<=50K
48,148549,13,0,0,50,Private,Bachelors,Never-married,Exec-managerial,Not-in-family,White,Male,United-States,<=50K
34,277314,12,0,1902,50,Private,Assoc-acdm,Married-civ-spouse,Sales,Husband,Black,Male,United-States,>50K
53,176059,14,0,0,50,Local-gov,Masters,Divorced,Prof-specialty,Unmarried,White,Female,United-States,<=50K
27,110931,9,0,0,40,Private,HS-grad,Married-civ-spouse,Adm-clerical,Husband,White,Male,United-States,<=50K
36,142573,9,0,0,45,Local-gov,HS-grad,Married-civ-spouse,Exec-managerial,Husband,White,Male,United-States,>50K
51,196504,9,0,0,38,State-gov,HS-grad,Divorced,Craft-repair,Unmarried,White,Male,United-States,<=50K
42,203542,9,0,0,40,Private,HS-grad,Never-married,Craft-repair,Not-in-family,White,Male,United-States,<=50K
25,181814,9,0,0,40,Private,HS-grad,Never-married,Craft-repair,Other-relative,White,Female,United-States,<=50K
52,222405,9,0,2377,40,Private,HS-grad,Married-civ-spouse,Sales,Husband,Black,Male,United-States,<=50K
37,138192,9,0,0,45,Private,HS-grad,Married-civ-spouse,Craft-repair,Husband,White,Male,United-States,<=50K
61,40269,10,0,0,40,Private,Some-college,Married-civ-spouse,Sales,Husband,White,Male,United-States,>50K
20,203992,9,0,0,40,MISSING,HS-grad,Never-married,MISSING,Own-child,White,Male,United-States,<=50K
26,141838,13,0,0,40,State-gov,Bachelors,Married-civ-spouse,Exec-managerial,Husband,Black,Male,United-States,>50K
51,146325,16,0,1887,40,Local-gov,Doctorate,Married-civ-spouse,Prof-specialty,Husband,White,Male,United-States,>50K
26,306225,13,0,0,40,Private,Bachelors,Never-married,Exec-managerial,Not-in-family,Asian-Pac-Islander,Female,Poland,<=50K
47,187581,11,0,0,48,State-gov,Assoc-voc,Married-civ-spouse,Tech-support,Husband,White,Male,United-States,>50K
67,318533,9,0,0,35,Private,HS-grad,Married-civ-spouse,Adm-clerical,Husband,White,Male,United-States,<=50K
56,195668,6,0,0,35,Private,10th,Married-civ-spouse,Other-service,Husband,White,Male,Cuba,>50K
25,53147,13,0,0,50,Private,Bachelors,Never-married,Exec-managerial,Own-child,Black,Male,United-States,<=50K
31,87535,10,0,0,25,Private,Some-college,Never-married,Machine-op-inspct,Not-in-family,White,Female,United-States,<=50K
34,204461,13,0,0,55,Private,Bachelors,Married-civ-spouse,Prof-specialty,Husband,White,Male,United-States,>50K
33,118500,10,0,0,40,Private,Some-college,Divorced,Exec-managerial,Unmarried,White,Female,United-States,<=50K
36,189674,10,0,0,40,Private,Some-college,Separated,Other-service,Other-relative,Black,Female,United-States,<=50K
24,201603,9,0,0,30,Private,HS-grad,Divorced,Handlers-cleaners,Not-in-family,White,Male,United-States,<=50K
48,34186,9,0,0,70,Private,HS-grad,Married-civ-spouse,Farming-fishing,Husband,White,Male,United-States,<=50K
21,34616,10,0,0,25,Private,Some-college,Never-married,Other-service,Own-child,White,Female,United-States,<=50K
37,29054,10,0,0,42,Federal-gov,Some-college,Married-civ-spouse,Adm-clerical,Husband,White,Male,United-States,>50K
40,165309,10,0,0,43,Private,Some-college,Married-civ-spouse,Transport-moving,Husband,White,Male,United-States,<=50K
36,207568,9,0,0,50,Private,HS-grad,Married-civ-spouse,Craft-repair,Husband,White,Male,United-States,<=50K
30,110594,9,0,0,40,Private,HS-grad,Divorced,Adm-clerical,Own-child,White,Female,United-States,<=50K
65,145628,6,0,0,40,Self-emp-not-inc,10th,Married-civ-spouse,Craft-repair,Husband,White,Male,United-States,<=50K
40,55363,9,0,0,40,Local-gov,HS-grad,Married-civ-spouse,Transport-moving,Husband,White,Male,United-States,<=50K
51,230095,11,0,0,40,Self-emp-inc,Assoc-voc,Never-married,Adm-clerical,Own-child,White,Female,United-States,<=50K
40,119101,10,0,1887,68,Private,Some-college,Married-civ-spouse,Craft-repair,Husband,White,Male,United-States,>50K
31,162551,8,0,0,50,Self-emp-not-inc,12th,Married-civ-spouse,Sales,Wife,Asian-Pac-Islander,Female,MISSING,<=50K
30,398662,9,0,0,40,Private,HS-grad,Never-married,Machine-op-inspct,Own-child,White,Male,United-States,<=50K
40,33068,9,0,0,50,Self-emp-not-inc,HS-grad,Married-civ-spouse,Farming-fishing,Husband,White,Male,United-States,<=50K
32,177792,13,0,0,48,Private,Bachelors,Divorced,Exec-managerial,Not-in-family,White,Female,United-States,>50K
33,82393,9,0,0,40,Private,HS-grad,Never-married,Craft-repair,Own-child,Asian-Pac-Islander,Male,United-States,<=50K
47,274883,9,0,0,40,Private,HS-grad,Married-civ-spouse,Transport-moving,Husband,White,Male,United-States,<=50K
45,148995,16,99999,0,30,Private,Doctorate,Never-married,Prof-specialty,Not-in-family,White,Male,United-States,>50K
47,199058,10,0,0,40,Private,Some-college,Married-civ-spouse,Prof-specialty,Husband,White,Male,United-States,>50K
27,493689,13,0,0,40,Private,Bachelors,Never-married,Tech-support,Not-in-family,Black,Female,France,<=50K
45,58683,10,0,0,40,Self-emp-not-inc,Some-college,Married-civ-spouse,Transport-moving,Husband,White,Male,United-States,<=50K
24,122166,10,0,0,40,Private,Some-college,Never-married,Adm-clerical,Own-child,White,Female,Iran,<=50K
31,259705,9,0,0,40,Private,HS-grad,Never-married,Farming-fishing,Own-child,White,Female,United-States,<=50K
22,205839,10,0,0,45,Private,Some-college,Never-married,Other-service,Not-in-family,White,Male,United-States,<=50K
25,198632,10,0,0,50,Private,Some-college,Married-spouse-absent,Sales,Not-in-family,White,Male,United-States,<=50K
25,180212,9,0,0,40,Private,HS-grad,Never-married,Adm-clerical,Unmarried,Black,Female,United-States,<=50K
63,198559,9,0,0,16,MISSING,HS-grad,Married-civ-spouse,MISSING,Husband,White,Male,United-States,<=50K
32,158242,13,0,0,40,Private,Bachelors,Never-married,Prof-specialty,Not-in-family,White,Female,United-States,<=50K
54,118793,9,0,0,45,Private,HS-grad,Married-civ-spouse,Adm-clerical,Husband,White,Male,United-States,<=50K
65,209280,14,6514,0,35,State-gov,Masters,Married-civ-spouse,Prof-specialty,Husband,White,Male,United-States,>50K
65,85787,4,0,0,40,Private,7th-8th,Married-civ-spouse,Craft-repair,Husband,White,Male,United-States,<=50K
54,36480,9,15024,0,50,Private,HS-grad,Married-civ-spouse,Sales,Husband,White,Male,United-States,>50K
54,162439,9,0,0,98,Self-emp-inc,HS-grad,Married-civ-spouse,Exec-managerial,Husband,White,Male,United-States,>50K
58,146477,14,15024,0,40,Private,Masters,Married-civ-spouse,Exec-managerial,Husband,White,Male,Greece,>50K
25,149875,13,0,0,40,Private,Bachelors,Widowed,Exec-managerial,Not-in-family,White,Female,United-States,<=50K
28,133043,9,0,0,50,Private,HS-grad,Divorced,Adm-clerical,Unmarried,White,Female,United-States,<=50K
30,221043,9,0,0,35,Private,HS-grad,Married-civ-spouse,Craft-repair,Husband,White,Male,United-States,<=50K
22,167868,9,0,0,30,Private,HS-grad,Never-married,Sales,Not-in-family,White,Female,United-States,<=50K
19,201178,9,0,0,30,Private,HS-grad,Never-married,Sales,Not-in-family,White,Female,United-States,<=50K
38,105017,9,0,0,40,Private,HS-grad,Divorced,Craft-repair,Unmarried,White,Male,United-States,<=50K
46,403911,11,0,0,40,Private,Assoc-voc,Married-civ-spouse,Craft-repair,Husband,Black,Male,United-States,>50K
50,304955,13,0,0,60,Self-emp-inc,Bachelors,Married-civ-spouse,Sales,Husband,White,Male,United-States,>50K
45,274689,6,0,0,60,Private,10th,Married-civ-spouse,Craft-repair,Husband,White,Male,United-States,<=50K
28,184078,8,0,0,40,Private,12th,Divorced,Machine-op-inspct,Not-in-family,White,Female,United-States,<=50K
59,170104,13,0,1977,50,Private,Bachelors,Married-civ-spouse,Exec-managerial,Husband,White,Male,United-States,>50K
22,211968,10,0,0,40,MISSING,Some-college,Never-married,MISSING,Own-child,White,Female,Iran,<=50K
21,400635,10,0,0,20,Private,Some-college,Never-married,Other-service,Not-in-family,White,Female,MISSING,<=50K
35,139012,13,0,0,40,Private,Bachelors,Married-civ-spouse,Other-service,Husband,Asian-Pac-Islander,Male,Vietnam,<=50K
27,36440,13,0,0,40,Private,Bachelors,Never-married,Sales,Not-in-family,White,Female,United-States,<=50K
55,256953,9,0,0,44,Private,HS-grad,Widowed,Machine-op-inspct,Unmarried,Black,Female,United-States,<=50K
55,327589,9,0,0,40,Private,HS-grad,Divorced,Machine-op-inspct,Not-in-family,White,Female,United-States,<=50K
21,155818,9,0,0,20,Private,HS-grad,Never-married,Other-service,Own-child,White,Female,United-States,<=50K
46,276087,9,5013,0,50,Private,HS-grad,Married-civ-spouse,Sales,Husband,White,Male,United-States,<=50K
46,45363,15,0,2824,40,Private,Prof-school,Divorced,Prof-specialty,Not-in-family,White,Male,United-States,>50K
18,201901,7,0,0,10,Private,11th,Never-married,Sales,Own-child,White,Female,United-States,<=50K
63,319121,7,0,0,40,MISSING,11th,Separated,MISSING,Not-in-family,Black,Male,United-States,<=50K
21,132053,10,0,1721,35,Private,Some-college,Never-married,Adm-clerical,Own-child,White,Female,United-States,<=50K
49,182211,5,0,0,45,Private,9th,Married-civ-spouse,Handlers-cleaners,Husband,White,Male,United-States,<=50K
24,190709,10,0,0,65,Private,Some-college,Married-civ-spouse,Transport-moving,Husband,White,Male,United-States,<=50K
34,141118,13,0,0,35,Private,Bachelors,Married-spouse-absent,Prof-specialty,Not-in-family,White,Female,United-States,<=50K
52,30731,13,0,0,45,Federal-gov,Bachelors,Married-civ-spouse,Exec-managerial,Husband,White,Male,United-States,>50K
43,244945,13,0,0,60,Self-emp-inc,Bachelors,Married-civ-spouse,Prof-specialty,Husband,White,Male,United-States,<=50K
22,362623,9,0,0,40,Private,HS-grad,Never-married,Handlers-cleaners,Own-child,White,Male,United-States,<=50K
43,211860,9,0,0,24,Private,HS-grad,Never-married,Other-service,Unmarried,Black,Female,United-States,<=50K
25,206600,5,0,0,48,Private,9th,Never-married,Machine-op-inspct,Other-relative,White,Male,Mexico,<=50K
47,102308,15,0,2415,45,Self-emp-inc,Prof-school,Married-civ-spouse,Prof-specialty,Husband,White,Male,United-States,>50K
46,209057,14,0,0,50,Local-gov,Masters,Married-civ-spouse,Exec-managerial,Husband,White,Male,United-States,>50K
53,43952,14,15024,0,38,State-gov,Masters,Married-civ-spouse,Exec-managerial,Husband,White,Male,United-States,>50K
59,130532,10,0,0,40,Local-gov,Some-college,Widowed,Other-service,Not-in-family,White,Female,Poland,<=50K
25,60828,10,0,0,50,Self-emp-not-inc,Some-college,Never-married,Farming-fishing,Own-child,White,Female,United-States,<=50K
34,35595,13,0,0,30,MISSING,Bachelors,Married-civ-spouse,MISSING,Husband,White,Male,United-States,<=50K
27,617860,10,0,0,40,Private,Some-college,Never-married,Handlers-cleaners,Own-child,Black,Male,United-States,<=50K
39,24721,10,0,0,35,State-gov,Some-college,Divorced,Adm-clerical,Unmarried,White,Female,United-States,<=50K
46,106705,14,0,0,38,State-gov,Masters,Never-married,Exec-managerial,Not-in-family,White,Female,United-States,<=50K
24,289448,11,0,0,40,Private,Assoc-voc,Never-married,Adm-clerical,Own-child,Asian-Pac-Islander,Female,Philippines,<=50K
36,369843,9,0,0,50,Private,HS-grad,Married-civ-spouse,Other-service,Husband,White,Male,United-States,<=50K
56,183081,10,0,0,45,Self-emp-not-inc,Some-college,Married-civ-spouse,Sales,Husband,White,Male,United-States,<=50K
25,27142,10,0,0,40,Federal-gov,Some-college,Married-civ-spouse,Exec-managerial,Husband,White,Male,United-States,>50K
56,66356,10,0,0,50,Self-emp-not-inc,Some-college,Married-civ-spouse,Farming-fishing,Husband,White,Male,United-States,<=50K
57,353881,9,0,0,45,Private,HS-grad,Divorced,Transport-moving,Not-in-family,White,Male,United-States,<=50K
43,209899,14,8614,0,47,Local-gov,Masters,Never-married,Tech-support,Not-in-family,Black,Female,United-States,>50K
49,125421,9,0,0,38,Private,HS-grad,Divorced,Adm-clerical,Unmarried,White,Female,United-States,<=50K
25,132661,11,0,0,60,Private,Assoc-voc,Never-married,Adm-clerical,Own-child,White,Female,United-States,<=50K
18,186909,10,0,0,16,Private,Some-college,Never-married,Other-service,Own-child,White,Female,United-States,<=50K
19,185695,10,0,0,20,Private,Some-college,Never-married,Other-service,Own-child,White,Female,United-States,<=50K
52,40641,6,5013,0,40,Local-gov,10th,Married-civ-spouse,Craft-repair,Husband,White,Male,United-States,<=50K
18,761006,7,0,0,20,Private,11th,Never-married,Other-service,Own-child,White,Female,United-States,<=50K
50,304260,12,0,0,40,Private,Assoc-acdm,Divorced,Adm-clerical,Not-in-family,Asian-Pac-Islander,Male,United-States,<=50K
30,68330,13,0,0,40,Federal-gov,Bachelors,Never-married,Prof-specialty,Not-in-family,White,Male,United-States,>50K
43,180599,15,15024,0,60,Private,Prof-school,Married-civ-spouse,Prof-specialty,Husband,White,Male,United-States,>50K
26,176795,13,0,0,40,Private,Bachelors,Never-married,Adm-clerical,Own-child,White,Female,United-States,>50K
31,226883,9,0,0,75,MISSING,HS-grad,Divorced,MISSING,Own-child,White,Male,United-States,<=50K
58,121111,9,0,0,40,Private,HS-grad,Married-civ-spouse,Sales,Wife,White,Female,Greece,<=50K
33,159442,13,0,0,40,Private,Bachelors,Married-civ-spouse,Other-service,Wife,White,Female,United-States,<=50K
28,246974,9,0,0,40,Private,HS-grad,Never-married,Other-service,Not-in-family,White,Male,United-States,<=50K
37,183800,12,0,1887,40,Self-emp-inc,Assoc-acdm,Married-civ-spouse,Sales,Husband,White,Male,United-States,>50K
23,495888,9,0,0,40,Private,HS-grad,Never-married,Other-service,Not-in-family,White,Male,El-Salvador,<=50K
31,27856,9,0,0,8,Private,HS-grad,Never-married,Other-service,Unmarried,White,Female,United-States,<=50K
50,195690,9,0,0,45,Private,HS-grad,Married-civ-spouse,Handlers-cleaners,Husband,White,Male,United-States,<=50K
37,70240,9,0,0,40,Private,HS-grad,Never-married,Other-service,Own-child,Asian-Pac-Islander,Female,Philippines,<=50K
32,31740,14,0,0,40,Private,Masters,Married-civ-spouse,Prof-specialty,Husband,Asian-Pac-Islander,Male,India,<=50K
30,183284,13,0,0,50,Private,Bachelors,Married-civ-spouse,Exec-managerial,Husband,White,Male,United-States,>50K
41,207779,9,0,0,40,Private,HS-grad,Separated,Other-service,Not-in-family,White,Female,United-States,<=50K
51,290290,13,0,0,45,Self-emp-not-inc,Bachelors,Married-civ-spouse,Prof-specialty,Husband,White,Male,United-States,>50K
51,124963,15,0,0,80,Self-emp-not-inc,Prof-school,Divorced,Prof-specialty,Not-in-family,White,Male,United-States,>50K
35,169809,13,0,0,20,MISSING,Bachelors,Married-civ-spouse,MISSING,Husband,White,Male,United-States,<=50K
46,376789,9,0,0,15,Private,HS-grad,Never-married,Other-service,Not-in-family,White,Male,United-States,<=50K
30,24292,13,0,0,45,Private,Bachelors,Married-civ-spouse,Sales,Husband,White,Male,United-States,>50K
45,201865,16,0,0,45,Private,Doctorate,Married-civ-spouse,Exec-managerial,Husband,White,Male,United-States,>50K
49,187563,10,0,0,40,Private,Some-college,Divorced,Other-service,Not-in-family,White,Male,United-States,<=50K
39,269323,10,0,0,40,Private,Some-college,Married-civ-spouse,Exec-managerial,Husband,White,Male,United-States,>50K
31,147284,16,0,1977,99,Private,Doctorate,Married-civ-spouse,Prof-specialty,Husband,White,Male,United-States,>50K
32,425622,9,0,0,55,Private,HS-grad,Married-civ-spouse,Transport-moving,Husband,White,Male,United-States,<=50K
19,167859,9,0,0,40,Private,HS-grad,Never-married,Other-service,Own-child,Black,Male,United-States,<=50K
33,182792,9,0,0,40,Private,HS-grad,Divorced,Other-service,Unmarried,White,Female,United-States,<=50K
31,27494,10,0,0,50,Private,Some-college,Married-civ-spouse,Sales,Husband,Asian-Pac-Islander,Male,Taiwan,<=50K
20,205895,10,0,0,20,Private,Some-college,Never-married,Sales,Own-child,White,Female,United-States,<=50K
28,113635,7,0,0,30,MISSING,11th,Never-married,MISSING,Not-in-family,White,Male,United-States,<=50K
35,198202,9,0,0,54,Private,HS-grad,Never-married,Exec-managerial,Not-in-family,White,Female,United-States,<=50K
45,169092,9,0,0,55,Private,HS-grad,Divorced,Sales,Not-in-family,White,Female,United-States,<=50K
47,278322,10,7688,0,40,Private,Some-college,Married-civ-spouse,Prof-specialty,Husband,White,Male,United-States,>50K
22,174626,4,0,0,40,MISSING,7th-8th,Never-married,MISSING,Own-child,White,Male,United-States,<=50K
44,147110,10,14344,0,40,Private,Some-college,Divorced,Adm-clerical,Own-child,White,Male,United-States,>50K
43,73883,13,0,0,45,Self-emp-not-inc,Bachelors,Divorced,Sales,Unmarried,White,Male,United-States,<=50K
52,210736,13,0,0,60,Self-emp-inc,Bachelors,Married-civ-spouse,Sales,Husband,White,Male,United-States,<=50K
33,248346,12,0,0,50,Local-gov,Assoc-acdm,Married-civ-spouse,Craft-repair,Husband,White,Male,United-States,<=50K
23,287988,13,10520,0,40,State-gov,Bachelors,Never-married,Prof-specialty,Not-in-family,White,Male,United-States,>50K
39,42186,9,3464,0,20,State-gov,HS-grad,Married-civ-spouse,Adm-clerical,Wife,Asian-Pac-Islander,Female,United-States,<=50K
38,204640,10,0,0,40,Private,Some-college,Widowed,Adm-clerical,Unmarried,Black,Female,United-States,<=50K
64,148606,6,0,0,35,Private,10th,Separated,Other-service,Not-in-family,White,Female,United-States,<=50K
37,199251,10,0,0,40,Private,Some-college,Married-civ-spouse,Other-service,Wife,White,Female,United-States,<=50K
38,241962,9,0,0,40,Private,HS-grad,Divorced,Machine-op-inspct,Not-in-family,White,Male,United-States,<=50K
57,214619,10,0,0,40,Private,Some-college,Married-civ-spouse,Craft-repair,Husband,White,Male,United-States,<=50K
19,175083,9,0,0,8,Private,HS-grad,Never-married,Sales,Own-child,White,Female,United-States,<=50K
26,111243,9,0,0,35,Private,HS-grad,Never-married,Adm-clerical,Unmarried,White,Female,United-States,<=50K
56,318329,9,0,0,40,Private,HS-grad,Married-civ-spouse,Machine-op-inspct,Husband,White,Male,United-States,<=50K
54,133050,10,0,0,41,Private,Some-college,Never-married,Sales,Not-in-family,Black,Male,United-States,<=50K
36,166697,13,0,0,40,State-gov,Bachelors,Divorced,Prof-specialty,Unmarried,White,Female,United-States,<=50K
28,25864,9,0,0,35,Local-gov,HS-grad,Never-married,Exec-managerial,Unmarried,Amer-Indian-Eskimo,Female,United-States,<=50K
17,231439,7,0,0,30,Private,11th,Never-married,Handlers-cleaners,Own-child,White,Male,United-States,<=50K
22,225156,9,0,0,40,Private,HS-grad,Never-married,Adm-clerical,Not-in-family,White,Female,United-States,<=50K
32,39223,6,0,0,40,Private,10th,Separated,Craft-repair,Unmarried,Black,Female,MISSING,<=50K
41,175642,10,0,0,40,Private,Some-college,Never-married,Craft-repair,Not-in-family,White,Female,United-States,<=50K
58,218724,4,0,0,50,Private,7th-8th,Married-civ-spouse,Farming-fishing,Husband,White,Male,United-States,<=50K
62,200922,4,0,0,40,Private,7th-8th,Widowed,Machine-op-inspct,Not-in-family,White,Female,United-States,<=50K
23,210781,13,0,0,15,Local-gov,Bachelors,Never-married,Prof-specialty,Own-child,White,Female,United-States,<=50K
62,302142,9,2961,0,30,MISSING,HS-grad,Married-civ-spouse,MISSING,Husband,White,Male,United-States,<=50K
28,55191,12,0,0,45,Private,Assoc-acdm,Never-married,Handlers-cleaners,Not-in-family,White,Male,United-States,<=50K
33,203784,11,0,0,62,Self-emp-not-inc,Assoc-voc,Married-civ-spouse,Farming-fishing,Husband,White,Male,United-States,<=50K
23,414545,10,0,0,40,Private,Some-college,Never-married,Machine-op-inspct,Own-child,Black,Male,United-States,<=50K
17,239947,7,0,0,40,Private,11th,Never-married,Adm-clerical,Own-child,White,Male,United-States,<=50K
18,327612,6,0,0,20,Private,10th,Never-married,Other-service,Own-child,White,Female,United-States,<=50K
60,141580,9,0,0,50,MISSING,HS-grad,Married-civ-spouse,MISSING,Husband,White,Male,United-States,>50K
20,410446,9,0,0,20,Federal-gov,HS-grad,Never-married,Adm-clerical,Other-relative,White,Male,United-States,<=50K
20,34862,10,0,0,72,MISSING,Some-college,Never-married,MISSING,Own-child,Amer-Indian-Eskimo,Male,United-States,<=50K
62,73292,10,0,0,40,Private,Some-college,Married-civ-spouse,Other-service,Husband,White,Male,United-States,<=50K
30,154882,15,0,0,35,Private,Prof-school,Widowed,Other-service,Not-in-family,White,Male,United-States,<=50K
40,223881,15,99999,0,70,Self-emp-not-inc,Prof-school,Married-civ-spouse,Prof-specialty,Husband,White,Male,United-States,>50K
29,119170,10,0,0,40,Private,Some-college,Separated,Tech-support,Unmarried,White,Female,United-States,<=50K
32,114288,9,0,0,40,Private,HS-grad,Divorced,Prof-specialty,Own-child,White,Female,United-States,<=50K
55,67433,9,0,0,60,Self-emp-inc,HS-grad,Married-civ-spouse,Exec-managerial,Husband,White,Male,United-States,<=50K
29,190350,8,0,0,35,Private,12th,Never-married,Other-service,Unmarried,Black,Female,MISSING,<=50K
47,155509,9,0,0,35,Private,HS-grad,Separated,Other-service,Other-relative,Black,Female,United-States,<=50K
51,35211,14,0,0,40,Local-gov,Masters,Married-civ-spouse,Prof-specialty,Husband,Amer-Indian-Eskimo,Male,United-States,<=50K
39,142707,11,0,0,40,Private,Assoc-voc,Married-civ-spouse,Machine-op-inspct,Husband,White,Male,United-States,<=50K
81,147097,13,0,0,5,MISSING,Bachelors,Widowed,MISSING,Not-in-family,White,Male,United-States,<=50K
59,91384,16,0,0,60,Private,Doctorate,Married-civ-spouse,Prof-specialty,Husband,White,Male,United-States,>50K
49,259323,9,0,0,40,Private,HS-grad,Divorced,Craft-repair,Unmarried,White,Male,United-States,<=50K
17,254859,7,0,0,20,Self-emp-inc,11th,Never-married,Prof-specialty,Own-child,White,Male,United-States,<=50K
35,82622,10,0,0,80,State-gov,Some-college,Married-civ-spouse,Exec-managerial,Husband,White,Male,United-States,<=50K
40,233320,4,0,0,25,Private,7th-8th,Separated,Other-service,Not-in-family,White,Female,United-States,<=50K
18,266287,8,0,0,35,Private,12th,Never-married,Sales,Own-child,White,Female,United-States,<=50K
40,141537,6,0,0,40,Private,10th,Divorced,Machine-op-inspct,Not-in-family,Black,Female,United-States,<=50K
46,161386,5,0,0,50,Self-emp-inc,9th,Married-civ-spouse,Adm-clerical,Wife,White,Female,United-States,<=50K
23,288771,10,0,0,30,Private,Some-college,Never-married,Adm-clerical,Not-in-family,White,Female,United-States,<=50K
23,413345,13,0,0,60,Private,Bachelors,Never-married,Adm-clerical,Not-in-family,White,Female,United-States,<=50K
47,184402,9,0,0,32,Private,HS-grad,Divorced,Other-service,Not-in-family,White,Male,United-States,<=50K
23,197387,9,0,0,37,Private,HS-grad,Never-married,Craft-repair,Own-child,White,Male,Mexico,<=50K
34,321787,10,0,0,40,Private,Some-college,Never-married,Adm-clerical,Own-child,White,Male,United-States,<=50K
29,350603,6,0,0,38,MISSING,10th,Never-married,MISSING,Own-child,White,Female,United-States,<=50K
49,411273,6,0,0,40,Private,10th,Divorced,Machine-op-inspct,Not-in-family,Black,Male,United-States,<=50K
26,202091,9,0,0,40,Private,HS-grad,Married-civ-spouse,Adm-clerical,Wife,White,Female,United-States,<=50K
26,159732,9,0,0,52,Private,HS-grad,Never-married,Machine-op-inspct,Not-in-family,White,Male,United-States,<=50K
33,169496,13,0,0,50,Private,Bachelors,Married-civ-spouse,Exec-managerial,Husband,White,Male,United-States,>50K
33,162312,9,0,0,45,Private,HS-grad,Divorced,Sales,Not-in-family,Asian-Pac-Islander,Male,Japan,<=50K
53,126386,9,0,0,40,Private,HS-grad,Divorced,Machine-op-inspct,Own-child,White,Male,United-States,<=50K
26,311497,13,0,0,40,Private,Bachelors,Never-married,Exec-managerial,Not-in-family,White,Female,United-States,<=50K
58,81973,10,0,1485,40,Federal-gov,Some-college,Married-civ-spouse,Tech-support,Husband,Asian-Pac-Islander,Male,United-States,>50K
23,211601,11,0,0,15,MISSING,Assoc-voc,Never-married,MISSING,Own-child,Black,Female,United-States,<=50K
73,143833,8,0,0,18,Self-emp-not-inc,12th,Married-civ-spouse,Farming-fishing,Husband,White,Male,United-States,<=50K
28,72443,10,0,1669,60,Private,Some-college,Never-married,Exec-managerial,Not-in-family,White,Male,United-States,<=50K
19,149528,10,0,0,12,State-gov,Some-college,Never-married,Farming-fishing,Own-child,White,Male,United-States,<=50K
26,236008,11,0,0,40,Private,Assoc-voc,Divorced,Prof-specialty,Unmarried,White,Female,United-States,<=50K
26,109609,10,0,0,30,Self-emp-not-inc,Some-college,Separated,Craft-repair,Not-in-family,White,Male,United-States,<=50K
51,427781,9,0,0,40,Private,HS-grad,Married-civ-spouse,Transport-moving,Husband,Black,Male,United-States,<=50K
42,168071,9,0,0,43,Self-emp-inc,HS-grad,Married-civ-spouse,Sales,Husband,White,Male,United-States,>50K
39,186191,14,0,1848,50,Private,Masters,Married-civ-spouse,Prof-specialty,Husband,White,Male,United-States,>50K
22,32616,10,0,0,30,Private,Some-college,Never-married,Other-service,Not-in-family,White,Female,United-States,<=50K
34,281852,9,0,0,80,Private,HS-grad,Never-married,Transport-moving,Not-in-family,Black,Male,United-States,<=50K
49,87928,11,5013,0,40,Private,Assoc-voc,Married-civ-spouse,Craft-repair,Husband,White,Male,United-States,<=50K
17,325171,6,0,0,35,Self-emp-inc,10th,Never-married,Other-service,Own-child,Black,Male,United-States,<=50K
38,111499,10,7298,0,50,Private,Some-college,Married-civ-spouse,Transport-moving,Husband,White,Male,United-States,>50K
65,36209,6,0,0,22,Private,10th,Married-civ-spouse,Handlers-cleaners,Husband,White,Male,United-States,>50K
27,312692,13,0,0,12,State-gov,Bachelors,Never-married,Tech-support,Not-in-family,White,Male,United-States,<=50K
39,201410,13,0,1977,45,Private,Bachelors,Married-civ-spouse,Transport-moving,Husband,White,Male,Philippines,>50K
33,327902,9,0,0,45,Self-emp-not-inc,HS-grad,Married-civ-spouse,Transport-moving,Husband,White,Male,United-States,<=50K
48,326048,12,0,0,44,Private,Assoc-acdm,Divorced,Other-service,Not-in-family,White,Male,United-States,<=50K
39,206253,13,0,0,40,Self-emp-inc,Bachelors,Married-civ-spouse,Prof-specialty,Wife,White,Female,United-States,<=50K
47,201699,12,5178,0,50,Private,Assoc-acdm,Married-civ-spouse,Sales,Husband,White,Male,United-States,>50K
44,38434,14,0,0,40,Federal-gov,Masters,Never-married,Prof-specialty,Not-in-family,White,Female,United-States,<=50K
38,354739,11,0,0,36,Private,Assoc-voc,Married-civ-spouse,Prof-specialty,Husband,Asian-Pac-Islander,Male,Philippines,>50K
45,174426,10,0,0,35,Self-emp-not-inc,Some-college,Never-married,Prof-specialty,Not-in-family,White,Male,United-States,<=50K
35,178322,11,0,0,50,Private,Assoc-voc,Married-civ-spouse,Sales,Husband,White,Male,Germany,>50K
18,180039,8,0,0,20,Private,12th,Never-married,Sales,Own-child,White,Female,United-States,<=50K
47,204377,10,0,0,20,Local-gov,Some-college,Never-married,Other-service,Own-child,White,Female,United-States,<=50K
28,204074,14,0,0,48,Private,Masters,Married-civ-spouse,Prof-specialty,Husband,White,Male,United-States,<=50K
47,233511,14,27828,0,60,Private,Masters,Divorced,Sales,Not-in-family,White,Male,United-States,>50K
66,142501,9,0,0,3,Private,HS-grad,Never-married,Other-service,Other-relative,Black,Female,United-States,<=50K
44,215468,13,0,0,7,Private,Bachelors,Separated,Machine-op-inspct,Unmarried,Black,Female,United-States,<=50K
38,115336,9,0,0,70,Private,HS-grad,Divorced,Other-service,Unmarried,White,Female,United-States,<=50K
56,125000,13,0,0,40,Private,Bachelors,Married-civ-spouse,Adm-clerical,Husband,White,Male,United-States,>50K
65,176796,16,0,0,40,Private,Doctorate,Widowed,Prof-specialty,Not-in-family,White,Female,United-States,<=50K
55,105304,9,0,0,40,Private,HS-grad,Married-civ-spouse,Machine-op-inspct,Husband,White,Male,United-States,<=50K
30,226535,4,0,0,40,Self-emp-not-inc,7th-8th,Married-civ-spouse,Farming-fishing,Husband,White,Male,Mexico,<=50K
29,205903,9,0,0,40,Private,HS-grad,Never-married,Other-service,Own-child,White,Male,United-States,<=50K
31,1033222,10,0,0,40,State-gov,Some-college,Married-civ-spouse,Machine-op-inspct,Husband,White,Male,United-States,<=50K
37,190105,9,0,0,55,Private,HS-grad,Never-married,Adm-clerical,Own-child,White,Female,United-States,<=50K
34,434292,9,0,0,30,Private,HS-grad,Married-civ-spouse,Other-service,Husband,Black,Male,United-States,<=50K
34,176469,13,0,0,38,Private,Bachelors,Never-married,Sales,Not-in-family,White,Male,United-States,<=50K
37,758700,5,3781,0,50,Private,9th,Married-civ-spouse,Handlers-cleaners,Husband,White,Male,Mexico,<=50K
24,172987,13,0,0,50,Private,Bachelors,Married-civ-spouse,Tech-support,Husband,White,Male,United-States,<=50K
32,148207,11,0,0,40,Private,Assoc-voc,Married-civ-spouse,Craft-repair,Husband,White,Male,United-States,<=50K
52,145333,13,0,0,60,Private,Bachelors,Divorced,Sales,Not-in-family,White,Male,United-States,<=50K
31,198613,9,0,0,35,Private,HS-grad,Married-civ-spouse,Adm-clerical,Husband,White,Male,United-States,<=50K
45,77132,10,0,0,55,Self-emp-not-inc,Some-college,Never-married,Sales,Not-in-family,White,Male,United-States,<=50K
47,244025,9,0,0,56,Private,HS-grad,Never-married,Machine-op-inspct,Unmarried,Amer-Indian-Eskimo,Male,Puerto-Rico,<=50K
22,203263,9,0,0,50,Private,HS-grad,Never-married,Craft-repair,Own-child,White,Male,United-States,<=50K
45,84324,12,0,0,50,Self-emp-inc,Assoc-acdm,Married-civ-spouse,Prof-specialty,Husband,White,Male,United-States,>50K
21,417668,9,0,0,36,Private,HS-grad,Never-married,Handlers-cleaners,Own-child,White,Male,United-States,<=50K
35,101709,9,0,0,60,Private,HS-grad,Never-married,Transport-moving,Own-child,Asian-Pac-Islander,Male,United-States,<=50K
26,456618,9,0,0,40,Private,HS-grad,Never-married,Other-service,Not-in-family,White,Male,Mexico,<=50K
38,123031,9,0,0,48,Private,HS-grad,Married-civ-spouse,Adm-clerical,Husband,Asian-Pac-Islander,Male,Trinadad&Tobago,<=50K
66,205724,10,0,0,24,Private,Some-college,Married-civ-spouse,Sales,Husband,White,Male,United-States,>50K
29,126399,9,0,0,32,Private,HS-grad,Divorced,Sales,Unmarried,White,Female,United-States,<=50K
50,65160,13,0,0,40,Federal-gov,Bachelors,Married-civ-spouse,Exec-managerial,Husband,White,Male,United-States,<=50K
29,370494,9,0,0,40,Private,HS-grad,Never-married,Other-service,Unmarried,White,Female,Mexico,<=50K
30,329425,10,0,0,48,Private,Some-college,Never-married,Protective-serv,Own-child,White,Male,United-States,<=50K
33,311194,7,0,0,17,Private,11th,Never-married,Sales,Unmarried,Black,Female,United-States,<=50K
50,98975,13,15024,0,40,Private,Bachelors,Married-civ-spouse,Exec-managerial,Husband,White,Male,United-States,>50K
48,109832,14,0,1902,40,Private,Masters,Married-civ-spouse,Prof-specialty,Husband,White,Male,United-States,>50K
35,185621,13,0,0,60,Self-emp-inc,Bachelors,Never-married,Exec-managerial,Not-in-family,White,Female,United-States,>50K
27,210498,10,0,0,80,Private,Some-college,Married-civ-spouse,Exec-managerial,Husband,White,Male,United-States,<=50K
29,297544,9,0,0,40,Private,HS-grad,Married-civ-spouse,Craft-repair,Husband,White,Male,United-States,<=50K
40,75313,13,7688,0,66,Federal-gov,Bachelors,Married-civ-spouse,Prof-specialty,Husband,White,Male,United-States,>50K
21,213015,9,2176,0,40,Private,HS-grad,Never-married,Handlers-cleaners,Other-relative,Black,Male,United-States,<=50K
47,315110,10,0,0,20,Self-emp-not-inc,Some-college,Married-civ-spouse,Prof-specialty,Husband,White,Male,United-States,<=50K
25,237865,10,0,0,40,MISSING,Some-college,Never-married,MISSING,Own-child,Black,Male,MISSING,<=50K
47,341995,10,0,0,55,Private,Some-college,Divorced,Sales,Own-child,White,Male,United-States,<=50K
65,76043,9,0,0,1,MISSING,HS-grad,Married-civ-spouse,MISSING,Husband,White,Male,United-States,>50K
23,133061,9,0,0,80,Private,HS-grad,Married-civ-spouse,Sales,Husband,White,Male,United-States,<=50K
25,150062,10,0,0,45,Private,Some-college,Married-civ-spouse,Prof-specialty,Husband,White,Male,United-States,<=50K
19,183532,10,0,0,25,Private,Some-college,Never-married,Handlers-cleaners,Own-child,White,Male,United-States,<=50K
55,185459,14,0,0,50,Private,Masters,Married-civ-spouse,Sales,Husband,White,Male,United-States,>50K
24,116800,11,0,0,35,Private,Assoc-voc,Never-married,Machine-op-inspct,Own-child,White,Male,United-States,<=50K
23,219835,10,0,0,40,Private,Some-college,Never-married,Protective-serv,Own-child,White,Male,Mexico,<=50K
42,319016,9,2885,0,45,Private,HS-grad,Married-civ-spouse,Transport-moving,Husband,White,Male,United-States,<=50K
54,137691,9,0,0,40,Local-gov,HS-grad,Married-civ-spouse,Craft-repair,Husband,White,Male,United-States,>50K
24,205865,9,0,0,45,Private,HS-grad,Never-married,Sales,Unmarried,White,Male,United-States,<=50K
43,156403,6,0,0,40,Private,10th,Married-civ-spouse,Handlers-cleaners,Husband,White,Male,United-States,<=50K
35,334999,9,0,0,45,Private,HS-grad,Married-civ-spouse,Sales,Husband,White,Male,United-States,<=50K
30,237903,10,0,0,40,Private,Some-college,Never-married,Handlers-cleaners,Unmarried,White,Female,United-States,<=50K
17,146268,6,0,0,10,Private,10th,Never-married,Other-service,Own-child,White,Female,United-States,<=50K
26,187248,9,0,0,40,Private,HS-grad,Married-civ-spouse,Prof-specialty,Not-in-family,Black,Male,United-States,<=50K
33,368675,10,0,0,40,Local-gov,Some-college,Married-civ-spouse,Protective-serv,Husband,White,Male,United-States,<=50K
20,637080,10,0,0,25,Private,Some-college,Never-married,Sales,Not-in-family,White,Male,United-States,<=50K
45,204205,10,0,0,50,Self-emp-inc,Some-college,Married-civ-spouse,Exec-managerial,Husband,White,Male,United-States,>50K
51,118259,9,3137,0,60,Self-emp-not-inc,HS-grad,Married-civ-spouse,Craft-repair,Husband,White,Male,United-States,<=50K
48,234504,9,0,0,50,Private,HS-grad,Married-civ-spouse,Exec-managerial,Husband,White,Male,United-States,<=50K
55,176904,6,0,0,50,Private,10th,Married-civ-spouse,Transport-moving,Husband,White,Male,United-States,<=50K
49,207677,4,0,0,70,Private,7th-8th,Divorced,Craft-repair,Not-in-family,White,Male,United-States,<=50K
42,169995,9,0,0,48,Private,HS-grad,Married-civ-spouse,Sales,Husband,White,Male,United-States,<=50K
37,126954,13,0,0,50,Private,Bachelors,Married-civ-spouse,Exec-managerial,Husband,White,Male,United-States,>50K
22,126613,10,0,0,20,Private,Some-college,Never-married,Sales,Own-child,White,Female,United-States,<=50K
41,165309,13,0,0,40,Private,Bachelors,Divorced,Adm-clerical,Unmarried,White,Female,United-States,<=50K
35,214816,13,0,0,40,Private,Bachelors,Married-civ-spouse,Exec-managerial,Husband,White,Male,United-States,>50K
36,448337,9,0,0,40,Private,HS-grad,Separated,Sales,Unmarried,Black,Female,United-States,<=50K
29,137476,13,0,0,35,Private,Bachelors,Married-civ-spouse,Prof-specialty,Wife,White,Female,United-States,>50K
37,233825,13,15024,0,50,Local-gov,Bachelors,Married-civ-spouse,Prof-specialty,Wife,White,Female,United-States,>50K
43,83411,10,0,0,50,Private,Some-college,Married-civ-spouse,Sales,Husband,White,Male,United-States,>50K
57,183810,10,0,0,40,Private,Some-college,Married-civ-spouse,Prof-specialty,Husband,White,Male,United-States,>50K
27,292472,10,0,0,40,Private,Some-college,Married-civ-spouse,Prof-specialty,Husband,Asian-Pac-Islander,Male,Cambodia,>50K
18,267965,7,0,0,15,Private,11th,Never-married,Sales,Not-in-family,White,Female,United-States,<=50K
57,149168,10,0,0,55,Self-emp-not-inc,Some-college,Married-civ-spouse,Exec-managerial,Husband,White,Male,United-States,<=50K
30,108386,12,0,0,40,Private,Assoc-acdm,Married-civ-spouse,Craft-repair,Husband,White,Male,United-States,<=50K
23,520775,8,0,0,30,Private,12th,Never-married,Priv-house-serv,Own-child,White,Male,United-States,<=50K
36,289190,9,0,0,40,Private,HS-grad,Divorced,Craft-repair,Unmarried,White,Male,United-States,<=50K
26,288592,9,0,0,40,Private,HS-grad,Never-married,Adm-clerical,Not-in-family,White,Female,United-States,<=50K
33,168387,7,0,0,40,Private,11th,Married-civ-spouse,Other-service,Husband,White,Male,United-States,<=50K
35,89508,9,0,0,50,Private,HS-grad,Married-civ-spouse,Transport-moving,Husband,White,Male,United-States,>50K
20,432052,10,0,0,15,State-gov,Some-college,Never-married,Handlers-cleaners,Not-in-family,White,Male,United-States,<=50K
41,185132,13,0,0,45,Private,Bachelors,Never-married,Prof-specialty,Not-in-family,White,Female,United-States,<=50K
21,313873,3,0,0,40,Private,5th-6th,Never-married,Handlers-cleaners,Not-in-family,White,Male,Mexico,<=50K
39,56118,9,0,0,40,Private,HS-grad,Divorced,Other-service,Unmarried,White,Female,United-States,<=50K
55,349304,13,0,0,40,Private,Bachelors,Married-civ-spouse,Exec-managerial,Husband,White,Male,United-States,>50K
38,233194,9,0,0,40,Private,HS-grad,Married-civ-spouse,Sales,Husband,Black,Male,United-States,>50K
44,103218,9,0,0,40,Private,HS-grad,Divorced,Adm-clerical,Unmarried,Black,Female,United-States,<=50K
42,66006,6,0,0,40,Private,10th,Never-married,Transport-moving,Not-in-family,Black,Male,United-States,<=50K
23,183358,9,0,0,40,Private,HS-grad,Never-married,Craft-repair,Not-in-family,White,Male,Puerto-Rico,<=50K
23,179413,9,0,0,40,Private,HS-grad,Married-civ-spouse,Craft-repair,Husband,White,Male,United-States,<=50K
63,149698,10,0,0,15,MISSING,Some-college,Married-civ-spouse,MISSING,Husband,White,Male,United-States,<=50K
33,79923,14,0,0,45,Private,Masters,Married-civ-spouse,Prof-specialty,Husband,White,Male,United-States,>50K
20,266467,9,0,0,25,Private,HS-grad,Never-married,Other-service,Own-child,White,Male,United-States,<=50K
29,267989,13,0,0,50,State-gov,Bachelors,Married-civ-spouse,Prof-specialty,Husband,White,Male,United-States,>50K
49,209146,9,0,0,40,Private,HS-grad,Married-civ-spouse,Transport-moving,Husband,White,Male,United-States,<=50K
32,136935,9,0,0,13,Private,HS-grad,Never-married,Other-service,Unmarried,Black,Female,United-States,<=50K
26,55860,10,0,0,40,Private,Some-college,Never-married,Adm-clerical,Not-in-family,Black,Female,United-States,<=50K
34,221396,10,0,0,40,Private,Some-college,Married-civ-spouse,Adm-clerical,Husband,White,Male,United-States,<=50K
18,343059,10,0,0,40,Private,Some-college,Never-married,Sales,Own-child,White,Female,United-States,<=50K
44,98211,13,0,0,55,Private,Bachelors,Married-civ-spouse,Transport-moving,Husband,White,Male,United-States,<=50K
23,235071,10,0,0,50,Private,Some-college,Never-married,Exec-managerial,Own-child,White,Male,United-States,<=50K
35,196373,13,0,0,45,Self-emp-inc,Bachelors,Married-civ-spouse,Exec-managerial,Husband,White,Male,United-States,>50K
47,162302,9,0,0,20,Private,HS-grad,Divorced,Adm-clerical,Unmarried,White,Female,United-States,<=50K
40,176286,9,0,0,40,Private,HS-grad,Married-civ-spouse,Craft-repair,Husband,White,Male,United-States,<=50K
36,34180,9,0,0,70,Self-emp-not-inc,HS-grad,Never-married,Farming-fishing,Not-in-family,White,Male,United-States,>50K
19,73009,10,0,0,15,State-gov,Some-college,Never-married,Adm-clerical,Own-child,White,Male,United-States,<=50K
62,150693,9,0,0,42,Private,HS-grad,Widowed,Adm-clerical,Not-in-family,White,Female,United-States,<=50K
51,103824,9,0,0,40,Private,HS-grad,Never-married,Other-service,Not-in-family,Black,Male,Haiti,<=50K
37,166744,9,0,0,12,Private,HS-grad,Divorced,Other-service,Unmarried,White,Female,United-States,<=50K
51,167065,9,0,0,40,State-gov,HS-grad,Married-civ-spouse,Exec-managerial,Husband,White,Male,United-States,<=50K
17,72321,7,0,0,12,Private,11th,Never-married,Other-service,Other-relative,White,Female,United-States,<=50K
49,122493,9,0,0,40,Private,HS-grad,Widowed,Tech-support,Unmarried,White,Male,United-States,<=50K
32,165949,13,0,1590,42,Private,Bachelors,Divorced,Machine-op-inspct,Not-in-family,White,Female,United-States,<=50K
28,232945,9,0,0,30,Private,HS-grad,Separated,Handlers-cleaners,Not-in-family,Other,Male,United-States,<=50K
29,180916,10,0,0,38,Local-gov,Some-college,Separated,Adm-clerical,Unmarried,White,Female,United-States,<=50K
42,204033,13,0,0,35,Self-emp-inc,Bachelors,Married-civ-spouse,Adm-clerical,Wife,White,Female,MISSING,<=50K
76,152802,10,0,0,8,MISSING,Some-college,Married-civ-spouse,MISSING,Husband,White,Male,United-States,<=50K
44,31251,4,0,0,40,Local-gov,7th-8th,Divorced,Handlers-cleaners,Not-in-family,White,Male,United-States,<=50K
23,198992,9,0,0,35,Private,HS-grad,Never-married,Adm-clerical,Own-child,White,Female,United-States,<=50K
18,165532,10,0,0,15,Private,Some-college,Never-married,Sales,Own-child,White,Male,United-States,<=50K
25,307643,9,0,0,40,Private,HS-grad,Married-civ-spouse,Transport-moving,Husband,White,Male,United-States,<=50K
26,284078,10,0,0,40,Private,Some-college,Never-married,Adm-clerical,Not-in-family,White,Male,United-States,<=50K
26,98155,9,0,0,40,Private,HS-grad,Married-civ-spouse,Exec-managerial,Husband,White,Male,United-States,<=50K
51,34361,10,0,0,20,Private,Some-college,Married-civ-spouse,Exec-managerial,Wife,White,Female,United-States,>50K
29,181280,9,0,0,40,Private,HS-grad,Married-civ-spouse,Machine-op-inspct,Husband,White,Male,United-States,<=50K
50,94081,9,0,0,40,Private,HS-grad,Married-civ-spouse,Exec-managerial,Husband,White,Male,United-States,>50K
38,65324,15,0,0,40,Private,Prof-school,Married-civ-spouse,Prof-specialty,Husband,White,Male,United-States,>50K
27,704108,13,0,0,50,Private,Bachelors,Never-married,Prof-specialty,Not-in-family,White,Male,United-States,<=50K
51,231230,13,0,0,25,Self-emp-inc,Bachelors,Married-civ-spouse,Exec-managerial,Husband,White,Male,United-States,<=50K
68,170376,13,0,0,40,Private,Bachelors,Married-civ-spouse,Exec-managerial,Husband,White,Male,United-States,>50K
21,238068,9,0,0,40,Private,HS-grad,Married-civ-spouse,Machine-op-inspct,Husband,White,Male,United-States,<=50K
20,183594,10,0,0,40,Private,Some-college,Never-married,Transport-moving,Own-child,White,Male,United-States,<=50K
42,259757,13,0,653,50,Private,Bachelors,Divorced,Prof-specialty,Unmarried,White,Male,United-States,>50K
46,197731,11,0,0,40,Private,Assoc-voc,Married-spouse-absent,Machine-op-inspct,Unmarried,White,Male,United-States,<=50K
40,112388,14,0,0,40,Federal-gov,Masters,Never-married,Prof-specialty,Not-in-family,White,Male,United-States,<=50K
27,331046,13,0,0,45,Local-gov,Bachelors,Never-married,Prof-specialty,Not-in-family,White,Female,United-States,<=50K
29,214925,14,0,0,60,Private,Masters,Never-married,Exec-managerial,Not-in-family,Black,Male,United-States,<=50K
26,160445,9,0,0,40,Private,HS-grad,Divorced,Craft-repair,Not-in-family,White,Male,United-States,<=50K
57,188330,9,0,0,78,Private,HS-grad,Married-civ-spouse,Other-service,Husband,White,Male,United-States,<=50K
35,35309,13,0,0,28,Federal-gov,Bachelors,Never-married,Tech-support,Not-in-family,Asian-Pac-Islander,Male,MISSING,<=50K
50,37913,13,0,0,40,Self-emp-not-inc,Bachelors,Married-civ-spouse,Exec-managerial,Husband,White,Male,Italy,>50K
25,164938,9,4416,0,40,Private,HS-grad,Never-married,Machine-op-inspct,Own-child,White,Male,United-States,<=50K
40,111971,9,0,0,30,Self-emp-not-inc,HS-grad,Married-civ-spouse,Craft-repair,Husband,White,Male,United-States,<=50K
63,401531,2,0,0,35,MISSING,1st-4th,Married-civ-spouse,MISSING,Husband,White,Male,United-States,<=50K
20,315877,9,0,2001,40,Private,HS-grad,Never-married,Other-service,Unmarried,White,Male,United-States,<=50K
35,340428,12,0,0,35,Private,Assoc-acdm,Never-married,Adm-clerical,Not-in-family,White,Female,United-States,<=50K
43,142030,9,0,0,40,MISSING,HS-grad,Divorced,MISSING,Unmarried,White,Female,United-States,<=50K
21,26410,9,0,0,40,Private,HS-grad,Never-married,Adm-clerical,Not-in-family,White,Female,United-States,<=50K
35,110668,9,0,0,35,Private,HS-grad,Married-civ-spouse,Machine-op-inspct,Wife,Black,Female,United-States,<=50K
36,106964,9,0,0,40,Private,HS-grad,Married-civ-spouse,Machine-op-inspct,Husband,White,Male,United-States,<=50K
40,161285,10,0,0,25,MISSING,Some-college,Married-civ-spouse,MISSING,Wife,White,Female,United-States,<=50K
45,99971,9,0,0,50,Private,HS-grad,Married-civ-spouse,Transport-moving,Husband,White,Male,United-States,<=50K
22,167787,9,0,0,40,Private,HS-grad,Never-married,Other-service,Not-in-family,White,Female,United-States,<=50K
29,235393,9,0,0,40,Private,HS-grad,Married-civ-spouse,Craft-repair,Husband,Black,Male,United-States,<=50K
58,78634,7,0,0,60,Self-emp-inc,11th,Married-civ-spouse,Transport-moving,Husband,White,Male,United-States,<=50K
56,235197,9,0,0,38,Private,HS-grad,Never-married,Adm-clerical,Not-in-family,White,Female,United-States,<=50K
46,184883,5,0,0,40,Private,9th,Married-civ-spouse,Machine-op-inspct,Wife,White,Female,United-States,<=50K
37,234807,9,0,0,37,Private,HS-grad,Divorced,Adm-clerical,Unmarried,White,Female,United-States,<=50K
35,276153,13,4650,0,40,Private,Bachelors,Never-married,Tech-support,Not-in-family,Asian-Pac-Islander,Female,United-States,<=50K
44,174684,9,0,0,40,Local-gov,HS-grad,Divorced,Craft-repair,Unmarried,Black,Male,United-States,<=50K
63,266083,4,0,0,60,Private,7th-8th,Married-civ-spouse,Transport-moving,Husband,White,Male,United-States,>50K
23,115458,9,0,0,40,Private,HS-grad,Never-married,Transport-moving,Own-child,White,Male,United-States,<=50K
50,133963,13,0,0,40,Local-gov,Bachelors,Never-married,Prof-specialty,Own-child,White,Female,United-States,>50K
20,184045,10,0,0,30,Private,Some-college,Never-married,Sales,Unmarried,Black,Female,United-States,<=50K
32,119522,13,0,0,50,MISSING,Bachelors,Divorced,MISSING,Not-in-family,White,Male,United-States,<=50K
27,119170,7,0,0,45,Private,11th,Never-married,Exec-managerial,Unmarried,White,Female,United-States,<=50K
40,34987,13,0,0,53,Private,Bachelors,Never-married,Sales,Not-in-family,White,Male,United-States,<=50K
46,108699,10,0,0,60,Private,Some-college,Widowed,Adm-clerical,Not-in-family,White,Female,United-States,<=50K
44,210013,9,0,0,40,Private,HS-grad,Married-civ-spouse,Transport-moving,Husband,White,Male,United-States,>50K
55,52953,9,0,0,40,Private,HS-grad,Divorced,Other-service,Unmarried,White,Female,United-States,<=50K
18,391257,10,0,0,40,State-gov,Some-college,Never-married,Other-service,Not-in-family,White,Female,United-States,<=50K
20,110597,10,0,0,30,Private,Some-college,Never-married,Sales,Own-child,White,Female,United-States,<=50K
37,39089,10,3103,0,50,Self-emp-inc,Some-college,Married-civ-spouse,Exec-managerial,Husband,White,Male,United-States,>50K
30,101266,9,0,0,40,Private,HS-grad,Married-civ-spouse,Protective-serv,Husband,White,Male,United-States,<=50K
50,120781,13,0,0,60,Self-emp-inc,Bachelors,Married-civ-spouse,Sales,Husband,Asian-Pac-Islander,Male,South,>50K
46,229394,9,0,0,40,Private,HS-grad,Divorced,Exec-managerial,Not-in-family,White,Female,United-States,<=50K
43,152617,10,0,0,40,Private,Some-college,Divorced,Adm-clerical,Own-child,White,Female,United-States,<=50K
29,180758,12,0,0,60,Private,Assoc-acdm,Never-married,Craft-repair,Not-in-family,White,Male,United-States,<=50K
52,167527,7,0,0,40,Private,11th,Widowed,Other-service,Unmarried,Black,Female,United-States,<=50K
26,213625,12,0,0,40,Private,Assoc-acdm,Married-civ-spouse,Sales,Husband,White,Male,United-States,<=50K
24,190143,13,0,0,40,Private,Bachelors,Married-civ-spouse,Sales,Husband,White,Male,United-States,<=50K
21,223352,9,1055,0,30,Private,HS-grad,Never-married,Other-service,Not-in-family,White,Female,United-States,<=50K
30,242460,9,0,0,50,Private,HS-grad,Separated,Craft-repair,Not-in-family,White,Male,United-States,<=50K
19,354104,9,0,0,30,Private,HS-grad,Never-married,Handlers-cleaners,Own-child,White,Male,United-States,<=50K
24,205844,13,0,0,40,Private,Bachelors,Never-married,Exec-managerial,Own-child,Black,Female,United-States,<=50K
26,746432,9,0,0,48,Private,HS-grad,Never-married,Handlers-cleaners,Own-child,Black,Male,United-States,<=50K
22,175431,9,0,0,20,Private,HS-grad,Married-civ-spouse,Other-service,Husband,White,Male,United-States,<=50K
30,196385,10,0,0,45,Private,Some-college,Married-civ-spouse,Craft-repair,Husband,White,Male,United-States,>50K
20,203353,10,0,0,40,MISSING,Some-college,Never-married,MISSING,Own-child,White,Female,United-States,<=50K
50,174855,9,0,0,40,Self-emp-inc,HS-grad,Divorced,Exec-managerial,Unmarried,White,Female,United-States,<=50K
28,211920,9,0,0,40,Local-gov,HS-grad,Married-civ-spouse,Protective-serv,Husband,White,Male,United-States,<=50K
26,258768,10,2174,0,75,Private,Some-college,Never-married,Transport-moving,Not-in-family,Black,Male,United-States,<=50K
83,153183,13,0,2392,55,Self-emp-inc,Bachelors,Married-civ-spouse,Exec-managerial,Husband,White,Male,United-States,>50K
37,434097,12,0,0,40,Private,Assoc-acdm,Divorced,Craft-repair,Not-in-family,Black,Male,United-States,<=50K
23,241951,10,0,0,40,State-gov,Some-college,Never-married,Prof-specialty,Not-in-family,White,Male,United-States,<=50K
41,29762,10,0,0,60,Private,Some-college,Married-civ-spouse,Craft-repair,Husband,White,Male,United-States,<=50K
36,102945,11,0,0,40,Private,Assoc-voc,Divorced,Craft-repair,Not-in-family,White,Male,United-States,<=50K
30,277314,9,0,0,40,Private,HS-grad,Separated,Machine-op-inspct,Not-in-family,Black,Male,United-States,<=50K
36,187046,9,0,0,40,Private,HS-grad,Married-civ-spouse,Sales,Husband,White,Male,United-States,>50K
40,192507,12,0,0,50,Self-emp-not-inc,Assoc-acdm,Divorced,Prof-specialty,Not-in-family,White,Female,United-States,<=50K
32,36467,12,0,0,45,Private,Assoc-acdm,Married-civ-spouse,Adm-clerical,Husband,White,Male,United-States,>50K
21,170302,9,0,0,50,Private,HS-grad,Never-married,Farming-fishing,Other-relative,White,Male,United-States,<=50K
44,202565,9,0,0,45,Private,HS-grad,Divorced,Craft-repair,Not-in-family,White,Male,United-States,<=50K
65,22907,4,0,0,40,Self-emp-not-inc,7th-8th,Married-civ-spouse,Farming-fishing,Husband,White,Male,United-States,<=50K
29,207064,9,0,0,40,Private,HS-grad,Married-civ-spouse,Craft-repair,Husband,White,Male,United-States,>50K
25,431307,6,0,0,50,Private,10th,Married-civ-spouse,Protective-serv,Wife,Black,Female,United-States,<=50K
55,105138,9,0,0,40,MISSING,HS-grad,Married-civ-spouse,MISSING,Wife,Asian-Pac-Islander,Female,United-States,<=50K
58,98361,9,0,0,50,Local-gov,HS-grad,Married-civ-spouse,Exec-managerial,Husband,White,Male,United-States,<=50K
40,130571,9,0,0,40,Private,HS-grad,Never-married,Other-service,Not-in-family,White,Female,United-States,<=50K
53,156612,8,0,0,40,Private,12th,Divorced,Transport-moving,Not-in-family,White,Female,United-States,<=50K
46,192768,9,0,0,40,Private,HS-grad,Married-civ-spouse,Adm-clerical,Wife,White,Female,United-States,<=50K
22,190968,10,2407,0,40,Private,Some-college,Married-civ-spouse,Craft-repair,Husband,White,Male,United-States,<=50K
35,38905,10,0,0,50,Federal-gov,Some-college,Divorced,Adm-clerical,Not-in-family,White,Female,United-States,<=50K
23,186666,10,0,0,40,Private,Some-college,Never-married,Machine-op-inspct,Not-in-family,White,Male,United-States,<=50K
21,293968,10,0,0,20,Private,Some-college,Married-spouse-absent,Sales,Own-child,Black,Female,United-States,<=50K
33,228528,6,0,0,35,Private,10th,Never-married,Craft-repair,Unmarried,White,Female,United-States,<=50K
20,238917,7,0,0,32,Private,11th,Never-married,Handlers-cleaners,Not-in-family,White,Male,Mexico,<=50K
54,198186,9,0,0,38,State-gov,HS-grad,Never-married,Other-service,Not-in-family,Black,Female,United-States,<=50K
21,257781,10,0,1719,30,Private,Some-college,Never-married,Craft-repair,Own-child,White,Male,United-States,<=50K
35,179579,9,0,0,40,Private,HS-grad,Married-civ-spouse,Transport-moving,Husband,White,Male,United-States,<=50K
29,196912,13,0,0,40,Federal-gov,Bachelors,Never-married,Prof-specialty,Not-in-family,Black,Male,United-States,<=50K
51,243631,6,0,0,40,State-gov,10th,Married-civ-spouse,Craft-repair,Husband,Amer-Indian-Eskimo,Male,United-States,<=50K
34,106742,9,0,0,45,Private,HS-grad,Married-civ-spouse,Craft-repair,Husband,White,Male,United-States,<=50K
22,202871,11,0,0,44,Private,Assoc-voc,Married-civ-spouse,Other-service,Husband,White,Male,United-States,<=50K
27,161087,9,0,0,40,Private,HS-grad,Married-civ-spouse,Prof-specialty,Wife,Black,Female,United-States,<=50K
40,279679,10,0,0,45,Private,Some-college,Divorced,Exec-managerial,Not-in-family,White,Male,United-States,<=50K
22,199426,10,0,0,17,Private,Some-college,Never-married,Sales,Not-in-family,White,Female,United-States,<=50K
33,35378,13,0,0,45,Private,Bachelors,Married-civ-spouse,Sales,Wife,White,Female,United-States,>50K
21,372636,9,0,0,40,Private,HS-grad,Never-married,Sales,Own-child,Black,Male,United-States,<=50K
19,26620,10,0,0,40,MISSING,Some-college,Never-married,MISSING,Own-child,White,Female,United-States,<=50K
54,220115,10,0,0,30,Private,Some-college,Divorced,Adm-clerical,Not-in-family,White,Male,United-States,<=50K
52,174752,9,0,0,40,Self-emp-not-inc,HS-grad,Divorced,Craft-repair,Not-in-family,White,Male,United-States,<=50K
47,102771,4,0,0,40,Private,7th-8th,Married-civ-spouse,Handlers-cleaners,Husband,White,Male,Portugal,<=50K
61,97128,13,0,0,45,Private,Bachelors,Married-civ-spouse,Sales,Husband,White,Male,United-States,>50K
65,155261,9,0,0,40,Private,HS-grad,Married-civ-spouse,Exec-managerial,Husband,White,Male,United-States,>50K
58,200316,9,0,0,40,State-gov,HS-grad,Married-civ-spouse,Craft-repair,Husband,White,Male,United-States,<=50K
26,917220,8,0,0,40,Private,12th,Never-married,Transport-moving,Own-child,Black,Male,United-States,<=50K
39,250217,9,0,0,70,Private,HS-grad,Divorced,Machine-op-inspct,Not-in-family,Black,Female,United-States,<=50K
59,124771,13,0,0,30,Self-emp-not-inc,Bachelors,Married-civ-spouse,Farming-fishing,Husband,White,Male,United-States,<=50K
52,317032,9,0,0,50,Private,HS-grad,Married-civ-spouse,Craft-repair,Husband,White,Male,United-States,>50K
23,119838,13,0,0,50,Private,Bachelors,Never-married,Prof-specialty,Own-child,White,Male,United-States,<=50K
43,96421,13,0,0,24,Private,Bachelors,Divorced,Prof-specialty,Unmarried,White,Female,Outlying-US(Guam-USVI-etc),<=50K
47,109705,9,0,0,40,Local-gov,HS-grad,Divorced,Exec-managerial,Not-in-family,White,Female,United-States,<=50K
76,253408,10,0,0,40,Self-emp-not-inc,Some-college,Widowed,Transport-moving,Not-in-family,White,Male,United-States,<=50K
17,225211,5,0,0,35,Private,9th,Never-married,Other-service,Own-child,Black,Male,United-States,<=50K
37,95654,6,0,0,35,Private,10th,Divorced,Exec-managerial,Unmarried,White,Female,United-States,<=50K
44,184105,12,4386,0,40,Private,Assoc-acdm,Married-civ-spouse,Sales,Husband,White,Male,United-States,>50K
32,158291,9,0,0,50,Private,HS-grad,Married-civ-spouse,Craft-repair,Husband,White,Male,United-States,>50K
43,149909,9,0,0,42,Private,HS-grad,Married-civ-spouse,Craft-repair,Husband,White,Male,United-States,>50K
40,128700,10,0,0,40,Private,Some-college,Divorced,Adm-clerical,Unmarried,White,Female,United-States,<=50K
63,145212,9,0,0,40,Private,HS-grad,Divorced,Exec-managerial,Not-in-family,White,Female,United-States,<=50K
26,179633,9,0,0,40,Private,HS-grad,Never-married,Tech-support,Other-relative,White,Male,United-States,<=50K
57,199768,9,0,1902,30,Self-emp-inc,HS-grad,Married-civ-spouse,Sales,Husband,White,Male,United-States,>50K
36,187203,11,0,0,50,MISSING,Assoc-voc,Divorced,MISSING,Own-child,White,Male,United-States,<=50K
25,163396,10,0,0,40,Private,Some-college,Never-married,Tech-support,Not-in-family,Other,Female,United-States,<=50K
34,112062,14,0,0,40,State-gov,Masters,Never-married,Prof-specialty,Unmarried,White,Female,United-States,<=50K
23,162551,13,0,0,35,Local-gov,Bachelors,Never-married,Prof-specialty,Own-child,Asian-Pac-Islander,Female,China,<=50K
29,51944,9,4386,0,40,Private,HS-grad,Married-civ-spouse,Other-service,Wife,White,Female,United-States,>50K
46,200949,13,0,0,50,Self-emp-inc,Bachelors,Widowed,Exec-managerial,Not-in-family,White,Female,MISSING,<=50K
28,308493,9,0,0,17,MISSING,HS-grad,Married-civ-spouse,MISSING,Wife,White,Female,Honduras,<=50K
41,151504,13,7688,0,50,Private,Bachelors,Married-civ-spouse,Exec-managerial,Husband,White,Male,United-States,>50K
23,236804,7,0,0,40,Private,11th,Married-civ-spouse,Other-service,Husband,White,Male,United-States,<=50K
38,348739,15,0,0,60,Private,Prof-school,Married-civ-spouse,Prof-specialty,Husband,White,Male,United-States,<=50K
32,97723,11,0,0,40,Self-emp-not-inc,Assoc-voc,Never-married,Craft-repair,Not-in-family,White,Male,United-States,<=50K
59,138370,6,0,0,40,Private,10th,Married-spouse-absent,Protective-serv,Not-in-family,Asian-Pac-Islander,Male,India,<=50K
22,188569,10,0,0,20,Private,Some-college,Never-married,Adm-clerical,Not-in-family,White,Female,United-States,<=50K
33,33117,12,0,0,40,Private,Assoc-acdm,Married-civ-spouse,Protective-serv,Husband,White,Male,United-States,<=50K
49,481987,9,0,0,60,MISSING,HS-grad,Married-civ-spouse,MISSING,Husband,White,Male,United-States,<=50K
50,75472,9,4386,0,40,Private,HS-grad,Married-civ-spouse,Craft-repair,Husband,White,Male,MISSING,<=50K
38,136081,15,0,0,60,Private,Prof-school,Married-civ-spouse,Prof-specialty,Husband,White,Male,United-States,>50K
30,254905,9,0,0,40,Private,HS-grad,Married-civ-spouse,Machine-op-inspct,Husband,White,Male,United-States,<=50K
43,228320,9,0,0,40,Private,HS-grad,Married-civ-spouse,Exec-managerial,Husband,White,Male,United-States,<=50K
49,125892,14,0,0,50,Self-emp-inc,Masters,Married-civ-spouse,Exec-managerial,Husband,White,Male,United-States,>50K
39,129573,13,0,1741,40,Federal-gov,Bachelors,Never-married,Adm-clerical,Not-in-family,White,Male,United-States,<=50K
70,131060,4,0,0,25,Private,7th-8th,Married-civ-spouse,Other-service,Husband,White,Male,United-States,<=50K
59,132717,6,0,0,40,State-gov,10th,Married-civ-spouse,Farming-fishing,Husband,White,Male,United-States,<=50K
41,291965,10,0,0,40,Private,Some-college,Never-married,Tech-support,Unmarried,Asian-Pac-Islander,Female,Philippines,<=50K
38,173968,9,0,0,45,Private,HS-grad,Married-civ-spouse,Craft-repair,Husband,White,Male,United-States,<=50K
34,146980,9,0,0,65,Private,HS-grad,Married-spouse-absent,Other-service,Unmarried,White,Female,United-States,<=50K
17,167658,8,0,0,6,Private,12th,Never-married,Sales,Own-child,White,Female,United-States,<=50K
27,243871,10,0,0,45,Self-emp-inc,Some-college,Never-married,Adm-clerical,Own-child,White,Female,United-States,<=50K
39,85319,15,7688,0,60,Private,Prof-school,Married-civ-spouse,Prof-specialty,Wife,White,Female,United-States,>50K
64,338355,11,0,0,15,MISSING,Assoc-voc,Married-civ-spouse,MISSING,Wife,White,Female,United-States,<=50K
23,148948,10,0,0,45,Private,Some-college,Never-married,Exec-managerial,Not-in-family,White,Male,United-States,<=50K
46,97883,13,0,0,35,Private,Bachelors,Never-married,Sales,Not-in-family,White,Female,United-States,<=50K
34,434463,13,0,0,39,Private,Bachelors,Never-married,Machine-op-inspct,Not-in-family,White,Female,United-States,<=50K
35,35854,10,0,0,40,MISSING,Some-college,Never-married,MISSING,Own-child,White,Female,United-States,<=50K
18,423024,8,0,0,20,Private,12th,Never-married,Handlers-cleaners,Own-child,White,Male,United-States,<=50K
38,179488,10,0,1741,40,Private,Some-college,Divorced,Craft-repair,Not-in-family,White,Male,United-States,<=50K
35,164866,6,0,0,99,MISSING,10th,Divorced,MISSING,Not-in-family,White,Male,United-States,<=50K
42,341757,10,0,0,40,Private,Some-college,Never-married,Machine-op-inspct,Not-in-family,White,Female,United-States,<=50K
38,108947,10,7688,0,40,Self-emp-not-inc,Some-college,Married-civ-spouse,Machine-op-inspct,Husband,White,Male,United-States,>50K
31,113364,9,0,0,40,Private,HS-grad,Married-civ-spouse,Craft-repair,Husband,White,Male,United-States,>50K
30,166961,13,0,0,37,Private,Bachelors,Never-married,Prof-specialty,Own-child,White,Female,United-States,<=50K
47,127678,10,0,0,80,Self-emp-inc,Some-college,Married-civ-spouse,Sales,Husband,White,Male,United-States,<=50K
35,296738,7,6849,0,60,MISSING,11th,Separated,MISSING,Not-in-family,White,Female,United-States,<=50K
19,138760,9,0,0,40,Private,HS-grad,Never-married,Machine-op-inspct,Own-child,White,Male,United-States,<=50K
20,170800,10,0,0,15,Private,Some-college,Never-married,Adm-clerical,Own-child,White,Female,United-States,<=50K
51,282549,9,3137,0,40,Private,HS-grad,Married-civ-spouse,Machine-op-inspct,Husband,Black,Male,United-States,<=50K
40,309311,9,0,0,40,Private,HS-grad,Married-civ-spouse,Farming-fishing,Husband,White,Male,United-States,<=50K
27,201872,10,0,0,50,Private,Some-college,Married-civ-spouse,Sales,Husband,White,Male,United-States,<=50K
24,231473,12,0,0,30,State-gov,Assoc-acdm,Married-civ-spouse,Adm-clerical,Husband,White,Male,United-States,<=50K
60,97030,13,0,0,35,State-gov,Bachelors,Divorced,Exec-managerial,Not-in-family,White,Female,United-States,<=50K
44,206686,10,0,0,40,Private,Some-college,Divorced,Adm-clerical,Unmarried,White,Female,United-States,<=50K
23,176262,11,0,0,36,Private,Assoc-voc,Never-married,Adm-clerical,Other-relative,White,Female,United-States,<=50K
47,74305,13,0,0,40,Private,Bachelors,Divorced,Craft-repair,Not-in-family,White,Male,United-States,<=50K
22,113936,10,0,0,40,Private,Some-college,Never-married,Handlers-cleaners,Own-child,White,Male,United-States,<=50K
75,164570,7,0,0,50,Self-emp-inc,11th,Never-married,Exec-managerial,Not-in-family,White,Male,United-States,<=50K
20,224640,12,0,0,40,Private,Assoc-acdm,Never-married,Exec-managerial,Own-child,White,Female,United-States,<=50K
59,81107,10,0,0,80,Self-emp-not-inc,Some-college,Married-civ-spouse,Sales,Wife,White,Female,United-States,>50K
31,193132,13,0,0,42,Private,Bachelors,Never-married,Tech-support,Not-in-family,White,Female,United-States,<=50K
44,135056,14,0,0,16,Local-gov,Masters,Divorced,Prof-specialty,Unmarried,White,Female,MISSING,<=50K
52,318351,10,0,0,40,MISSING,Some-college,Married-civ-spouse,MISSING,Wife,White,Female,United-States,>50K
44,100479,12,0,0,48,Local-gov,Assoc-acdm,Married-civ-spouse,Prof-specialty,Husband,White,Male,United-States,<=50K
34,353881,9,0,0,60,Self-emp-not-inc,HS-grad,Married-civ-spouse,Exec-managerial,Husband,White,Male,United-States,<=50K
55,257216,14,0,0,40,Self-emp-inc,Masters,Widowed,Sales,Not-in-family,White,Female,United-States,<=50K
56,104842,13,0,0,50,Private,Bachelors,Divorced,Prof-specialty,Unmarried,Black,Female,Haiti,<=50K
23,70261,10,0,0,30,Private,Some-college,Never-married,Other-service,Own-child,White,Male,United-States,<=50K
46,113434,13,0,0,40,Self-emp-not-inc,Bachelors,Married-civ-spouse,Craft-repair,Husband,White,Male,United-States,<=50K
35,32220,12,0,0,60,Private,Assoc-acdm,Never-married,Exec-managerial,Not-in-family,White,Female,United-States,<=50K
45,33300,11,0,1977,50,Private,Assoc-voc,Married-civ-spouse,Sales,Husband,White,Male,United-States,>50K
24,205844,13,0,0,65,Private,Bachelors,Never-married,Exec-managerial,Own-child,Black,Female,United-States,<=50K
33,262042,9,0,1138,40,Local-gov,HS-grad,Divorced,Adm-clerical,Own-child,White,Female,United-States,<=50K
40,349405,11,0,0,36,Private,Assoc-voc,Married-civ-spouse,Prof-specialty,Wife,White,Female,United-States,<=50K
45,87583,9,0,0,14,Private,HS-grad,Married-civ-spouse,Prof-specialty,Wife,White,Female,United-States,<=50K
23,375871,9,0,0,40,Private,HS-grad,Married-civ-spouse,Adm-clerical,Wife,White,Female,Mexico,<=50K
28,274579,9,0,0,60,Private,HS-grad,Married-civ-spouse,Transport-moving,Husband,White,Male,United-States,<=50K
54,169785,10,0,0,40,Private,Some-college,Divorced,Exec-managerial,Not-in-family,White,Female,Italy,<=50K
28,31717,9,0,0,45,Self-emp-inc,HS-grad,Married-civ-spouse,Exec-managerial,Husband,White,Male,United-States,>50K
44,160323,9,0,0,40,Private,HS-grad,Never-married,Craft-repair,Not-in-family,Black,Male,United-States,<=50K
34,185216,10,0,0,40,Private,Some-college,Never-married,Adm-clerical,Own-child,White,Male,United-States,<=50K
58,140363,9,3325,0,30,Private,HS-grad,Divorced,Machine-op-inspct,Not-in-family,White,Male,United-States,<=50K
41,229148,9,0,0,60,Self-emp-not-inc,HS-grad,Never-married,Other-service,Not-in-family,Black,Male,Jamaica,<=50K
23,148315,10,0,0,40,Private,Some-college,Separated,Craft-repair,Own-child,White,Male,United-States,<=50K
40,202872,9,0,0,40,Private,HS-grad,Married-civ-spouse,Sales,Wife,White,Female,United-States,>50K
31,440129,10,0,0,40,State-gov,Some-college,Divorced,Protective-serv,Not-in-family,White,Male,United-States,>50K
70,172652,14,0,0,8,MISSING,Masters,Married-civ-spouse,MISSING,Husband,White,Male,United-States,<=50K
31,196125,7,0,0,40,Private,11th,Married-civ-spouse,Craft-repair,Husband,White,Male,United-States,<=50K
45,189890,9,0,0,40,Local-gov,HS-grad,Never-married,Adm-clerical,Unmarried,White,Female,United-States,<=50K
34,509364,9,0,0,40,Private,HS-grad,Married-civ-spouse,Craft-repair,Husband,White,Male,United-States,<=50K
64,91343,10,0,0,40,Private,Some-college,Widowed,Tech-support,Unmarried,White,Female,United-States,<=50K
33,34848,10,0,0,40,Private,Some-college,Married-civ-spouse,Other-service,Husband,White,Male,United-States,<=50K
48,267912,13,0,0,50,Private,Bachelors,Never-married,Other-service,Not-in-family,White,Male,Mexico,>50K
20,217467,10,0,0,40,Private,Some-college,Never-married,Craft-repair,Own-child,White,Male,United-States,<=50K
37,173968,9,0,0,40,Private,HS-grad,Married-civ-spouse,Transport-moving,Husband,White,Male,United-States,<=50K
25,190650,13,0,0,40,Private,Bachelors,Never-married,Prof-specialty,Own-child,Asian-Pac-Islander,Male,Taiwan,<=50K
19,320014,10,0,0,25,Private,Some-college,Never-married,Other-service,Own-child,White,Male,United-States,<=50K
47,195978,9,0,0,40,Private,HS-grad,Married-civ-spouse,Craft-repair,Husband,White,Male,United-States,>50K
35,128608,13,0,0,40,Federal-gov,Bachelors,Never-married,Exec-managerial,Own-child,White,Male,United-States,<=50K
51,197656,10,0,0,45,Private,Some-college,Married-civ-spouse,Exec-managerial,Husband,White,Male,United-States,>50K
36,383518,10,99999,0,40,Private,Some-college,Married-civ-spouse,Adm-clerical,Wife,Black,Female,United-States,>50K
53,196763,12,0,0,60,Private,Assoc-acdm,Never-married,Exec-managerial,Not-in-family,White,Female,United-States,<=50K
44,32000,10,0,0,18,Private,Some-college,Married-civ-spouse,Tech-support,Husband,White,Male,United-States,>50K
25,57512,10,0,0,45,Private,Some-college,Never-married,Sales,Not-in-family,White,Male,United-States,<=50K
20,105244,10,0,0,50,Private,Some-college,Never-married,Handlers-cleaners,Not-in-family,White,Male,United-States,<=50K
49,57665,13,0,0,40,MISSING,Bachelors,Divorced,MISSING,Own-child,White,Female,United-States,<=50K
30,137606,9,5013,0,40,Private,HS-grad,Married-civ-spouse,Transport-moving,Husband,White,Male,United-States,<=50K
37,34173,13,0,0,40,Private,Bachelors,Never-married,Tech-support,Not-in-family,White,Female,United-States,<=50K
23,129345,10,0,0,25,Private,Some-college,Never-married,Other-service,Not-in-family,White,Male,United-States,<=50K
63,110610,6,0,0,50,Self-emp-inc,10th,Married-civ-spouse,Farming-fishing,Husband,White,Male,United-States,<=50K
43,105936,9,0,0,35,Private,HS-grad,Married-civ-spouse,Adm-clerical,Wife,White,Female,United-States,>50K
41,223548,2,0,0,40,Private,1st-4th,Married-civ-spouse,Machine-op-inspct,Husband,White,Male,Mexico,<=50K
46,285750,9,4064,0,55,Private,HS-grad,Married-civ-spouse,Farming-fishing,Husband,White,Male,United-States,<=50K
36,177907,16,0,0,40,Self-emp-not-inc,Doctorate,Never-married,Prof-specialty,Not-in-family,White,Male,United-States,>50K
21,237651,10,0,0,35,Private,Some-college,Never-married,Other-service,Own-child,White,Male,United-States,<=50K
27,216479,13,0,0,24,MISSING,Bachelors,Married-civ-spouse,MISSING,Wife,White,Female,United-States,>50K
60,83861,9,0,0,40,Private,HS-grad,Married-civ-spouse,Handlers-cleaners,Husband,White,Male,United-States,<=50K
46,128047,10,0,0,42,Private,Some-college,Separated,Sales,Not-in-family,White,Male,United-States,<=50K
46,188027,10,0,0,45,Private,Some-college,Never-married,Exec-managerial,Unmarried,White,Female,United-States,<=50K
78,105586,3,0,0,36,Private,5th-6th,Married-civ-spouse,Transport-moving,Husband,Asian-Pac-Islander,Male,United-States,<=50K
20,339588,9,0,0,40,Private,HS-grad,Married-civ-spouse,Other-service,Wife,White,Female,Peru,<=50K
38,67317,13,0,0,60,Self-emp-not-inc,Bachelors,Married-civ-spouse,Farming-fishing,Husband,White,Male,United-States,<=50K
49,269527,14,7298,0,40,Local-gov,Masters,Married-civ-spouse,Prof-specialty,Husband,White,Male,United-States,>50K
56,229335,9,0,0,40,Private,HS-grad,Divorced,Adm-clerical,Not-in-family,White,Female,United-States,<=50K
51,114508,5,0,0,40,Local-gov,9th,Separated,Other-service,Other-relative,White,Female,United-States,<=50K
35,24106,10,0,0,40,Private,Some-college,Married-civ-spouse,Exec-managerial,Husband,White,Male,United-States,>50K
36,272090,13,0,0,45,Private,Bachelors,Divorced,Prof-specialty,Unmarried,White,Female,El-Salvador,<=50K
19,271446,10,0,0,25,Private,Some-college,Never-married,Other-service,Own-child,White,Female,United-States,<=50K
39,201105,13,0,0,55,State-gov,Bachelors,Married-civ-spouse,Exec-managerial,Wife,White,Female,United-States,>50K
48,50880,10,0,0,40,Private,Some-college,Married-civ-spouse,Craft-repair,Husband,White,Male,Germany,<=50K
45,247043,7,0,0,42,Private,11th,Married-civ-spouse,Craft-repair,Husband,White,Male,United-States,<=50K
27,218785,9,0,0,40,Private,HS-grad,Married-civ-spouse,Exec-managerial,Wife,White,Female,United-States,<=50K
44,102238,9,0,0,40,Federal-gov,HS-grad,Divorced,Craft-repair,Unmarried,White,Male,United-States,<=50K
42,104118,10,0,0,40,Self-emp-not-inc,Some-college,Never-married,Exec-managerial,Not-in-family,White,Male,United-States,<=50K
41,144928,13,0,0,40,State-gov,Bachelors,Married-civ-spouse,Prof-specialty,Husband,White,Male,United-States,>50K
30,144064,9,0,0,40,State-gov,HS-grad,Married-civ-spouse,Protective-serv,Husband,White,Male,United-States,>50K
34,340880,9,0,0,60,Private,HS-grad,Married-civ-spouse,Prof-specialty,Husband,White,Male,Philippines,>50K
46,190487,9,0,0,28,Private,HS-grad,Divorced,Priv-house-serv,Unmarried,White,Female,Ecuador,<=50K
28,190391,13,0,0,40,Private,Bachelors,Never-married,Sales,Not-in-family,White,Male,United-States,<=50K
67,345236,13,0,0,55,Self-emp-not-inc,Bachelors,Married-civ-spouse,Exec-managerial,Husband,White,Male,United-States,<=50K
67,148690,14,18481,0,2,Self-emp-not-inc,Masters,Widowed,Prof-specialty,Not-in-family,White,Male,United-States,>50K
38,179262,10,0,0,30,Private,Some-college,Divorced,Adm-clerical,Unmarried,White,Female,United-States,<=50K
46,256014,11,0,0,60,Self-emp-not-inc,Assoc-voc,Married-civ-spouse,Exec-managerial,Husband,White,Male,United-States,<=50K
20,212668,10,0,0,30,Private,Some-college,Never-married,Sales,Own-child,White,Female,United-States,<=50K
64,178724,9,0,0,20,MISSING,HS-grad,Married-civ-spouse,MISSING,Wife,White,Female,United-States,<=50K
46,186410,15,0,0,50,Private,Prof-school,Never-married,Exec-managerial,Not-in-family,White,Male,United-States,>50K
25,36984,13,0,0,50,Private,Bachelors,Never-married,Prof-specialty,Not-in-family,White,Female,United-States,<=50K
23,83891,9,0,0,40,Private,HS-grad,Never-married,Sales,Own-child,Asian-Pac-Islander,Male,United-States,<=50K
22,193090,9,0,0,37,Private,HS-grad,Never-married,Sales,Not-in-family,White,Female,United-States,<=50K
49,52590,9,0,0,40,MISSING,HS-grad,Never-married,MISSING,Not-in-family,Black,Male,United-States,<=50K
63,106648,9,0,0,12,Self-emp-not-inc,HS-grad,Married-civ-spouse,Other-service,Husband,White,Male,United-States,<=50K
30,323069,13,0,0,40,Private,Bachelors,Never-married,Sales,Not-in-family,White,Female,United-States,<=50K
24,308205,10,0,0,40,Private,Some-college,Never-married,Exec-managerial,Own-child,White,Male,United-States,<=50K
17,166759,8,0,0,40,MISSING,12th,Never-married,MISSING,Own-child,White,Female,United-States,<=50K
58,132606,3,0,0,40,Private,5th-6th,Divorced,Machine-op-inspct,Not-in-family,Black,Male,United-States,<=50K
45,155093,6,0,0,38,Private,10th,Divorced,Other-service,Not-in-family,Black,Female,Dominican-Republic,<=50K
51,96609,10,0,0,40,Private,Some-college,Married-civ-spouse,Craft-repair,Husband,White,Male,United-States,<=50K
31,182246,9,0,0,45,Private,HS-grad,Divorced,Craft-repair,Not-in-family,White,Male,United-States,<=50K
67,191800,13,6360,0,35,Local-gov,Bachelors,Divorced,Adm-clerical,Unmarried,Black,Female,United-States,<=50K
26,162872,12,0,0,40,Private,Assoc-acdm,Never-married,Prof-specialty,Not-in-family,White,Female,United-States,<=50K
28,132686,10,0,0,40,Private,Some-college,Married-civ-spouse,Exec-managerial,Husband,White,Male,United-States,>50K
45,168837,10,0,0,40,Private,Some-college,Divorced,Sales,Unmarried,White,Female,United-States,<=50K
35,105138,15,0,0,55,Federal-gov,Prof-school,Married-civ-spouse,Prof-specialty,Husband,White,Male,United-States,<=50K
20,235691,9,0,0,40,Private,HS-grad,Never-married,Sales,Unmarried,White,Male,United-States,<=50K
44,171424,10,0,2205,35,Self-emp-not-inc,Some-college,Divorced,Machine-op-inspct,Not-in-family,White,Male,United-States,<=50K
39,186130,15,0,0,55,Private,Prof-school,Married-civ-spouse,Exec-managerial,Husband,White,Male,United-States,>50K
28,55360,10,0,0,40,Private,Some-college,Never-married,Craft-repair,Not-in-family,Black,Male,United-States,<=50K
22,269221,10,0,0,40,MISSING,Some-college,Never-married,MISSING,Own-child,White,Male,United-States,<=50K
36,76417,9,0,0,52,Private,HS-grad,Married-civ-spouse,Craft-repair,Husband,White,Male,United-States,<=50K
51,123429,12,0,0,30,Private,Assoc-acdm,Divorced,Tech-support,Not-in-family,White,Male,United-States,<=50K
19,39460,9,0,0,60,MISSING,HS-grad,Never-married,MISSING,Own-child,White,Male,United-States,<=50K
36,337778,10,0,0,60,Self-emp-inc,Some-college,Married-civ-spouse,Exec-managerial,Husband,White,Male,Yugoslavia,>50K
40,266803,12,0,0,40,Private,Assoc-acdm,Divorced,Exec-managerial,Not-in-family,White,Female,United-States,>50K
24,225724,13,0,0,20,Private,Bachelors,Never-married,Adm-clerical,Own-child,White,Female,United-States,<=50K
36,409189,10,0,0,40,Self-emp-not-inc,Some-college,Married-civ-spouse,Craft-repair,Husband,White,Male,United-States,>50K
22,146540,7,0,0,50,Private,11th,Never-married,Craft-repair,Not-in-family,White,Male,United-States,<=50K
67,233022,7,0,0,20,Private,11th,Widowed,Adm-clerical,Unmarried,White,Female,United-States,<=50K
41,160785,11,0,0,40,Private,Assoc-voc,Married-civ-spouse,Exec-managerial,Husband,White,Male,United-States,>50K
31,301168,10,0,0,40,Private,Some-college,Never-married,Craft-repair,Not-in-family,White,Male,Italy,<=50K
35,144322,9,0,0,40,Private,HS-grad,Divorced,Machine-op-inspct,Unmarried,White,Female,United-States,<=50K
29,413297,12,0,0,45,Private,Assoc-acdm,Never-married,Sales,Not-in-family,White,Male,Mexico,<=50K
68,104438,13,0,0,40,Private,Bachelors,Married-civ-spouse,Prof-specialty,Husband,White,Male,Ireland,>50K
58,259014,10,0,0,20,Private,Some-college,Never-married,Transport-moving,Not-in-family,White,Male,United-States,<=50K
45,32172,10,0,0,50,Self-emp-not-inc,Some-college,Never-married,Farming-fishing,Not-in-family,White,Male,United-States,<=50K
23,281668,6,0,0,40,MISSING,10th,Never-married,MISSING,Own-child,Black,Female,United-States,<=50K
40,240504,13,0,0,45,Private,Bachelors,Married-civ-spouse,Sales,Husband,White,Male,United-States,>50K
24,116968,13,0,0,45,Private,Bachelors,Never-married,Exec-managerial,Not-in-family,White,Male,United-States,<=50K
36,345712,9,0,0,40,State-gov,HS-grad,Married-civ-spouse,Exec-managerial,Husband,White,Male,United-States,<=50K
30,149184,13,0,0,45,Private,Bachelors,Married-civ-spouse,Exec-managerial,Husband,White,Male,United-States,>50K
63,67903,5,0,0,40,Private,9th,Separated,Farming-fishing,Not-in-family,Black,Male,United-States,<=50K
72,497280,5,0,0,20,Private,9th,Widowed,Other-service,Unmarried,Black,Female,United-States,<=50K
30,124020,9,0,0,40,Private,HS-grad,Married-spouse-absent,Adm-clerical,Not-in-family,White,Male,United-States,<=50K
37,86150,13,0,0,30,Private,Bachelors,Married-civ-spouse,Other-service,Wife,Asian-Pac-Islander,Female,United-States,>50K
28,37821,10,0,0,45,Private,Some-college,Divorced,Sales,Unmarried,White,Female,United-States,<=50K
39,454915,9,0,0,40,Private,HS-grad,Never-married,Handlers-cleaners,Other-relative,White,Male,United-States,<=50K
19,45643,10,0,0,25,MISSING,Some-college,Never-married,MISSING,Own-child,White,Female,United-States,<=50K
36,117381,9,0,0,40,Private,HS-grad,Married-civ-spouse,Machine-op-inspct,Husband,White,Male,United-States,<=50K
22,184975,9,0,0,3,Private,HS-grad,Married-spouse-absent,Other-service,Own-child,White,Female,United-States,<=50K
28,130067,13,0,0,40,Private,Bachelors,Married-civ-spouse,Prof-specialty,Wife,White,Female,United-States,>50K
23,202344,13,0,0,40,Private,Bachelors,Never-married,Prof-specialty,Own-child,White,Female,United-States,<=50K
22,279802,10,0,0,40,Private,Some-college,Never-married,Adm-clerical,Own-child,White,Female,United-States,<=50K
60,85995,14,0,0,50,Private,Masters,Married-civ-spouse,Adm-clerical,Husband,Asian-Pac-Islander,Male,South,>50K
58,248739,9,0,0,53,Private,HS-grad,Married-civ-spouse,Farming-fishing,Husband,White,Male,United-States,>50K
47,191277,9,0,0,50,Private,HS-grad,Married-civ-spouse,Transport-moving,Husband,White,Male,United-States,>50K
32,42617,10,0,0,30,Private,Some-college,Divorced,Prof-specialty,Not-in-family,White,Female,United-States,<=50K
28,331381,13,0,0,40,Private,Bachelors,Never-married,Adm-clerical,Not-in-family,White,Male,United-States,<=50K
30,68330,10,0,0,50,Self-emp-inc,Some-college,Married-civ-spouse,Sales,Husband,White,Male,United-States,<=50K
43,112607,7,0,0,60,Private,11th,Married-civ-spouse,Sales,Husband,White,Male,United-States,<=50K
23,122272,13,0,0,30,Private,Bachelors,Never-married,Adm-clerical,Own-child,White,Female,United-States,<=50K
27,409815,10,0,0,40,Federal-gov,Some-college,Never-married,Adm-clerical,Unmarried,Black,Female,United-States,<=50K
20,493443,7,0,0,40,Private,11th,Never-married,Handlers-cleaners,Not-in-family,White,Male,United-States,<=50K
25,122756,7,0,0,35,Private,11th,Separated,Machine-op-inspct,Not-in-family,Black,Male,United-States,<=50K
25,237865,10,0,0,42,Private,Some-college,Never-married,Other-service,Own-child,Black,Male,United-States,<=50K
49,140121,9,0,0,50,Private,HS-grad,Divorced,Exec-managerial,Unmarried,White,Male,United-States,<=50K
27,210867,4,0,0,50,Private,7th-8th,Never-married,Farming-fishing,Own-child,White,Male,MISSING,<=50K
34,248795,9,0,0,45,Private,HS-grad,Never-married,Machine-op-inspct,Not-in-family,White,Female,United-States,<=50K
47,67716,9,0,0,40,Private,HS-grad,Married-civ-spouse,Sales,Husband,White,Male,United-States,>50K
61,392694,10,0,0,50,Self-emp-not-inc,Some-college,Divorced,Exec-managerial,Not-in-family,White,Male,United-States,>50K
44,56236,10,2202,0,45,Self-emp-inc,Some-college,Never-married,Exec-managerial,Not-in-family,Black,Male,United-States,<=50K
42,179524,13,0,0,50,Private,Bachelors,Separated,Other-service,Not-in-family,White,Female,United-States,<=50K
37,289653,9,0,0,50,Federal-gov,HS-grad,Married-civ-spouse,Adm-clerical,Husband,White,Male,United-States,>50K
36,343052,9,0,0,40,Federal-gov,HS-grad,Married-civ-spouse,Adm-clerical,Wife,White,Female,United-States,<=50K
56,238806,4,0,0,26,Private,7th-8th,Married-civ-spouse,Craft-repair,Husband,White,Male,United-States,<=50K
55,319733,9,0,0,40,Self-emp-not-inc,HS-grad,Married-civ-spouse,Craft-repair,Husband,White,Male,United-States,<=50K
44,167955,9,0,0,40,Private,HS-grad,Married-civ-spouse,Craft-repair,Husband,White,Male,Poland,<=50K
44,106900,9,0,0,68,Private,HS-grad,Married-civ-spouse,Sales,Husband,White,Male,United-States,<=50K
56,247337,13,0,0,50,Private,Bachelors,Married-civ-spouse,Prof-specialty,Husband,White,Male,United-States,>50K
41,47902,13,0,0,50,State-gov,Bachelors,Married-civ-spouse,Adm-clerical,Husband,White,Male,United-States,>50K
49,102359,5,0,2231,40,Local-gov,9th,Widowed,Handlers-cleaners,Unmarried,White,Male,United-States,>50K
29,128509,9,0,0,38,Private,HS-grad,Married-spouse-absent,Machine-op-inspct,Not-in-family,White,Female,El-Salvador,<=50K
65,52728,10,0,0,40,MISSING,Some-college,Married-civ-spouse,MISSING,Husband,White,Male,United-States,<=50K
23,34113,9,0,0,45,Private,HS-grad,Married-civ-spouse,Craft-repair,Husband,White,Male,United-States,<=50K
42,254817,10,0,1340,40,Local-gov,Some-college,Never-married,Prof-specialty,Not-in-family,White,Female,United-States,<=50K
24,34446,10,0,0,37,Private,Some-college,Never-married,Tech-support,Not-in-family,White,Female,United-States,<=50K
36,163396,11,0,0,40,Private,Assoc-voc,Married-civ-spouse,Prof-specialty,Wife,White,Female,United-States,>50K
33,26543,11,0,0,40,Federal-gov,Assoc-voc,Married-civ-spouse,Tech-support,Husband,White,Male,United-States,>50K
51,91137,5,0,0,40,Private,9th,Never-married,Other-service,Unmarried,Black,Female,United-States,<=50K
36,187098,9,0,0,40,Private,HS-grad,Divorced,Adm-clerical,Unmarried,White,Female,United-States,<=50K
30,370183,9,0,0,40,Private,HS-grad,Married-civ-spouse,Tech-support,Husband,White,Male,United-States,<=50K
56,182273,9,0,0,40,Private,HS-grad,Married-civ-spouse,Machine-op-inspct,Husband,White,Male,United-States,<=50K
25,252752,10,0,0,8,Private,Some-college,Never-married,Prof-specialty,Not-in-family,White,Female,United-States,<=50K
54,117674,14,0,0,40,Private,Masters,Married-civ-spouse,Prof-specialty,Husband,White,Male,United-States,>50K
37,64922,13,0,0,70,Private,Bachelors,Separated,Other-service,Not-in-family,White,Male,England,<=50K
45,33798,14,0,0,40,Local-gov,Masters,Never-married,Prof-specialty,Not-in-family,White,Female,United-States,<=50K
28,273929,9,0,1628,60,Private,HS-grad,Married-civ-spouse,Sales,Husband,White,Male,United-States,<=50K
26,165510,13,0,0,40,Private,Bachelors,Never-married,Farming-fishing,Own-child,White,Male,United-States,<=50K
44,191982,10,0,0,10,MISSING,Some-college,Divorced,MISSING,Unmarried,White,Female,Poland,<=50K
35,103710,13,0,0,16,MISSING,Bachelors,Divorced,MISSING,Unmarried,White,Female,MISSING,<=50K
25,195201,9,0,0,50,Private,HS-grad,Married-civ-spouse,Sales,Husband,Other,Male,United-States,<=50K
39,150061,14,15020,0,60,Private,Masters,Divorced,Exec-managerial,Unmarried,Black,Female,United-States,>50K
19,97261,9,0,0,40,Private,HS-grad,Never-married,Farming-fishing,Not-in-family,White,Male,United-States,<=50K
43,193494,6,0,0,40,Private,10th,Married-civ-spouse,Adm-clerical,Husband,White,Male,United-States,<=50K
42,510072,9,0,0,40,Private,HS-grad,Married-civ-spouse,Craft-repair,Husband,White,Male,United-States,>50K
41,112763,15,0,0,40,Private,Prof-school,Married-civ-spouse,Prof-specialty,Wife,White,Female,United-States,>50K
42,175935,9,0,0,40,Private,HS-grad,Married-civ-spouse,Machine-op-inspct,Husband,White,Male,United-States,<=50K
70,124449,14,0,2246,8,Self-emp-not-inc,Masters,Married-civ-spouse,Exec-managerial,Husband,White,Male,United-States,>50K
62,134768,9,0,0,40,Private,HS-grad,Married-civ-spouse,Transport-moving,Husband,White,Male,United-States,>50K
37,48093,13,0,0,90,Private,Bachelors,Never-married,Craft-repair,Not-in-family,White,Male,United-States,>50K
33,232356,9,0,1672,55,Private,HS-grad,Married-civ-spouse,Sales,Husband,White,Male,United-States,<=50K
71,144872,10,6514,0,40,MISSING,Some-college,Married-civ-spouse,MISSING,Husband,White,Male,United-States,>50K
24,111450,6,0,0,65,Local-gov,10th,Never-married,Craft-repair,Unmarried,Black,Male,Haiti,<=50K
32,211751,11,0,0,40,Private,Assoc-voc,Divorced,Other-service,Unmarried,Black,Female,United-States,<=50K
28,177119,14,0,0,80,Private,Masters,Never-married,Exec-managerial,Not-in-family,White,Female,MISSING,<=50K
40,247880,13,0,0,40,Private,Bachelors,Married-civ-spouse,Tech-support,Husband,White,Male,United-States,>50K
41,331651,15,0,0,50,Private,Prof-school,Married-civ-spouse,Exec-managerial,Wife,White,Female,Japan,>50K
32,173730,13,7688,0,40,Private,Bachelors,Married-civ-spouse,Exec-managerial,Husband,White,Male,United-States,>50K
54,71344,14,0,0,50,Self-emp-not-inc,Masters,Divorced,Prof-specialty,Not-in-family,White,Male,United-States,>50K
51,154342,14,7688,0,45,Private,Masters,Married-civ-spouse,Prof-specialty,Husband,White,Male,United-States,>50K
47,145269,7,0,0,45,Private,11th,Divorced,Craft-repair,Not-in-family,White,Female,United-States,<=50K
17,401198,7,0,0,15,Private,11th,Never-married,Sales,Own-child,White,Female,United-States,<=50K
37,194004,7,0,0,25,Private,11th,Married-civ-spouse,Craft-repair,Husband,White,Male,United-States,<=50K
62,149617,10,0,0,16,Private,Some-college,Widowed,Exec-managerial,Not-in-family,White,Female,United-States,<=50K
27,216858,16,0,0,52,Private,Doctorate,Never-married,Prof-specialty,Not-in-family,White,Male,United-States,<=50K
25,152035,12,0,0,40,State-gov,Assoc-acdm,Never-married,Adm-clerical,Own-child,White,Female,United-States,<=50K
28,32291,13,2174,0,40,Private,Bachelors,Never-married,Prof-specialty,Not-in-family,White,Female,United-States,<=50K
29,351324,13,0,0,40,Private,Bachelors,Never-married,Sales,Own-child,White,Female,United-States,<=50K
17,104025,7,0,0,18,MISSING,11th,Never-married,MISSING,Own-child,White,Male,United-States,<=50K
42,227466,9,0,0,40,Private,HS-grad,Never-married,Other-service,Other-relative,Black,Male,United-States,<=50K
24,50400,10,0,0,40,Private,Some-college,Married-civ-spouse,Sales,Husband,Amer-Indian-Eskimo,Male,United-States,<=50K
43,150528,14,0,0,40,Private,Masters,Married-civ-spouse,Prof-specialty,Husband,White,Male,United-States,>50K
52,177727,6,4064,0,45,Self-emp-inc,10th,Married-civ-spouse,Sales,Husband,White,Male,United-States,<=50K
38,22245,16,0,0,45,State-gov,Doctorate,Married-civ-spouse,Prof-specialty,Husband,White,Male,United-States,>50K
31,315128,10,0,0,52,Private,Some-college,Never-married,Adm-clerical,Not-in-family,White,Female,United-States,<=50K
48,285335,7,0,0,50,Private,11th,Married-civ-spouse,Exec-managerial,Husband,White,Male,United-States,<=50K
36,328466,3,0,0,50,Self-emp-not-inc,5th-6th,Married-civ-spouse,Transport-moving,Husband,White,Male,Mexico,>50K
43,309932,13,0,0,40,Private,Bachelors,Married-civ-spouse,Craft-repair,Husband,White,Male,United-States,<=50K
59,31782,6,0,0,45,Private,10th,Married-civ-spouse,Transport-moving,Husband,White,Male,United-States,>50K
51,134808,9,0,0,40,Private,HS-grad,Separated,Handlers-cleaners,Unmarried,White,Female,United-States,<=50K
36,126569,9,0,0,45,Private,HS-grad,Married-civ-spouse,Prof-specialty,Husband,White,Male,Ecuador,>50K
42,69333,11,4386,0,80,Self-emp-not-inc,Assoc-voc,Married-civ-spouse,Transport-moving,Husband,White,Male,United-States,>50K
21,119665,10,0,0,35,Private,Some-college,Never-married,Tech-support,Own-child,White,Male,United-States,<=50K
53,149217,9,0,0,40,Private,HS-grad,Married-civ-spouse,Craft-repair,Husband,White,Male,Puerto-Rico,<=50K
24,227594,10,0,0,20,Private,Some-college,Never-married,Sales,Own-child,White,Female,United-States,<=50K
51,46401,10,0,0,40,Self-emp-not-inc,Some-college,Married-civ-spouse,Prof-specialty,Wife,White,Female,United-States,>50K
61,196773,4,0,0,30,Self-emp-not-inc,7th-8th,Married-civ-spouse,Sales,Husband,White,Male,United-States,>50K
62,159165,9,0,0,36,Federal-gov,HS-grad,Widowed,Exec-managerial,Not-in-family,White,Female,United-States,<=50K
28,109162,14,0,0,50,Private,Masters,Never-married,Prof-specialty,Not-in-family,White,Female,United-States,<=50K
31,38223,13,0,0,45,Private,Bachelors,Never-married,Sales,Own-child,White,Male,United-States,<=50K
47,354148,15,99999,0,48,Private,Prof-school,Married-civ-spouse,Prof-specialty,Husband,White,Male,United-States,>50K
44,112262,13,5178,0,40,Private,Bachelors,Married-civ-spouse,Tech-support,Husband,White,Male,United-States,>50K
37,80680,13,1151,0,35,Local-gov,Bachelors,Divorced,Prof-specialty,Unmarried,White,Female,United-States,<=50K
56,98630,4,0,0,40,Private,7th-8th,Never-married,Adm-clerical,Not-in-family,White,Male,United-States,<=50K
23,174461,9,0,0,40,Private,HS-grad,Never-married,Other-service,Not-in-family,White,Female,United-States,<=50K
56,53366,4,0,0,40,Private,7th-8th,Divorced,Transport-moving,Unmarried,White,Male,United-States,<=50K
17,108909,9,0,0,20,Private,HS-grad,Never-married,Sales,Own-child,White,Female,United-States,<=50K
62,197918,9,0,0,40,Private,HS-grad,Divorced,Adm-clerical,Unmarried,White,Female,United-States,<=50K
45,125489,14,0,0,50,Private,Masters,Divorced,Prof-specialty,Unmarried,White,Female,United-States,<=50K
33,198069,9,0,0,65,Private,HS-grad,Never-married,Machine-op-inspct,Not-in-family,White,Male,United-States,<=50K
22,137510,9,0,0,40,Local-gov,HS-grad,Never-married,Farming-fishing,Own-child,White,Male,United-States,<=50K
37,239409,14,0,0,60,State-gov,Masters,Married-civ-spouse,Prof-specialty,Husband,White,Male,United-States,>50K
38,181943,13,0,0,35,Private,Bachelors,Never-married,Adm-clerical,Not-in-family,White,Female,United-States,<=50K
74,101590,15,0,0,20,Private,Prof-school,Widowed,Adm-clerical,Not-in-family,Black,Female,United-States,<=50K
42,214503,13,0,0,44,Private,Bachelors,Married-civ-spouse,Prof-specialty,Husband,White,Male,United-States,>50K
29,161478,13,0,0,40,Private,Bachelors,Never-married,Adm-clerical,Not-in-family,Asian-Pac-Islander,Female,Japan,<=50K
30,216811,9,0,0,40,Private,HS-grad,Married-civ-spouse,Craft-repair,Husband,Amer-Indian-Eskimo,Male,United-States,<=50K
23,184400,6,0,0,30,Private,10th,Never-married,Transport-moving,Own-child,Asian-Pac-Islander,Male,MISSING,<=50K
35,190895,13,0,0,25,Self-emp-not-inc,Bachelors,Divorced,Exec-managerial,Not-in-family,White,Male,United-States,<=50K
53,84278,13,0,0,48,Federal-gov,Bachelors,Married-civ-spouse,Exec-managerial,Husband,White,Male,United-States,>50K
63,127363,10,0,0,12,Private,Some-college,Married-civ-spouse,Prof-specialty,Wife,White,Female,United-States,<=50K
40,187376,10,0,0,60,Private,Some-college,Married-civ-spouse,Sales,Husband,White,Male,United-States,>50K
57,70720,9,0,0,78,Private,HS-grad,Married-civ-spouse,Other-service,Husband,White,Male,United-States,<=50K
31,203488,12,0,0,40,Federal-gov,Assoc-acdm,Never-married,Adm-clerical,Not-in-family,White,Male,United-States,<=50K
51,172962,16,0,0,40,State-gov,Doctorate,Married-civ-spouse,Prof-specialty,Husband,White,Male,United-States,>50K
28,31493,13,0,0,40,Private,Bachelors,Never-married,Craft-repair,Own-child,White,Male,United-States,>50K
58,138285,12,0,1740,40,Private,Assoc-acdm,Married-civ-spouse,Craft-repair,Husband,White,Male,United-States,<=50K
34,379412,9,0,0,50,Private,HS-grad,Married-civ-spouse,Craft-repair,Husband,White,Male,United-States,<=50K
27,301654,9,0,0,40,Private,HS-grad,Never-married,Exec-managerial,Own-child,White,Female,United-States,<=50K
33,424719,13,0,0,40,Private,Bachelors,Divorced,Exec-managerial,Not-in-family,White,Female,United-States,<=50K
36,184456,13,27828,0,55,Self-emp-inc,Bachelors,Never-married,Tech-support,Not-in-family,White,Male,United-States,>50K
58,310085,6,0,0,40,Local-gov,10th,Married-civ-spouse,Transport-moving,Husband,White,Male,United-States,<=50K
30,108464,10,0,0,40,MISSING,Some-college,Married-civ-spouse,MISSING,Husband,White,Male,United-States,<=50K
56,109856,13,15024,0,50,Self-emp-inc,Bachelors,Married-civ-spouse,Exec-managerial,Husband,White,Male,United-States,>50K
37,212437,10,0,0,48,Private,Some-college,Widowed,Machine-op-inspct,Unmarried,Black,Female,United-States,<=50K
63,179981,10,0,0,60,Self-emp-not-inc,Some-college,Married-civ-spouse,Exec-managerial,Husband,White,Male,United-States,>50K
45,81132,9,0,0,40,Private,HS-grad,Married-civ-spouse,Other-service,Husband,Asian-Pac-Islander,Male,Philippines,<=50K
26,333677,13,2463,0,35,Private,Bachelors,Never-married,Exec-managerial,Own-child,White,Male,United-States,<=50K
25,138765,10,0,0,40,Private,Some-college,Married-civ-spouse,Machine-op-inspct,Husband,White,Male,United-States,<=50K
57,195176,14,0,0,80,Private,Masters,Never-married,Prof-specialty,Not-in-family,White,Male,United-States,<=50K
46,248059,9,3464,0,40,Private,HS-grad,Married-civ-spouse,Craft-repair,Husband,White,Male,United-States,<=50K
40,91836,9,0,0,45,Private,HS-grad,Divorced,Craft-repair,Not-in-family,White,Male,United-States,<=50K
26,153078,9,0,0,80,Private,HS-grad,Never-married,Adm-clerical,Own-child,Asian-Pac-Islander,Male,MISSING,>50K
20,124751,10,0,0,20,Private,Some-college,Never-married,Priv-house-serv,Own-child,White,Female,United-States,<=50K
39,1455435,12,0,0,40,Private,Assoc-acdm,Separated,Craft-repair,Not-in-family,White,Male,United-States,<=50K
46,146195,12,0,0,36,Private,Assoc-acdm,Divorced,Tech-support,Not-in-family,Black,Female,United-States,<=50K
34,177675,10,0,0,50,Local-gov,Some-college,Never-married,Protective-serv,Not-in-family,White,Male,United-States,>50K
32,207937,10,0,0,40,Private,Some-college,Never-married,Craft-repair,Not-in-family,White,Male,United-States,<=50K
26,402998,13,0,0,58,Private,Bachelors,Married-civ-spouse,Prof-specialty,Husband,White,Male,United-States,>50K
38,229009,9,0,0,45,Private,HS-grad,Married-civ-spouse,Other-service,Husband,White,Male,United-States,<=50K
32,56328,13,0,0,8,Self-emp-not-inc,Bachelors,Married-civ-spouse,Prof-specialty,Wife,White,Female,United-States,>50K
22,190625,10,0,0,35,Private,Some-college,Never-married,Adm-clerical,Own-child,White,Male,United-States,<=50K
44,320071,9,0,0,40,Federal-gov,HS-grad,Married-civ-spouse,Craft-repair,Husband,White,Male,United-States,>50K
73,29778,9,0,0,37,Private,HS-grad,Widowed,Other-service,Not-in-family,White,Female,United-States,<=50K
39,98587,10,0,0,45,Local-gov,Some-college,Divorced,Prof-specialty,Own-child,White,Female,United-States,<=50K
44,145522,14,0,0,40,Local-gov,Masters,Never-married,Prof-specialty,Not-in-family,White,Female,United-States,<=50K
71,99894,3,0,0,75,Private,5th-6th,Widowed,Priv-house-serv,Not-in-family,Asian-Pac-Islander,Female,United-States,<=50K
23,205653,13,0,0,30,Private,Bachelors,Never-married,Handlers-cleaners,Own-child,White,Male,United-States,<=50K
43,50197,6,0,0,40,Private,10th,Separated,Other-service,Not-in-family,Black,Female,United-States,<=50K
55,148590,6,0,0,40,Private,10th,Widowed,Craft-repair,Unmarried,Black,Female,United-States,<=50K
33,391114,9,0,0,40,Private,HS-grad,Never-married,Handlers-cleaners,Own-child,White,Male,United-States,<=50K
17,156501,8,0,0,16,Private,12th,Never-married,Other-service,Own-child,White,Female,United-States,<=50K
42,351161,10,0,0,40,Local-gov,Some-college,Divorced,Craft-repair,Not-in-family,White,Male,United-States,<=50K
28,184078,9,0,0,40,Private,HS-grad,Divorced,Adm-clerical,Not-in-family,White,Female,United-States,<=50K
25,258276,10,0,0,40,Private,Some-college,Never-married,Handlers-cleaners,Not-in-family,Amer-Indian-Eskimo,Male,United-States,<=50K
51,163052,9,0,0,40,Private,HS-grad,Married-civ-spouse,Protective-serv,Husband,White,Male,United-States,>50K
30,40338,9,0,0,40,Local-gov,HS-grad,Married-civ-spouse,Craft-repair,Husband,White,Male,United-States,<=50K
55,24694,10,0,0,40,Private,Some-college,Divorced,Prof-specialty,Not-in-family,White,Female,United-States,<=50K
52,294691,9,0,0,40,MISSING,HS-grad,Married-civ-spouse,MISSING,Husband,White,Male,United-States,<=50K
22,400966,10,0,0,40,Private,Some-college,Never-married,Adm-clerical,Own-child,White,Female,United-States,<=50K
48,197683,10,0,0,40,Private,Some-college,Married-civ-spouse,Sales,Husband,Black,Male,United-States,>50K
34,55176,10,0,0,40,Private,Some-college,Married-civ-spouse,Tech-support,Husband,White,Male,United-States,>50K
46,251243,10,0,0,40,Private,Some-college,Divorced,Exec-managerial,Not-in-family,White,Female,United-States,<=50K
41,216968,13,0,0,40,Private,Bachelors,Never-married,Handlers-cleaners,Not-in-family,Black,Male,MISSING,<=50K
38,182609,13,0,0,50,Private,Bachelors,Married-civ-spouse,Sales,Husband,White,Male,Poland,<=50K
27,208406,13,0,0,30,State-gov,Bachelors,Never-married,Prof-specialty,Not-in-family,White,Male,United-States,<=50K
38,205852,9,0,0,45,Federal-gov,HS-grad,Never-married,Adm-clerical,Not-in-family,White,Male,United-States,>50K
26,224426,14,0,0,38,Private,Masters,Never-married,Exec-managerial,Own-child,White,Male,United-States,<=50K
40,321758,9,0,0,40,Private,HS-grad,Married-civ-spouse,Sales,Husband,White,Male,United-States,>50K
57,138892,7,0,0,15,Self-emp-not-inc,11th,Married-civ-spouse,Sales,Husband,White,Male,United-States,<=50K
40,558944,4,0,0,40,Private,7th-8th,Never-married,Farming-fishing,Own-child,White,Male,United-States,<=50K
32,72338,11,0,0,40,Federal-gov,Assoc-voc,Never-married,Prof-specialty,Other-relative,Asian-Pac-Islander,Male,United-States,<=50K
34,173806,14,4865,0,60,Private,Masters,Never-married,Prof-specialty,Not-in-family,White,Male,United-States,<=50K
41,92775,13,0,0,60,Private,Bachelors,Married-civ-spouse,Exec-managerial,Husband,White,Male,United-States,>50K
58,314092,11,0,1887,48,Private,Assoc-voc,Married-civ-spouse,Craft-repair,Husband,White,Male,United-States,>50K
30,200192,10,0,0,45,Private,Some-college,Married-civ-spouse,Other-service,Wife,White,Female,United-States,<=50K
60,73091,9,0,1876,50,Self-emp-not-inc,HS-grad,Separated,Other-service,Not-in-family,Black,Male,United-States,<=50K
36,256636,9,0,0,40,Private,HS-grad,Divorced,Exec-managerial,Not-in-family,White,Male,United-States,<=50K
58,298643,9,0,0,40,Federal-gov,HS-grad,Divorced,Adm-clerical,Unmarried,Black,Female,United-States,<=50K
21,403860,10,0,0,40,MISSING,Some-college,Never-married,MISSING,Own-child,White,Male,United-States,<=50K
74,231002,9,0,0,30,Self-emp-inc,HS-grad,Married-civ-spouse,Exec-managerial,Husband,White,Male,United-States,>50K
60,237317,11,4934,0,40,Federal-gov,Assoc-voc,Divorced,Prof-specialty,Unmarried,White,Male,United-States,>50K
42,192569,15,0,0,39,Private,Prof-school,Divorced,Prof-specialty,Not-in-family,White,Female,United-States,>50K
36,115700,9,0,0,50,Private,HS-grad,Married-civ-spouse,Sales,Husband,White,Male,United-States,<=50K
37,109633,13,0,0,16,Private,Bachelors,Married-civ-spouse,Prof-specialty,Wife,White,Female,United-States,>50K
22,412316,9,0,0,40,Private,HS-grad,Never-married,Sales,Other-relative,Black,Male,MISSING,<=50K
35,219546,10,0,0,45,Private,Some-college,Never-married,Craft-repair,Not-in-family,White,Male,Germany,<=50K
50,131982,9,0,0,60,Self-emp-not-inc,HS-grad,Married-civ-spouse,Other-service,Husband,Asian-Pac-Islander,Male,South,<=50K
19,285750,9,0,0,30,Private,HS-grad,Never-married,Handlers-cleaners,Other-relative,White,Male,United-States,<=50K
31,91666,9,0,0,50,Private,HS-grad,Never-married,Transport-moving,Not-in-family,White,Male,United-States,<=50K
24,196388,12,0,0,12,MISSING,Assoc-acdm,Never-married,MISSING,Not-in-family,White,Male,United-States,<=50K
48,125892,10,0,0,38,Self-emp-inc,Some-college,Married-civ-spouse,Sales,Husband,White,Male,United-States,>50K
60,162947,3,0,0,40,Private,5th-6th,Divorced,Machine-op-inspct,Not-in-family,White,Female,Puerto-Rico,<=50K
56,190257,4,0,0,40,Private,7th-8th,Married-civ-spouse,Handlers-cleaners,Husband,White,Male,United-States,<=50K
30,88913,10,0,0,40,Private,Some-college,Separated,Other-service,Unmarried,Asian-Pac-Islander,Female,United-States,<=50K
40,104892,13,0,0,40,Private,Bachelors,Married-civ-spouse,Tech-support,Husband,White,Male,United-States,<=50K
42,190044,13,15024,0,50,State-gov,Bachelors,Married-civ-spouse,Exec-managerial,Husband,White,Male,United-States,>50K
52,68982,13,0,0,50,Private,Bachelors,Married-civ-spouse,Exec-managerial,Husband,White,Male,United-States,>50K
42,127314,13,0,0,45,Private,Bachelors,Married-civ-spouse,Tech-support,Husband,White,Male,United-States,>50K
78,184759,4,1797,0,15,Private,7th-8th,Married-civ-spouse,Handlers-cleaners,Husband,White,Male,United-States,<=50K
49,192349,14,4650,0,40,Local-gov,Masters,Never-married,Prof-specialty,Not-in-family,White,Female,United-States,<=50K
50,128798,13,0,0,40,Private,Bachelors,Married-civ-spouse,Tech-support,Husband,White,Male,United-States,>50K
32,194141,9,0,0,50,Private,HS-grad,Divorced,Machine-op-inspct,Own-child,White,Male,United-States,<=50K
43,257780,9,0,0,40,Private,HS-grad,Married-civ-spouse,Adm-clerical,Husband,White,Male,United-States,<=50K
56,67662,14,0,0,39,State-gov,Masters,Divorced,Prof-specialty,Not-in-family,White,Female,United-States,<=50K
22,254293,8,0,0,40,Private,12th,Never-married,Handlers-cleaners,Not-in-family,White,Male,United-States,<=50K
49,107231,9,0,2002,40,Local-gov,HS-grad,Married-civ-spouse,Craft-repair,Husband,White,Male,United-States,<=50K
24,193920,14,0,0,45,Private,Masters,Never-married,Priv-house-serv,Not-in-family,White,Female,MISSING,<=50K
43,456236,14,0,0,50,Private,Masters,Married-civ-spouse,Exec-managerial,Husband,White,Male,United-States,>50K
56,60166,2,0,0,65,Self-emp-not-inc,1st-4th,Never-married,Exec-managerial,Not-in-family,Amer-Indian-Eskimo,Male,United-States,<=50K
33,31449,12,0,0,40,Private,Assoc-acdm,Divorced,Machine-op-inspct,Unmarried,Amer-Indian-Eskimo,Female,United-States,<=50K
47,198660,13,0,0,40,Local-gov,Bachelors,Married-civ-spouse,Prof-specialty,Husband,White,Male,United-States,>50K
21,20728,9,4101,0,40,Private,HS-grad,Never-married,Sales,Own-child,White,Female,United-States,<=50K
43,115806,14,0,2547,40,Private,Masters,Divorced,Exec-managerial,Unmarried,White,Female,United-States,>50K
39,98941,9,0,0,40,Private,HS-grad,Married-civ-spouse,Craft-repair,Husband,White,Male,United-States,<=50K
50,231725,9,0,0,40,Local-gov,HS-grad,Married-civ-spouse,Handlers-cleaners,Husband,White,Male,United-States,<=50K
28,149624,13,0,0,40,State-gov,Bachelors,Married-civ-spouse,Prof-specialty,Husband,White,Male,United-States,>50K
28,263728,13,0,0,40,Private,Bachelors,Married-civ-spouse,Craft-repair,Husband,White,Male,United-States,<=50K
61,227232,13,0,0,30,Self-emp-inc,Bachelors,Separated,Sales,Not-in-family,White,Female,United-States,<=50K
25,148300,10,0,0,35,Private,Some-college,Never-married,Other-service,Own-child,White,Female,United-States,<=50K
30,77266,9,0,0,55,Private,HS-grad,Divorced,Transport-moving,Not-in-family,White,Male,United-States,<=50K
49,198774,13,0,0,35,Private,Bachelors,Divorced,Sales,Other-relative,White,Female,United-States,<=50K
50,172970,9,0,0,40,State-gov,HS-grad,Married-civ-spouse,Transport-moving,Husband,White,Male,Puerto-Rico,<=50K
26,156805,10,0,0,40,Private,Some-college,Married-civ-spouse,Machine-op-inspct,Husband,Black,Male,United-States,<=50K
40,79586,15,99999,0,40,Private,Prof-school,Married-civ-spouse,Prof-specialty,Husband,Asian-Pac-Islander,Male,MISSING,>50K
33,156015,11,0,0,40,Local-gov,Assoc-voc,Married-civ-spouse,Tech-support,Husband,White,Male,United-States,<=50K
33,288825,9,0,2258,84,Private,HS-grad,Divorced,Craft-repair,Not-in-family,White,Male,United-States,<=50K
22,198148,10,0,0,50,Private,Some-college,Never-married,Adm-clerical,Own-child,White,Male,United-States,<=50K
58,127264,6,0,0,50,Private,10th,Married-civ-spouse,Craft-repair,Husband,White,Male,United-States,<=50K
46,170092,14,0,0,43,Local-gov,Masters,Never-married,Prof-specialty,Not-in-family,White,Female,United-States,<=50K
30,43953,12,0,0,40,Federal-gov,Assoc-acdm,Never-married,Prof-specialty,Not-in-family,White,Female,United-States,<=50K
41,322980,9,2354,0,40,Private,HS-grad,Separated,Adm-clerical,Not-in-family,Black,Male,United-States,<=50K
36,293528,11,0,0,3,Private,Assoc-voc,Never-married,Tech-support,Not-in-family,White,Female,United-States,<=50K
25,86872,9,0,0,40,Private,HS-grad,Married-civ-spouse,Sales,Husband,White,Male,United-States,<=50K
30,66278,9,0,0,40,Private,HS-grad,Never-married,Adm-clerical,Not-in-family,White,Female,United-States,<=50K
17,143331,6,0,0,15,Private,10th,Never-married,Sales,Own-child,White,Male,United-States,<=50K
55,284095,9,0,0,37,Private,HS-grad,Divorced,Sales,Not-in-family,White,Female,United-States,<=50K
67,36876,9,0,0,55,Self-emp-not-inc,HS-grad,Married-civ-spouse,Farming-fishing,Husband,White,Male,United-States,<=50K
39,235485,12,0,0,42,Federal-gov,Assoc-acdm,Never-married,Exec-managerial,Not-in-family,White,Male,United-States,<=50K
37,57424,13,0,0,60,Self-emp-inc,Bachelors,Divorced,Sales,Not-in-family,White,Female,United-States,<=50K
41,175149,9,0,0,38,Local-gov,HS-grad,Divorced,Transport-moving,Not-in-family,Black,Female,United-States,<=50K
63,133144,9,2580,0,20,Private,HS-grad,Married-civ-spouse,Other-service,Husband,White,Male,United-States,<=50K
25,29020,12,0,0,45,Private,Assoc-acdm,Divorced,Adm-clerical,Not-in-family,Black,Female,United-States,<=50K
23,193586,10,0,0,25,Private,Some-college,Never-married,Adm-clerical,Own-child,White,Female,United-States,<=50K
39,89508,13,0,0,40,Private,Bachelors,Married-civ-spouse,Sales,Husband,White,Male,United-States,<=50K
50,188186,14,0,1590,45,Private,Masters,Divorced,Sales,Not-in-family,White,Female,United-States,<=50K
74,54732,10,0,0,20,Private,Some-college,Married-civ-spouse,Sales,Husband,White,Male,United-States,>50K
34,98101,4,0,0,40,Private,7th-8th,Married-civ-spouse,Transport-moving,Husband,White,Male,United-States,<=50K
37,144322,11,0,0,43,Local-gov,Assoc-voc,Never-married,Adm-clerical,Not-in-family,White,Female,United-States,<=50K
40,99373,6,0,0,40,Private,10th,Divorced,Machine-op-inspct,Unmarried,White,Female,United-States,<=50K
42,317078,9,0,0,40,Private,HS-grad,Divorced,Machine-op-inspct,Not-in-family,Black,Male,United-States,<=50K
52,51048,13,0,0,55,Self-emp-inc,Bachelors,Married-civ-spouse,Sales,Husband,White,Male,United-States,<=50K
25,366796,13,0,0,40,Local-gov,Bachelors,Never-married,Prof-specialty,Not-in-family,White,Female,United-States,<=50K
19,276973,10,0,0,20,Local-gov,Some-college,Never-married,Prof-specialty,Own-child,White,Female,United-States,<=50K
42,156580,13,0,0,40,Private,Bachelors,Married-civ-spouse,Sales,Wife,White,Female,Puerto-Rico,<=50K
31,55849,10,0,0,45,Private,Some-college,Married-civ-spouse,Craft-repair,Husband,White,Male,United-States,<=50K
55,179715,6,0,0,18,Self-emp-not-inc,10th,Married-civ-spouse,Craft-repair,Husband,White,Male,United-States,<=50K
59,136413,4,0,0,48,Self-emp-not-inc,7th-8th,Married-civ-spouse,Farming-fishing,Husband,White,Male,United-States,<=50K
31,176831,6,0,0,40,Private,10th,Divorced,Sales,Other-relative,White,Female,United-States,<=50K
20,174714,9,0,0,40,Private,HS-grad,Never-married,Handlers-cleaners,Own-child,White,Male,United-States,<=50K
30,226943,9,0,0,35,Private,HS-grad,Divorced,Adm-clerical,Unmarried,White,Female,United-States,<=50K
22,122272,9,0,0,40,Private,HS-grad,Never-married,Adm-clerical,Own-child,White,Female,United-States,<=50K
31,297188,14,0,0,60,Private,Masters,Never-married,Prof-specialty,Not-in-family,White,Female,United-States,<=50K
75,309955,15,0,2174,50,Self-emp-not-inc,Prof-school,Married-civ-spouse,Prof-specialty,Husband,White,Male,United-States,>50K
21,191460,7,0,0,40,Private,11th,Never-married,Other-service,Unmarried,Black,Female,United-States,<=50K
57,155259,10,0,0,40,MISSING,Some-college,Divorced,MISSING,Not-in-family,White,Female,United-States,<=50K
63,237620,9,0,0,30,Private,HS-grad,Married-civ-spouse,Craft-repair,Husband,White,Male,United-States,<=50K
63,97855,14,0,0,50,Federal-gov,Masters,Married-civ-spouse,Exec-managerial,Husband,White,Male,United-States,>50K
31,137367,7,0,0,40,Private,11th,Married-spouse-absent,Handlers-cleaners,Not-in-family,Asian-Pac-Islander,Male,India,<=50K
40,179735,11,0,0,50,Private,Assoc-voc,Divorced,Adm-clerical,Unmarried,White,Female,United-States,<=50K
20,104981,9,0,0,40,Private,HS-grad,Never-married,Sales,Not-in-family,White,Male,United-States,<=50K
77,152900,3,0,0,20,MISSING,5th-6th,Married-civ-spouse,MISSING,Husband,White,Male,United-States,<=50K
39,327435,9,0,0,40,Local-gov,HS-grad,Divorced,Craft-repair,Unmarried,White,Female,United-States,<=50K
33,205649,12,0,0,20,Private,Assoc-acdm,Married-spouse-absent,Craft-repair,Not-in-family,White,Male,United-States,<=50K
59,80467,9,0,0,24,Self-emp-not-inc,HS-grad,Divorced,Other-service,Own-child,White,Female,United-States,<=50K
26,283217,10,0,0,40,Local-gov,Some-college,Never-married,Protective-serv,Own-child,White,Male,United-States,<=50K
19,104112,9,0,0,30,Private,HS-grad,Never-married,Sales,Unmarried,Black,Male,Haiti,<=50K
28,336543,12,0,0,40,Local-gov,Assoc-acdm,Married-civ-spouse,Protective-serv,Husband,Asian-Pac-Islander,Male,Hong,>50K
28,34452,15,0,0,40,Local-gov,Prof-school,Married-civ-spouse,Prof-specialty,Husband,White,Male,United-States,<=50K
44,172032,11,7298,0,51,Private,Assoc-voc,Married-civ-spouse,Adm-clerical,Husband,White,Male,United-States,>50K
29,215504,9,0,0,40,Private,HS-grad,Married-civ-spouse,Machine-op-inspct,Husband,White,Male,United-States,<=50K
41,122626,9,0,0,48,Private,HS-grad,Divorced,Handlers-cleaners,Unmarried,White,Male,United-States,<=50K
59,43221,10,0,0,43,Private,Some-college,Married-civ-spouse,Craft-repair,Husband,White,Male,United-States,>50K
35,145704,9,3942,0,35,Private,HS-grad,Married-civ-spouse,Prof-specialty,Wife,White,Female,United-States,<=50K
18,34125,6,0,0,28,Private,10th,Never-married,Other-service,Own-child,White,Female,United-States,<=50K
29,166210,9,0,0,50,Private,HS-grad,Divorced,Handlers-cleaners,Own-child,White,Male,United-States,<=50K
46,349230,11,0,1848,40,Federal-gov,Assoc-voc,Married-civ-spouse,Tech-support,Husband,White,Male,United-States,>50K
51,112310,10,0,0,40,Private,Some-college,Divorced,Exec-managerial,Unmarried,White,Female,United-States,<=50K
25,44861,9,0,0,40,Private,HS-grad,Never-married,Other-service,Not-in-family,White,Male,United-States,<=50K
41,325786,9,0,0,40,Private,HS-grad,Married-civ-spouse,Machine-op-inspct,Husband,White,Male,United-States,<=50K
23,386337,9,0,0,40,Private,HS-grad,Married-civ-spouse,Handlers-cleaners,Husband,Black,Male,MISSING,<=50K
43,187795,13,0,0,45,Private,Bachelors,Married-civ-spouse,Exec-managerial,Husband,White,Male,United-States,>50K
38,304651,9,0,0,45,Private,HS-grad,Married-civ-spouse,Adm-clerical,Husband,White,Male,United-States,>50K
50,27484,9,0,0,50,Private,HS-grad,Married-civ-spouse,Exec-managerial,Husband,White,Male,United-States,>50K
40,155767,9,0,0,40,Private,HS-grad,Separated,Machine-op-inspct,Unmarried,White,Male,United-States,<=50K
47,168283,13,0,0,40,Private,Bachelors,Married-civ-spouse,Prof-specialty,Husband,White,Male,United-States,>50K
35,331395,10,0,0,50,Private,Some-college,Never-married,Exec-managerial,Not-in-family,White,Male,United-States,<=50K
37,264503,9,0,0,40,Local-gov,HS-grad,Married-civ-spouse,Protective-serv,Husband,White,Male,United-States,<=50K
41,196001,9,0,0,20,Self-emp-not-inc,HS-grad,Married-civ-spouse,Other-service,Wife,White,Female,United-States,<=50K
45,40690,10,0,0,75,Self-emp-not-inc,Some-college,Never-married,Farming-fishing,Own-child,White,Male,United-States,<=50K
54,185936,5,0,0,15,MISSING,9th,Divorced,MISSING,Not-in-family,White,Female,United-States,<=50K
53,123092,9,0,0,40,Private,HS-grad,Widowed,Machine-op-inspct,Not-in-family,White,Female,United-States,<=50K
44,151780,10,0,0,40,Private,Some-college,Widowed,Exec-managerial,Not-in-family,Black,Female,United-States,<=50K
30,180374,9,0,0,40,Private,HS-grad,Married-civ-spouse,Exec-managerial,Wife,White,Female,United-States,<=50K
63,179981,9,0,0,4,MISSING,HS-grad,Married-civ-spouse,MISSING,Husband,White,Male,United-States,<=50K
35,181020,9,0,0,60,Private,HS-grad,Never-married,Handlers-cleaners,Own-child,White,Male,United-States,<=50K
33,190511,9,0,0,30,Private,HS-grad,Never-married,Craft-repair,Not-in-family,White,Male,United-States,<=50K
62,345780,11,0,0,40,Private,Assoc-voc,Divorced,Other-service,Not-in-family,White,Male,United-States,<=50K
24,35448,9,0,0,50,Self-emp-not-inc,HS-grad,Separated,Other-service,Unmarried,White,Female,United-States,<=50K
18,346382,7,0,0,15,MISSING,11th,Never-married,MISSING,Own-child,White,Male,United-States,<=50K
33,36539,13,0,0,40,Private,Bachelors,Married-civ-spouse,Exec-managerial,Wife,White,Female,United-States,>50K
31,200192,9,0,0,40,Private,HS-grad,Divorced,Adm-clerical,Not-in-family,White,Female,Germany,<=50K
36,190759,13,0,0,45,Private,Bachelors,Married-civ-spouse,Prof-specialty,Husband,White,Male,United-States,>50K
75,200068,10,0,0,35,Private,Some-college,Married-civ-spouse,Exec-managerial,Husband,White,Male,United-States,>50K
53,276369,9,0,0,45,Private,HS-grad,Married-civ-spouse,Exec-managerial,Husband,White,Male,United-States,<=50K
22,208946,10,0,0,25,Private,Some-college,Never-married,Adm-clerical,Own-child,White,Male,United-States,<=50K
36,231948,9,0,0,64,Private,HS-grad,Married-civ-spouse,Craft-repair,Husband,White,Male,United-States,>50K
36,148581,9,0,0,55,Private,HS-grad,Married-civ-spouse,Craft-repair,Husband,White,Male,United-States,>50K
20,41183,10,0,0,30,MISSING,Some-college,Never-married,MISSING,Own-child,White,Female,United-States,<=50K
35,79649,13,0,0,50,Local-gov,Bachelors,Married-civ-spouse,Prof-specialty,Husband,White,Male,United-States,<=50K
46,203067,15,0,0,40,Private,Prof-school,Married-civ-spouse,Prof-specialty,Husband,White,Male,United-States,>50K
50,138358,10,0,0,28,Local-gov,Some-college,Separated,Other-service,Unmarried,Black,Female,United-States,<=50K
62,177295,9,0,0,40,Federal-gov,HS-grad,Widowed,Adm-clerical,Unmarried,White,Female,United-States,<=50K
41,134130,9,0,0,60,Self-emp-not-inc,HS-grad,Married-civ-spouse,Farming-fishing,Husband,White,Male,United-States,<=50K
38,187934,9,0,0,20,Self-emp-inc,HS-grad,Married-civ-spouse,Other-service,Wife,White,Female,Poland,<=50K
46,95636,10,0,0,45,Private,Some-college,Divorced,Handlers-cleaners,Not-in-family,White,Male,United-States,<=50K
23,449432,10,0,0,40,Private,Some-college,Never-married,Adm-clerical,Own-child,White,Male,United-States,<=50K
41,163174,9,0,0,40,Private,HS-grad,Never-married,Adm-clerical,Not-in-family,White,Female,United-States,<=50K
37,135436,13,0,1977,60,Private,Bachelors,Married-civ-spouse,Exec-managerial,Husband,White,Male,United-States,>50K
31,122749,11,0,0,20,Self-emp-not-inc,Assoc-voc,Divorced,Craft-repair,Own-child,White,Male,United-States,<=50K
41,384236,11,0,0,40,Local-gov,Assoc-voc,Never-married,Other-service,Not-in-family,White,Male,United-States,<=50K
27,126060,9,0,0,40,Private,HS-grad,Never-married,Exec-managerial,Not-in-family,White,Female,United-States,<=50K
18,172214,9,0,0,20,MISSING,HS-grad,Never-married,MISSING,Own-child,Black,Female,United-States,<=50K
26,115717,10,0,2051,40,Private,Some-college,Married-civ-spouse,Adm-clerical,Husband,White,Male,United-States,<=50K
29,247053,9,0,0,40,Private,HS-grad,Separated,Other-service,Not-in-family,White,Female,United-States,<=50K
49,181717,11,0,0,36,Private,Assoc-voc,Separated,Prof-specialty,Own-child,White,Female,United-States,<=50K
54,169182,9,0,0,38,Private,HS-grad,Separated,Adm-clerical,Unmarried,White,Female,Puerto-Rico,<=50K
44,174491,9,0,0,30,Private,HS-grad,Widowed,Other-service,Unmarried,Black,Female,United-States,<=50K
29,427965,13,0,0,40,Private,Bachelors,Never-married,Adm-clerical,Not-in-family,Black,Female,United-States,<=50K
30,266463,9,0,0,40,Federal-gov,HS-grad,Married-civ-spouse,Adm-clerical,Husband,White,Male,United-States,>50K
36,127772,13,0,0,40,Local-gov,Bachelors,Divorced,Prof-specialty,Unmarried,White,Male,United-States,<=50K
31,356689,13,0,0,40,Local-gov,Bachelors,Married-civ-spouse,Prof-specialty,Husband,White,Male,United-States,<=50K
32,223212,1,0,0,40,Private,Preschool,Married-civ-spouse,Machine-op-inspct,Husband,White,Male,Mexico,<=50K
37,206699,9,0,0,45,Private,HS-grad,Divorced,Tech-support,Own-child,White,Male,United-States,<=50K
25,306352,11,0,0,40,Private,Assoc-voc,Married-civ-spouse,Tech-support,Husband,White,Male,Mexico,<=50K
28,122922,9,0,0,50,Private,HS-grad,Never-married,Exec-managerial,Not-in-family,White,Female,United-States,<=50K
34,118551,13,0,0,35,Private,Bachelors,Never-married,Other-service,Not-in-family,White,Female,United-States,<=50K
21,120326,10,0,0,40,Private,Some-college,Never-married,Adm-clerical,Own-child,White,Female,United-States,<=50K
47,102569,13,0,0,40,Private,Bachelors,Married-civ-spouse,Adm-clerical,Husband,White,Male,United-States,>50K
26,177147,9,0,0,40,Private,HS-grad,Never-married,Handlers-cleaners,Own-child,White,Male,United-States,<=50K
38,102938,13,0,0,40,Private,Bachelors,Married-civ-spouse,Craft-repair,Husband,White,Male,United-States,<=50K
26,383306,8,0,0,40,Private,12th,Married-civ-spouse,Craft-repair,Husband,White,Male,United-States,<=50K
43,195897,9,7298,0,40,Federal-gov,HS-grad,Married-civ-spouse,Farming-fishing,Husband,White,Male,United-States,>50K
35,111128,6,0,0,40,Private,10th,Never-married,Adm-clerical,Own-child,White,Male,United-States,<=50K
34,398988,13,0,0,40,Private,Bachelors,Never-married,Sales,Not-in-family,White,Male,United-States,<=50K
26,109240,13,0,0,50,Self-emp-inc,Bachelors,Never-married,Exec-managerial,Not-in-family,White,Male,United-States,<=50K
50,343748,10,0,0,35,Self-emp-not-inc,Some-college,Married-civ-spouse,Craft-repair,Husband,White,Male,United-States,<=50K
43,242521,9,0,0,40,State-gov,HS-grad,Married-civ-spouse,Craft-repair,Husband,White,Male,United-States,<=50K
63,161563,9,0,0,48,Private,HS-grad,Married-civ-spouse,Craft-repair,Husband,White,Male,United-States,<=50K
30,225053,9,0,0,50,Private,HS-grad,Married-civ-spouse,Exec-managerial,Husband,White,Male,United-States,<=50K
54,229272,9,0,0,40,Private,HS-grad,Married-civ-spouse,Craft-repair,Husband,Black,Male,United-States,>50K
35,342768,9,0,0,40,Private,HS-grad,Married-civ-spouse,Craft-repair,Husband,White,Male,United-States,<=50K
38,186325,10,0,0,38,Private,Some-college,Married-civ-spouse,Exec-managerial,Wife,White,Female,United-States,>50K
73,123160,6,0,0,10,Private,10th,Widowed,Other-service,Not-in-family,White,Female,United-States,<=50K
39,214816,13,0,0,60,Private,Bachelors,Married-civ-spouse,Exec-managerial,Husband,White,Male,United-States,<=50K
28,120475,9,0,0,20,Private,HS-grad,Never-married,Other-service,Own-child,White,Male,United-States,<=50K
45,364365,13,0,0,35,Self-emp-not-inc,Bachelors,Never-married,Sales,Not-in-family,White,Female,United-States,<=50K
22,214134,6,0,0,84,Private,10th,Never-married,Transport-moving,Not-in-family,Amer-Indian-Eskimo,Male,United-States,<=50K
32,62272,9,0,0,40,Self-emp-not-inc,HS-grad,Divorced,Exec-managerial,Unmarried,White,Female,United-States,<=50K
58,111394,13,0,0,40,Private,Bachelors,Married-civ-spouse,Prof-specialty,Husband,White,Male,United-States,>50K
34,254270,13,0,0,40,Local-gov,Bachelors,Never-married,Prof-specialty,Not-in-family,White,Female,United-States,<=50K
40,256202,11,0,0,40,Private,Assoc-voc,Married-civ-spouse,Handlers-cleaners,Husband,Black,Male,United-States,<=50K
21,56582,7,0,0,50,Private,11th,Never-married,Other-service,Own-child,White,Male,United-States,<=50K
46,216999,13,0,0,55,Private,Bachelors,Never-married,Exec-managerial,Not-in-family,White,Male,United-States,>50K
45,225456,13,0,0,50,Self-emp-not-inc,Bachelors,Married-civ-spouse,Exec-managerial,Husband,White,Male,United-States,>50K
34,182401,12,0,0,40,Private,Assoc-acdm,Divorced,Adm-clerical,Not-in-family,Black,Male,United-States,<=50K
32,196342,16,0,0,40,Private,Doctorate,Never-married,Prof-specialty,Not-in-family,White,Male,United-States,>50K
58,202652,9,0,0,37,Private,HS-grad,Widowed,Adm-clerical,Not-in-family,White,Female,United-States,<=50K
58,209423,2,0,0,38,Private,1st-4th,Married-civ-spouse,Other-service,Husband,White,Male,Cuba,<=50K
40,92036,9,0,0,40,Private,HS-grad,Married-civ-spouse,Handlers-cleaners,Husband,White,Male,United-States,>50K
45,51744,13,0,0,42,Private,Bachelors,Never-married,Exec-managerial,Not-in-family,White,Female,United-States,<=50K
53,290640,4,0,0,40,Private,7th-8th,Married-civ-spouse,Craft-repair,Husband,Asian-Pac-Islander,Male,Vietnam,<=50K
17,25051,6,0,0,16,Private,10th,Never-married,Other-service,Own-child,White,Male,United-States,<=50K
20,204641,9,0,0,20,Private,HS-grad,Never-married,Adm-clerical,Own-child,White,Male,United-States,<=50K
38,192337,14,0,0,40,Private,Masters,Married-civ-spouse,Prof-specialty,Husband,White,Male,England,>50K
24,208882,9,0,0,40,Private,HS-grad,Never-married,Craft-repair,Not-in-family,Black,Male,United-States,<=50K
28,461929,4,0,0,40,Private,7th-8th,Married-civ-spouse,Farming-fishing,Husband,White,Male,Mexico,<=50K
37,278576,9,0,0,60,Private,HS-grad,Married-civ-spouse,Machine-op-inspct,Husband,White,Male,United-States,>50K
54,182854,9,0,0,45,Private,HS-grad,Married-civ-spouse,Craft-repair,Husband,White,Male,United-States,<=50K
40,149466,9,0,0,35,Private,HS-grad,Divorced,Handlers-cleaners,Not-in-family,Black,Male,United-States,<=50K
35,241126,14,0,0,40,Private,Masters,Married-civ-spouse,Sales,Husband,White,Male,United-States,>50K
69,28197,9,0,0,60,MISSING,HS-grad,Married-civ-spouse,MISSING,Husband,White,Male,United-States,>50K
49,133729,10,0,0,17,Private,Some-college,Married-civ-spouse,Other-service,Husband,White,Male,United-States,<=50K
42,304302,9,0,0,40,State-gov,HS-grad,Married-civ-spouse,Transport-moving,Husband,Amer-Indian-Eskimo,Male,United-States,<=50K
22,201179,10,0,0,40,MISSING,Some-college,Never-married,MISSING,Own-child,White,Male,United-States,<=50K
38,172571,13,0,1848,54,Private,Bachelors,Married-civ-spouse,Exec-managerial,Husband,White,Male,United-States,>50K
47,120131,13,0,0,50,Self-emp-inc,Bachelors,Married-civ-spouse,Exec-managerial,Husband,White,Male,Cuba,>50K
38,43712,7,0,1887,45,Self-emp-not-inc,11th,Married-civ-spouse,Exec-managerial,Husband,White,Male,United-States,>50K
45,162187,9,0,0,40,Local-gov,HS-grad,Married-civ-spouse,Protective-serv,Husband,White,Male,United-States,>50K
69,128348,13,9386,0,50,Private,Bachelors,Married-civ-spouse,Exec-managerial,Husband,Black,Male,United-States,>50K
21,208503,10,0,0,10,Private,Some-college,Never-married,Transport-moving,Own-child,White,Male,United-States,<=50K
65,198019,9,0,0,35,MISSING,HS-grad,Widowed,MISSING,Not-in-family,White,Female,United-States,<=50K
36,20507,9,7688,0,50,Private,HS-grad,Married-civ-spouse,Craft-repair,Husband,White,Male,United-States,>50K
47,174525,9,3942,0,40,MISSING,HS-grad,Married-civ-spouse,MISSING,Husband,White,Male,MISSING,<=50K
28,125321,9,0,0,40,Private,HS-grad,Never-married,Machine-op-inspct,Not-in-family,White,Female,United-States,<=50K
36,43712,6,0,0,40,Private,10th,Married-civ-spouse,Craft-repair,Husband,White,Male,United-States,<=50K
44,227399,11,0,0,40,Private,Assoc-voc,Married-civ-spouse,Exec-managerial,Husband,Black,Male,United-States,<=50K
47,97419,13,0,0,40,Local-gov,Bachelors,Divorced,Prof-specialty,Not-in-family,Black,Female,United-States,<=50K
41,36699,10,4650,0,40,Private,Some-college,Divorced,Exec-managerial,Not-in-family,White,Male,United-States,<=50K
22,138768,9,0,0,40,Private,HS-grad,Never-married,Adm-clerical,Own-child,White,Male,United-States,<=50K
43,38876,9,0,0,50,Self-emp-not-inc,HS-grad,Married-civ-spouse,Farming-fishing,Husband,White,Male,United-States,<=50K
49,268234,6,0,0,40,Private,10th,Married-civ-spouse,Exec-managerial,Husband,White,Male,United-States,<=50K
38,309230,10,0,0,40,Private,Some-college,Married-civ-spouse,Craft-repair,Husband,White,Male,United-States,>50K
35,297485,13,0,0,40,Private,Bachelors,Divorced,Exec-managerial,Unmarried,White,Female,United-States,<=50K
24,216129,9,0,0,40,Private,HS-grad,Never-married,Adm-clerical,Own-child,White,Male,United-States,<=50K
49,33673,8,0,0,35,Private,12th,Never-married,Transport-moving,Not-in-family,Asian-Pac-Islander,Male,United-States,<=50K
49,109705,10,0,0,32,Self-emp-inc,Some-college,Divorced,Exec-managerial,Unmarried,White,Female,United-States,<=50K
44,182402,9,0,0,40,Private,HS-grad,Married-civ-spouse,Craft-repair,Husband,White,Male,United-States,>50K
41,170924,14,0,0,40,State-gov,Masters,Married-civ-spouse,Prof-specialty,Husband,White,Male,United-States,<=50K
37,289653,10,0,0,40,Federal-gov,Some-college,Married-civ-spouse,Craft-repair,Husband,White,Male,United-States,<=50K
31,207201,10,0,0,40,Private,Some-college,Married-civ-spouse,Craft-repair,Husband,White,Male,United-States,>50K
37,98389,9,0,0,50,Self-emp-inc,HS-grad,Married-civ-spouse,Exec-managerial,Husband,White,Male,United-States,>50K
37,126708,9,0,0,60,Private,HS-grad,Married-civ-spouse,Adm-clerical,Wife,White,Female,United-States,<=50K
30,39386,10,0,0,99,Private,Some-college,Married-civ-spouse,Exec-managerial,Husband,Black,Male,United-States,<=50K
62,75478,13,0,0,40,Self-emp-not-inc,Bachelors,Married-civ-spouse,Exec-managerial,Husband,White,Male,United-States,<=50K
43,143046,9,0,0,40,Private,HS-grad,Married-civ-spouse,Machine-op-inspct,Wife,White,Female,Greece,<=50K
42,191712,13,0,1590,40,Private,Bachelors,Divorced,Sales,Not-in-family,White,Male,United-States,<=50K
59,380357,13,0,0,40,Private,Bachelors,Divorced,Exec-managerial,Not-in-family,White,Male,United-States,<=50K
35,96824,10,0,0,40,Private,Some-college,Divorced,Other-service,Unmarried,White,Female,United-States,<=50K
33,181091,13,0,0,60,Private,Bachelors,Married-civ-spouse,Adm-clerical,Husband,White,Male,Iran,>50K
22,50136,3,0,0,40,Private,5th-6th,Married-civ-spouse,Other-service,Husband,White,Male,El-Salvador,<=50K
26,51961,13,0,0,20,Private,Bachelors,Never-married,Adm-clerical,Not-in-family,Black,Male,United-States,<=50K
26,410240,7,0,0,40,Private,11th,Never-married,Craft-repair,Not-in-family,White,Male,United-States,<=50K
31,123397,9,5178,0,35,Private,HS-grad,Married-civ-spouse,Transport-moving,Wife,White,Female,United-States,>50K
52,192386,14,5013,0,40,Federal-gov,Masters,Married-civ-spouse,Exec-managerial,Husband,White,Male,United-States,<=50K
29,237865,14,0,0,40,Private,Masters,Never-married,Transport-moving,Own-child,Black,Male,United-States,<=50K
47,249935,7,0,0,8,Private,11th,Divorced,Craft-repair,Own-child,White,Male,United-States,<=50K
35,237943,9,0,0,60,Private,HS-grad,Married-civ-spouse,Handlers-cleaners,Husband,White,Male,United-States,<=50K
25,361307,13,0,0,40,Private,Bachelors,Never-married,Sales,Own-child,White,Female,United-States,<=50K
28,31935,10,0,0,40,Private,Some-college,Divorced,Adm-clerical,Not-in-family,White,Female,United-States,<=50K
40,83859,9,0,0,30,Private,HS-grad,Widowed,Machine-op-inspct,Own-child,White,Female,United-States,<=50K
50,127151,14,0,0,40,Self-emp-not-inc,Masters,Married-civ-spouse,Prof-specialty,Wife,White,Female,Canada,>50K
31,125927,4,0,0,40,Local-gov,7th-8th,Married-civ-spouse,Farming-fishing,Husband,White,Male,United-States,<=50K
35,233571,9,0,0,50,Private,HS-grad,Divorced,Other-service,Own-child,White,Female,United-States,<=50K
37,175643,9,0,0,30,Private,HS-grad,Married-civ-spouse,Farming-fishing,Husband,White,Male,United-States,<=50K
34,229732,11,0,0,40,Private,Assoc-voc,Married-civ-spouse,Craft-repair,Husband,White,Male,United-States,<=50K
24,141040,10,0,0,40,Private,Some-college,Never-married,Adm-clerical,Own-child,Black,Female,United-States,<=50K
37,69251,10,0,0,40,Private,Some-college,Married-civ-spouse,Transport-moving,Husband,Asian-Pac-Islander,Male,United-States,<=50K
50,121441,7,0,2444,40,Self-emp-inc,11th,Never-married,Exec-managerial,Other-relative,White,Male,United-States,>50K
42,385591,9,0,0,50,Private,HS-grad,Married-civ-spouse,Exec-managerial,Husband,White,Male,United-States,>50K
38,166585,9,0,0,40,Private,HS-grad,Never-married,Exec-managerial,Own-child,White,Female,United-States,<=50K
23,249046,6,0,0,40,Private,10th,Married-civ-spouse,Handlers-cleaners,Husband,White,Male,United-States,<=50K
54,204325,10,0,0,52,Local-gov,Some-college,Married-civ-spouse,Protective-serv,Husband,White,Male,United-States,<=50K
21,131811,9,0,0,40,Private,HS-grad,Married-civ-spouse,Handlers-cleaners,Husband,White,Male,United-States,<=50K
55,209569,9,0,0,50,Self-emp-inc,HS-grad,Divorced,Sales,Unmarried,White,Female,United-States,>50K
43,186188,10,0,0,45,Private,Some-college,Divorced,Exec-managerial,Unmarried,White,Female,Iran,<=50K
30,156718,10,0,0,40,Private,Some-college,Separated,Adm-clerical,Not-in-family,White,Female,United-States,<=50K
48,200471,13,0,0,45,Private,Bachelors,Married-civ-spouse,Transport-moving,Husband,White,Male,United-States,>50K
50,156008,7,0,0,40,MISSING,11th,Married-civ-spouse,MISSING,Own-child,Black,Female,United-States,<=50K
20,193586,10,0,0,18,Private,Some-college,Never-married,Prof-specialty,Not-in-family,White,Female,United-States,<=50K
48,383384,9,0,0,40,Self-emp-not-inc,HS-grad,Married-civ-spouse,Craft-repair,Husband,White,Male,United-States,>50K
26,282142,11,0,0,40,Private,Assoc-voc,Married-civ-spouse,Exec-managerial,Wife,White,Female,United-States,<=50K
49,107425,14,0,0,35,Private,Masters,Never-married,Sales,Not-in-family,White,Female,United-States,<=50K
21,199444,9,0,0,44,Private,HS-grad,Never-married,Adm-clerical,Own-child,White,Female,United-States,<=50K
34,120461,10,0,0,50,Private,Some-college,Divorced,Adm-clerical,Not-in-family,White,Female,United-States,<=50K
46,394860,13,0,0,38,State-gov,Bachelors,Married-civ-spouse,Prof-specialty,Husband,White,Male,United-States,<=50K
35,193961,13,0,0,40,Private,Bachelors,Married-civ-spouse,Prof-specialty,Husband,Asian-Pac-Islander,Male,Philippines,>50K
26,384276,9,0,0,40,Self-emp-not-inc,HS-grad,Married-civ-spouse,Exec-managerial,Husband,White,Male,United-States,<=50K
40,199303,13,0,0,40,Self-emp-not-inc,Bachelors,Married-civ-spouse,Prof-specialty,Husband,White,Male,United-States,<=50K
32,53042,9,0,0,40,MISSING,HS-grad,Never-married,MISSING,Own-child,Black,Male,United-States,<=50K
29,79387,13,0,0,50,Private,Bachelors,Never-married,Exec-managerial,Not-in-family,White,Male,United-States,>50K
49,40000,13,4064,0,44,Private,Bachelors,Married-civ-spouse,Sales,Husband,White,Male,United-States,<=50K
28,584790,11,0,0,40,Private,Assoc-voc,Married-civ-spouse,Other-service,Husband,White,Male,United-States,>50K
25,152035,9,0,0,40,Private,HS-grad,Never-married,Adm-clerical,Unmarried,White,Female,United-States,<=50K
38,133586,9,0,0,45,Private,HS-grad,Married-civ-spouse,Protective-serv,Own-child,White,Male,United-States,<=50K
24,300584,9,0,0,40,Private,HS-grad,Never-married,Handlers-cleaners,Unmarried,White,Male,United-States,<=50K
22,213902,9,0,0,40,Private,HS-grad,Never-married,Adm-clerical,Unmarried,White,Female,Mexico,<=50K
43,244172,9,0,0,40,Private,HS-grad,Separated,Transport-moving,Unmarried,White,Male,Mexico,<=50K
28,338376,10,0,0,50,Private,Some-college,Married-civ-spouse,Adm-clerical,Husband,White,Male,United-States,>50K
39,287031,14,0,0,45,Local-gov,Masters,Married-civ-spouse,Prof-specialty,Husband,White,Male,United-States,>50K
39,487486,9,0,0,40,Private,HS-grad,Widowed,Handlers-cleaners,Unmarried,White,Male,MISSING,<=50K
35,99156,13,0,0,50,Private,Bachelors,Never-married,Sales,Not-in-family,White,Male,United-States,<=50K
43,244172,9,0,0,35,Private,HS-grad,Married-civ-spouse,Machine-op-inspct,Husband,White,Male,MISSING,<=50K
59,212600,10,0,0,40,Local-gov,Some-college,Separated,Protective-serv,Not-in-family,White,Male,United-States,>50K
54,104501,10,15024,0,40,Private,Some-college,Married-civ-spouse,Sales,Husband,White,Male,United-States,>50K
48,168283,10,0,0,45,Private,Some-college,Married-civ-spouse,Transport-moving,Husband,White,Male,United-States,>50K
64,149044,14,0,2057,60,Private,Masters,Married-civ-spouse,Prof-specialty,Husband,Asian-Pac-Islander,Male,China,<=50K
21,342575,10,0,0,30,Private,Some-college,Never-married,Sales,Own-child,Black,Female,United-States,<=50K
47,324791,14,0,1887,50,Local-gov,Masters,Married-civ-spouse,Prof-specialty,Husband,White,Male,United-States,>50K
43,209894,9,0,0,40,Private,HS-grad,Married-civ-spouse,Adm-clerical,Wife,White,Female,United-States,>50K
29,183854,9,0,0,25,Private,HS-grad,Never-married,Sales,Not-in-family,White,Female,United-States,<=50K
34,193036,10,0,0,40,Private,Some-college,Married-civ-spouse,Adm-clerical,Husband,Black,Male,United-States,>50K
73,92886,6,0,0,40,Self-emp-inc,10th,Widowed,Sales,Unmarried,White,Female,Canada,<=50K
47,78529,13,0,0,60,Private,Bachelors,Married-civ-spouse,Sales,Husband,White,Male,United-States,>50K
52,180195,13,0,0,40,Private,Bachelors,Married-civ-spouse,Sales,Husband,White,Male,United-States,>50K
34,362787,9,0,0,40,Private,HS-grad,Never-married,Machine-op-inspct,Unmarried,Black,Female,United-States,<=50K
31,217460,9,0,0,45,Private,HS-grad,Married-civ-spouse,Transport-moving,Husband,White,Male,United-States,>50K
40,289403,13,0,0,35,Private,Bachelors,Separated,Adm-clerical,Unmarried,Black,Male,United-States,<=50K
40,87771,9,0,1628,45,Private,HS-grad,Married-civ-spouse,Craft-repair,Wife,White,Female,United-States,<=50K
18,74539,6,0,0,20,Private,10th,Never-married,Sales,Not-in-family,White,Male,United-States,<=50K
55,51499,10,0,0,72,Self-emp-not-inc,Some-college,Married-civ-spouse,Farming-fishing,Husband,White,Male,United-States,<=50K
44,196545,13,7298,0,40,Private,Bachelors,Married-civ-spouse,Craft-repair,Husband,White,Male,United-States,>50K
37,79586,13,0,0,40,Private,Bachelors,Married-civ-spouse,Exec-managerial,Husband,Asian-Pac-Islander,Male,Iran,<=50K
59,357943,13,0,0,40,Self-emp-not-inc,Bachelors,Married-civ-spouse,Exec-managerial,Husband,White,Male,United-States,>50K
27,106935,10,0,0,40,Private,Some-college,Separated,Sales,Not-in-family,White,Male,United-States,<=50K
20,212582,10,0,0,16,Private,Some-college,Never-married,Other-service,Own-child,White,Female,United-States,<=50K
42,191196,13,0,1977,60,Self-emp-inc,Bachelors,Married-civ-spouse,Exec-managerial,Husband,White,Male,MISSING,>50K
26,108542,9,0,0,35,Private,HS-grad,Never-married,Craft-repair,Own-child,White,Male,United-States,<=50K
45,241350,9,0,0,48,Private,HS-grad,Married-civ-spouse,Handlers-cleaners,Husband,White,Male,United-States,>50K
29,55390,12,0,0,45,Private,Assoc-acdm,Never-married,Tech-support,Not-in-family,White,Male,United-States,<=50K
39,119098,11,0,0,40,Private,Assoc-voc,Married-civ-spouse,Exec-managerial,Husband,White,Male,United-States,<=50K
62,113443,14,10520,0,33,Local-gov,Masters,Divorced,Prof-specialty,Not-in-family,White,Female,United-States,>50K
55,359972,13,0,1887,40,Private,Bachelors,Married-civ-spouse,Exec-managerial,Husband,White,Male,United-States,>50K
54,213092,9,0,0,40,Private,HS-grad,Divorced,Other-service,Not-in-family,White,Female,United-States,<=50K
20,138768,9,0,0,30,Private,HS-grad,Never-married,Transport-moving,Own-child,White,Male,United-States,<=50K
32,192965,9,0,0,45,Private,HS-grad,Separated,Sales,Not-in-family,White,Female,United-States,<=50K
26,189185,9,0,0,40,Private,HS-grad,Divorced,Adm-clerical,Own-child,White,Female,United-States,<=50K
44,74680,10,5178,0,50,Private,Some-college,Married-civ-spouse,Craft-repair,Husband,White,Male,United-States,>50K
19,117444,9,0,0,30,MISSING,HS-grad,Never-married,MISSING,Own-child,White,Male,United-States,<=50K
53,95647,5,0,0,50,Private,9th,Married-civ-spouse,Handlers-cleaners,Husband,White,Male,United-States,<=50K
36,206253,10,0,1617,40,Private,Some-college,Never-married,Other-service,Not-in-family,White,Female,United-States,<=50K
33,251421,12,0,0,50,Private,Assoc-acdm,Divorced,Prof-specialty,Not-in-family,White,Male,United-States,<=50K
18,78045,7,0,0,40,Private,11th,Married-civ-spouse,Handlers-cleaners,Own-child,White,Male,United-States,<=50K
19,39756,10,0,0,15,Private,Some-college,Never-married,Other-service,Own-child,White,Female,United-States,<=50K
20,188274,10,0,0,10,Self-emp-not-inc,Some-college,Never-married,Prof-specialty,Own-child,White,Male,United-States,<=50K
24,402778,5,0,0,12,Private,9th,Never-married,Handlers-cleaners,Own-child,White,Male,United-States,<=50K
45,304570,8,0,0,40,Private,12th,Married-civ-spouse,Machine-op-inspct,Husband,Asian-Pac-Islander,Male,MISSING,<=50K
48,38240,9,0,0,40,Self-emp-inc,HS-grad,Married-civ-spouse,Farming-fishing,Husband,White,Male,United-States,>50K
37,76893,9,0,0,40,Private,HS-grad,Married-civ-spouse,Craft-repair,Husband,White,Male,United-States,<=50K
42,263608,10,0,0,40,Private,Some-college,Divorced,Craft-repair,Own-child,White,Male,United-States,<=50K
35,186934,13,0,0,50,Private,Bachelors,Married-civ-spouse,Sales,Husband,White,Male,United-States,>50K
26,184120,13,0,0,50,Private,Bachelors,Never-married,Prof-specialty,Not-in-family,White,Male,United-States,<=50K
49,99179,13,0,0,40,Private,Bachelors,Never-married,Prof-specialty,Not-in-family,White,Female,United-States,<=50K
32,195447,13,0,0,45,Self-emp-inc,Bachelors,Married-civ-spouse,Sales,Husband,White,Male,United-States,<=50K
37,36214,13,0,0,65,Self-emp-not-inc,Bachelors,Married-civ-spouse,Craft-repair,Husband,White,Male,United-States,>50K
48,128460,9,0,0,42,Private,HS-grad,Married-civ-spouse,Craft-repair,Husband,White,Male,United-States,>50K
32,190889,14,0,0,40,Local-gov,Masters,Never-married,Prof-specialty,Not-in-family,Other,Female,MISSING,<=50K
51,313702,9,0,0,40,Self-emp-not-inc,HS-grad,Never-married,Sales,Not-in-family,White,Male,United-States,<=50K
24,220944,10,0,0,60,Private,Some-college,Married-civ-spouse,Craft-repair,Husband,White,Male,United-States,<=50K
25,212304,9,0,0,40,Private,HS-grad,Never-married,Machine-op-inspct,Unmarried,White,Male,United-States,<=50K
59,176317,6,0,0,37,Federal-gov,10th,Divorced,Other-service,Not-in-family,White,Female,United-States,<=50K
31,73796,10,0,0,30,Private,Some-college,Widowed,Exec-managerial,Unmarried,White,Female,United-States,<=50K
24,258120,13,0,0,55,Private,Bachelors,Never-married,Sales,Not-in-family,White,Male,Jamaica,<=50K
44,277647,9,0,1902,40,Private,HS-grad,Married-civ-spouse,Sales,Husband,White,Male,United-States,>50K
43,182254,10,0,0,40,State-gov,Some-college,Divorced,Adm-clerical,Unmarried,White,Female,United-States,<=50K
30,67187,9,0,0,8,Private,HS-grad,Never-married,Handlers-cleaners,Own-child,Amer-Indian-Eskimo,Female,United-States,<=50K
21,213341,7,0,1762,40,Private,11th,Married-spouse-absent,Handlers-cleaners,Own-child,White,Male,Dominican-Republic,<=50K
57,249977,11,0,0,40,Private,Assoc-voc,Married-civ-spouse,Prof-specialty,Husband,White,Male,United-States,<=50K
34,190385,14,0,0,40,Private,Masters,Never-married,Prof-specialty,Not-in-family,White,Female,United-States,>50K
64,134378,14,0,0,50,Private,Masters,Married-civ-spouse,Exec-managerial,Husband,White,Male,United-States,>50K
24,217226,10,0,0,30,Private,Some-college,Never-married,Other-service,Not-in-family,White,Male,United-States,<=50K
22,219233,9,0,1602,30,MISSING,HS-grad,Never-married,MISSING,Own-child,Black,Male,United-States,<=50K
38,219546,13,0,0,40,Private,Bachelors,Married-civ-spouse,Prof-specialty,Husband,White,Male,United-States,>50K
38,189404,9,0,0,35,Private,HS-grad,Married-spouse-absent,Other-service,Not-in-family,White,Male,MISSING,<=50K
53,290688,9,0,0,52,Private,HS-grad,Married-civ-spouse,Craft-repair,Husband,White,Male,United-States,>50K
42,175674,9,0,0,60,Self-emp-not-inc,HS-grad,Married-civ-spouse,Sales,Husband,White,Male,United-States,<=50K
26,365289,9,0,0,40,Private,HS-grad,Divorced,Machine-op-inspct,Not-in-family,White,Male,United-States,<=50K
56,174040,9,0,0,40,Private,HS-grad,Divorced,Other-service,Not-in-family,White,Male,United-States,<=50K
19,157605,9,0,0,40,Private,HS-grad,Divorced,Other-service,Not-in-family,White,Female,United-States,<=50K
50,30682,14,0,0,50,Local-gov,Masters,Married-civ-spouse,Prof-specialty,Husband,White,Male,United-States,<=50K
34,299507,11,0,0,40,Private,Assoc-voc,Never-married,Craft-repair,Not-in-family,White,Female,United-States,<=50K
58,147653,6,0,1977,35,Self-emp-not-inc,10th,Married-civ-spouse,Craft-repair,Wife,White,Female,MISSING,>50K
37,117381,9,0,0,80,Private,HS-grad,Married-civ-spouse,Tech-support,Husband,White,Male,United-States,>50K
25,125159,12,0,0,40,Private,Assoc-acdm,Married-civ-spouse,Handlers-cleaners,Husband,Black,Male,Jamaica,<=50K
33,202153,14,0,0,40,Self-emp-inc,Masters,Married-civ-spouse,Craft-repair,Husband,White,Male,United-States,<=50K
23,114357,9,0,0,50,Private,HS-grad,Never-married,Tech-support,Own-child,White,Male,United-States,<=50K
61,175999,9,0,0,40,Private,HS-grad,Married-civ-spouse,Machine-op-inspct,Husband,White,Male,United-States,<=50K
42,373469,9,0,0,40,Private,HS-grad,Married-civ-spouse,Craft-repair,Husband,White,Male,United-States,>50K
23,183945,10,0,0,60,Private,Some-college,Never-married,Adm-clerical,Not-in-family,White,Female,United-States,<=50K
36,180686,9,0,0,45,Private,HS-grad,Married-civ-spouse,Craft-repair,Husband,White,Male,United-States,>50K
25,404616,13,0,0,40,Private,Bachelors,Married-civ-spouse,Exec-managerial,Husband,White,Male,United-States,>50K
45,102559,11,0,0,40,Private,Assoc-voc,Married-civ-spouse,Craft-repair,Husband,White,Male,Canada,>50K
48,440706,4,0,0,40,Private,7th-8th,Married-civ-spouse,Machine-op-inspct,Husband,White,Male,United-States,>50K
57,437727,14,0,1977,45,Private,Masters,Married-civ-spouse,Prof-specialty,Husband,White,Male,United-States,>50K
23,110128,10,0,0,40,State-gov,Some-college,Never-married,Other-service,Own-child,White,Male,United-States,<=50K
21,224640,10,0,0,40,Private,Some-college,Never-married,Sales,Own-child,White,Female,United-States,<=50K
30,158420,13,0,0,25,Private,Bachelors,Never-married,Machine-op-inspct,Not-in-family,White,Male,United-States,<=50K
51,142411,11,0,0,50,Local-gov,Assoc-voc,Divorced,Adm-clerical,Unmarried,White,Female,United-States,<=50K
34,168768,12,0,0,35,Private,Assoc-acdm,Never-married,Adm-clerical,Not-in-family,White,Female,United-States,<=50K
26,253899,13,0,0,40,Self-emp-not-inc,Bachelors,Divorced,Sales,Not-in-family,White,Male,United-States,<=50K
26,131777,13,0,2002,40,MISSING,Bachelors,Married-civ-spouse,MISSING,Husband,White,Male,United-States,<=50K
44,468706,9,0,0,40,MISSING,HS-grad,Married-civ-spouse,MISSING,Husband,Black,Male,United-States,<=50K
49,31650,13,0,0,45,State-gov,Bachelors,Married-civ-spouse,Prof-specialty,Other-relative,White,Female,United-States,<=50K
35,95551,9,0,0,36,Private,HS-grad,Separated,Exec-managerial,Not-in-family,White,Female,United-States,<=50K
47,93208,9,0,0,75,Self-emp-not-inc,HS-grad,Married-civ-spouse,Other-service,Wife,White,Female,Italy,<=50K
37,131463,6,0,0,33,Private,10th,Divorced,Other-service,Unmarried,White,Female,United-States,<=50K
40,88368,10,914,0,40,Private,Some-college,Divorced,Adm-clerical,Unmarried,White,Female,United-States,<=50K
43,176069,9,0,0,16,Self-emp-not-inc,HS-grad,Married-civ-spouse,Other-service,Wife,White,Female,United-States,<=50K
59,100776,11,0,0,40,Local-gov,Assoc-voc,Divorced,Adm-clerical,Not-in-family,White,Female,United-States,<=50K
