CreditScore,Geography,Gender,Age,Tenure,Balance,NumOfProducts,HasCrCard,IsActiveMember,EstimatedSalary,Exited
677,Germany,Female,36,10,68806.84,1,1,0,33075.24,0
554,France,Female,35,10,74988.59,2,0,1,190155.13,0
569,France,Male,38,7,0.0,1,1,1,108469.2,0
706,Spain,Female,43,1,0.0,2,1,0,31962.77,0
535,Spain,Male,58,1,0.0,2,1,1,11779.98,1
749,Spain,Male,38,9,129378.32,1,1,1,13549.34,0
698,France,Male,33,5,135658.73,2,0,1,39755.0,0
712,Spain,Female,29,7,77919.78,1,1,0,122547.58,0
567,France,Female,38,1,125877.65,2,1,1,107841.77,0
748,France,Male,44,4,112610.77,1,0,1,2048.55,0
714,Germany,Female,55,9,180075.22,1,1,1,100127.71,0
543,France,Female,34,8,0.0,2,0,1,145601.8,0
729,France,Female,38,7,0.0,2,0,0,45779.9,0
679,France,Male,42,1,0.0,2,0,0,71823.15,0
672,France,Male,39,2,0.0,2,1,0,87372.49,0
604,Spain,Male,40,5,155455.43,1,0,1,113581.85,0
655,France,Female,38,6,0.0,1,1,1,188639.28,0
715,France,Female,31,3,110581.29,1,1,1,94715.24,0
576,France,Male,39,1,0.0,2,1,1,68814.23,0
532,Spain,Female,39,0,0.0,2,1,0,94977.3,0
795,Germany,Female,33,9,130862.43,1,1,1,114935.21,0
752,France,Female,36,7,0.0,2,1,0,184866.86,0
773,France,Male,45,8,96877.21,1,1,1,113950.51,0
474,France,Female,30,9,0.0,2,0,0,63158.22,0
653,Germany,Male,31,2,154741.45,2,0,0,25183.01,0
553,Germany,Male,53,5,127997.83,1,1,0,165378.66,1
587,Spain,Female,34,1,0.0,2,1,1,97932.68,0
620,France,Male,28,9,71902.52,1,0,1,190208.23,0
657,France,Female,37,2,0.0,2,1,1,7667.48,0
506,France,Male,34,7,0.0,2,0,0,115842.1,0
520,Germany,Male,32,5,110029.77,1,1,0,56246.69,0
534,France,Female,42,9,144801.97,1,0,1,12483.39,1
561,Spain,Male,28,6,123692.0,1,1,1,70548.96,0
410,Germany,Female,50,2,102278.79,2,1,0,89822.48,0
664,France,Male,40,9,0.0,2,1,0,194767.3,0
517,France,Male,37,5,113308.84,1,0,1,31517.16,0
636,Germany,Male,49,6,113599.74,2,1,0,158887.09,1
650,Germany,Female,55,2,140891.46,3,1,1,179834.45,1
648,France,Female,37,7,0.0,2,1,0,194238.92,0
705,France,Female,55,8,0.0,2,1,1,14392.68,0
542,Germany,Male,25,8,139330.1,1,0,0,54372.37,0
555,France,Male,51,5,0.0,3,1,0,189122.89,1
652,France,Female,40,4,79927.36,2,1,1,33524.6,0
850,France,Female,55,10,98488.08,1,1,0,155879.57,1
613,France,Male,47,6,146034.74,1,1,1,77146.14,0
470,France,Male,35,1,96473.59,1,0,0,5962.3,0
716,France,Male,35,4,144428.87,1,1,0,134132.65,0
667,Germany,Male,32,0,103846.65,1,1,0,20560.69,0
597,Spain,Female,40,8,101993.12,1,0,1,94774.12,0
658,France,Female,29,8,0.0,2,0,1,130461.09,0
635,France,Male,29,7,105405.97,1,1,1,149853.89,0
814,France,Male,31,1,118870.92,1,1,0,101704.19,0
686,France,Male,39,4,0.0,2,1,0,155023.93,0
644,Spain,Female,26,4,153455.72,2,1,1,82696.84,0
767,Spain,Male,31,6,0.0,2,1,1,195668.0,0
573,Spain,Male,33,1,160777.9,1,1,1,149536.15,0
667,Spain,Female,39,2,0.0,2,1,0,40721.24,1
822,Germany,Female,46,3,115074.02,2,1,0,26249.86,0
683,France,Male,30,4,66190.33,1,1,1,115186.97,0
654,Germany,Female,32,1,114510.85,1,1,1,126143.23,0
622,Spain,Female,41,9,0.0,2,1,1,155786.39,0
553,France,Male,31,6,0.0,2,0,0,124596.63,0
700,Germany,Female,30,4,116377.48,1,1,1,134417.31,0
519,France,Male,36,9,0.0,2,0,1,145562.4,0
654,France,Male,38,8,0.0,2,1,0,88659.44,0
535,Germany,Male,40,7,111756.5,1,1,0,8128.32,1
766,Germany,Female,45,6,97652.96,1,1,0,127332.33,0
465,Germany,Male,24,5,117154.9,1,1,1,127744.02,0
695,Spain,Male,28,0,96020.86,1,1,1,57992.49,0
653,Spain,Male,35,9,0.0,2,1,1,45956.05,0
607,France,Female,31,1,102523.88,1,1,1,166792.71,0
693,Germany,Male,45,2,116546.59,2,0,0,23140.28,1
659,Germany,Male,48,4,123593.22,2,1,0,82469.06,1
661,France,Female,34,0,0.0,2,1,0,185555.63,0
645,France,Male,42,4,98298.18,1,1,1,676.06,0
663,France,Female,39,8,0.0,2,1,1,101168.9,0
815,France,Male,37,1,166115.42,1,1,0,67208.3,0
655,France,Female,34,3,0.0,2,1,0,159638.77,0
583,Germany,Male,39,8,102945.01,1,0,0,52861.89,0
802,Spain,Male,41,5,0.0,2,1,1,134626.3,0
720,Germany,Female,37,8,156282.79,1,1,0,45985.52,0
778,Spain,Male,33,5,116474.28,2,1,1,32757.55,0
687,France,Female,36,4,97157.96,1,0,1,63185.05,0
850,France,Female,35,6,81684.97,1,1,0,824.0,0
630,France,Male,28,9,0.0,2,0,0,32599.35,0
506,Germany,Female,41,3,57745.76,1,1,0,4035.46,0
507,Spain,Male,32,7,0.0,2,1,0,67926.18,0
648,Germany,Male,34,3,95039.73,2,1,1,147055.87,0
520,France,Male,31,4,93249.4,1,1,0,77335.75,0
748,Germany,Female,31,1,99557.94,1,1,0,199255.32,0
530,Spain,Female,22,7,0.0,2,1,0,104170.48,0
709,Spain,Female,35,1,111827.27,2,1,0,12674.68,0
444,France,Female,45,4,0.0,2,1,0,161653.5,1
606,France,Male,32,5,83161.65,1,1,1,116885.59,0
515,France,Male,65,7,92113.61,1,1,1,142548.33,0
497,Germany,Male,24,6,111769.14,2,1,0,55859.27,0
782,Germany,Female,53,1,81571.05,1,1,0,182960.46,1
519,Germany,Female,21,1,151701.45,3,1,1,170138.68,1
782,France,Male,34,9,0.0,1,1,0,183021.06,1
753,Germany,Male,44,3,138076.47,1,1,0,15523.09,1
566,France,Female,42,6,0.0,1,1,0,180702.12,1
850,Spain,Male,38,1,146343.98,1,0,1,103902.11,0
712,Germany,Male,28,4,145605.44,1,0,1,93883.53,0
586,France,Male,29,3,0.0,2,1,1,142238.54,0
612,Germany,Male,42,5,141927.1,1,1,1,43018.98,0
702,France,Male,40,7,145536.9,1,0,1,135334.24,0
509,Spain,Male,29,1,0.0,2,1,0,69113.14,0
812,Spain,Female,44,8,0.0,3,1,0,66926.83,1
850,France,Female,46,2,157866.77,1,1,1,18986.12,0
526,Germany,Male,31,5,145537.21,1,1,0,132404.64,0
671,Germany,Female,47,7,114603.76,2,1,0,153194.32,1
729,France,Female,32,7,38550.06,1,0,1,179230.23,0
655,Spain,Female,28,3,113811.85,2,0,1,76844.23,0
747,France,Male,42,4,80214.36,1,1,0,115241.96,1
704,Spain,Male,48,8,167997.6,1,1,1,173498.45,0
480,France,Female,28,6,0.0,2,0,0,48131.92,0
833,Germany,Male,59,1,130854.59,1,1,1,30722.52,1
658,France,Male,32,8,0.0,1,1,1,80410.68,0
529,France,Male,46,8,0.0,1,0,0,126511.94,1
720,Spain,Male,34,3,0.0,2,1,1,77047.78,0
590,France,Male,31,8,112211.61,1,1,0,26261.42,0
688,France,Male,20,8,137624.4,2,1,1,197582.79,0
755,France,Female,28,7,124540.28,1,0,1,188850.89,0
759,France,Female,33,2,0.0,2,1,0,56583.88,0
670,France,Male,37,4,170557.91,2,1,0,198252.88,0
684,France,Male,34,9,0.0,2,1,1,65257.57,0
850,France,Male,35,9,102050.47,1,1,1,3769.71,0
773,Germany,Female,36,4,105858.71,1,0,1,4395.45,0
605,France,Female,30,9,135422.31,1,0,1,186418.85,0
534,France,Female,55,8,116973.26,3,1,0,122066.5,1
641,France,Male,35,5,0.0,2,1,0,93148.93,0
814,France,Male,49,8,0.0,2,0,0,157822.54,0
644,France,Male,30,5,44928.88,1,1,1,10771.46,0
564,Germany,Female,44,3,111760.4,3,1,1,104722.47,1
499,France,Female,21,3,176511.08,1,1,1,153920.22,0
675,France,Male,39,7,0.0,2,0,1,36267.21,0
538,France,Female,62,3,75051.49,1,0,0,17682.02,1
680,France,Male,37,4,0.0,2,1,0,61240.87,0
813,Germany,Female,36,6,98088.09,1,0,1,26687.22,1
698,France,Male,36,2,82275.35,2,1,1,93249.26,0
844,France,Female,28,4,0.0,2,0,1,123318.37,0
769,France,Female,38,2,0.0,2,0,0,75578.67,0
659,France,Female,32,2,155584.21,1,0,1,153662.88,0
584,France,Female,35,2,114321.28,2,0,0,15959.01,0
507,France,Male,41,3,58820.32,2,1,1,138536.09,0
607,France,Male,45,7,123859.6,1,0,1,113051.57,0
625,Spain,Female,31,8,0.0,2,1,0,151843.54,0
714,Germany,Male,26,3,119545.48,2,1,0,65482.94,0
524,France,Female,36,10,0.0,2,1,0,109614.57,0
824,Germany,Male,60,8,134250.17,3,0,0,153046.16,1
732,Spain,Female,67,1,0.0,2,1,1,177783.04,0
780,Germany,Male,34,5,94108.54,2,1,0,177235.21,0
567,Germany,Female,49,5,134956.02,1,1,0,93953.84,1
837,France,Male,49,8,103302.37,1,1,1,50974.57,0
598,Germany,Female,27,10,171283.91,1,1,1,84136.12,0
662,France,Male,64,0,98848.19,1,0,1,42730.12,0
651,Germany,Female,42,1,116646.76,1,1,0,44731.8,1
783,Germany,Female,42,2,139707.28,1,1,0,2150.22,0
654,France,Female,24,8,145081.73,1,1,1,130075.07,0
738,Spain,Male,38,5,177997.07,1,0,1,19233.41,0
778,France,Male,44,8,123863.64,1,1,0,144494.94,0
581,Spain,Male,34,1,0.0,2,0,1,81175.25,0
647,France,Female,33,4,0.0,1,1,0,152323.04,0
572,Germany,Male,39,4,112290.22,1,1,0,49373.97,1
449,Spain,Female,31,1,113693.0,1,0,0,82796.29,0
705,France,Female,49,7,0.0,1,1,0,63405.2,1
685,Germany,Male,43,9,108589.47,2,0,1,194808.51,0
850,Spain,Male,36,6,0.0,2,0,1,41291.05,0
482,Germany,Female,48,2,69329.47,1,0,0,102640.52,1
588,France,Female,35,0,0.0,2,1,1,155485.24,0
680,France,Male,33,1,123082.08,1,1,0,134960.98,0
687,France,Female,26,6,0.0,2,1,1,32909.13,0
591,Spain,Male,39,8,0.0,2,0,0,42392.24,0
773,Germany,Male,34,10,126979.75,1,0,0,36823.28,0
568,France,Male,33,7,0.0,2,1,0,143450.61,0
850,France,Male,41,3,136416.82,1,0,1,57844.26,0
653,Germany,Female,38,5,114268.22,2,1,1,89524.83,0
566,Germany,Female,35,1,123042.0,1,1,0,66245.44,1
679,France,Male,39,0,86843.61,1,0,1,159830.58,0
630,Spain,Female,31,1,0.0,2,1,1,169802.73,0
689,Spain,Male,38,5,75075.14,1,1,1,8651.92,1
695,France,Male,28,5,171069.39,2,1,1,88689.4,0
649,Spain,Male,36,8,0.0,2,1,0,161668.15,0
637,France,Male,36,2,152606.82,1,1,1,71692.8,0
690,Germany,Male,31,2,137260.45,2,1,0,55387.28,0
746,France,Male,24,3,137492.35,2,0,1,170142.09,0
695,France,Female,23,1,0.0,2,1,1,141756.32,0
617,France,Male,40,5,190008.32,2,1,1,107047.92,0
838,Spain,Female,40,6,61671.19,1,0,1,150659.35,1
710,Spain,Male,33,1,0.0,2,1,0,168313.17,0
593,France,Male,50,6,171740.69,1,0,0,20893.61,0
653,France,Male,29,2,0.0,2,1,1,41671.81,0
521,France,Male,39,7,0.0,2,0,1,653.58,0
489,Germany,Female,46,8,92060.06,1,1,0,147222.95,1
699,Spain,Male,34,8,0.0,1,1,1,76510.46,0
759,France,Male,40,4,0.0,2,1,0,124615.59,0
680,France,Male,32,5,92961.61,1,1,0,116957.6,0
485,France,Male,29,7,182123.79,1,1,0,116828.51,1
610,France,Male,41,6,0.0,3,0,0,56118.81,1
608,France,Female,33,4,0.0,1,1,0,79304.38,1
583,Spain,Female,40,4,0.0,2,1,0,114093.73,0
568,France,Female,38,3,132951.92,1,0,1,124486.28,0
611,France,Male,64,9,0.0,2,1,1,53277.15,0
648,Spain,Female,43,7,81153.82,1,1,1,144532.85,1
586,Germany,Male,46,8,106968.96,1,1,1,79366.98,1
618,France,Female,40,0,0.0,1,1,0,119059.13,0
729,Germany,Male,46,5,117837.43,1,1,0,104016.61,1
564,France,Female,28,1,0.0,1,1,1,162428.05,0
647,Germany,Male,30,6,143138.91,2,1,0,2955.46,0
632,France,Male,42,4,126115.6,1,1,0,100998.5,0
483,France,Male,29,9,0.0,1,1,1,81634.45,0
616,Germany,Female,45,4,122793.96,1,1,1,62002.04,0
625,Germany,Male,42,6,100047.33,1,1,0,93429.95,0
685,Spain,Male,40,7,74896.92,1,1,0,198694.2,0
696,Germany,Male,32,4,84421.62,1,0,1,52314.71,0
521,Germany,Female,29,2,87212.8,1,1,1,994.86,0
422,Spain,Female,54,4,0.0,2,1,1,7166.71,0
850,France,Male,40,1,76914.21,1,1,0,174183.44,0
537,Germany,Male,48,4,131834.8,1,1,0,166476.95,1
550,Germany,Male,35,9,129847.75,2,1,0,197325.4,0
535,France,Male,45,2,0.0,2,1,0,125658.28,0
673,Spain,Female,37,0,0.0,2,0,0,82351.06,0
678,France,Female,31,1,0.0,2,0,1,130446.65,0
841,France,Female,36,5,156021.31,1,0,0,122662.98,0
511,France,Male,58,0,149117.31,1,1,1,162599.51,0
678,Spain,Female,49,8,0.0,2,0,1,98090.69,0
763,France,Female,58,9,187911.55,1,0,1,35825.18,0
719,Spain,Male,37,10,145382.61,1,1,0,80408.59,0
739,France,Male,41,5,0.0,2,0,0,143882.25,0
725,France,Male,66,4,86459.8,1,1,1,141476.56,0
748,France,Male,60,0,152335.7,1,1,0,126743.33,1
604,France,Male,26,8,149542.52,2,0,1,197911.52,0
730,France,Female,36,8,148749.29,2,1,0,91830.75,0
575,Spain,Male,52,8,123925.23,1,0,0,111342.66,1
528,Germany,Male,22,5,93547.23,2,0,1,961.57,0
587,France,Male,40,2,0.0,4,0,1,106174.7,1
850,Germany,Female,43,8,92244.83,2,1,0,54949.73,0
655,Germany,Male,52,9,144696.75,1,1,1,49025.79,0
535,Germany,Male,48,5,134542.73,1,1,1,58203.67,1
771,Spain,Male,45,0,139825.56,1,0,0,170984.97,1
514,France,Female,46,3,106511.85,1,1,0,55072.32,0
686,France,Male,32,6,0.0,2,1,1,179093.26,0
619,Spain,Female,41,8,0.0,3,1,1,79866.73,1
818,France,Female,49,2,0.0,1,0,1,192298.84,1
666,Germany,Female,36,3,129118.5,2,0,0,139435.12,0
547,Germany,Female,30,9,72392.41,1,1,0,77077.14,0
612,Germany,Male,32,9,106520.73,2,1,0,177092.16,0
648,France,Male,26,9,162923.85,1,1,0,98368.24,0
533,Spain,Female,52,7,0.0,1,0,1,194113.99,1
580,France,Female,39,9,128362.59,1,1,0,86044.98,0
732,France,Male,55,9,136576.02,1,0,1,3268.17,1
614,Spain,Female,41,7,146997.64,2,0,0,137791.18,0
756,France,Male,31,10,122647.32,1,0,0,61666.87,0
727,France,Male,35,5,136364.46,1,0,0,142754.71,0
629,Germany,Female,37,1,35549.81,2,0,0,49676.33,0
518,France,Male,42,7,151027.05,2,1,0,119377.36,0
528,France,Male,34,1,125566.9,1,1,1,176763.27,0
663,Germany,Male,32,3,108586.86,1,1,1,182355.21,0
606,France,Male,31,10,0.0,2,1,0,195209.4,0
581,France,Male,41,8,0.0,2,0,0,29737.14,0
580,France,Male,50,0,125647.36,1,1,0,57541.08,1
850,France,Male,33,7,140956.99,1,0,0,3510.18,0
530,France,Female,48,0,0.0,1,1,0,85081.09,0
677,France,Female,24,0,148298.59,2,0,0,182913.95,0
734,France,Female,40,9,176914.8,1,1,1,12799.23,0
581,Germany,Male,41,2,127913.71,2,1,1,44205.95,0
676,Spain,Female,36,4,0.0,2,1,1,3173.31,0
544,France,Female,64,3,124043.8,1,1,1,111402.97,1
647,Germany,Male,52,7,130013.12,1,1,1,190806.36,1
737,Germany,Male,31,5,121192.22,2,1,1,74890.58,0
686,France,Female,41,7,152105.57,2,0,1,132374.41,0
850,Germany,Male,37,9,122506.38,1,0,1,199693.84,1
738,France,Male,31,9,82674.15,1,1,0,41970.72,0
542,France,Female,31,3,0.0,2,1,1,115217.59,0
628,France,Female,31,5,0.0,1,0,0,147963.07,1
774,Spain,Male,32,9,0.0,2,1,0,10604.48,0
690,France,Female,40,9,77641.99,1,0,0,189051.59,1
686,France,Male,34,6,146178.13,2,1,1,88837.11,0
682,France,Male,48,1,138778.15,1,0,1,168840.23,0
680,Germany,Female,42,7,105722.69,1,1,1,90558.24,1
850,France,Female,71,4,0.0,2,1,1,107236.87,0
740,France,Female,30,8,105209.54,1,1,0,1852.58,0
715,France,Male,45,4,0.0,2,1,1,55043.93,0
655,France,Female,60,3,0.0,2,1,1,86981.45,0
601,France,Female,26,8,78892.23,1,1,1,23703.52,0
620,Germany,Female,25,1,137712.01,1,1,1,76197.05,0
688,Germany,Female,40,8,150679.71,2,0,1,196226.38,0
630,France,Male,42,6,0.0,2,1,0,162697.93,0
562,France,Male,29,9,0.0,1,1,1,25858.68,0
564,Spain,Male,31,0,125175.58,1,1,1,72757.33,0
608,Spain,Female,41,1,83807.86,1,0,1,112542.58,0
754,Spain,Male,39,7,157691.98,2,1,0,133600.89,1
738,France,Male,49,6,106770.82,1,1,0,123499.27,0
656,Spain,Male,47,1,0.0,2,1,1,197961.93,0
459,Germany,Male,50,5,109387.9,1,1,0,155721.15,0
712,Spain,Male,47,1,139887.01,1,1,1,95719.73,0
634,Spain,Male,63,10,0.0,2,1,0,30772.86,1
644,France,Male,37,2,186347.97,2,1,0,92809.73,0
640,Spain,Female,32,6,118879.35,2,1,1,19131.71,0
665,France,Male,28,8,137300.23,1,1,0,90174.83,0
678,Spain,Female,40,4,113794.22,1,1,0,16618.76,0
850,France,Female,40,5,0.0,2,1,0,35034.15,0
544,France,Male,40,8,0.0,2,1,0,61581.2,0
642,France,Male,72,1,160541.0,2,1,1,142223.94,0
792,France,Female,42,0,99045.93,2,1,0,47160.01,0
430,France,Male,38,9,0.0,2,1,1,12050.77,0
492,France,Female,28,9,0.0,2,1,0,95957.09,0
669,Spain,Male,29,9,0.0,1,1,1,93901.61,0
740,Spain,Female,31,8,0.0,2,0,0,86657.48,0
792,France,Male,31,6,71269.89,2,0,1,125912.77,0
721,France,Male,42,4,102936.72,1,0,0,1187.88,0
537,Germany,Female,41,3,138306.34,1,1,0,106761.47,0
665,France,Female,34,5,67816.72,1,1,1,29641.58,0
724,Germany,Male,33,4,88046.88,1,0,1,186942.49,1
703,Germany,Female,29,3,122084.63,1,0,1,82824.08,0
439,Spain,Female,32,3,138901.61,1,1,0,75685.97,0
789,Germany,Male,33,8,151607.56,1,1,0,4389.4,0
568,France,Male,30,8,73054.37,2,1,1,27012.0,0
516,France,Female,29,2,104982.57,1,1,0,157378.5,0
627,Spain,Male,49,4,111087.5,1,0,1,146680.25,0
467,Germany,Male,51,10,114514.71,2,1,0,177784.68,1
678,France,Female,41,9,0.0,1,0,0,13160.03,0
850,France,Male,31,4,0.0,2,0,0,152298.28,0
715,France,Male,40,7,0.0,1,1,1,141359.11,0
640,Spain,Female,46,3,0.0,1,1,1,156260.08,0
730,France,Female,34,5,74197.38,2,1,0,96875.52,0
807,Spain,Male,42,5,0.0,2,1,1,74900.9,0
749,France,Female,35,3,0.0,3,1,1,132649.85,0
828,France,Male,34,8,129433.34,2,0,0,38131.77,0
682,Germany,Male,24,9,57929.81,2,0,0,53134.3,0
608,France,Male,31,7,79962.92,2,1,0,60901.72,0
531,Spain,Female,42,6,75302.85,2,0,0,57034.35,0
734,France,Male,22,5,130056.23,1,0,0,121894.31,1
678,Germany,Female,51,1,145751.03,1,0,0,109718.44,1
500,France,Female,34,6,0.0,1,1,1,140268.45,0
691,Germany,Female,38,5,114753.76,1,1,0,107665.02,0
527,France,Female,31,1,112203.25,1,1,0,182266.01,0
657,France,Female,41,5,95858.37,1,1,1,68255.88,0
660,Spain,Male,33,2,80462.24,1,0,0,150422.35,0
670,France,Male,68,4,0.0,2,1,1,11426.7,0
766,Germany,Male,37,2,99660.13,2,0,1,147700.78,0
771,France,Male,27,2,0.0,2,1,1,199527.34,0
583,France,Male,48,3,91246.53,1,1,0,60017.46,1
547,Germany,Female,39,6,74596.15,3,1,1,85746.52,1
580,Spain,Female,57,0,136820.99,1,0,1,108528.74,0
617,France,Female,34,0,131244.65,2,1,0,183229.02,0
739,Germany,Male,32,3,102128.27,1,1,0,63981.37,1
738,France,Female,38,7,0.0,2,0,0,69227.42,0
679,France,Female,39,4,0.0,1,0,0,172939.3,1
650,Germany,Female,45,9,152367.21,3,1,0,150835.21,1
625,France,Female,51,7,136294.97,1,1,0,38867.46,1
615,Spain,Male,42,4,0.0,3,0,1,120321.09,0
668,Germany,Female,46,7,161806.09,1,1,1,173052.19,0
619,Germany,Female,42,8,132796.04,3,1,1,191821.35,1
735,Germany,Male,46,2,106344.95,1,1,0,114371.33,1
674,Germany,Female,44,4,131593.85,1,0,1,171345.02,1
700,Germany,Male,35,4,95853.39,2,1,0,192933.37,0
546,France,Male,24,8,156325.38,1,1,1,125381.02,0
612,Spain,Male,35,1,0.0,1,1,1,83256.26,1
682,France,Male,30,4,0.0,1,0,1,161465.31,0
619,Spain,Female,38,10,119658.49,1,1,1,8646.58,0
680,Germany,Male,34,6,146422.22,1,1,0,67142.97,1
449,France,Male,52,6,0.0,2,0,1,123622.0,0
690,Spain,Male,32,2,76087.98,1,0,1,151822.66,0
599,Germany,Male,38,9,89111.63,1,0,0,157239.6,0
679,Spain,Male,58,9,109327.65,1,1,1,3829.13,0
604,Germany,Female,25,5,157780.84,2,1,1,58426.81,0
638,Spain,Male,41,7,0.0,2,1,0,43889.41,0
748,France,Female,34,8,0.0,2,1,0,53584.03,0
697,France,Male,63,7,148368.02,1,0,0,118862.08,1
436,Germany,Male,45,3,104339.11,2,1,1,183540.22,1
729,France,Male,30,9,0.0,2,1,0,151869.35,0
808,Spain,Female,67,10,124577.15,1,0,1,169894.4,0
759,Spain,Female,74,6,128917.84,1,1,1,48244.64,0
502,France,Male,33,7,0.0,2,0,1,4082.52,0
724,France,Female,69,5,117866.92,1,1,1,62280.91,0
456,France,Female,63,1,165350.61,2,0,0,140758.07,1
513,Spain,Male,72,3,98903.06,1,1,1,81251.24,0
850,France,Female,40,9,99816.46,1,1,1,163989.66,1
646,France,Female,51,4,101629.3,1,0,0,130541.1,0
584,Spain,Male,32,9,85534.83,1,0,0,169137.24,0
550,France,Male,38,9,140278.99,3,1,1,171457.06,1
732,France,Female,43,9,0.0,2,1,0,183147.17,0
705,France,Female,31,3,119794.67,1,0,0,182528.44,0
669,France,Female,31,6,113000.66,1,1,0,40467.82,0
761,France,Female,26,1,0.0,2,1,1,199409.19,0
698,France,Male,36,6,0.0,2,0,1,19231.98,0
705,Germany,Female,33,5,116765.7,1,0,0,190659.17,1
778,France,Male,34,5,139064.06,2,0,0,67949.32,0
850,Germany,Male,38,7,101985.81,2,0,0,43801.27,0
640,France,Male,43,7,132412.38,1,0,0,69584.3,1
599,Spain,Female,28,4,126833.79,2,1,0,60843.09,1
701,France,Male,41,10,0.0,2,1,1,146257.77,0
580,Germany,Female,36,3,74974.89,1,1,1,12099.67,0
524,Spain,Female,64,5,0.0,1,1,0,136079.64,1
609,France,Male,48,1,108019.27,3,1,1,184524.65,1
467,Germany,Male,28,10,126315.26,1,1,0,32349.29,1
697,Germany,Male,29,0,172693.54,1,0,0,141798.98,0
630,Spain,Female,39,7,135483.17,1,1,0,140881.2,1
744,Spain,Male,31,0,117551.23,1,1,0,158958.9,0
577,Spain,Female,39,4,0.0,2,1,0,91366.42,0
678,France,Female,35,4,0.0,1,1,0,125518.32,0
721,France,Male,41,2,0.0,2,1,0,168219.75,0
543,Germany,Female,57,1,106138.33,2,1,1,120657.32,1
350,France,Male,51,10,0.0,1,1,1,125823.79,1
724,France,Female,28,5,0.0,1,1,0,59351.68,0
789,France,Male,37,3,0.0,1,1,0,121883.87,1
585,Spain,Male,45,0,0.0,2,0,0,189683.7,0
667,Spain,Female,23,6,136100.69,2,0,0,169669.33,1
696,France,Male,34,9,150856.79,1,0,1,8236.78,0
453,Germany,Female,38,8,120623.21,1,1,0,129697.99,0
573,Spain,Female,72,8,98765.84,1,1,1,96015.53,0
657,France,Female,39,4,80293.81,1,1,0,97192.76,0
540,Germany,Male,35,7,127801.88,1,0,1,84239.46,0
552,France,Male,29,10,0.0,2,1,0,12186.83,0
645,France,Male,30,1,125739.26,1,1,1,193441.23,0
681,France,Male,46,0,105969.42,1,1,0,5771.56,0
544,Spain,Male,30,8,145241.63,1,1,1,80676.83,0
540,France,Male,48,0,148116.48,1,0,0,116973.48,0
698,Spain,Female,31,8,185078.26,1,0,0,115337.74,1
759,France,Female,33,9,160541.36,2,0,0,93541.14,0
849,France,Male,27,0,0.0,2,0,1,157891.86,0
773,Spain,Male,37,2,103195.2,2,1,0,178268.36,0
683,Spain,Female,24,8,98567.1,1,1,0,187987.01,0
540,France,Male,37,6,0.0,2,1,0,141998.89,0
805,France,Male,46,6,118022.06,3,1,0,162643.15,1
678,Spain,Female,61,8,0.0,2,1,1,159938.82,0
595,Germany,Female,41,9,150463.11,2,0,1,81548.38,0
551,Germany,Male,54,5,102994.04,1,1,0,176680.16,1
655,Spain,Female,34,4,109783.69,2,1,0,134034.32,0
781,France,Female,28,4,0.0,2,1,0,177703.15,0
598,Spain,Male,44,8,0.0,2,1,0,148487.9,0
577,Spain,Female,40,1,0.0,2,1,1,108787.0,0
725,France,Male,43,2,165896.0,2,1,0,130795.52,0
604,France,Male,31,6,134837.58,1,1,0,192029.19,0
490,France,Female,40,1,0.0,1,1,1,49594.19,1
848,Spain,Male,35,5,120046.74,2,1,0,84710.65,0
577,Spain,Male,51,2,108867.0,1,0,0,140800.66,1
714,France,Male,37,9,148466.93,2,0,1,151280.96,0
774,France,Male,60,5,85891.55,1,1,0,74135.48,1
835,Germany,Female,29,10,130420.2,2,0,0,106276.55,0
747,France,Female,25,4,0.0,2,0,1,42039.67,0
699,France,Male,28,7,0.0,2,1,1,22684.78,0
718,France,Female,25,4,108691.95,1,1,0,63030.97,0
719,Spain,Male,39,5,0.0,2,1,0,145759.7,0
591,France,Male,40,2,99886.42,2,1,1,88695.19,0
811,France,Female,45,5,0.0,2,1,1,146123.19,0
670,France,Female,27,5,79336.61,1,1,1,26170.08,0
661,Spain,Female,41,5,28082.95,1,1,0,69586.27,1
536,France,Male,35,8,0.0,2,1,0,64833.28,0
758,Germany,Female,47,9,95523.16,1,1,0,73294.48,0
530,France,Male,52,1,106723.28,1,0,0,109960.4,1
599,France,Male,44,10,118577.24,1,1,1,31448.52,0
529,Germany,Male,72,5,94216.05,1,1,1,78695.68,0
756,Spain,Male,29,2,117412.19,2,1,0,4888.91,0
684,Spain,Male,41,2,119782.72,2,0,0,120284.67,0
850,Germany,Female,66,0,127120.62,1,0,1,118929.64,1
581,France,Female,27,5,102258.11,2,1,0,194681.6,0
627,France,Male,70,1,94416.78,1,0,1,145299.5,0
771,France,Male,39,5,0.0,2,1,0,96270.64,0
717,France,Female,76,9,138489.66,1,1,1,68400.14,0
508,France,Female,41,5,0.0,2,1,1,94170.84,0
640,France,Female,42,5,176099.13,1,1,1,8404.73,0
627,Germany,Female,30,4,79871.02,2,1,0,129826.89,0
602,Spain,Male,30,9,113672.18,2,0,0,102135.92,0
692,France,Female,34,7,0.0,2,1,0,195074.62,0
640,France,Female,67,3,0.0,1,0,1,42964.63,0
577,France,Female,26,1,180530.51,1,0,0,123454.62,0
797,France,Male,31,9,0.0,2,1,1,24748.89,0
850,Spain,Male,28,9,97408.03,1,1,1,175853.64,0
782,France,Male,39,8,0.0,2,1,1,33949.67,0
769,France,Female,31,6,117852.26,2,1,0,147668.64,0
693,France,Female,35,5,124151.09,1,1,0,88705.14,1
666,France,Female,31,2,79589.43,1,0,0,4050.57,0
544,France,Female,21,10,161525.96,2,1,0,9262.77,0
720,France,Female,45,1,102882.4,2,1,1,35633.15,1
698,France,Male,27,7,0.0,2,1,0,111471.55,0
487,France,Male,53,4,199689.49,1,1,1,24207.86,1
618,France,Female,42,2,0.0,4,0,0,111097.39,1
825,France,Female,36,3,146053.66,1,1,1,138344.7,0
641,France,Female,37,2,0.0,2,1,0,3939.87,0
626,Spain,Male,26,8,0.0,2,0,0,191420.71,0
654,Spain,Male,34,5,0.0,2,1,0,159311.46,0
510,France,Female,45,10,103821.47,2,0,1,77878.62,0
640,France,Male,44,3,137148.68,1,1,0,92381.01,0
689,Germany,Male,33,2,161814.64,2,1,0,169381.9,0
513,France,Female,37,6,0.0,2,1,0,110142.34,0
506,Germany,Female,59,3,190353.08,1,1,0,78365.75,0
560,Spain,Female,27,7,124995.98,1,1,1,114669.79,0
709,Spain,Male,35,2,0.0,2,1,0,104982.39,0
607,Spain,Female,33,2,108431.87,2,0,1,109291.39,1
537,France,Male,26,7,106397.75,1,0,0,103563.23,0
524,France,Male,50,4,0.0,2,1,1,31840.59,1
691,France,Female,29,9,0.0,2,0,0,199635.93,0
590,Germany,Female,40,2,117641.43,2,0,0,92198.05,0
654,France,Male,37,6,83568.55,1,1,0,47046.72,0
633,Spain,Female,46,3,0.0,2,1,0,120250.58,0
615,France,Male,41,4,130385.82,1,0,1,130661.95,0
540,France,Male,41,3,0.0,2,1,0,121098.65,0
733,Spain,Male,35,8,102918.38,1,1,1,45959.86,0
547,France,Male,30,6,0.0,2,1,1,18471.86,0
547,France,Male,43,1,92350.36,1,0,1,80262.91,0
461,Germany,Female,34,5,63663.93,1,0,1,167784.28,0
748,France,Female,39,9,132865.56,1,1,1,59636.43,1
767,Spain,Male,77,8,149083.7,1,1,1,190146.83,0
742,France,Female,28,2,191864.51,1,1,0,108457.99,1
718,France,Male,38,7,0.0,2,1,0,38308.34,0
611,Spain,Female,37,4,0.0,2,1,0,125696.26,0
643,France,Female,51,2,105229.53,1,1,0,34967.75,1
624,France,Male,42,3,145155.37,1,1,0,72169.95,1
679,Spain,Male,42,2,0.0,1,1,1,168294.27,0
573,France,Male,27,2,128243.03,1,1,1,11631.34,0
486,France,Male,26,2,0.0,2,1,1,31399.4,0
657,France,Male,38,7,0.0,2,1,0,185827.74,0
684,France,Male,35,3,137179.39,1,1,1,37264.11,0
589,France,Male,38,2,0.0,1,1,0,79915.28,0
696,France,Female,41,8,0.0,2,0,0,28276.83,0
741,Spain,Male,35,6,74371.49,1,0,0,99595.67,0
838,France,Male,31,2,0.0,2,1,0,8222.96,0
850,Germany,Female,36,3,169025.83,1,1,0,174235.06,0
622,Spain,Female,46,4,107073.27,2,1,1,30984.59,1
479,Spain,Male,35,4,125920.98,1,1,1,20393.44,0
554,Germany,Female,55,0,108477.27,1,0,1,140003.0,1
658,France,Female,32,9,0.0,2,1,0,156774.75,0
580,Germany,Female,42,2,123331.36,1,0,0,103516.08,1
714,Spain,Female,33,10,103121.33,2,1,1,49672.01,0
850,Spain,Female,45,4,114347.85,2,1,1,109089.04,0
674,France,Female,32,7,85757.93,1,1,1,95481.0,0
611,France,Male,58,8,0.0,2,0,1,107665.68,1
769,France,Female,39,8,0.0,1,0,1,21016.0,0
711,France,Female,39,3,152462.79,1,1,0,90305.97,0
610,France,Female,45,1,0.0,2,1,1,199657.46,0
746,France,Male,36,9,127157.04,1,1,1,155700.15,0
599,Germany,Male,36,3,128960.21,2,1,1,40318.33,0
649,France,Female,46,2,0.0,2,1,1,66602.7,0
807,France,Female,47,9,167664.83,1,0,0,125440.11,1
804,France,Female,71,8,0.0,2,0,1,147995.96,0
550,France,Female,46,7,0.0,2,1,0,130590.35,0
647,Germany,Male,51,4,131156.76,1,1,0,29883.63,0
606,France,Male,47,3,93578.68,2,0,1,137720.56,1
573,Germany,Female,35,9,206868.78,2,0,1,102986.15,0
540,France,Male,22,4,0.0,3,1,1,186233.26,1
557,France,Male,39,8,146200.01,1,1,0,177944.64,0
818,Germany,Female,72,8,135290.42,2,1,1,63729.72,0
698,Spain,Female,50,1,0.0,4,1,0,88566.9,1
602,France,Male,59,7,0.0,2,1,1,162347.05,0
637,Germany,Male,40,9,154309.67,1,1,1,125334.16,1
766,France,Female,45,6,0.0,2,0,0,147184.74,0
633,France,Female,47,0,0.0,1,1,1,6342.84,1
642,Germany,Male,30,8,134497.27,1,0,0,43250.54,0
670,Spain,Female,57,3,175575.95,2,1,0,99061.75,1
599,Germany,Male,33,2,51949.95,2,1,0,85045.92,0
583,France,Female,40,4,55776.39,2,1,0,26920.43,0
683,France,Female,30,2,0.0,2,0,1,100496.84,1
781,Spain,Male,33,3,0.0,2,1,1,42556.33,0
699,Spain,Male,43,2,136487.86,2,1,0,82815.93,0
642,Germany,Female,30,5,129753.69,1,1,0,582.53,0
782,Germany,Female,72,5,148666.99,1,1,0,2605.65,1
661,France,Female,31,3,133964.3,1,1,1,166187.1,0
772,Spain,Female,39,4,122486.11,2,1,1,140709.25,0
755,France,Female,43,9,0.0,2,1,0,18066.69,0
571,France,Female,30,4,85755.86,1,1,0,145115.95,0
772,Spain,Male,36,3,112029.83,1,1,1,186948.35,0
589,France,Male,34,6,0.0,2,1,1,177896.92,0
520,Germany,Female,45,1,123086.39,1,1,1,41042.4,1
716,Spain,Male,33,2,0.0,2,1,1,92916.53,0
609,Spain,Female,45,4,89122.3,1,1,1,199256.98,0
675,France,Male,28,9,0.0,1,1,0,134110.93,0
727,France,Male,47,7,0.0,2,1,0,193305.35,0
515,Germany,Male,45,7,120961.5,3,1,1,39288.11,1
595,France,Male,31,4,0.0,2,1,0,189995.86,0
717,Spain,Female,36,2,164557.95,1,0,1,82336.73,0
727,Germany,Female,31,3,82729.47,2,1,0,60212.51,0
767,Spain,Male,47,5,0.0,1,1,0,121964.46,1
535,France,Female,40,8,0.0,1,1,1,27689.77,0
750,France,Female,32,5,0.0,2,1,0,95611.47,0
746,France,Male,37,2,0.0,2,1,0,143194.05,0
673,France,Male,51,8,79563.36,2,1,1,172200.91,0
572,Germany,Female,54,9,97382.53,1,1,1,195771.95,0
720,France,Male,26,10,51962.91,2,1,0,45507.24,0
724,Germany,Female,33,9,119278.44,1,1,1,197148.24,0
736,Germany,Female,25,9,81732.88,2,1,0,136497.28,0
544,France,Male,38,8,0.0,1,1,1,98208.62,0
645,Germany,Male,47,9,152076.93,1,1,0,121840.2,1
706,Spain,Female,53,3,0.0,3,0,0,88479.02,1
757,Germany,Male,30,6,105128.85,2,1,1,62972.13,0
739,France,Female,30,6,0.0,1,0,0,122604.44,0
446,Germany,Male,25,3,136202.78,1,1,0,176743.51,0
636,France,Female,38,1,0.0,1,1,0,45015.38,0
667,Germany,Male,33,9,124573.33,2,0,0,683.37,0
614,Spain,Female,37,9,0.0,2,1,1,62023.1,0
565,France,Male,38,5,0.0,2,0,1,80630.32,0
771,France,Female,41,10,108309.0,4,1,1,137510.41,1
542,Spain,Male,37,8,0.0,1,1,1,807.06,0
784,France,Male,38,5,136712.91,1,0,1,169920.92,0
606,France,Male,32,6,0.0,2,0,1,36540.63,0
736,Germany,Male,50,9,116309.01,1,1,0,185360.4,1
690,Spain,Female,30,5,0.0,2,0,1,78700.03,0
700,France,Male,38,9,65962.63,1,1,1,100950.48,0
728,Spain,Female,37,4,0.0,1,0,0,4539.38,0
579,Spain,Male,37,5,152212.88,2,0,0,120219.14,0
703,France,Female,51,3,0.0,3,1,1,77294.56,1
677,Spain,Female,35,0,0.0,2,0,0,76637.38,0
563,Spain,Male,24,7,0.0,2,0,0,16319.56,0
608,France,Female,28,9,0.0,2,1,1,125062.02,0
690,France,Female,26,3,118097.87,1,1,0,61257.83,0
600,Germany,Male,43,8,133379.41,1,1,0,177378.66,1
520,France,Female,29,8,95947.76,1,1,0,4696.44,0
640,Spain,Male,34,1,137523.02,1,0,0,24761.36,0
655,Germany,Male,34,7,118028.35,1,1,0,51226.32,1
679,Spain,Female,35,8,119182.73,1,0,0,121210.09,0
713,France,Female,42,3,0.0,2,0,0,82565.01,0
559,France,Male,28,3,141099.43,1,1,1,15607.27,0
683,Spain,Male,29,0,133702.89,1,1,0,55582.54,1
632,Germany,Male,42,4,119624.6,2,1,1,195978.86,0
607,Spain,Female,27,5,100912.19,1,0,0,7631.27,0
714,France,Female,72,3,0.0,1,1,1,86733.61,0
811,France,Male,30,6,0.0,2,1,1,180591.32,0
719,France,Female,37,9,101455.7,1,1,0,25803.59,1
538,Spain,Male,43,5,0.0,2,1,0,126933.73,0
631,Germany,Female,32,2,146810.99,2,1,1,180990.29,0
631,France,Male,29,7,0.0,2,0,1,125877.22,0
694,France,Female,30,9,0.0,2,1,1,26960.31,0
584,Germany,Male,42,3,137479.13,1,1,0,25669.1,0
674,France,Male,37,3,0.0,1,1,0,158049.9,0
710,France,Male,33,10,118327.17,2,1,1,192928.82,0
739,Spain,Male,38,0,128366.44,1,1,0,12796.43,0
426,France,Female,34,3,0.0,2,1,1,61230.83,0
711,France,Male,33,1,0.0,1,0,0,41590.4,0
835,France,Male,32,8,124993.29,2,1,1,27548.06,0
697,Germany,Male,43,8,103409.16,1,1,0,66893.28,1
579,France,Female,33,1,118392.75,1,1,1,157564.75,0
583,France,Female,42,7,0.0,2,1,0,144039.05,0
667,Germany,Female,37,5,92171.35,3,1,0,178106.34,1
556,Spain,Male,38,2,115463.16,1,1,0,150679.65,0
700,Germany,Female,39,5,144550.83,2,1,1,189664.43,0
549,Germany,Male,54,5,92877.33,1,1,0,2619.64,1
561,France,Female,49,8,0.0,2,1,1,12513.07,0
542,France,Male,67,10,129431.36,1,0,1,21343.74,0
812,Germany,Male,25,5,54817.55,1,1,0,131660.31,0
653,Spain,Female,30,2,88243.29,2,1,1,96658.26,0
593,France,Male,36,2,70181.48,2,1,0,80608.12,0
736,Germany,Male,46,5,130812.91,1,1,1,77981.54,1
573,Germany,Male,31,0,134644.19,1,1,1,70381.49,0
508,France,Female,64,2,0.0,1,1,1,6076.62,0
605,France,Female,34,2,0.0,1,0,0,35982.42,0
652,France,Male,48,4,59486.31,1,1,0,163944.18,1
687,France,Female,47,7,0.0,2,1,1,177624.01,0
599,Spain,Male,42,6,0.0,2,1,0,113868.4,0
616,France,Male,34,10,0.0,2,1,0,25662.27,0
705,France,Male,34,7,117715.84,1,1,0,2498.67,0
789,France,Female,32,7,69423.52,1,1,0,107499.39,0
760,Spain,Female,33,1,118114.28,2,0,1,156660.21,0
700,France,Female,42,8,0.0,2,1,1,105305.72,0
527,France,Male,39,4,0.0,2,1,0,167183.07,1
625,France,Female,40,7,141267.67,1,0,1,177397.49,0
544,Germany,Male,47,5,105245.21,1,0,0,99922.08,1
638,France,Male,41,1,131762.94,1,1,1,47675.29,0
569,France,Male,43,7,0.0,2,1,0,52534.81,0
655,France,Male,28,10,0.0,2,0,1,126565.21,0
550,France,Female,40,8,150490.32,1,0,0,166468.21,1
699,Germany,Female,51,2,92246.14,2,0,1,91346.03,0
584,Germany,Female,41,3,88594.93,1,1,0,178997.89,0
506,France,Female,41,1,0.0,2,1,0,31766.3,0
496,France,Male,32,4,127845.83,1,1,0,66469.2,0
627,Spain,Male,44,6,0.0,1,1,1,114469.55,0
628,Spain,Male,50,8,0.0,1,0,0,144366.83,1
652,Germany,Male,27,2,166527.88,2,0,1,146007.7,0
557,Germany,Male,57,1,120043.13,1,1,0,132370.75,1
668,Germany,Male,56,9,110993.79,1,1,0,134396.64,1
599,France,Male,30,9,105443.68,1,1,1,121124.53,0
687,Germany,Female,34,7,111388.18,2,1,0,148564.76,0
488,France,Male,43,10,112751.13,1,1,1,28332.0,0
676,France,Male,33,6,171490.78,1,0,0,79099.64,0
658,France,Male,29,4,80262.6,1,1,1,20612.82,0
735,Germany,Male,43,10,123180.01,2,1,1,196673.28,0
624,France,Male,37,0,0.0,2,0,0,112104.55,0
660,France,Female,31,6,172325.67,1,0,1,45438.38,0
724,Germany,Male,36,6,94615.11,2,1,1,10627.21,0
547,Germany,Male,32,8,155726.85,1,1,0,67789.99,0
512,France,Female,41,6,0.0,1,1,1,100507.81,0
706,Spain,Female,46,2,127660.46,2,1,0,150156.82,1
790,Spain,Female,37,3,0.0,3,0,0,98897.32,0
686,France,Male,60,9,0.0,3,1,1,75246.21,1
655,Germany,Male,67,6,148363.38,1,1,1,186995.17,0
699,Germany,Male,59,3,106819.65,1,0,1,163570.25,0
698,Spain,Female,63,5,0.0,1,1,1,173576.71,0
578,Germany,Female,36,8,129745.1,1,1,1,143683.75,0
730,Spain,Male,29,2,0.0,2,1,0,14174.09,0
850,France,Female,35,5,0.0,1,1,1,80992.8,0
554,Spain,Female,45,4,0.0,2,1,1,193412.05,0
498,France,Male,46,1,91857.66,1,1,0,101954.78,1
577,France,Female,32,1,0.0,2,1,0,9902.39,0
715,Spain,Female,35,4,40169.88,2,1,1,199857.47,0
545,Spain,Female,39,6,0.0,1,0,0,38410.74,1
794,Germany,Female,54,1,75900.84,1,1,1,192154.66,0
770,France,Female,70,9,110738.89,1,1,0,22666.77,1
498,Germany,Male,45,7,109200.74,2,0,1,165990.44,0
707,France,Female,36,6,0.0,1,0,0,98810.78,0
490,France,Male,39,1,0.0,3,1,0,171060.01,1
593,Germany,Female,38,4,129499.42,1,1,1,154071.27,0
695,France,Male,46,7,49512.55,1,1,0,133007.34,0
705,Germany,Female,48,1,156848.13,2,1,1,99475.95,1
595,Germany,Male,46,5,142360.62,2,1,0,48421.4,1
550,Germany,Male,29,9,145294.08,2,1,0,147484.13,0
470,Spain,Male,34,9,0.0,2,0,1,89013.67,0
727,France,Female,28,2,110997.76,1,1,0,101433.76,0
619,France,Female,35,8,132292.63,1,1,0,65682.93,0
697,France,Female,39,6,151553.19,1,1,1,44946.29,0
678,France,Female,46,1,0.0,2,0,0,82106.19,0
790,Spain,Male,29,3,46057.96,2,1,1,189777.66,0
683,France,Male,31,2,0.0,2,0,1,77326.78,0
710,France,Male,30,6,0.0,2,1,1,8991.17,0
715,France,Male,23,7,139224.92,2,1,0,65057.71,0
762,Germany,Male,46,6,123571.77,3,0,1,57014.17,1
666,Spain,Male,43,5,0.0,2,1,0,29346.1,0
619,France,Female,30,7,70729.17,1,1,1,160948.87,0
814,France,Female,48,7,0.0,2,1,1,132870.15,0
607,Spain,Female,32,7,0.0,3,0,1,10674.62,0
850,Spain,Female,41,3,99945.93,2,1,0,71179.31,0
756,Germany,Female,39,5,149363.12,2,1,1,109098.39,0
697,France,Female,42,1,0.0,1,1,0,1262.83,1
657,France,Male,34,3,107136.6,1,1,0,153895.46,0
676,Spain,Female,30,5,0.0,2,0,0,179066.58,0
590,France,Female,54,4,0.0,2,1,1,93820.49,1
806,Germany,Male,30,8,168078.83,1,1,0,85028.36,1
493,France,Male,36,9,0.0,2,1,1,65816.53,0
647,France,Male,32,5,97041.16,1,1,1,23132.73,0
572,France,Male,24,1,0.0,2,1,1,151460.84,0
641,France,Female,53,0,123835.52,2,0,1,160110.65,0
580,Germany,Male,35,10,136281.41,2,1,1,24799.47,0
580,France,Female,23,5,113923.81,2,0,0,196241.43,0
446,France,Female,51,4,105056.13,1,0,0,70613.52,0
544,France,Male,30,4,73218.89,1,0,1,126796.69,0
585,France,Female,39,7,0.0,2,1,0,2401.26,0
676,Spain,Female,30,5,0.0,2,0,1,157888.5,0
756,Spain,Male,30,2,145127.85,1,0,0,7554.68,0
605,France,Female,51,3,136188.78,1,1,1,67110.59,1
565,Germany,Female,32,4,90322.99,2,0,1,118740.37,0
751,Germany,Female,51,7,148074.79,1,1,0,146411.41,1
637,Spain,Female,44,0,157622.58,1,1,1,120454.2,0
792,France,Female,28,4,130142.79,1,1,0,38190.78,0
710,Germany,Female,46,10,120530.34,1,1,0,166586.99,1
646,France,Male,50,0,104129.24,2,1,0,181794.86,1
631,Germany,Male,37,8,138292.64,2,0,0,152422.91,1
652,Spain,Male,28,8,156823.7,2,1,0,198251.52,0
530,Spain,Male,44,6,0.0,2,0,0,55893.37,0
709,France,Female,32,2,87814.89,1,1,0,138578.37,0
460,France,Female,27,7,0.0,2,1,0,156150.08,1
850,France,Male,33,0,124781.67,1,0,1,33700.52,0
573,France,Female,23,2,0.0,1,1,0,122964.18,0
601,France,Male,74,2,0.0,2,0,1,51554.58,0
544,France,Male,44,1,0.0,2,0,0,69244.24,0
479,Germany,Female,23,9,123575.51,1,0,1,95148.28,0
839,Germany,Male,47,2,136911.07,1,1,1,168184.62,1
492,France,Female,49,8,0.0,1,1,1,182865.09,1
604,Germany,Male,36,10,113546.3,1,1,1,134875.37,0
561,France,Male,34,1,78829.53,1,1,1,12148.2,0
649,France,Female,35,4,108306.44,1,1,1,192486.24,0
478,Spain,Male,43,1,0.0,2,1,1,197916.43,0
629,Spain,Male,31,6,132876.55,1,1,1,130862.11,0
574,Germany,Female,43,3,141349.43,1,1,1,100187.43,0
754,Spain,Male,39,6,170184.99,2,1,0,89593.26,0
559,Spain,Male,67,9,125919.35,1,1,0,175910.95,1
561,France,Male,37,5,0.0,2,1,0,83093.25,0
702,France,Male,50,3,0.0,2,0,0,94949.84,0
608,Spain,Male,66,8,123935.35,1,1,1,65758.19,0
668,France,Male,42,3,150461.07,1,1,0,108139.23,0
681,Spain,Male,30,2,128393.29,1,1,1,180593.45,0
641,France,Female,40,9,0.0,1,0,0,151648.66,1
844,France,Male,18,2,160980.03,1,0,0,145936.28,0
646,Germany,Female,36,6,144773.29,2,1,0,53217.3,0
758,Spain,Male,56,1,0.0,2,1,1,10643.38,0
654,Germany,Male,31,5,150593.59,2,1,1,105218.45,0
559,Spain,Female,39,2,0.0,2,1,1,121151.1,0
530,Spain,Female,36,7,0.0,2,1,0,80619.09,0
703,France,Female,45,5,0.0,2,1,0,131906.44,0
512,Spain,Female,35,5,124580.69,1,1,1,18785.48,0
730,Spain,Female,43,1,103960.38,1,1,1,193650.16,0
612,Spain,Female,52,5,144772.69,1,0,0,98302.57,1
511,France,Female,46,1,0.0,1,1,1,115779.48,1
745,Spain,Male,34,7,132944.53,1,1,1,31802.92,0
619,France,Female,40,10,0.0,1,1,1,147093.84,1
802,Spain,Male,41,6,0.0,2,1,0,47322.05,0
613,France,Male,42,7,115076.06,1,1,1,79323.61,0
753,Spain,Male,51,4,79811.72,2,0,1,68260.27,1
606,France,Male,35,2,132164.26,1,0,1,164815.59,0
850,France,Female,34,9,92899.27,2,1,0,97465.89,0
599,Spain,Male,25,3,0.0,2,1,1,120790.02,0
650,Spain,Female,25,3,86605.5,3,1,0,16649.31,1
679,France,Male,30,9,0.0,2,1,0,157871.55,0
704,France,Female,40,6,95452.89,1,0,1,179964.55,0
590,France,Male,47,3,0.0,2,1,0,171774.5,0
693,Spain,Male,28,1,145118.83,1,0,1,77742.38,0
635,Spain,Male,35,2,113635.16,1,1,0,90883.12,0
581,France,Male,30,1,0.0,2,1,0,199464.08,0
666,France,Female,59,5,0.0,2,1,1,185123.09,0
601,France,Male,40,10,98627.13,2,0,0,77977.69,0
675,France,Male,39,1,0.0,2,1,0,153129.22,0
670,Spain,Male,67,6,158719.57,1,1,1,118607.4,0
630,France,Female,28,1,0.0,2,1,1,133267.78,0
657,Spain,Male,42,5,41473.33,1,1,0,112979.6,1
634,Spain,Male,35,3,0.0,2,1,1,19515.48,0
577,France,Female,46,1,0.0,1,1,1,158750.53,0
724,France,Female,37,10,68598.56,1,1,0,157862.82,0
540,Germany,Male,64,1,91869.69,1,0,1,95421.0,0
667,France,Male,42,7,0.0,1,0,1,108348.94,1
701,France,Male,51,9,0.0,2,0,0,61961.57,0
646,Spain,Female,42,3,99836.47,1,0,1,22909.56,0
721,Germany,Male,37,4,98459.6,1,0,0,90821.66,0
434,Germany,Male,55,8,109339.17,2,1,0,96405.88,1
661,Spain,Male,39,6,132628.98,1,0,0,38812.67,0
683,France,Male,47,1,0.0,2,1,0,148989.15,0
540,Spain,Female,40,8,0.0,2,1,0,3560.0,0
684,France,Female,26,5,87098.91,1,0,0,106095.82,0
739,France,Male,40,4,0.0,2,0,0,173321.65,0
665,France,Male,36,1,0.0,2,0,1,121505.61,0
726,France,Female,32,8,0.0,2,0,0,185075.63,0
850,Germany,Male,28,4,147972.19,1,1,0,60708.72,1
724,France,Female,40,6,110054.45,1,1,1,86950.72,0
703,France,Male,37,1,149762.08,1,1,0,20629.4,1
737,France,Female,70,9,87542.89,2,1,1,42576.86,0
606,Spain,Female,46,8,0.0,2,1,1,183717.94,0
429,France,Female,27,6,117307.44,2,1,1,24020.49,0
498,Germany,Male,25,8,121702.73,1,1,1,132210.49,0
661,France,Male,26,8,0.0,2,0,0,196875.87,0
727,Germany,Male,58,5,106913.43,1,1,0,25881.0,1
751,France,Male,42,4,0.0,2,1,1,81442.6,0
571,Germany,Male,25,6,82506.72,2,1,0,167705.07,0
664,Germany,Male,39,7,60263.23,1,1,0,170835.32,0
592,Spain,Male,31,7,110071.1,1,0,0,43921.36,0
593,Spain,Male,43,10,0.0,2,0,0,53478.02,0
751,Germany,Female,37,0,151218.98,1,1,1,109309.29,0
657,Spain,Male,31,3,125167.02,1,0,0,98820.39,0
640,France,Male,38,9,0.0,2,1,0,88827.67,0
580,France,Male,34,6,0.0,2,1,1,160095.31,0
537,Germany,Male,84,8,92242.34,1,1,1,186235.98,0
635,Germany,Female,44,2,79064.85,2,0,1,113291.75,0
581,France,Female,24,3,95508.2,1,1,1,45755.0,0
692,Germany,Male,45,6,152296.83,4,0,1,108040.86,1
584,Germany,Male,47,7,130538.77,1,1,0,92915.84,0
609,Spain,Male,34,7,140694.78,2,1,0,46266.63,0
619,France,Female,55,0,0.0,3,0,0,60810.64,1
531,France,Male,44,3,0.0,2,1,1,34416.79,0
709,France,Female,30,5,0.0,2,0,1,161388.22,0
766,Spain,Male,36,5,78381.13,1,0,1,153831.6,0
675,Spain,Male,32,8,197436.82,1,1,1,52710.7,0
559,France,Female,43,1,0.0,2,1,1,196645.87,0
477,Germany,Male,34,8,139959.55,2,1,1,189875.83,0
592,Spain,Male,38,0,0.0,1,1,0,65986.48,1
662,Germany,Male,33,0,103471.52,1,1,1,162703.0,0
542,Spain,Male,54,8,105770.14,1,0,1,140929.98,1
583,France,Female,31,4,158978.79,1,1,0,12538.92,0
738,Spain,Male,35,8,127290.61,1,1,0,16081.62,0
569,France,Male,28,7,0.0,2,1,0,73977.23,0
697,France,Female,25,4,165686.11,2,1,0,15467.98,0
734,Spain,Female,39,3,92636.96,2,1,1,125671.29,0
410,France,Female,35,7,117183.74,1,1,1,109733.73,0
630,France,Female,26,5,0.0,2,1,0,182612.38,0
749,France,Male,30,1,0.0,2,0,1,126551.65,0
633,Germany,Male,43,3,144164.29,1,1,1,158646.46,0
656,Germany,Female,46,7,141535.52,1,1,0,50595.15,1
492,Germany,Male,51,8,117808.74,2,1,1,67311.12,0
627,Germany,Male,27,0,185267.45,2,1,1,77027.34,0
693,France,Male,37,1,0.0,2,1,1,82867.55,0
668,Spain,Female,36,3,133686.52,1,1,0,190958.48,1
723,Germany,Female,68,3,110357.0,1,0,0,141977.54,1
592,Spain,Male,38,3,0.0,1,1,1,12905.89,1
559,France,Male,52,2,0.0,1,1,0,129013.59,1
628,France,Female,45,8,0.0,2,1,0,193903.06,0
639,France,Male,38,3,0.0,1,1,0,42862.82,0
680,France,Male,31,1,0.0,2,1,1,3148.2,0
732,Germany,Female,29,1,154333.82,1,1,1,138527.56,0
669,France,Female,41,0,150219.41,2,0,0,107839.03,0
699,Spain,Female,29,9,127570.93,2,1,0,164756.81,0
820,Germany,Male,39,9,111336.89,1,1,0,16770.31,1
653,France,Male,41,8,102768.42,1,1,0,55663.85,0
584,France,Male,35,6,161613.94,2,1,1,148238.16,0
613,Spain,Female,32,0,0.0,2,0,1,126675.62,0
695,Germany,Male,52,8,103023.26,1,1,1,22485.64,0
656,Spain,Male,69,6,163975.09,1,1,1,36108.5,0
670,France,Female,39,8,101928.51,1,0,0,89205.54,0
661,Spain,Female,28,7,95357.49,1,0,0,102297.15,0
660,France,Male,34,8,106486.66,2,0,1,182262.66,0
550,Germany,Male,49,0,108806.96,3,1,0,61446.92,1
594,France,Male,27,0,197041.8,1,0,0,151912.49,0
589,Germany,Female,20,2,121093.29,2,1,0,3529.72,0
850,France,Male,56,7,131317.48,1,1,1,119175.45,0
550,France,Male,37,3,0.0,1,1,1,179670.31,0
638,France,Female,36,6,0.0,1,1,0,164247.51,0
708,Spain,Female,41,5,0.0,1,0,1,157003.99,0
690,Spain,Male,36,10,0.0,2,1,0,55902.93,0
749,Spain,Male,34,2,0.0,1,0,0,174189.04,1
555,Germany,Male,42,6,107104.5,1,1,1,41304.44,1
677,France,Male,37,3,88363.03,1,0,1,117946.3,0
512,France,Female,37,1,0.0,2,0,1,156105.03,0
726,France,Male,28,2,0.0,1,0,0,98060.51,0
448,Spain,Male,25,2,0.0,2,0,0,95215.73,0
660,France,Female,38,5,110570.78,2,1,0,195906.59,0
509,France,Male,30,6,0.0,2,1,0,180598.86,0
588,France,Female,36,2,0.0,2,1,0,92536.0,1
556,France,Female,52,9,0.0,1,1,0,175149.2,1
558,Spain,Male,40,4,161766.87,1,0,0,92378.54,0
719,France,Female,22,7,114415.84,1,1,1,177497.4,0
616,France,Male,59,5,153861.1,1,1,1,17699.48,0
699,France,Male,34,2,117468.67,1,1,0,185227.42,0
792,Germany,Female,29,4,107601.79,1,1,0,18922.18,1
591,France,Male,28,5,0.0,2,1,1,48606.92,0
738,Germany,Female,40,6,114940.67,2,1,1,194895.57,1
665,France,Female,38,5,0.0,2,1,0,156439.56,0
755,France,Male,34,3,0.0,2,1,1,158816.03,0
763,Germany,Male,42,6,100160.75,1,1,0,33462.94,1
705,France,Female,39,5,149379.66,2,1,0,96075.55,0
646,France,Female,42,3,175159.9,2,0,0,67124.48,1
750,Spain,Female,39,7,119565.92,1,1,0,87067.73,0
684,Germany,Male,59,9,122471.09,1,0,1,15807.07,0
527,Germany,Female,39,9,96748.89,2,1,0,94711.43,0
516,Spain,Male,50,5,0.0,1,0,1,146145.93,1
656,France,Male,38,10,0.0,1,1,1,136521.82,0
788,Spain,Female,70,1,0.0,2,1,1,41610.62,0
665,Spain,Female,42,2,156371.61,2,0,1,156774.94,1
496,France,Male,30,0,90963.49,1,0,1,27802.0,0
720,France,Female,38,10,0.0,2,1,1,56229.72,1
525,France,Female,59,6,55328.4,1,1,0,83342.73,1
726,France,Male,34,9,0.0,2,0,0,14121.61,0
646,France,Female,33,2,0.0,2,0,0,198208.0,0
656,France,Male,40,2,0.0,2,1,1,180553.48,0
681,Germany,Female,44,3,105206.7,2,1,1,163558.36,0
643,Spain,Male,43,1,0.0,2,1,1,145764.4,0
513,Spain,Male,88,10,0.0,2,1,1,52952.24,0
689,France,Male,22,4,136444.25,1,1,0,51980.25,1
637,France,Female,41,9,0.0,2,1,0,145477.36,0
481,France,Female,28,10,0.0,2,1,0,145215.96,0
629,France,Female,39,10,0.0,2,1,1,43174.49,1
602,France,Male,23,7,113758.48,2,0,0,84077.6,0
560,France,Female,31,3,115141.18,1,1,0,39806.75,0
646,Spain,Male,25,5,182876.88,2,1,1,42537.59,1
640,France,Female,33,1,167298.42,1,0,1,145381.65,0
793,Spain,Male,25,3,100913.57,1,0,0,10579.72,0
752,Germany,Female,37,5,113291.05,2,1,1,132467.54,0
529,France,Female,31,5,0.0,2,1,0,26817.23,0
523,Germany,Male,27,8,61688.61,2,1,0,147059.16,0
598,France,Male,28,8,129991.76,2,0,1,46041.08,0
788,France,Male,32,4,112079.58,1,0,0,89368.59,0
676,France,Female,40,2,147803.48,1,1,0,95181.06,1
758,Spain,Female,43,10,0.0,2,1,1,55313.44,0
551,Germany,Male,31,9,82293.82,2,1,1,91565.25,0
588,Germany,Female,40,10,125534.51,1,1,0,121504.18,1
646,Germany,Female,57,6,90212.0,1,1,0,13911.27,1
752,Spain,Male,48,5,116060.08,1,1,0,156618.38,1
557,France,Female,46,4,96173.17,2,1,1,116378.31,0
750,Germany,Male,42,8,151836.36,2,1,0,68695.38,0
730,Spain,Male,25,5,167385.81,1,1,1,56307.51,0
787,France,Male,33,1,126588.81,2,0,1,62163.53,0
632,France,Male,38,4,0.0,2,0,0,192505.62,0
829,Germany,Female,37,3,103457.76,1,0,0,1114.12,0
770,France,Female,33,4,0.0,1,1,0,26080.54,1
678,France,Male,66,8,0.0,2,1,1,47117.03,0
521,France,Male,37,2,0.0,2,1,1,86372.24,0
692,Spain,Male,46,2,0.0,2,1,1,105983.09,0
597,Germany,Male,52,8,83693.34,2,1,1,161083.53,0
675,France,Female,39,6,0.0,2,0,0,83419.15,0
650,France,Male,60,8,0.0,2,1,1,102925.76,0
625,France,Male,43,8,201696.07,1,1,0,133020.9,1
518,France,Male,59,5,138772.15,1,0,1,123872.0,0
468,Germany,Male,29,1,111681.98,2,1,1,195711.16,0
629,France,Male,35,1,172170.36,1,1,1,159777.37,0
675,Spain,Male,36,9,106190.55,1,0,1,22994.32,0
507,France,Female,35,2,0.0,2,1,0,97633.93,0
484,Germany,Female,34,4,148249.54,1,0,1,33738.27,0
437,Germany,Male,35,6,126803.34,2,1,1,161133.4,0
601,Germany,Female,33,7,114430.18,2,1,1,153012.13,0
603,France,Male,31,4,0.0,2,0,1,9607.1,0
552,France,Male,49,4,0.0,1,1,1,190296.76,1
747,France,Female,34,10,0.0,2,1,1,50759.8,0
598,Spain,Male,39,1,0.0,2,1,0,159130.32,0
799,Germany,Male,28,7,167658.33,2,1,1,111138.25,0
831,Germany,Male,32,9,80262.66,1,1,0,194867.78,0
656,France,Female,48,9,0.0,2,1,1,85240.61,1
706,Germany,Male,36,9,58571.18,2,1,0,40774.01,0
775,Germany,Female,74,0,161371.5,1,1,1,134869.93,0
714,Germany,Female,49,4,93059.34,1,1,0,7571.51,1
543,Spain,Male,41,5,0.0,2,0,1,143980.29,0
669,France,Male,30,7,95128.86,1,0,0,19799.26,0
748,Spain,Male,36,4,141573.55,1,1,0,82158.14,0
688,Germany,Male,29,9,144553.5,2,1,0,143454.95,0
816,Germany,Female,25,2,150355.35,2,1,1,35770.84,0
696,France,Female,30,8,0.0,2,1,1,196134.44,0
499,Spain,Female,53,1,75225.53,2,0,0,144849.1,1
545,France,Male,23,2,0.0,2,1,0,189613.12,0
534,France,Male,35,2,81951.74,2,1,0,115668.53,0
399,Germany,Male,46,2,127655.22,1,1,0,139994.68,1
483,France,Male,48,1,0.0,2,1,1,110059.38,0
504,Germany,Male,56,9,104217.3,1,0,0,55857.48,1
666,Germany,Female,50,7,109062.28,1,1,1,140136.1,1
713,France,Female,39,10,0.0,2,1,1,126263.97,0
674,Spain,Male,36,2,0.0,2,1,1,182787.17,0
719,France,Female,42,4,0.0,1,1,0,28465.86,1
754,Spain,Female,27,8,0.0,2,0,0,121821.16,0
642,France,Male,30,8,80964.57,2,1,0,174738.2,0
686,France,Female,35,8,105419.73,1,1,0,35356.46,0
627,France,Female,32,1,0.0,1,1,0,106851.7,0
525,France,Male,35,7,165358.77,1,0,1,94738.54,0
586,France,Male,32,1,0.0,2,0,0,31635.99,0
607,Spain,Male,36,8,158261.68,1,1,1,76744.72,0
607,Germany,Male,39,2,84468.67,2,1,1,121945.42,0
672,Spain,Male,43,5,0.0,2,1,1,64515.5,0
594,Spain,Female,49,2,126615.94,2,0,1,123214.74,0
699,France,Male,39,2,109724.38,1,1,1,180022.39,0
660,France,Female,20,6,167685.56,1,1,0,57929.9,0
587,France,Male,38,0,0.0,2,1,0,47414.15,0
537,France,Male,28,0,88963.31,2,1,1,189839.93,0
561,France,Female,35,5,0.0,2,1,0,59981.62,0
742,Spain,Male,24,8,0.0,2,1,0,4070.28,0
551,France,Female,59,2,166968.28,1,1,0,159483.76,1
600,France,Male,32,1,0.0,1,1,1,101986.16,0
581,France,Male,54,4,89299.81,1,0,0,5558.47,1
724,Germany,Male,30,7,115315.04,1,1,0,15216.53,0
766,Germany,Male,27,5,126285.73,1,1,0,177614.17,1
586,Spain,Female,33,7,0.0,2,1,1,168261.4,0
733,Germany,Female,33,7,187257.94,1,0,1,190430.81,0
500,France,Male,45,2,109162.82,1,1,1,126145.08,0
734,Germany,Female,52,6,71283.09,2,0,1,38984.37,0
644,France,Male,28,7,155060.41,1,1,0,29179.52,0
757,France,Male,47,3,130747.1,1,1,0,143829.54,0
689,Spain,Female,63,1,0.0,2,1,1,186526.12,0
828,Spain,Male,28,8,134766.85,1,1,0,79355.87,0
679,Germany,Male,52,9,135870.01,2,0,0,54038.62,0
605,France,Male,39,7,0.0,1,0,1,119348.28,0
712,France,Male,33,3,153819.58,1,1,0,79176.09,1
833,France,Male,30,1,0.0,2,1,0,141860.62,0
495,France,Male,30,10,129755.99,1,0,0,172749.65,0
691,Germany,Male,38,9,163965.69,2,0,1,103511.26,0
490,France,Female,35,7,107749.03,1,1,1,3937.37,0
561,Spain,Male,24,8,143656.55,1,0,1,180932.46,0
562,France,Male,75,5,87140.85,1,1,1,39351.64,0
498,France,Male,73,2,170241.7,2,1,1,165407.96,0
541,France,Male,39,7,0.0,2,1,0,19823.02,0
587,France,Female,36,1,134997.49,2,1,0,44688.08,0
611,France,Male,49,3,0.0,2,1,1,142917.54,0
655,France,Female,50,10,0.0,4,1,0,179267.94,1
543,France,Male,35,5,137482.19,1,0,0,62389.35,0
684,Spain,Male,34,9,100628.0,2,1,1,190263.78,0
688,Spain,Male,37,7,138162.41,2,1,1,113926.31,0
641,France,Female,48,3,147341.43,1,1,1,157458.61,1
652,Germany,Male,35,7,104015.54,2,1,1,55207.88,0
751,Germany,Male,36,5,73194.99,1,1,1,89222.66,0
850,France,Female,37,7,153147.75,1,1,1,152235.3,0
725,France,Male,44,5,0.0,1,1,1,117356.14,0
850,France,Female,37,3,212778.2,1,0,1,69372.88,0
591,France,Female,34,3,96127.27,1,0,0,30972.06,0
850,Germany,Female,26,8,123126.29,1,1,0,74425.41,0
611,France,Male,40,1,0.0,2,1,1,102547.56,0
745,Spain,Female,59,8,0.0,1,1,1,36124.98,0
793,France,Male,39,3,137817.52,1,0,0,83997.79,0
565,Germany,Female,47,10,139756.12,1,1,0,165849.49,1
641,France,Female,26,4,91547.84,2,0,1,28157.34,0
678,France,Male,40,1,0.0,2,1,1,187343.4,0
520,Spain,Female,63,5,162278.32,1,1,1,34765.33,0
709,France,Female,36,7,0.0,1,0,1,42085.58,1
573,France,Male,35,9,0.0,2,1,0,11743.89,0
737,Germany,Female,40,2,162485.8,2,1,0,149381.32,0
586,France,Male,33,9,0.0,1,1,0,6975.02,0
850,France,Male,38,1,0.0,2,1,1,80006.65,0
850,France,Male,34,2,72079.71,1,1,1,115767.93,0
468,France,Male,22,2,0.0,2,1,0,28123.99,0
476,Germany,Female,34,8,111905.43,1,0,1,197221.81,1
712,Spain,Female,48,8,0.0,2,1,0,183235.33,0
710,Spain,Female,27,2,135277.96,1,1,0,142200.15,0
627,France,Female,57,9,0.0,2,1,1,107712.42,0
683,France,Female,73,8,137732.23,2,1,1,133210.44,0
589,France,Male,37,5,0.0,1,1,0,61324.87,0
584,Germany,Female,30,8,112013.81,1,1,0,177772.03,1
721,Spain,Male,43,3,88798.34,1,0,0,45610.63,0
698,Germany,Female,51,2,111018.98,1,1,0,86410.28,0
603,Spain,Male,30,6,129548.5,2,1,1,19282.85,0
713,France,Female,59,3,0.0,2,1,1,62700.08,0
779,France,Female,42,5,0.0,2,0,0,25951.91,0
542,France,Male,39,3,135096.77,1,1,1,14353.43,1
845,Germany,Female,41,2,81733.74,2,0,0,199761.29,0
721,Spain,Male,57,1,0.0,1,1,1,195940.96,0
611,Germany,Female,43,9,127216.31,2,0,1,17913.25,0
850,Germany,Female,33,7,134678.13,1,1,0,113177.95,0
713,France,Male,46,5,0.0,1,1,1,55701.62,0
733,France,Male,51,10,141556.96,1,1,0,130189.53,0
695,France,Female,36,2,0.0,2,0,1,167749.54,0
674,Spain,Female,41,4,126605.14,1,1,1,166694.93,0
543,France,Male,36,4,0.0,2,1,1,141210.5,0
627,France,Female,27,2,0.0,2,1,0,125451.01,0
547,Germany,Male,49,8,121537.71,2,1,0,46521.45,1
653,Spain,Male,55,7,0.0,2,1,1,41967.03,0
477,Germany,Female,58,8,145984.92,1,1,1,24564.7,0
648,Germany,Male,37,6,131753.41,1,1,0,86894.67,0
758,Germany,Male,41,10,79857.64,1,1,1,78088.17,0
772,France,Male,23,2,0.0,2,1,0,18364.19,0
586,Spain,Female,57,3,0.0,2,0,1,6057.81,0
754,Spain,Female,50,7,146777.44,2,0,1,150685.52,0
836,Spain,Female,37,10,0.0,2,1,0,111324.41,0
714,France,Female,52,2,0.0,1,0,1,144045.08,1
585,France,Male,42,2,0.0,2,1,1,18657.77,0
669,Germany,Female,42,1,103873.39,1,1,0,148611.52,0
681,France,Male,38,3,0.0,2,1,1,112491.96,0
685,Germany,Male,30,3,90536.81,1,0,1,63082.88,0
743,France,Male,36,4,0.0,2,1,1,190911.02,0
748,Spain,Male,35,5,105492.53,1,1,1,150057.2,0
622,France,Male,31,7,0.0,1,1,0,35408.77,0
701,France,Female,39,9,0.0,2,0,1,145894.9,0
579,Germany,Male,31,2,90547.48,2,1,1,18800.13,0
728,Germany,Male,32,5,61825.5,1,1,1,156124.93,0
794,Spain,Male,45,8,88656.37,2,1,0,116547.31,0
564,France,Female,53,2,45472.28,1,1,1,41055.71,1
532,France,Male,43,9,0.0,2,0,0,190573.91,1
540,Spain,Male,37,0,120825.7,1,1,0,28257.89,0
489,Spain,Male,40,3,221532.8,1,1,0,171867.08,0
695,Spain,Male,63,1,146202.93,1,1,1,126688.83,1
833,Germany,Male,29,1,96462.25,2,0,1,48986.18,0
502,Germany,Female,33,6,125241.17,2,1,1,158736.07,0
659,France,Male,67,4,145981.87,1,1,1,131043.2,0
617,France,Female,28,0,0.0,2,1,1,7597.83,1
806,France,Female,67,1,0.0,2,0,1,103945.58,0
678,France,Male,36,0,107379.68,1,1,1,84460.18,0
551,France,Female,36,5,0.0,1,1,0,183479.12,0
411,France,Female,35,2,0.0,2,1,1,93825.78,0
684,Spain,Female,41,7,0.0,1,1,1,138394.37,0
605,Germany,Female,43,8,125338.8,2,1,0,23970.13,0
755,France,Female,29,4,148654.84,2,1,1,28805.09,0
709,France,Male,39,8,0.0,2,1,0,56214.09,0
594,Germany,Male,18,1,132694.73,1,1,0,167689.56,0
768,France,Female,28,3,109118.05,2,0,1,50911.41,0
708,Germany,Female,54,8,145151.4,1,0,1,125311.17,1
623,France,Female,34,9,0.0,1,1,0,24255.21,0
616,Germany,Male,41,10,113220.2,2,1,1,114072.91,0
727,Germany,Male,39,5,80615.46,2,0,0,180962.32,0
698,France,Female,37,2,166178.02,2,1,1,71972.95,0
702,Germany,Male,28,1,103033.83,1,1,1,40321.87,0
680,France,Male,31,9,0.0,2,1,0,36145.53,0
692,Spain,Female,44,8,0.0,1,0,1,159069.37,0
642,France,Female,40,7,0.0,2,1,0,183963.34,0
776,France,Male,39,8,125211.55,2,1,0,144496.07,0
659,Spain,Male,31,7,149620.88,2,1,1,104533.51,0
535,Spain,Female,49,7,115309.75,1,1,0,111421.77,0
550,France,Female,22,7,139096.85,1,1,0,129890.94,0
678,France,Male,43,5,102338.19,1,1,1,79649.62,0
607,France,Female,21,0,0.0,2,1,0,116106.52,0
649,Germany,Male,78,4,68345.86,2,1,1,142566.75,0
621,Spain,Male,53,9,170491.84,1,1,0,35588.07,1
684,Spain,Female,42,3,103210.27,1,1,0,31002.03,0
647,Spain,Female,64,1,91216.0,1,1,1,41800.18,0
740,France,Male,36,7,0.0,1,1,1,13177.4,0
676,France,Female,61,8,0.0,2,1,1,118522.73,0
808,Spain,Male,25,7,0.0,2,0,1,23180.37,0
546,France,Female,20,6,0.0,1,0,1,20508.85,0
476,France,Female,32,6,111871.93,1,0,0,112132.86,0
554,France,Female,43,10,0.0,2,1,0,149629.13,1
850,Germany,Male,32,9,141827.33,2,1,1,149458.73,0
620,Spain,Male,31,2,166833.86,2,1,1,135171.6,0
617,Germany,Male,44,9,49157.09,2,1,0,53294.17,0
548,Germany,Male,49,9,108437.89,1,0,0,127022.87,1
599,France,Male,50,3,121159.65,1,0,0,4033.39,1
646,Spain,Male,69,10,115462.44,1,1,0,40421.87,0
771,Spain,Female,56,2,0.0,1,1,1,25222.6,1
525,Spain,Female,57,2,145965.33,1,1,1,64448.36,0
754,Germany,Male,35,6,98585.94,2,0,1,106116.84,0
619,France,Male,27,1,154483.98,1,1,0,156394.74,0
806,Germany,Male,31,10,138653.51,1,1,0,190803.37,0
803,France,Female,32,9,192122.84,1,1,1,54277.45,1
528,Spain,Male,43,7,97473.87,2,1,1,159823.16,0
780,Germany,Male,51,4,126725.25,1,1,0,195259.31,1
721,France,Male,69,2,108424.19,1,1,1,178418.35,0
638,France,Male,46,9,139859.54,1,1,0,38967.29,0
725,France,Male,46,6,0.0,2,1,0,161767.38,0
600,France,Male,49,7,90218.9,1,1,0,91347.76,0
613,Germany,Female,30,5,131563.88,2,1,0,170638.98,0
647,Germany,Female,35,3,166518.63,2,1,0,147930.46,0
763,France,Female,31,4,0.0,2,0,0,50404.72,0
695,France,Male,37,2,0.0,2,1,1,99692.65,0
682,France,Male,37,5,0.0,2,0,1,112554.68,0
610,France,Female,31,6,107784.65,1,1,1,141137.53,0
676,France,Female,37,5,89634.69,1,1,1,169583.18,1
568,Spain,Female,27,1,116320.68,1,0,1,45563.94,0
695,France,Female,42,0,0.0,2,0,1,140724.64,0
490,France,Male,29,4,0.0,2,1,0,32089.57,0
488,Germany,Female,28,7,139246.22,2,1,0,106799.49,0
710,Spain,Female,29,3,119670.18,1,1,0,188022.44,0
573,France,Female,33,0,90124.64,1,1,0,137476.71,0
688,Germany,Male,35,5,111578.18,1,0,0,166165.93,1
654,France,Male,29,7,0.0,2,1,1,149184.15,0
742,France,Male,33,6,0.0,2,0,0,38550.4,0
584,Spain,Female,37,8,0.0,2,0,1,100835.19,0
646,France,Male,30,7,0.0,2,1,0,153566.97,0
783,France,Male,40,6,0.0,2,1,0,109742.55,0
659,Germany,Female,32,3,150923.74,2,0,1,174652.51,0
757,Germany,Female,34,9,101861.36,2,0,0,187011.96,0
789,France,Female,27,8,66201.96,1,1,1,79458.12,0
691,France,Male,24,6,0.0,2,1,1,92811.2,0
598,France,Male,64,1,0.0,2,1,0,195635.3,1
535,France,Female,44,2,114427.86,1,1,1,136330.26,0
508,France,Male,44,3,115451.05,2,0,0,67234.33,0
750,France,Male,38,5,151532.4,1,1,1,46555.15,0
359,France,Female,44,6,128747.69,1,1,0,146955.71,1
665,France,Female,40,6,0.0,1,1,1,161848.03,0
665,Spain,Male,29,1,182781.74,2,1,1,63732.9,0
487,France,Male,37,6,0.0,2,1,1,126477.41,0
612,France,Female,33,0,64900.32,2,1,0,102426.12,0
629,Spain,Male,35,4,174588.8,2,0,1,158420.14,0
683,France,Female,42,8,0.0,2,0,1,198134.9,0
681,France,Female,41,0,120549.29,2,1,0,175722.31,0
548,France,Female,33,1,80107.83,2,0,1,82245.67,0
630,Germany,Male,29,6,131354.39,1,0,1,9324.31,1
683,France,Male,72,3,140997.26,1,0,1,52876.41,0
699,France,Male,40,7,0.0,1,0,1,152876.13,1
696,France,Male,19,1,110928.51,1,1,1,2766.63,0
850,France,Female,28,9,0.0,2,1,1,164864.67,0
586,Germany,Male,32,1,149814.54,1,1,0,31830.06,0
812,France,Male,24,10,0.0,2,1,1,156906.15,0
655,France,Female,59,7,0.0,1,1,0,88958.49,1
638,Germany,Male,37,2,89728.86,2,1,1,37294.88,0
826,France,Male,55,4,115285.85,1,1,0,140126.17,0
530,Spain,Female,36,2,0.0,2,1,1,14721.8,0
653,France,Female,40,0,0.0,2,1,0,35795.85,0
512,France,Male,51,6,144953.31,1,1,1,165035.17,0
581,Spain,Female,24,10,159203.71,1,1,1,102517.83,1
704,France,Male,31,5,132084.66,3,1,1,54474.48,1
679,France,Female,43,4,0.0,3,1,0,115136.51,1
600,France,Male,37,1,142663.46,1,0,1,88669.89,0
585,France,Female,28,6,105795.9,1,1,1,41219.09,0
610,France,Male,40,9,0.0,1,1,1,149602.54,0
658,France,Female,39,4,0.0,1,1,1,147530.06,0
705,France,Female,39,3,92224.56,1,1,1,54517.25,0
710,France,Female,31,3,0.0,2,1,1,112289.06,0
645,Spain,Female,29,4,0.0,2,1,1,74346.11,0
512,Spain,Male,39,3,0.0,1,1,0,134878.19,0
591,France,Male,49,3,0.0,2,1,0,50123.44,0
616,France,Male,40,9,0.0,2,0,0,93717.55,0
850,Spain,Male,30,2,0.0,2,0,1,27937.12,0
564,France,Male,31,0,110527.17,1,1,1,87060.77,0
601,Spain,Female,41,3,0.0,2,1,0,54342.83,0
842,France,Male,44,3,141252.18,4,0,1,128521.16,1
656,France,Male,37,2,0.0,2,0,1,67840.81,0
574,Spain,Female,28,7,0.0,2,0,0,185660.3,0
653,France,Female,32,4,83772.95,1,0,1,23920.65,0
528,France,Female,26,10,102073.67,2,0,0,166799.93,0
623,Spain,Female,40,7,0.0,1,1,1,25904.12,0
539,Spain,Female,37,1,130922.81,2,0,0,2186.83,0
520,Germany,Female,23,3,116022.53,2,1,1,37577.66,0
520,France,Male,49,5,121197.64,1,1,0,72577.33,1
636,France,Female,35,2,0.0,2,1,1,23129.46,0
610,France,Male,34,0,103108.17,1,0,0,125646.82,0
649,France,Male,39,3,113096.41,1,1,1,60335.24,0
574,Spain,Female,37,7,0.0,2,1,0,32262.28,0
714,Germany,Male,33,3,35016.6,1,1,0,53667.08,0
601,Germany,Female,26,7,105514.69,2,1,0,50070.59,0
654,France,Male,36,2,112262.84,1,1,0,12873.39,0
635,France,Female,27,8,127471.56,1,1,1,152916.05,1
680,France,Male,44,7,108724.98,1,0,1,72330.46,0
684,France,Female,43,7,0.0,2,1,0,131093.99,0
850,France,Male,49,6,128663.9,1,1,0,65769.3,1
788,Spain,Male,36,10,109632.85,1,1,1,16149.13,0
689,France,Male,39,4,0.0,2,1,0,196112.45,0
528,Spain,Female,32,0,68138.37,1,1,1,170309.19,0
701,France,Male,39,9,140236.98,1,0,1,146651.99,0
794,Spain,Female,30,1,154970.54,1,0,1,156768.45,0
787,France,Male,46,7,117685.31,2,1,1,93360.35,0
723,Germany,Female,47,10,90450.0,2,0,0,103379.31,1
794,Spain,Female,22,4,114440.24,1,1,1,107753.07,0
759,France,Female,39,6,0.0,2,1,1,140497.67,0
703,Spain,Male,39,6,152685.4,1,0,0,183656.12,0
586,France,Male,58,7,151933.63,1,1,0,162960.05,1
634,Germany,Female,59,3,95727.05,1,0,0,97939.4,1
525,France,Male,26,7,153644.39,1,1,1,63197.88,0
850,Spain,Female,29,10,0.0,2,1,1,94815.04,0
798,Spain,Female,58,9,0.0,2,0,0,119071.56,1
610,Spain,Female,37,10,140363.95,2,1,1,129563.86,0
625,Germany,Female,55,8,118772.71,4,0,0,135853.62,1
695,Spain,Male,46,3,122549.64,1,1,1,56297.85,0
773,Germany,Male,43,8,81844.91,2,1,1,35908.46,0
801,Spain,Male,58,1,79954.61,2,1,1,30484.19,0
648,France,Male,42,4,0.0,2,1,0,19283.14,0
752,France,Male,38,0,145974.79,2,1,1,137694.23,0
602,Spain,Male,34,8,98382.72,1,1,0,39542.0,0
811,Germany,Female,28,4,167738.82,2,1,1,9903.42,0
850,France,Male,32,4,0.0,1,1,1,180622.02,0
601,France,Female,46,3,98202.76,1,0,0,137763.93,0
597,France,Female,29,5,0.0,2,1,1,174825.57,0
662,France,Female,29,10,0.0,2,1,0,137508.31,0
482,Germany,Male,45,7,156353.46,1,1,0,72643.95,1
660,Spain,Male,38,6,109869.32,1,1,1,154641.91,0
803,France,Female,26,4,0.0,2,1,1,181208.47,0
695,France,Male,36,6,114007.5,2,1,0,118120.88,0
512,France,Female,33,6,121685.31,2,1,1,83681.97,0
525,France,Male,51,10,0.0,3,1,0,171045.35,1
681,Spain,Female,32,3,0.0,2,1,1,59679.9,0
587,France,Male,39,10,0.0,2,1,1,170409.45,0
655,Spain,Male,37,1,0.0,1,1,1,106040.97,0
774,France,Female,32,4,0.0,2,0,0,114899.13,0
622,Germany,Male,42,9,115766.26,1,0,0,72155.85,1
498,Spain,Male,29,8,127864.26,1,1,1,46677.9,0
704,Germany,Female,39,10,102556.18,2,1,0,171971.25,1
601,France,Male,46,2,99786.07,1,1,1,32683.88,1
606,France,Male,34,5,0.0,1,1,0,161971.42,0
769,Spain,Male,39,9,0.0,1,1,1,47722.79,0
785,France,Female,34,9,70302.48,1,1,1,68600.36,0
523,Germany,Female,39,1,143903.11,1,1,1,118711.75,1
623,Spain,Male,44,1,83325.77,1,0,1,80828.78,0
684,France,Male,46,0,0.0,2,1,1,36376.97,0
633,Spain,Male,63,4,114552.6,1,1,0,73856.28,1
763,France,Female,23,2,0.0,2,1,0,153983.99,0
848,Spain,Male,40,3,110929.96,1,1,1,30876.84,0
512,Spain,Male,31,6,0.0,2,1,0,168462.26,0
817,Germany,Female,27,7,129810.6,1,1,1,59259.44,0
617,Spain,Female,37,9,101707.8,1,1,0,123866.28,0
618,France,Female,31,4,0.0,2,1,0,29176.04,0
755,France,Female,38,1,0.0,2,1,0,20734.81,0
547,Spain,Female,31,9,0.0,2,0,0,99294.22,0
680,France,Male,34,9,0.0,2,1,1,95686.6,0
805,Germany,Female,26,8,42712.87,2,1,1,28861.69,0
696,Spain,Male,40,3,153639.11,1,1,1,138351.68,0
692,France,Female,42,2,0.0,2,1,0,145222.93,0
615,France,Male,30,7,0.0,2,1,1,156346.84,0
604,France,Male,33,3,0.0,1,1,0,42171.13,1
563,France,Male,30,7,90727.79,1,1,0,122268.75,0
554,France,Male,33,3,117413.95,1,1,1,12766.74,0
643,Germany,Male,59,3,170331.37,1,1,1,32171.79,0
600,France,Female,26,6,108909.12,1,1,0,82547.01,0
592,Germany,Male,33,2,156570.86,1,1,1,37140.2,0
567,Spain,Male,35,8,153137.74,1,1,0,88659.07,0
760,France,Male,38,6,162888.73,1,1,0,91098.76,1
534,Spain,Male,35,4,0.0,2,0,0,9541.15,0
671,Spain,Male,58,1,178713.98,1,1,1,21768.21,0
582,France,Female,39,1,132077.48,2,1,0,192255.15,0
515,France,Male,40,0,109542.29,1,1,1,166370.81,0
503,Spain,Male,25,7,0.0,1,0,1,192841.13,0
631,Spain,Female,41,0,0.0,1,0,0,87959.83,0
742,Germany,Male,27,5,190125.43,2,0,0,21793.59,0
768,France,Male,42,5,0.0,3,0,0,60686.4,0
537,Germany,Female,47,4,124192.28,2,1,1,50881.51,0
607,France,Female,49,9,119960.29,2,1,0,103068.22,0
806,France,Male,31,9,0.0,2,0,1,140168.36,0
680,France,Female,25,4,123816.5,1,1,1,90162.35,0
668,Spain,Male,43,10,113034.31,1,1,1,100423.88,0
829,France,Male,38,9,0.0,2,1,0,30529.88,0
627,France,Female,55,2,159441.27,1,1,0,100686.11,1
774,Spain,Female,36,8,117152.3,1,0,0,101828.39,0
618,Germany,Female,29,10,100315.1,2,1,1,32526.64,0
644,Germany,Female,34,10,122196.99,2,1,1,182099.71,0
778,France,Female,65,7,0.0,1,1,1,77867.23,0
754,Spain,Male,35,4,0.0,2,1,1,9658.41,0
684,France,Male,38,4,0.0,3,1,0,75609.84,0
665,Germany,Female,43,2,116322.27,4,1,0,35640.12,1
593,France,Male,31,9,0.0,2,0,1,20492.16,0
583,Germany,Female,32,7,94753.55,2,1,1,18149.03,0
624,Spain,Female,36,0,0.0,2,1,0,111605.9,0
681,France,Female,37,7,69609.85,1,1,1,72127.83,0
808,Germany,Female,37,2,100431.84,1,1,0,35140.49,1
661,France,Female,31,7,144162.3,2,1,1,14490.79,0
850,France,Female,81,1,0.0,2,1,1,59568.24,0
850,France,Female,36,0,164850.54,1,1,1,62722.44,0
498,Germany,Male,61,7,102453.26,1,1,0,187247.56,1
510,France,Female,52,6,191665.21,1,1,1,131312.56,1
775,France,Male,52,8,109922.61,1,1,1,96823.32,1
762,France,Female,44,7,159316.64,1,0,0,24780.13,0
850,Germany,Female,44,5,128605.32,1,0,1,171096.2,0
597,Spain,Male,35,9,0.0,3,0,1,73181.39,1
738,France,Female,26,3,0.0,2,1,0,67484.16,0
652,Germany,Female,45,9,110827.49,1,1,1,153383.54,1
651,Germany,Male,31,7,138008.06,2,1,0,129912.74,0
594,Germany,Female,29,3,130830.22,1,1,0,61048.53,0
617,France,Male,34,1,61687.33,2,1,0,105965.25,0
683,Germany,Female,35,5,95698.79,1,0,1,182566.76,0
769,Germany,Female,31,7,148913.72,2,1,0,53817.23,0
641,France,Female,36,5,66392.64,1,1,0,31106.67,0
615,France,Male,49,3,0.0,2,1,1,49872.33,0
520,Spain,Female,35,4,115680.81,1,1,1,90280.7,0
461,Spain,Female,25,6,0.0,2,1,1,15306.29,0
538,Spain,Female,42,9,0.0,1,0,0,152855.96,0
579,Germany,Male,31,6,139729.54,1,0,1,135815.38,0
654,France,Male,47,10,0.0,2,1,0,170481.98,0
684,France,Female,25,1,0.0,2,0,1,144978.47,0
401,Germany,Male,48,8,128140.17,1,1,0,175753.55,1
838,Spain,Female,39,5,166733.92,2,1,0,14279.44,0
743,Germany,Male,45,10,144677.19,3,1,0,22512.44,1
712,Spain,Male,53,2,111061.01,2,0,0,26542.17,0
562,France,Male,33,6,0.0,2,1,0,111590.35,0
664,Germany,Male,36,6,71142.77,2,1,0,122433.09,0
720,France,Female,34,3,118307.57,2,1,1,136120.29,0
703,France,Female,33,8,190566.65,1,1,1,79997.14,0
844,France,Male,40,7,113348.14,1,1,0,31904.31,1
582,France,Male,39,5,0.0,2,1,1,129892.93,0
646,Germany,Female,30,10,100548.67,2,0,0,136983.77,0
650,Germany,Male,23,4,93911.3,2,1,0,69055.45,0
797,France,Male,29,1,0.0,1,0,1,149991.32,0
624,France,Male,36,6,0.0,2,0,0,84635.64,0
687,Spain,Female,63,1,137715.66,1,1,1,37938.74,0
485,Spain,Female,30,7,0.0,1,1,0,107067.37,0
791,Germany,Female,42,10,113657.41,2,0,1,139946.68,1
748,France,Male,40,3,95297.11,1,0,0,171515.84,0
593,Germany,Female,29,5,101713.84,3,1,0,134594.99,0
661,Germany,Female,35,5,150725.53,2,0,1,113656.85,0
662,Spain,Female,35,6,0.0,2,0,0,2423.9,1
671,Germany,Male,51,3,96891.46,1,1,0,176403.33,1
492,Germany,Male,39,10,124576.65,2,1,0,148584.61,0
750,Germany,Female,52,6,107467.56,1,1,0,126233.18,1
774,Spain,Female,43,1,116360.07,1,1,0,17004.14,0
701,Spain,Male,35,10,159693.9,2,1,1,71173.64,0
832,Spain,Female,34,6,138190.13,2,0,1,146511.2,0
707,Spain,Female,35,3,56674.48,1,1,0,17987.4,1
431,France,Male,37,0,120764.08,1,1,1,117023.08,0
564,France,Female,33,4,135946.26,1,1,0,63170.0,0
687,Spain,Female,44,7,0.0,3,1,0,155853.52,1
526,France,Male,42,1,0.0,1,0,1,168486.02,0
850,Germany,Male,56,1,169743.83,1,0,0,155850.4,1
681,France,Female,58,8,93173.88,1,1,1,139761.25,0
810,Germany,Male,69,3,27288.43,1,1,1,110509.9,0
706,Germany,Female,47,10,144090.42,1,1,0,140938.95,1
608,Germany,Male,28,4,96679.71,1,1,1,49133.45,0
645,France,Male,45,6,155417.61,1,0,1,3449.22,0
499,France,Female,57,1,0.0,1,0,0,131372.38,1
802,Spain,Male,40,4,0.0,2,1,1,81908.09,0
800,France,Female,38,2,168190.33,2,1,0,68052.08,0
617,France,Male,25,1,102585.88,2,1,1,115387.4,0
635,Germany,Male,53,8,117005.55,1,0,1,123646.57,1
600,France,Male,31,8,0.0,2,1,1,121555.51,0
622,France,Male,35,8,0.0,2,1,1,131772.51,0
702,France,Male,45,0,80793.58,1,1,1,27474.81,0
763,Germany,Female,61,1,66101.89,1,1,1,143981.27,0
499,France,Male,31,4,0.0,1,1,0,25950.49,0
667,France,Male,31,3,99513.91,1,1,1,189657.26,0
730,France,Male,39,1,116537.6,1,0,0,145679.6,0
535,France,Female,31,7,111855.04,2,1,1,36278.89,0
578,France,Male,59,10,185966.64,1,0,0,9445.42,1
563,France,Male,22,3,137583.04,1,0,1,5791.85,0
706,Spain,Female,37,7,0.0,2,1,1,110899.3,0
708,France,Male,52,10,105355.81,1,1,0,123.07,1
791,France,Female,31,10,75499.24,1,1,0,22184.14,0
626,Spain,Female,37,6,108269.37,1,1,0,5597.94,0
679,Germany,Female,37,8,77373.87,2,0,1,174873.09,0
850,France,Male,40,6,124788.18,1,1,0,65612.12,0
738,Germany,Male,35,6,101744.84,1,0,0,85185.44,0
521,France,Male,35,6,96423.84,1,1,0,10488.44,0
689,France,Female,46,7,52016.08,2,1,1,72993.65,0
700,France,Female,32,8,110923.15,2,1,1,161845.81,1
572,France,Male,30,6,117696.67,1,1,0,100843.82,0
850,Germany,Female,27,8,111837.78,2,1,1,110805.79,0
501,France,Male,42,9,114631.23,1,0,1,91429.74,0
576,Germany,Male,44,9,119530.52,1,1,0,119056.68,1
541,France,Male,37,9,212314.03,1,0,1,148814.54,0
779,Germany,Female,37,2,128389.63,1,1,1,6589.16,1
625,Germany,Female,35,5,86147.46,2,1,0,163440.8,1
654,Germany,Male,43,9,84673.17,2,0,1,82081.35,0
600,Germany,Female,58,8,118723.11,1,0,0,6209.51,1
850,Germany,Female,33,2,83415.04,1,0,1,74917.64,0
608,Germany,Female,40,7,96202.32,1,0,0,161154.85,0
471,France,Male,42,3,164951.56,1,1,0,190531.77,0
710,Spain,Female,36,8,0.0,2,0,0,83206.19,0
806,Germany,Female,59,0,135296.33,1,1,0,182822.5,0
695,France,Female,50,8,0.0,1,1,0,126381.6,1
675,France,Female,34,10,84944.58,1,0,0,146230.63,0
587,Germany,Male,35,5,121863.61,1,1,1,23481.69,1
703,France,Female,40,7,0.0,2,0,1,122518.5,0
707,France,Female,49,10,0.0,1,1,0,82967.97,1
588,Germany,Female,42,2,164307.77,1,1,0,48498.19,0
688,France,Male,40,6,0.0,1,1,1,47886.44,0
660,France,Male,38,4,0.0,2,0,0,88080.43,0
567,Germany,Male,29,5,129750.68,1,1,0,109257.59,0
578,Germany,Female,31,5,102088.68,4,0,0,187866.21,1
633,France,Female,44,7,0.0,2,1,0,29761.29,0
410,France,Male,33,6,125789.69,1,0,0,66333.56,1
737,Spain,Male,38,6,146282.79,2,1,0,198516.2,0
483,France,Female,44,5,136836.49,1,1,0,192359.9,1
751,France,Male,43,1,114974.24,1,1,0,125920.54,0
608,Germany,Female,44,5,126147.84,1,0,1,132424.69,1
787,Germany,Female,38,3,158373.23,1,1,1,28228.35,0
545,Germany,Female,37,8,114754.08,1,1,0,136050.44,1
609,France,Male,37,6,0.0,2,0,1,22030.72,0
418,France,Male,34,8,155973.88,1,1,0,154208.96,0
557,France,Male,34,3,83074.0,1,1,0,132673.22,0
628,Spain,Male,28,4,0.0,2,1,1,176750.81,0
681,France,Female,79,0,0.0,2,0,1,170968.99,0
644,France,Female,40,9,137285.26,4,1,0,77063.63,1
662,France,Female,38,2,96479.81,1,1,0,120259.41,0
668,France,Male,42,8,187534.79,1,1,1,32900.41,1
707,France,Male,33,2,0.0,2,0,0,130866.95,0
607,France,Male,26,1,0.0,1,1,0,29818.2,0
642,Germany,Female,19,3,113905.48,1,1,1,176137.2,0
603,France,Male,45,9,0.0,1,0,0,148516.79,0
687,France,Female,44,9,0.0,2,0,0,103042.2,1
757,Spain,Female,55,9,117294.12,4,1,0,94187.47,1
603,Germany,Male,44,6,108122.39,2,1,0,108488.33,1
705,Germany,Female,43,7,79974.55,1,1,1,103108.33,0
635,Germany,Male,37,5,113488.68,1,1,0,95611.74,1
655,France,Female,45,0,0.0,2,1,0,166830.71,0
501,France,Female,40,2,0.0,2,0,0,141946.92,0
616,Spain,Female,36,6,0.0,1,1,1,12916.32,1
622,France,Female,30,4,107879.04,1,0,1,196894.62,0
690,France,Male,38,1,94456.0,2,0,1,55034.02,0
752,Spain,Female,36,3,0.0,2,1,1,48505.1,0
619,Spain,Female,32,4,175406.13,2,1,1,172792.43,1
685,Germany,Male,57,7,101868.51,1,0,1,113483.96,0
477,Spain,Female,48,2,129120.64,1,0,1,26475.79,0
850,France,Male,33,8,73059.38,1,1,1,186281.0,0
624,Germany,Male,27,9,94667.29,2,0,1,4470.52,0
775,France,Female,30,5,0.0,1,1,0,193880.6,1
624,Spain,Male,33,6,66220.17,1,0,1,170819.01,0
660,France,Female,32,0,114668.89,1,1,0,84605.0,0
408,France,Female,84,8,87873.39,1,0,0,188484.52,1
849,France,Female,41,9,115465.28,1,1,0,103174.5,0
680,Germany,Female,31,3,127331.46,3,1,1,176433.6,0
562,Germany,Male,33,8,92659.2,2,1,0,1354.25,0
526,Spain,Female,43,3,0.0,2,1,0,31705.19,0
560,France,Male,57,0,0.0,2,0,1,116781.71,0
715,Germany,Male,42,2,88120.97,2,1,1,21333.22,0
584,France,Female,41,3,0.0,2,1,1,160095.48,0
755,France,Male,23,5,84284.48,2,1,1,62851.6,0
563,Germany,Male,44,7,105007.31,2,1,1,197812.16,0
560,France,Female,35,1,0.0,2,1,0,3701.63,0
538,Spain,Female,30,8,0.0,2,1,1,41192.95,0
587,France,Male,36,1,0.0,2,0,1,17135.6,0
667,France,Female,48,2,0.0,2,1,1,148608.39,0
710,France,Female,41,2,156067.05,1,1,1,9983.88,0
662,France,Female,36,4,166909.2,2,1,0,138871.12,1
585,France,Female,30,6,0.0,2,1,1,137757.69,0
628,Germany,Male,40,5,181768.32,2,1,1,129107.97,0
669,Germany,Male,45,1,123949.75,1,0,0,110881.56,0
680,Germany,Male,30,4,108300.27,2,0,1,44384.57,1
687,France,Male,35,8,0.0,2,1,0,10334.05,0
790,Spain,Male,46,2,131365.37,2,1,1,180290.68,0
641,Germany,Male,32,5,122947.92,1,1,1,99154.86,0
678,France,Female,50,6,0.0,1,1,0,8199.5,0
697,Germany,Male,51,1,147910.3,1,1,1,53581.14,0
543,France,Female,32,7,147256.86,1,1,0,112771.95,0
587,Germany,Female,44,5,125584.17,2,1,1,41852.24,1
638,France,Female,32,0,0.0,2,1,0,160129.99,0
820,France,Female,49,1,0.0,2,1,1,119087.25,0
515,France,Female,66,6,0.0,2,1,1,160663.11,0
710,Spain,Female,75,5,0.0,2,1,1,9376.89,0
707,France,Male,73,6,66573.17,1,1,1,62768.8,0
750,Spain,Female,38,7,97257.41,2,0,1,179883.04,0
637,France,Male,32,3,0.0,2,1,1,197827.06,0
850,Spain,Female,38,3,0.0,2,0,1,179360.76,0
632,Germany,Female,41,3,81877.38,1,1,1,33642.21,0
705,France,Male,92,1,126076.24,2,1,1,34436.83,0
712,France,Female,31,7,0.0,2,1,0,170333.38,0
643,Spain,Male,35,2,0.0,2,0,0,67979.35,0
605,France,Male,41,10,0.0,2,0,1,97213.09,0
734,Germany,Female,30,7,123040.38,1,1,1,76503.06,0
572,Spain,Male,35,4,152390.26,1,1,0,128123.66,0
665,Spain,Female,51,8,0.0,1,1,1,38928.48,1
835,Germany,Male,20,4,124365.42,1,0,0,180197.74,1
614,France,Female,35,1,0.0,2,1,1,3342.62,0
617,France,Female,35,2,104508.1,1,1,1,147636.46,0
700,Spain,Male,44,9,0.0,2,1,0,142287.65,0
522,Germany,Male,25,1,111432.13,1,1,1,168683.57,0
705,Germany,Female,46,4,115518.07,1,0,0,76544.9,1
703,France,Female,32,6,0.0,2,0,0,33606.52,0
592,France,Female,62,5,0.0,1,1,1,100941.57,0
596,Spain,Male,32,4,0.0,2,0,1,146504.35,0
704,France,Male,39,5,0.0,1,1,0,6416.92,0
720,France,Male,33,9,0.0,2,1,1,142956.48,0
701,France,Female,34,3,105588.66,1,0,1,74694.41,0
758,Spain,Male,40,3,0.0,2,0,0,96097.65,0
557,Spain,Male,34,3,0.0,1,0,1,123427.98,0
666,France,Female,36,8,0.0,1,0,1,158666.99,0
469,Spain,Female,31,6,0.0,1,1,0,146213.75,1
439,Spain,Male,52,3,96196.24,4,1,0,198874.52,1
500,Spain,Female,50,5,0.0,4,1,1,83866.35,1
731,France,Female,38,10,123711.73,2,1,0,171340.68,1
514,Spain,Male,30,7,0.0,1,0,1,125010.24,0
670,France,Female,41,10,0.0,3,1,0,81602.02,0
760,Spain,Male,38,3,91241.85,1,0,1,80682.35,0
626,France,Female,29,4,105767.28,2,0,0,41104.82,0
727,France,Male,28,5,0.0,2,0,1,19653.08,0
571,France,Male,44,9,0.0,2,0,0,38433.35,0
691,France,Female,33,6,0.0,2,1,0,164074.89,0
589,Germany,Female,41,7,92618.62,1,1,1,101178.85,0
794,France,Male,30,8,0.0,2,1,1,24113.91,0
590,France,Male,41,1,89086.31,1,1,0,24499.97,0
760,Germany,Male,34,6,121303.77,2,1,1,59325.21,0
688,Spain,Female,24,3,0.0,2,1,1,102195.16,0
559,France,Male,32,9,145303.52,1,1,0,103560.98,0
772,France,Male,34,9,0.0,2,1,0,170980.86,0
588,France,Female,27,8,0.0,1,1,0,20066.38,0
850,Germany,Female,30,3,104911.35,2,1,1,42933.26,0
681,France,Male,43,3,66338.68,1,1,1,18772.5,1
575,Spain,Male,30,2,0.0,2,1,1,82222.86,0
669,France,Female,43,1,160474.59,1,1,1,95963.14,0
623,France,Female,57,7,71481.79,2,1,1,84421.34,0
596,Spain,Male,41,5,0.0,2,0,1,141053.85,0
725,Spain,Female,36,4,118520.26,1,0,0,131173.9,1
696,Spain,Male,28,8,0.0,1,0,0,176713.47,0
595,Germany,Female,45,9,106000.12,1,0,0,191448.96,1
543,Germany,Male,48,1,100900.5,1,0,0,33310.72,1
635,Spain,Female,32,8,0.0,2,1,1,19367.98,1
688,Spain,Female,46,8,155681.72,1,1,0,26287.21,0
495,Spain,Female,42,7,0.0,2,0,0,130404.53,0
517,France,Male,62,1,43772.66,3,1,0,187756.24,1
597,Germany,Female,22,6,101528.61,1,1,0,70529.0,1
770,France,Male,31,3,155047.56,2,1,1,186064.34,0
637,France,Male,40,8,125470.81,1,1,1,174536.17,0
669,France,Female,29,7,146011.4,1,0,0,50249.16,0
723,Germany,Male,52,5,131694.97,1,0,1,92873.5,1
529,Germany,Male,29,4,135759.4,1,0,0,112813.79,1
784,Spain,Female,42,2,109052.04,2,1,0,6409.55,0
705,Germany,Female,31,9,110941.93,2,1,0,163484.8,0
731,Spain,Male,70,3,0.0,2,1,1,141180.66,0
704,Germany,Male,41,4,109026.8,2,1,1,43117.1,0
544,France,Male,64,9,113829.45,1,1,1,124341.49,0
790,Spain,Male,37,6,0.0,2,1,1,119484.01,0
445,Spain,Male,45,10,0.0,2,0,1,90977.48,0
611,Germany,Female,29,4,78885.88,2,1,1,26927.69,0
757,Spain,Male,33,5,77253.22,1,0,1,194239.63,0
774,Germany,Male,42,2,132193.94,2,1,1,162865.52,0
613,France,Female,45,1,187841.99,2,1,1,147224.27,0
495,Spain,Female,45,3,89158.94,3,1,0,135169.76,1
601,Spain,Female,20,9,122446.61,2,1,0,86791.9,0
444,France,Male,34,2,144318.97,1,1,0,112668.06,0
657,Germany,Male,57,8,107174.58,1,1,1,126369.55,1
745,Spain,Female,54,8,0.0,1,1,0,173912.29,1
628,France,Female,51,3,123981.31,2,1,1,40546.15,0
632,France,Female,28,5,118890.81,1,0,1,145157.97,0
573,Spain,Male,41,5,0.0,2,0,1,14479.29,0
725,Germany,Female,39,5,116803.8,1,1,0,124052.97,0
603,France,Female,34,9,0.0,2,1,0,167916.35,0
639,France,Female,42,4,0.0,2,0,0,167682.37,0
739,Germany,Male,58,1,110597.76,1,0,1,160122.66,1
815,Germany,Female,25,8,135161.67,1,1,1,136071.05,0
637,France,Female,38,3,104339.56,1,0,0,119882.86,0
553,Germany,Male,35,2,158584.28,2,1,0,43640.16,0
706,France,Male,38,1,0.0,2,1,0,122379.54,0
803,Germany,Male,41,9,137742.9,2,1,1,166957.82,0
738,Germany,Male,37,7,140950.92,2,1,0,195333.98,0
845,Germany,Female,43,3,152063.59,2,1,0,97910.06,0
555,Germany,Male,62,4,119817.33,1,0,1,43507.1,1
663,France,Male,34,7,0.0,2,1,1,180427.24,0
545,Spain,Female,47,5,0.0,2,1,1,38970.14,0
667,France,Male,42,9,0.0,2,0,1,58137.42,0
594,France,Male,57,6,0.0,1,1,0,19376.56,1
568,Germany,Male,40,1,99282.63,1,0,0,134600.94,1
534,France,Male,62,2,0.0,2,0,0,42763.12,1
761,France,Male,31,7,0.0,3,1,1,166698.18,0
617,Spain,Male,61,7,91070.43,1,1,1,101839.77,0
763,Spain,Male,67,9,148564.66,1,0,1,87236.4,0
720,Spain,Male,33,3,123783.91,2,1,1,142903.44,0
692,Spain,Female,34,4,109699.08,1,1,1,37898.91,0
662,Germany,Male,59,2,104568.41,1,1,0,8059.44,1
712,France,Female,29,2,0.0,1,1,1,144375.0,0
649,Germany,Male,40,4,95001.33,1,0,1,123202.99,0
699,France,Male,37,10,0.0,2,0,0,83263.04,0
721,France,Male,41,7,0.0,2,0,1,61018.85,0
706,France,Female,29,5,112564.62,1,1,0,42334.38,0
793,Spain,Male,38,9,0.0,2,1,0,88225.02,0
489,France,Female,51,3,0.0,2,0,1,174098.28,1
627,Spain,Male,40,10,0.0,2,1,1,194792.42,0
529,France,Female,29,8,0.0,2,1,0,19842.11,0
765,Germany,Male,34,5,86055.17,2,1,1,104220.5,0
765,France,Male,41,2,0.0,2,0,1,191215.61,0
708,Germany,Male,37,8,153366.13,1,1,1,26912.34,0
725,France,Male,38,6,0.0,2,1,1,158697.28,0
678,Germany,Male,83,6,123356.63,1,0,1,92934.41,0
745,Germany,Female,44,0,119638.21,1,1,1,34265.08,1
639,Germany,Male,38,5,130170.82,1,1,1,149599.62,0
552,Spain,Male,42,4,0.0,2,0,0,195692.3,0
603,Germany,Male,46,4,98899.76,2,1,1,86190.34,0
588,France,Male,30,3,115007.08,1,0,0,176858.5,0
753,France,Female,31,6,106596.29,1,0,0,91305.77,0
671,France,Male,30,2,0.0,1,0,1,102057.86,0
594,France,Female,56,7,0.0,1,1,0,26215.85,1
502,France,Male,30,4,0.0,2,1,1,66263.87,0
677,Spain,Male,40,7,95312.8,1,1,1,62944.75,0
628,France,Male,32,9,149136.31,2,1,1,16402.11,0
786,France,Male,34,3,137361.96,1,0,0,183682.09,0
718,France,Female,43,0,93143.39,1,1,0,167554.86,0
676,Spain,Male,48,1,131659.59,2,0,1,14152.15,0
507,France,Male,33,7,0.0,2,1,1,85411.01,0
642,Germany,Female,36,2,124495.98,3,1,1,57904.22,1
810,France,Male,32,9,120879.73,2,0,1,78896.59,0
731,France,Male,33,4,0.0,2,1,1,74945.11,0
653,France,Female,43,6,0.0,2,1,1,7330.59,0
800,France,Female,29,2,0.0,2,0,0,167773.55,0
630,France,Male,50,8,0.0,2,0,1,79377.45,0
658,France,Female,31,7,123974.96,1,1,0,102153.75,0
591,France,Female,33,4,113743.37,1,1,0,124625.08,0
680,Spain,Female,34,7,0.0,2,1,0,98949.85,0
376,Germany,Female,29,4,115046.74,4,1,0,119346.88,1
696,Germany,Male,49,5,97036.22,2,1,0,152450.84,1
757,Germany,Female,30,6,161378.02,1,0,0,71926.28,1
757,Germany,Male,36,1,65349.71,1,0,0,64539.64,0
470,Spain,Female,48,6,140576.11,1,1,1,116971.05,0
572,France,Female,30,6,0.0,1,0,1,175025.27,0
742,France,Female,29,4,0.0,2,1,1,180066.59,0
721,Germany,Female,36,3,65253.07,2,1,0,28737.78,0
682,Germany,Male,81,6,122029.15,1,1,1,50783.88,0
627,France,Male,37,2,125190.86,1,0,1,84584.69,0
447,France,Female,32,10,0.0,1,1,1,151815.76,0
679,Germany,Male,35,1,110245.13,1,1,1,178291.09,0
572,France,Male,43,2,140431.98,1,1,0,26450.57,1
811,France,Male,31,7,117799.28,1,1,1,182372.35,0
689,Germany,Male,45,0,130170.82,2,1,0,150856.38,0
787,France,Male,32,4,0.0,2,1,1,13238.93,0
751,France,Male,31,8,0.0,2,0,0,17550.49,0
733,France,Male,42,9,120094.93,1,1,0,184056.45,0
591,Germany,Male,46,4,129269.27,1,1,0,163504.33,0
515,France,Female,58,2,131852.81,1,1,0,81436.68,1
684,France,Female,38,5,133189.4,1,0,0,127388.06,0
659,Germany,Male,34,9,134464.58,2,1,0,178833.34,0
496,France,Female,34,1,102723.35,2,1,0,180844.81,0
850,Spain,Male,39,8,0.0,2,1,1,37090.44,0
670,Spain,Male,25,6,0.0,2,1,1,78358.94,0
656,France,Male,33,7,138705.02,2,1,0,37136.15,0
667,Spain,Female,34,5,0.0,2,1,0,163830.64,0
803,France,Male,42,5,0.0,1,1,0,196466.83,1
673,France,Female,44,8,133444.97,1,0,1,5708.19,0
412,France,Male,29,5,0.0,2,0,0,12510.53,0
648,Germany,Male,31,7,125681.51,1,0,1,129980.93,0
651,France,Male,36,7,0.0,2,1,0,13898.31,0
612,France,Male,24,1,182705.05,1,1,1,171837.06,0
543,France,Male,64,4,0.0,2,1,1,148305.82,0
712,Germany,Female,29,7,147199.07,1,1,1,84932.4,0
781,France,Male,33,3,89276.48,1,1,0,6959.0,0
593,France,Male,45,4,138825.19,1,0,0,10828.78,0
657,Germany,Male,30,1,139762.13,2,1,1,23317.88,0
711,France,Male,64,4,0.0,2,1,1,3185.67,0
684,France,Male,33,4,140700.61,1,1,0,103557.93,0
720,France,Male,44,4,0.0,2,1,0,163471.01,0
475,France,Female,57,1,0.0,2,1,0,89248.99,0
654,Spain,Male,40,5,105683.63,1,1,0,173617.09,0
656,Spain,Male,33,4,0.0,2,1,0,116706.0,0
675,France,Male,34,1,124619.33,2,0,1,163667.56,0
608,France,Male,33,4,0.0,1,0,1,130474.03,0
646,France,Female,46,8,0.0,2,1,0,133059.15,0
579,France,Male,31,9,0.0,1,0,1,139048.0,0
850,Germany,Male,49,8,98649.55,1,1,0,119174.88,1
665,Germany,Female,37,3,111911.63,1,1,1,110359.68,1
615,Germany,Male,24,8,108528.07,2,0,0,179488.41,1
648,Spain,Female,27,7,0.0,2,1,1,163060.43,0
592,Germany,Male,31,7,124593.23,1,1,0,86079.67,0
679,France,Male,47,10,198546.1,2,1,0,191198.92,1
785,Spain,Female,31,2,121691.54,2,0,0,81778.72,0
618,France,Female,49,9,44301.43,3,1,1,89729.3,1
587,Spain,Male,48,1,0.0,2,1,1,8908.0,0
745,Germany,Male,38,5,65095.41,2,1,1,140197.42,0
634,France,Male,34,3,145030.92,1,1,1,41820.65,0
560,Spain,Male,47,1,0.0,1,0,0,128882.66,1
771,Germany,Female,38,5,137657.71,2,1,0,72985.61,0
636,Germany,Female,31,9,80844.69,2,1,1,74641.9,0
463,Spain,Male,20,8,204223.03,1,1,0,128268.39,0
596,France,Male,36,2,0.0,2,1,1,12067.39,0
725,France,Male,35,7,75915.75,1,1,0,150507.43,0
732,France,Male,36,7,0.0,2,1,1,60830.24,0
705,France,Male,32,3,0.0,2,0,0,129576.99,0
655,Germany,Female,72,5,138089.97,2,1,1,99920.41,0
530,France,Female,29,5,0.0,2,0,0,121451.21,0
751,Germany,Male,34,9,108513.25,2,1,1,27097.82,0
651,France,Male,35,7,74623.5,3,1,0,129451.29,1
790,Spain,Male,20,8,0.0,2,1,0,168152.76,0
756,Germany,Male,27,1,131899.0,1,1,0,93302.29,0
583,Germany,Female,54,6,115988.86,1,1,0,57553.98,1
757,Spain,Female,44,9,0.0,2,1,0,177528.92,0
666,France,Male,43,7,137780.74,2,1,1,119100.05,1
565,Spain,Male,38,0,122447.76,1,0,0,67339.34,0
689,Spain,Female,38,6,121021.05,1,1,1,12182.15,0
600,Germany,Male,28,2,116623.31,1,0,1,59905.29,0
666,Germany,Male,30,3,110153.27,1,0,1,74849.46,0
637,Spain,Female,54,5,0.0,1,0,1,150836.98,0
671,Spain,Female,29,6,0.0,2,0,0,12048.67,0
697,France,Male,36,7,0.0,2,1,1,74760.32,0
432,France,Female,27,6,62339.81,2,0,0,53874.67,0
835,France,Male,28,2,163569.61,2,1,1,154559.28,0
617,Spain,Female,45,1,0.0,1,1,0,143298.06,0
696,Germany,Male,30,4,114027.7,1,1,1,193716.56,0
589,France,Female,61,1,0.0,1,1,0,61108.56,1
454,France,Male,34,4,0.0,2,1,0,198817.72,0
430,Germany,Female,66,6,135392.31,2,1,1,172852.06,1
577,France,Male,42,9,0.0,1,1,0,74077.91,0
637,France,Male,27,1,0.0,2,1,0,91291.2,0
711,France,Female,25,7,0.0,3,1,1,9679.28,0
592,France,Female,38,4,0.0,2,1,0,35338.96,0
683,Germany,Male,73,9,124730.26,1,1,1,51999.5,0
775,Germany,Male,25,10,60205.2,2,1,0,14073.11,0
651,France,Male,53,7,0.0,2,1,1,130132.41,0
695,France,Male,29,5,0.0,2,1,1,6770.44,0
539,Germany,Female,43,3,116220.5,3,1,0,55803.96,1
792,Spain,Male,36,5,92140.15,1,0,1,67468.67,0
745,Germany,Male,51,3,99183.9,1,1,1,28922.25,0
593,Spain,Male,31,8,112713.34,1,1,1,176868.89,0
803,Germany,Male,34,4,142929.16,2,1,1,114869.56,0
520,France,Female,38,4,0.0,2,1,0,56388.63,0
837,Germany,Male,38,2,126732.85,1,1,1,79577.38,0
754,Germany,Male,65,1,136186.44,1,1,1,121529.59,1
655,Spain,Female,36,1,135515.76,1,1,0,86013.96,0
661,France,Male,47,5,0.0,1,0,1,107243.31,1
625,Germany,Female,39,10,129845.26,1,1,1,96444.88,0
574,France,Male,26,8,97460.1,1,1,1,43093.67,0
623,Germany,Female,48,1,108076.33,1,1,0,118855.26,1
704,France,Male,44,3,0.0,2,0,1,152884.85,0
619,Spain,Female,45,0,0.0,2,0,0,113645.4,0
680,France,Female,32,5,0.0,1,1,1,150684.23,0
537,Germany,Female,37,7,158411.95,4,1,1,117690.58,1
710,France,Female,32,3,0.0,1,1,0,94790.34,0
756,Germany,Male,36,2,136815.64,1,1,1,170041.95,0
850,France,Male,38,7,80293.98,1,0,0,126555.74,0
635,Spain,Male,31,1,0.0,2,1,0,135382.23,0
511,France,Female,33,3,0.0,2,1,0,132436.71,0
480,Germany,Male,44,10,129608.57,1,1,0,5472.7,1
633,Spain,Female,39,2,0.0,2,0,0,191207.03,0
608,France,Female,47,6,0.0,1,1,1,126012.57,0
658,Germany,Female,45,9,134562.8,1,1,1,159268.67,0
598,Germany,Male,59,8,118210.42,2,0,0,60192.14,1
669,France,Female,33,9,0.0,2,0,1,107221.03,0
656,France,Male,44,10,143571.52,1,0,0,127444.14,0
769,France,Female,25,10,0.0,2,0,0,187925.75,0
684,Spain,Male,40,2,70291.02,1,1,1,115468.84,1
838,Spain,Male,43,9,123105.88,2,1,0,145765.83,0
805,Germany,Female,45,9,116585.97,1,1,0,189428.75,1
686,Spain,Male,22,8,0.0,2,0,0,142331.85,0
637,France,Female,48,7,130806.99,2,1,1,132005.85,1
711,Germany,Male,26,9,128793.63,1,1,0,19262.05,0
457,France,Male,41,8,73700.12,3,1,1,185750.02,1
784,France,Male,31,7,0.0,2,1,1,143204.41,0
850,France,Male,30,9,121535.18,1,0,0,40313.47,0
721,Germany,Male,37,3,107720.64,1,1,1,158591.12,0
636,France,Male,42,2,0.0,2,1,1,55470.78,0
850,Germany,Female,36,0,136980.23,2,1,1,99019.65,0
674,France,Female,28,3,0.0,1,1,0,51536.99,0
556,Spain,Male,38,8,0.0,2,0,0,417.41,1
729,Germany,Male,36,8,152899.24,2,1,0,177130.33,0
679,Germany,Male,38,7,110555.37,2,1,0,46522.68,0
731,France,Female,52,10,0.0,1,1,1,24998.75,1
757,France,Male,46,0,0.0,2,1,0,37460.05,0
570,Germany,Male,29,4,122028.65,2,1,1,173792.77,0
537,Germany,Male,66,8,103291.25,2,1,1,130664.79,0
717,France,Female,28,1,90537.16,1,0,1,74800.99,0
651,Germany,Male,34,2,90355.12,2,0,0,193597.94,0
677,France,Male,36,4,0.0,2,1,0,7824.31,0
623,France,Male,21,10,0.0,2,0,1,135851.3,0
586,Germany,Male,37,8,167735.69,2,0,1,104665.79,0
666,Germany,Female,44,2,122314.5,1,0,0,68574.88,1
794,France,Male,46,6,0.0,2,1,0,195325.74,0
548,Spain,Male,33,6,0.0,1,1,1,31728.35,0
709,Germany,Male,23,8,73314.04,2,1,0,63446.47,0
526,Germany,Female,35,9,118536.4,1,1,0,40980.87,1
637,Germany,Female,46,2,143500.82,1,1,0,166996.46,1
625,France,Female,24,1,0.0,2,1,1,180969.55,0
533,Spain,Male,38,1,135289.33,2,0,1,152956.33,0
759,France,Female,46,2,0.0,1,1,1,138380.11,0
651,Spain,Male,23,4,115636.05,2,1,0,70400.86,0
669,France,Male,50,9,201009.64,1,1,0,158032.5,1
559,France,Male,50,5,162702.35,1,0,0,150548.5,1
624,Germany,Female,52,0,133723.43,1,0,0,4859.59,1
740,Spain,Male,43,9,0.0,1,1,0,199290.68,1
512,France,Male,43,1,0.0,2,1,1,52471.36,0
548,Germany,Female,36,2,108913.84,2,1,1,140460.01,0
615,France,Female,23,4,0.0,2,1,0,196476.19,0
706,Germany,Female,48,10,104478.12,3,0,1,158248.71,1
614,Spain,Female,40,3,113348.5,1,1,1,77789.01,0
716,France,Female,29,6,0.0,2,1,1,98998.61,0
799,France,Female,30,9,0.0,2,1,0,136827.96,0
646,Germany,Male,50,6,145295.31,2,1,1,27814.74,0
841,Spain,Male,41,1,0.0,2,0,1,193093.77,0
625,France,Male,31,5,0.0,2,0,1,90.07,0
714,France,Female,26,9,89928.99,1,1,0,46203.31,0
539,France,Female,40,7,81132.21,1,1,0,167289.82,0
628,Germany,Male,33,8,152143.89,1,1,1,32174.03,0
535,France,Female,48,9,0.0,1,1,0,149892.79,1
693,Spain,Female,57,9,0.0,2,1,1,135502.77,0
575,Spain,Female,37,9,133292.45,1,1,0,111175.09,0
511,Germany,Female,40,9,124401.6,1,1,0,198814.24,1
790,Spain,Male,37,8,0.0,2,1,1,149418.41,0
660,France,Female,48,0,90044.32,2,0,1,187604.97,1
639,France,Male,37,5,98186.7,1,0,1,173386.95,0
523,France,Female,73,7,0.0,2,0,0,130883.9,1
658,France,Female,35,5,126397.66,1,0,0,156361.58,1
538,Germany,Male,39,7,108055.1,2,1,0,27231.26,0
671,Germany,Male,45,6,99564.22,1,1,1,108872.45,1
686,Germany,Male,26,1,57422.62,1,1,1,79189.4,0
812,France,Male,29,6,0.0,2,0,0,168023.6,0
593,France,Male,33,1,0.0,2,0,0,9984.4,0
731,Spain,Female,26,3,0.0,2,1,0,37697.29,0
764,Spain,Female,48,1,75990.97,1,1,0,158323.81,1
612,France,Male,41,5,0.0,3,0,0,151256.22,0
739,Spain,Male,60,4,0.0,1,1,1,51637.67,0
771,France,Female,57,4,0.0,1,0,0,85876.67,1
777,France,Female,53,10,0.0,2,1,0,189992.97,0
850,France,Female,30,3,0.0,2,1,0,116692.8,0
597,France,Female,60,0,131778.08,1,0,0,10703.53,1
557,Spain,Male,36,1,113110.26,1,1,0,98413.1,0
593,France,Female,46,7,98752.51,1,1,0,145560.38,0
807,Spain,Female,42,1,0.0,1,1,0,16500.66,1
744,Germany,Female,50,1,121498.11,2,0,1,106061.47,1
662,Spain,Female,42,6,105021.28,1,1,0,48242.38,0
755,Germany,Male,38,4,111096.91,1,1,1,19762.88,0
690,France,Male,21,8,0.0,2,1,1,155782.89,0
692,France,Male,33,9,0.0,1,1,0,113505.93,1
679,France,Male,37,7,74260.03,1,1,0,194617.98,0
703,France,Male,56,9,0.0,1,0,0,85547.33,1
629,Spain,Male,41,10,150148.51,1,0,0,6936.27,0
593,France,Female,35,6,133489.12,2,1,1,78101.29,0
652,Germany,Male,50,8,125437.64,1,1,1,17160.94,1
601,France,Male,44,3,0.0,2,1,0,30607.11,0
601,France,Male,44,1,100486.18,2,1,1,62678.53,0
611,Germany,Male,31,0,107884.81,2,1,1,183487.98,0
737,France,Male,41,1,101960.74,1,1,1,123547.28,0
659,Spain,Male,78,2,151675.65,1,0,1,49978.67,0
670,France,Female,40,3,47364.45,1,1,1,148579.43,1
688,France,Female,38,7,123544.21,1,1,1,157664.02,0
818,France,Female,31,1,186796.37,1,0,0,178252.63,0
841,France,Male,34,4,0.0,2,1,0,141582.66,0
648,Germany,Female,45,5,118886.55,1,0,0,51636.7,0
743,Spain,Male,35,6,79388.33,1,1,1,193360.69,0
734,France,Male,34,6,133598.4,1,1,1,13107.24,0
742,Germany,Female,43,6,97067.69,1,0,1,60920.03,1
682,France,Male,40,4,0.0,1,0,1,105352.55,0
729,France,Male,44,5,0.0,2,0,1,9200.54,0
714,Germany,Female,36,1,101609.01,2,1,1,447.73,0
534,France,Male,36,4,120037.96,1,1,0,36275.94,0
732,Germany,Female,45,6,98792.4,1,1,0,81491.7,1
608,France,Male,33,9,89968.69,1,1,0,68777.26,0
499,Germany,Female,44,6,77627.33,2,1,0,108222.68,0
706,France,Female,35,8,178032.53,1,0,1,42181.68,0
551,France,Female,26,2,144258.52,1,1,0,49778.79,0
685,Spain,Male,31,10,135213.71,1,1,1,125777.28,0
847,Spain,Female,37,9,112712.17,1,1,0,116097.26,0
628,France,Male,45,9,0.0,2,1,1,96862.56,0
658,Spain,Female,32,5,145553.07,1,1,1,31484.76,0
605,France,Female,28,6,0.0,2,0,0,159508.52,0
681,France,Female,18,1,98894.39,1,1,1,9596.4,0
751,France,Female,48,9,0.0,1,1,0,137508.42,1
647,Spain,Female,26,8,109958.15,1,1,1,136592.24,1
745,France,Male,36,8,67226.37,1,1,0,130789.6,0
678,Germany,Female,54,1,123699.28,2,0,1,105221.76,0
542,Germany,Female,35,9,127543.11,2,1,0,468.94,1
592,France,Female,27,4,0.0,2,1,1,183569.25,0
479,Germany,Male,51,1,107714.74,3,1,0,86128.21,1
724,Germany,Female,53,1,139687.66,2,1,1,12913.92,0
703,Spain,Male,36,7,135095.47,1,1,0,143859.66,0
639,France,Female,60,5,162039.78,1,1,1,84361.72,1
668,Germany,Female,59,5,120170.07,1,0,1,50454.8,0
669,Germany,Female,30,7,139872.81,1,1,0,188795.85,0
601,Germany,Male,35,8,71553.83,1,1,0,177384.45,0
729,France,Female,32,9,0.0,2,0,0,150803.44,0
850,Spain,Male,71,10,69608.14,1,1,0,97893.4,1
493,France,Female,37,8,142987.46,2,1,0,158840.99,0
453,France,Female,37,4,131834.76,2,1,0,8949.2,0
582,Spain,Male,25,9,148042.97,2,1,0,52341.15,0
716,France,Female,35,8,112808.18,1,0,1,17848.3,0
697,Spain,Male,43,10,128226.37,1,0,0,188486.94,0
758,Germany,Female,61,8,125397.21,1,1,0,182184.09,1
555,Spain,Male,21,1,0.0,2,0,0,103901.35,0
520,Germany,Male,34,8,120018.86,2,1,1,343.38,0
531,Germany,Female,42,6,88324.31,2,1,0,75248.75,0
625,France,Female,37,7,115895.42,1,1,0,48486.25,0
725,Germany,Male,19,0,75888.2,1,0,0,45613.75,0
659,Spain,Female,42,2,0.0,1,0,0,162734.31,1
615,France,Male,64,0,81564.1,2,0,1,35896.09,0
553,France,Male,41,1,0.0,2,1,0,90607.31,0
663,Germany,Male,42,7,115930.87,1,1,0,19862.78,0
823,France,Male,37,5,164858.18,1,1,1,173516.71,0
691,Spain,Male,35,6,0.0,2,0,1,178038.17,0
682,Germany,Female,35,2,117438.92,2,1,1,16910.98,0
550,France,Female,40,7,114354.95,1,1,0,54018.93,0
645,Spain,Male,36,4,59893.85,2,1,0,43999.64,0
672,France,Male,28,4,167268.98,1,1,1,169469.3,0
749,France,Male,24,1,0.0,3,1,1,47911.03,0
602,Germany,Female,26,8,113674.2,1,1,0,197861.16,1
598,Spain,Female,39,5,0.0,2,1,1,83103.46,0
504,Germany,Female,43,7,102365.49,1,1,0,194690.77,1
487,France,Male,37,2,0.0,2,1,1,126722.57,0
600,France,Female,38,9,0.0,2,1,1,58855.85,0
749,Germany,Male,66,6,182532.23,2,1,1,195429.92,0
670,France,Male,22,2,114991.45,1,1,1,37392.56,0
690,France,Male,47,2,0.0,2,1,0,151375.73,0
798,France,Female,37,4,111723.08,1,1,1,83478.12,0
583,France,Female,57,3,238387.56,1,0,1,147964.99,1
693,France,Male,38,7,198338.77,2,1,1,14278.18,0
769,Spain,Male,41,1,72509.91,1,1,0,25723.73,0
749,Germany,Female,44,0,71497.79,2,0,0,151083.8,0
850,France,Female,34,2,0.0,2,1,1,171706.66,0
809,France,Male,24,7,109558.36,1,1,0,183515.13,0
587,Germany,Female,45,8,134980.74,1,1,1,123309.57,1
850,Germany,Male,40,6,94607.08,1,1,0,36690.49,0
689,France,Male,47,1,93871.95,3,1,0,156878.42,1
596,France,Female,33,1,138162.81,1,1,0,85412.54,0
770,France,Male,36,2,89800.14,1,1,1,105922.69,0
659,Spain,Female,38,9,0.0,2,1,1,35701.06,0
607,Germany,Female,24,2,109483.54,2,0,1,127560.77,0
614,Spain,Male,66,2,0.0,2,0,1,180082.7,0
636,Germany,Female,29,3,97325.15,1,0,1,131924.38,0
773,Spain,Male,41,9,102827.44,1,0,1,64595.25,0
749,Spain,Female,43,1,124209.02,1,1,1,167179.48,0
596,Spain,Male,57,6,0.0,2,1,1,72402.0,0
709,France,Female,37,9,0.0,2,1,0,16733.59,0
498,France,Female,31,10,0.0,2,1,0,13892.57,0
693,France,Male,36,8,178111.82,1,0,0,58719.63,1
414,France,Male,38,8,0.0,1,0,1,77661.12,1
835,France,Male,25,7,0.0,2,1,1,83449.65,0
850,France,Female,39,0,104386.53,1,1,0,105886.77,0
494,France,Male,40,7,0.0,2,0,1,158071.69,0
590,Spain,Male,37,6,169902.92,1,1,1,128256.18,0
707,Spain,Male,32,9,0.0,2,1,0,126475.79,0
651,France,Female,41,4,38617.2,1,1,1,104876.8,0
672,France,Female,53,9,169406.33,4,1,1,147311.47,1
534,France,Male,29,7,174851.9,1,1,1,79178.31,0
642,France,Male,25,7,0.0,2,1,0,102083.78,0
763,Spain,Female,32,8,0.0,2,1,0,16725.53,0
796,France,Female,45,2,109730.22,1,1,1,123882.73,0
628,Germany,Female,36,3,91286.51,1,1,0,63085.94,0
679,Germany,Female,30,4,77949.69,1,1,1,121151.46,0
489,France,Female,47,8,103894.38,2,1,1,107625.46,0
570,France,Female,29,0,0.0,1,1,0,37092.43,0
668,Spain,Female,24,7,173962.32,1,0,0,106457.11,1
516,France,Female,42,8,56228.25,1,1,0,46857.52,0
678,Germany,Female,44,2,98009.13,2,0,1,31384.86,0
546,Germany,Female,52,1,106074.89,1,1,1,23548.45,1
714,Germany,Male,54,4,137986.58,2,0,1,51308.54,1
583,France,Male,27,7,0.0,2,1,0,51285.49,0
452,Germany,Male,33,7,153663.27,1,1,0,111868.23,0
590,Spain,Female,38,9,0.0,2,1,1,148750.16,0
656,France,Male,41,2,0.0,2,1,0,158973.77,0
630,France,Female,36,2,110414.48,1,1,1,48984.95,0
662,Spain,Female,41,4,90350.77,1,1,0,75884.65,1
682,Germany,Male,36,5,72373.62,2,1,0,36895.99,0
640,France,Male,68,9,0.0,2,1,1,199493.38,0
604,France,Male,34,7,0.0,2,1,1,188078.55,0
726,Germany,Male,50,9,94504.35,1,0,1,5078.9,0
755,Germany,Male,40,2,137430.82,2,0,0,176768.59,0
542,France,Male,38,8,65942.26,1,1,1,68093.23,1
781,France,Female,42,3,156555.54,1,1,1,175674.01,0
586,France,Male,51,2,138553.57,1,1,1,92406.22,0
620,France,Male,41,0,97925.11,1,1,0,85000.32,0
616,France,Male,37,5,144235.73,2,0,0,154957.66,1
647,Spain,Male,28,6,149594.02,2,1,0,102325.19,0
537,Spain,Female,38,1,96939.06,1,1,1,102606.92,0
564,Germany,Female,30,0,100954.88,2,0,0,134175.15,0
542,France,Female,39,4,109949.39,2,1,1,41268.65,0
756,France,Female,32,4,0.0,2,1,0,147040.25,0
842,France,Male,58,1,63492.94,1,1,1,83172.19,0
849,Germany,Male,41,10,84622.13,1,1,1,198072.16,0
850,Germany,Female,47,4,99219.47,2,1,1,122141.13,0
652,France,Female,37,4,92208.54,1,0,1,197699.8,1
709,France,Female,32,2,0.0,2,0,0,109681.29,0
708,France,Female,44,2,161887.81,2,1,0,84870.23,0
586,Spain,Male,34,5,168094.01,1,0,0,20058.61,0
733,Germany,Male,34,3,100337.96,3,1,0,48559.19,1
790,Germany,Female,25,5,152885.77,1,1,0,58214.79,0
790,France,Female,47,10,148636.21,1,0,1,16119.96,1
695,Spain,Male,39,4,65521.2,1,1,1,1243.97,0
667,France,Male,28,6,165798.1,1,1,0,147090.9,0
527,Spain,Male,33,9,132168.28,1,0,0,98734.15,0
657,France,Male,32,3,118829.03,2,1,1,73127.61,0
555,France,Male,40,10,43028.77,1,1,0,170514.21,0
798,France,Female,60,6,96956.1,1,1,0,31907.44,1
676,France,Female,34,1,63095.01,1,1,1,40645.81,0
652,France,Female,51,3,0.0,1,1,0,173989.47,1
592,Spain,Male,35,6,80285.16,1,1,0,72678.75,1
538,France,Male,37,1,134752.08,1,1,0,162511.55,0
694,Spain,Male,31,5,0.0,1,1,0,35593.18,0
572,Germany,Female,48,3,152827.99,1,1,0,38411.79,1
611,France,Male,53,3,83568.26,1,0,0,1235.49,0
457,France,Male,40,10,134320.23,2,1,0,150757.35,0
715,Spain,Male,31,7,0.0,1,1,1,149970.59,0
773,Spain,Female,33,10,0.0,1,1,1,98820.09,0
674,Spain,Female,39,6,0.0,2,1,1,9574.83,0
611,Germany,Male,37,1,117524.72,2,0,1,161064.29,0
648,France,Female,38,2,0.0,2,0,1,9551.49,0
629,France,Female,37,10,99546.25,3,0,1,25136.95,1
631,Spain,Female,31,2,88161.85,2,1,0,127630.88,0
676,France,Male,35,5,106836.67,2,1,0,84199.78,0
661,Germany,Female,47,0,109493.62,1,0,0,188324.01,1
699,Spain,Male,35,2,167455.66,2,1,1,55324.49,0
643,France,Male,36,0,148159.71,1,0,0,55835.66,0
735,France,Male,49,5,121973.28,1,1,0,148804.36,0
620,France,Male,42,4,0.0,2,1,0,6232.31,0
575,France,Male,24,2,0.0,2,1,1,119927.81,0
669,France,Male,46,3,0.0,2,0,1,8487.75,0
677,Spain,Female,34,10,171671.9,1,1,1,50777.77,0
723,Spain,Male,30,1,0.0,3,1,0,164647.72,1
622,France,Male,32,5,179305.09,1,1,1,149043.78,0
520,France,Male,34,3,0.0,2,1,1,104703.96,0
687,Germany,Female,47,1,91219.29,1,0,0,158845.49,1
629,Spain,Male,36,1,161757.87,2,1,1,146371.72,0
850,France,Male,28,8,67639.56,2,1,1,194245.29,0
651,France,Male,23,10,0.0,2,1,1,170099.23,0
819,France,Female,39,9,133102.92,1,1,0,27046.46,1
677,France,Male,42,5,99580.13,1,1,0,21007.96,0
694,Germany,Male,33,4,124067.32,1,1,1,77906.87,0
510,France,Female,26,6,136214.08,1,0,0,159742.33,0
706,Spain,Male,30,6,87609.68,2,0,0,137674.55,1
479,France,Male,47,1,0.0,1,1,0,95270.83,0
696,Spain,Male,60,8,88786.81,1,1,1,196858.4,0
601,France,Female,40,3,92055.36,1,0,1,164652.02,1
765,France,Female,50,9,126547.8,1,1,1,79579.94,1
837,France,Male,26,4,89900.24,2,1,0,175477.03,0
823,France,Male,71,5,149105.08,1,0,1,162683.06,0
660,Spain,Female,42,5,0.0,3,1,1,189016.24,1
709,France,Female,43,8,0.0,2,0,0,168035.62,1
572,Spain,Male,23,2,126873.52,1,0,1,67040.12,0
539,Germany,Female,38,8,82407.51,1,1,0,13123.41,0
500,France,Female,34,4,0.0,2,1,0,12833.96,0
498,Germany,Female,44,2,120702.67,2,1,1,98175.74,0
554,Germany,Male,43,5,99906.89,1,0,0,24983.39,0
640,Germany,Female,30,5,32197.64,1,0,1,141446.01,0
622,France,Female,31,1,89688.94,1,1,1,152305.47,0
656,Spain,Male,32,5,136963.12,1,1,0,133814.28,0
771,Germany,Female,36,5,77846.9,1,0,0,99805.99,0
562,France,Male,30,3,111099.79,2,0,0,140650.19,0
638,Germany,Male,62,4,108716.59,2,1,1,74241.09,0
767,France,Female,35,9,0.0,2,1,0,39511.61,0
606,Spain,Male,35,7,0.0,1,1,0,106837.06,1
663,Germany,Female,46,2,141726.88,1,1,1,58257.23,0
707,Germany,Female,51,10,98438.23,1,0,0,70778.63,1
727,Spain,Female,31,0,0.0,1,1,0,121751.04,1
630,France,Male,67,5,0.0,2,1,1,27330.27,0
585,France,Male,55,10,106415.57,3,1,1,122960.98,1
692,France,Female,36,4,0.0,1,1,0,185580.89,1
653,France,Female,27,9,0.0,2,1,0,96429.29,0
683,France,Male,41,6,95696.52,2,1,1,184366.14,0
709,Spain,Female,37,8,0.0,3,1,0,71738.56,0
685,France,Female,33,1,0.0,3,0,1,70221.13,1
518,France,Male,40,4,0.0,2,0,1,194416.58,0
660,France,Male,34,1,0.0,2,1,0,9692.58,0
620,Germany,Male,40,5,108197.11,2,1,0,49722.34,0
678,Germany,Male,32,4,139626.01,1,1,1,118235.52,1
704,France,Male,42,8,129735.3,2,1,1,179565.57,0
620,France,Male,37,0,107548.94,1,1,0,71175.94,0
717,France,Female,22,5,112465.06,1,1,1,92977.75,0
641,Germany,Female,51,2,117306.69,4,1,1,26912.72,1
672,Germany,Male,68,0,126061.51,2,1,1,184936.77,0
645,France,Female,38,5,101430.3,2,0,1,4400.32,0
549,France,Female,52,1,0.0,1,0,1,8636.05,1
662,France,Male,44,8,0.0,2,1,1,175314.87,0
509,France,Male,31,3,0.0,2,1,0,15360.91,0
636,France,Female,39,3,118336.14,1,1,0,184691.77,0
727,Germany,Male,45,6,114422.85,2,1,1,104678.78,1
610,Spain,Male,29,9,0.0,3,0,1,83912.24,0
682,France,Male,61,10,73688.2,1,1,1,172141.33,0
723,Germany,Female,49,0,153855.52,1,1,1,180862.26,1
629,France,Male,31,6,0.0,2,1,0,93881.75,0
691,France,Male,34,8,133936.04,2,1,0,91359.79,0
586,France,Female,46,0,0.0,3,0,1,131553.82,1
590,Spain,Female,37,0,64345.21,1,0,1,61759.33,1
579,France,Female,27,9,0.0,2,1,0,126838.7,0
643,Germany,Male,33,7,98630.31,2,1,1,40250.82,0
425,France,Male,39,4,0.0,2,1,0,197226.32,0
502,France,Female,64,3,139663.37,1,0,1,100995.11,0
807,Spain,Female,43,0,0.0,2,0,1,85523.24,0
763,France,Female,53,4,0.0,1,1,0,77203.72,1
647,France,Male,41,4,138937.35,1,1,1,101617.64,1
738,France,Male,26,9,0.0,2,1,1,48644.94,0
429,France,Female,39,6,48023.83,1,1,0,74870.99,0
529,France,Male,30,2,116295.29,1,1,0,75285.47,0
594,France,Male,40,9,122417.17,2,0,1,190882.69,0
636,France,Male,34,1,84055.43,1,0,0,37490.84,0
672,Germany,Female,21,1,35741.69,1,1,0,28789.94,0
800,France,Male,60,6,88541.57,2,1,1,131718.12,0
636,Germany,Male,34,2,40105.51,2,0,1,53512.16,0
608,Germany,Male,44,7,114203.47,1,1,1,77830.36,1
616,France,Female,31,8,0.0,1,0,1,76456.17,0
590,Spain,Male,22,7,125265.61,1,1,1,161253.08,0
716,France,Male,41,9,0.0,1,1,1,113267.48,0
683,Spain,Male,41,0,148863.17,1,1,1,163911.32,0
710,Spain,Male,22,8,0.0,2,0,0,99645.04,0
727,France,Male,18,4,133550.67,1,1,1,46941.41,0
430,France,Female,33,8,0.0,1,1,1,69759.91,0
621,Spain,Male,33,4,0.0,2,1,1,40299.23,0
474,France,Male,54,3,0.0,1,1,0,108409.17,1
640,Germany,Female,31,10,118613.34,1,1,0,168469.65,0
644,Spain,Male,18,7,0.0,1,0,1,59645.24,1
686,Germany,Male,29,3,185379.02,1,1,0,64679.07,0
611,France,Male,27,7,0.0,2,1,1,157474.1,0
712,Germany,Female,49,5,154776.42,2,0,0,196257.68,0
485,Spain,Female,21,5,113157.22,1,1,1,54141.5,0
751,France,Male,47,5,142669.93,2,1,0,162760.96,0
767,Germany,Female,35,6,132253.22,1,1,0,115566.57,1
599,France,Male,34,8,0.0,2,1,1,174196.68,0
653,France,Male,37,7,135847.47,1,1,0,144880.81,0
825,Spain,Female,32,1,0.0,2,1,1,42935.15,0
804,Germany,Female,33,10,138335.96,1,1,1,80483.76,0
521,France,Female,41,2,0.0,2,1,1,113089.43,0
479,Germany,Male,24,6,107637.97,2,0,1,169505.83,0
644,France,Female,46,9,95441.27,1,1,0,108761.05,1
557,France,Female,28,7,146445.24,2,1,0,184317.74,0
619,France,Female,49,9,145359.99,1,1,0,38186.85,0
528,Germany,Female,62,7,133201.17,1,0,0,168507.68,1
551,Spain,Male,32,4,0.0,2,1,0,53420.53,0
774,France,Female,28,1,71264.02,2,0,1,68759.57,0
727,France,Male,32,1,59271.82,1,1,1,46019.43,0
663,Germany,Female,29,4,102714.65,2,0,0,21170.81,0
698,France,Male,37,8,0.0,2,0,0,145004.39,0
657,Germany,Male,40,7,99165.84,1,0,1,119333.95,1
635,France,Male,42,1,146766.72,2,0,1,164357.1,0
640,France,Male,44,7,111833.47,1,1,0,67202.74,0
656,France,Male,63,8,0.0,2,0,1,57014.43,0
645,Spain,Female,55,1,133676.65,1,0,1,17095.49,0
711,France,Female,28,8,0.0,2,0,0,105159.89,0
693,France,Female,39,4,0.0,2,0,1,142331.39,0
497,Spain,Male,44,2,121250.04,1,0,1,79691.4,0
630,Spain,Male,39,10,105473.74,1,0,0,58854.88,1
806,Germany,Male,34,2,96152.68,2,1,0,143711.02,0
487,Spain,Female,36,1,140137.15,1,1,0,194073.33,0
614,Spain,Male,39,3,151914.93,1,0,0,56459.45,0
746,Germany,Female,33,2,107868.14,2,1,1,146192.4,0
693,France,Female,38,3,0.0,2,0,0,78133.48,1
739,France,Female,20,4,133800.98,1,0,1,150245.81,0
703,Spain,Male,58,4,92930.92,1,0,1,85148.78,0
651,Spain,Female,45,8,95922.9,1,1,0,84782.42,1
510,France,Male,44,6,0.0,2,1,1,175518.31,0
728,France,Male,37,3,122689.51,2,0,0,106977.53,1
533,France,Male,36,7,85311.7,1,0,1,156731.91,0
690,Spain,Female,48,2,0.0,2,1,1,3149.1,0
811,France,Female,35,7,0.0,1,1,1,178.19,0
730,Spain,Female,33,9,0.0,2,0,0,176576.62,0
661,France,Male,41,5,0.0,1,0,1,88279.6,0
555,Germany,Female,46,4,120392.99,1,1,0,177719.88,1
686,France,Male,38,6,149238.97,1,1,1,97825.23,0
731,Germany,Female,49,4,88826.07,1,1,1,33759.41,1
701,Germany,Male,63,3,120916.52,3,0,0,144727.45,1
850,France,Male,49,5,122486.47,1,0,1,59748.19,0
633,France,Female,39,9,129189.15,2,0,0,170998.83,0
667,Spain,Male,71,4,137260.78,1,0,1,94433.08,1
610,France,Female,25,2,0.0,2,1,0,123723.83,0
591,Germany,Female,35,2,90194.34,2,1,0,57064.57,0
713,Spain,Male,38,6,116980.78,2,0,1,76038.38,0
567,Spain,Male,34,10,0.0,2,0,1,161571.79,0
606,Germany,Male,65,10,126306.64,3,0,0,7861.68,1
662,France,Male,34,2,117731.79,2,0,1,55120.79,0
624,Germany,Female,48,3,122388.38,2,0,0,30020.09,0
564,France,Male,26,7,84006.88,2,0,0,183490.99,0
600,Spain,Male,36,4,0.0,2,1,0,143635.36,0
587,Germany,Male,33,6,132603.36,1,1,0,55775.72,0
632,Spain,Male,28,7,155519.59,1,1,0,1843.24,0
617,Spain,Male,38,7,0.0,1,1,1,27239.28,0
691,France,Female,33,1,128306.83,1,1,1,113580.79,0
753,France,Male,32,6,177729.13,1,1,1,161642.08,0
716,Germany,Female,18,3,128743.8,1,0,0,197322.13,0
788,France,Female,33,5,0.0,2,0,0,116978.19,0
605,France,Female,62,4,111065.93,2,0,1,125660.99,0
700,Spain,Male,54,1,79415.67,1,0,1,139735.54,0
758,France,Female,34,1,154139.45,1,1,1,60728.89,0
516,France,Male,33,7,115195.58,1,1,1,11205.5,0
694,Spain,Male,57,8,116326.07,1,1,1,117704.65,0
741,Germany,Female,19,8,108711.57,2,1,0,24857.25,0
845,Spain,Female,52,0,0.0,1,1,0,31726.76,1
636,France,Female,45,7,139859.23,1,1,1,108402.54,0
653,Spain,Male,55,2,70263.83,1,0,1,62347.71,0
592,Spain,Male,38,8,0.0,2,1,0,180426.2,0
663,Spain,Female,33,8,122528.18,1,1,0,196260.3,0
405,France,Male,39,10,0.0,1,1,0,160810.85,1
850,France,Female,36,10,0.0,2,1,1,100750.03,0
738,Germany,Male,43,9,121152.05,2,1,0,64166.7,1
765,France,Male,40,6,138033.55,1,1,1,67972.45,0
733,Spain,Female,31,9,102289.85,1,1,1,115441.66,0
442,France,Male,34,4,0.0,2,1,0,68343.08,0
556,France,Female,61,2,117419.35,1,1,1,94153.83,0
514,Germany,Female,45,3,109032.23,1,0,1,155407.21,1
800,France,Female,40,3,75893.11,2,1,0,132562.23,0
850,Spain,Female,55,7,0.0,1,0,0,171762.87,1
579,France,Female,33,1,65667.79,2,0,0,164608.98,0
556,France,Male,35,10,0.0,2,1,1,192751.18,0
634,Germany,Male,27,3,107027.52,1,1,0,173425.68,0
662,Spain,Female,30,9,0.0,2,0,1,157884.83,0
567,Spain,Female,45,1,157320.51,1,1,0,62193.92,0
788,Germany,Female,57,8,93716.72,1,1,1,180150.49,1
819,Spain,Female,28,8,168253.21,1,1,1,102799.14,0
702,France,Male,26,2,71281.29,1,1,1,108747.12,1
758,Germany,Male,32,4,162657.64,2,1,1,115525.13,0
825,Germany,Male,37,6,118050.79,1,0,1,52301.15,0
671,France,Female,34,5,164757.56,1,1,0,110748.88,0
739,France,Female,27,6,0.0,1,1,1,57572.38,0
652,Spain,Male,31,1,132862.59,1,0,0,158054.49,0
588,Germany,Female,37,7,70258.88,2,1,0,139607.61,0
665,France,Female,37,5,160389.82,1,0,1,183542.08,0
821,France,Female,40,1,0.0,2,1,0,194273.12,0
776,Germany,Female,32,4,109421.13,2,1,1,126517.46,0
633,France,Male,25,1,0.0,1,1,0,100598.98,0
636,Spain,Female,36,1,0.0,1,1,0,43134.58,0
533,Germany,Male,51,6,127545.56,2,0,0,79559.02,1
640,Germany,Male,45,8,120591.19,1,0,0,195123.94,0
542,France,Female,29,7,0.0,2,0,1,196651.72,0
616,Germany,Female,42,6,117899.95,2,0,0,150266.81,0
703,France,Male,28,2,81173.83,2,0,1,162812.16,0
719,Spain,Male,44,4,0.0,1,0,0,84972.9,1
593,Germany,Male,69,2,187013.13,2,0,1,105898.69,0
707,Germany,Female,40,3,109628.44,1,1,0,189366.03,0
637,Germany,Male,30,6,122641.56,2,1,0,65618.01,0
733,France,Male,42,9,150507.21,1,0,1,169964.12,0
638,France,Male,34,5,133501.36,1,0,1,155643.04,0
637,Spain,Female,22,5,98800.0,1,1,0,122865.55,0
473,France,Female,33,5,125827.43,1,0,1,145698.73,0
569,Spain,Female,34,3,0.0,1,1,0,133997.53,0
636,France,Male,36,5,117559.05,2,1,1,111573.3,0
649,Germany,Male,24,7,101195.23,1,0,0,133091.32,0
748,France,Male,66,8,0.0,1,1,1,163331.65,0
470,Spain,Male,31,4,55732.92,2,1,1,103792.53,0
456,France,Male,29,5,107000.49,1,1,1,153419.62,0
744,Spain,Male,39,4,95161.75,1,1,0,19409.77,0
767,France,Male,48,9,0.0,2,0,1,175458.21,0
733,Germany,Male,74,3,106545.53,1,1,1,134589.58,0
740,Spain,Female,56,4,99097.33,1,1,1,85016.64,1
558,Germany,Male,39,10,144757.02,1,1,0,22878.16,1
762,Spain,Male,39,2,81273.13,1,1,1,18719.67,0
709,Germany,Male,28,8,124695.72,2,1,0,145251.35,0
645,Germany,Male,41,2,93925.3,1,1,0,123982.14,1
614,Germany,Female,44,6,118715.86,1,1,0,133591.11,1
585,Germany,Male,36,5,146050.97,2,0,0,86424.57,0
527,Spain,Female,46,10,131414.76,1,1,0,54947.51,0
668,France,Female,32,2,0.0,2,1,1,40652.33,0
444,France,Female,40,5,84350.07,1,1,0,143835.76,0
746,France,Female,32,4,0.0,2,1,1,72909.75,0
590,France,Female,76,5,160979.68,1,0,1,13848.58,0
634,France,Female,24,2,87413.19,1,1,0,63340.65,0
770,France,Male,24,9,101827.07,1,1,0,167256.35,0
701,Germany,Male,23,5,186101.18,2,1,1,76611.33,0
741,France,Female,36,3,0.0,2,1,1,89804.83,0
685,France,Female,40,7,0.0,1,1,0,72852.74,1
655,France,Female,26,7,106198.5,1,0,1,32020.42,0
639,France,Male,66,0,0.0,2,0,1,42240.54,0
658,France,Male,20,7,0.0,2,0,0,187638.34,0
620,Spain,Male,42,9,121490.05,1,1,1,29296.74,0
513,France,Female,43,9,0.0,2,1,0,152499.8,0
781,France,Female,27,7,186558.55,1,1,1,175071.29,1
573,Spain,Male,56,3,154669.77,1,0,1,115462.27,1
585,Spain,Female,33,8,0.0,2,1,0,114182.07,0
710,Germany,Female,30,10,133537.1,2,1,0,155593.74,0
729,Spain,Male,31,8,164870.81,2,1,1,9567.39,0
578,France,Male,30,4,169462.09,1,1,0,112187.11,0
630,Germany,Male,50,3,129370.91,4,1,1,47775.34,1
551,Spain,Male,49,1,150777.72,2,1,1,135757.27,0
696,Germany,Male,38,6,142316.14,1,1,1,8018.49,0
784,Spain,Male,35,3,0.0,2,0,0,81483.64,0
590,Spain,Male,30,3,0.0,2,1,0,83090.35,0
756,France,Female,42,9,0.0,2,1,0,35673.42,0
804,France,Male,25,7,108396.67,1,1,0,128276.95,0
644,Spain,Female,46,6,12459.19,1,0,0,156787.34,1
814,Germany,Male,44,8,95488.82,2,0,0,107013.59,0
667,Germany,Female,39,4,83765.35,2,1,0,118358.54,0
641,France,Female,42,7,125437.14,2,0,0,164128.58,0
740,France,Female,51,4,0.0,2,1,1,178929.84,0
636,France,Male,31,6,0.0,2,1,1,2382.61,0
731,France,Female,47,1,115414.19,3,0,0,191734.67,1
441,France,Male,60,1,140614.15,1,0,1,174381.23,0
643,Spain,Female,35,6,0.0,2,1,1,41549.64,0
701,France,Male,40,5,169742.64,1,1,1,153537.55,1
573,France,Female,27,4,0.0,2,1,1,157549.6,0
457,Germany,Male,42,4,126772.57,1,0,1,126106.4,0
457,Spain,Male,44,7,0.0,2,0,0,185992.36,0
681,Germany,Male,48,5,139714.4,2,0,0,73066.72,0
516,Spain,Female,27,1,0.0,1,0,1,112311.15,0
519,Germany,Male,38,1,114141.64,1,1,1,60988.21,1
705,Germany,Male,44,3,105934.96,1,1,0,82463.69,0
581,Germany,Male,40,0,101016.53,1,0,1,7926.35,1
499,France,Female,38,9,0.0,2,0,1,183042.2,0
574,France,Female,39,2,122524.61,2,1,0,88463.63,0
665,France,Male,35,8,110934.54,1,1,0,169287.99,0
558,France,Male,40,6,0.0,2,1,0,173844.89,0
599,Spain,Female,46,7,81742.84,2,1,0,83282.21,0
547,France,Female,29,6,104450.86,1,1,1,37160.28,0
563,Spain,Male,26,7,0.0,2,0,0,6139.74,0
703,Germany,Male,42,9,63227.0,1,0,1,137316.32,0
710,France,Female,36,4,116085.06,1,1,0,58601.61,0
585,France,Female,67,5,113978.97,2,0,1,93146.11,0
584,France,Male,47,5,0.0,2,1,0,89286.29,0
719,Spain,Female,33,7,0.0,2,1,0,20016.59,0
487,France,Female,34,2,96019.5,1,0,0,9085.0,0
445,France,Female,33,7,0.0,2,1,0,122625.68,0
575,France,Male,40,5,0.0,2,1,1,122488.59,0
832,Spain,Male,29,8,93833.86,1,0,1,10417.87,0
610,France,Male,26,8,0.0,2,1,0,166031.08,0
634,France,Female,37,7,51582.5,2,1,1,184312.88,0
746,Spain,Male,31,2,113836.27,1,1,1,174815.54,0
621,France,Female,40,6,0.0,1,1,0,155155.25,0
712,France,Male,23,2,0.0,2,0,1,66795.78,0
726,France,Male,34,3,0.0,2,1,0,196288.46,0
749,Germany,Female,29,7,137059.05,3,1,0,102975.72,1
570,Germany,Male,42,0,107856.57,2,1,0,127528.84,0
786,France,Male,32,2,120452.4,2,0,0,79602.86,0
472,Spain,Male,40,4,0.0,1,1,0,70154.22,0
593,France,Female,29,2,152265.43,1,1,0,34004.44,0
682,France,Male,42,0,0.0,1,1,1,160828.98,0
692,France,Female,30,7,0.0,2,1,1,18826.34,0
635,Spain,Female,38,1,0.0,2,1,0,90605.05,0
783,Germany,Female,41,5,106640.5,1,1,0,176945.96,0
794,Spain,Male,33,8,0.0,2,0,0,91340.02,0
714,Germany,Male,21,6,86402.52,2,0,0,27330.59,0
557,France,Female,32,3,123502.53,1,1,1,69826.8,0
627,Germany,Male,30,3,128770.88,2,1,1,40199.01,0
715,Germany,Female,32,3,104857.19,2,1,0,114149.8,0
758,France,Male,35,7,0.0,2,1,0,77951.84,0
622,Spain,Male,37,4,0.0,2,1,0,4459.5,0
506,France,Male,37,5,0.0,2,1,1,127543.81,0
662,France,Female,47,6,0.0,2,1,1,129392.75,0
513,Spain,Male,39,7,89039.9,2,1,1,146738.83,0
718,France,Female,29,3,0.0,1,0,1,134462.29,0
605,Germany,Male,75,2,61319.63,1,0,1,186655.11,0
652,Spain,Female,75,10,0.0,2,1,1,114675.75,0
745,Germany,Male,45,10,117231.63,3,1,1,122381.02,1
664,France,Male,57,1,0.0,2,1,1,56562.57,0
588,France,Female,34,3,120777.88,1,1,1,131729.52,0
805,Spain,Female,39,5,165272.13,1,1,0,14109.85,1
762,Germany,Male,35,1,117458.51,1,0,1,178361.48,1
565,France,Male,49,7,0.0,2,1,1,89609.26,0
699,France,Female,39,1,0.0,2,0,0,93826.63,0
556,France,Female,40,9,129860.37,1,0,0,17992.94,0
681,Germany,Female,48,8,139480.18,1,1,1,163581.67,0
637,Germany,Male,51,1,104682.83,1,1,0,55266.96,1
644,France,Male,31,5,0.0,2,1,1,41872.17,0
568,France,Male,51,4,0.0,3,1,1,66586.56,0
803,Spain,Female,37,1,0.0,2,0,0,7455.2,0
633,Germany,Male,42,3,126041.02,1,0,1,11796.89,0
581,Spain,Female,43,4,170172.9,1,0,1,100236.02,0
728,France,Female,28,4,142243.54,2,1,0,33074.51,0
601,Germany,Female,42,9,133636.16,1,0,1,103315.74,0
701,Spain,Male,36,8,0.0,2,1,0,169161.46,0
589,France,Male,37,7,85146.48,2,1,0,86490.09,1
640,Germany,Male,23,3,72012.76,1,1,0,161333.13,0
711,France,Female,21,0,82844.33,2,0,1,1408.68,0
641,France,Male,33,2,146193.6,2,1,1,55796.83,1
601,Germany,Male,48,9,163630.76,1,0,1,41816.49,1
781,France,Male,23,2,107433.48,1,1,0,173843.21,0
670,Spain,Male,43,1,97792.21,1,0,0,120225.62,0
746,France,Female,29,4,105599.67,1,1,1,43106.17,0
547,France,Female,35,4,0.0,1,1,1,133287.73,0
552,Germany,Male,38,10,132271.12,2,1,1,46562.02,0
754,France,Female,27,7,0.0,2,1,0,144134.64,0
826,Spain,Male,41,5,146466.46,2,0,0,180934.67,0
711,France,Male,36,9,137688.71,1,1,1,46884.1,0
416,Germany,Female,41,10,122189.66,2,1,0,98301.61,0
602,Germany,Male,32,7,184715.86,2,1,0,113781.99,0
675,France,Male,35,8,0.0,2,1,1,56642.97,0
556,France,Male,36,7,154872.08,2,1,1,32044.64,0
621,Germany,Female,55,7,131033.76,1,0,1,75685.59,1
553,France,Female,31,4,0.0,2,1,1,89087.4,0
635,Spain,Male,29,2,0.0,2,0,0,117173.8,0
567,France,Female,47,2,0.0,1,0,0,110900.43,1
662,Spain,Female,54,1,187997.15,1,0,0,111442.71,1
445,Spain,Male,62,1,64119.38,1,1,1,76569.64,1
614,Spain,Female,25,10,75212.28,1,1,0,58965.04,0
578,Germany,Male,34,8,147487.23,2,1,0,66680.77,0
561,Germany,Male,49,5,94754.0,1,1,1,26691.31,0
550,France,Female,30,4,0.0,2,1,0,89216.29,0
686,Spain,Female,36,5,0.0,2,1,1,152979.14,0
698,France,Male,31,1,156111.24,1,0,0,134790.74,0
704,France,Male,32,7,127785.17,4,0,0,184464.7,1
712,Spain,Male,74,5,0.0,2,0,0,151425.82,0
535,Germany,Male,38,8,127475.24,1,0,0,60775.76,1
755,Germany,Male,43,6,165048.5,3,1,0,16929.41,1
524,France,Male,28,1,93577.3,1,1,1,51670.82,0
576,France,Female,50,8,0.0,2,1,1,57802.62,0
587,Germany,Female,49,7,155393.98,2,1,0,13308.2,1
714,France,Male,54,7,126113.28,1,1,0,112777.38,0
583,Spain,Female,40,3,54428.37,1,1,0,109638.78,1
650,France,Male,34,4,106005.54,1,0,1,142995.32,0
613,France,Female,40,9,95624.36,2,1,1,60706.33,0
677,Spain,Female,43,3,133214.88,2,1,1,95936.84,0
685,France,Male,33,6,174912.72,1,1,1,43932.54,0
773,Germany,Male,47,2,118079.47,4,1,1,143007.49,1
605,France,Male,52,1,63349.75,1,1,0,108887.44,0
723,France,Male,25,3,0.0,2,1,1,134509.47,0
511,Spain,Female,66,4,0.0,1,1,0,1643.11,1
620,France,Female,67,3,0.0,2,1,1,43486.73,0
664,Germany,Female,49,5,127421.78,2,1,0,108876.75,1
629,Spain,Male,34,1,121151.05,1,0,0,119357.93,0
614,France,Male,49,1,0.0,2,1,0,192440.54,0
611,France,Male,35,10,0.0,1,1,1,23598.23,1
850,Spain,Female,57,8,126776.3,2,1,1,132298.49,0
591,Spain,Male,31,8,0.0,1,1,1,141677.33,0
735,Spain,Male,50,9,0.0,1,0,0,166677.35,1
716,Germany,Female,39,10,115301.31,1,1,0,43527.4,1
720,Germany,Male,46,3,97042.6,1,1,1,133516.51,1
618,Germany,Female,54,4,118449.21,1,1,1,133573.29,1
640,France,Male,28,7,0.0,2,1,1,131097.9,0
525,Spain,Female,30,5,0.0,2,0,1,149195.44,0
662,Spain,Male,37,4,155187.3,1,1,0,48930.8,0
542,Spain,Male,34,8,108653.93,1,0,1,144725.14,0
718,France,Male,36,9,0.0,1,1,0,45909.87,0
458,France,Female,39,9,0.0,2,1,0,116343.09,0
581,Spain,Female,29,8,0.0,2,1,0,46735.19,0
601,Germany,Male,43,3,141859.12,2,1,1,111249.62,0
610,France,Female,27,4,87262.4,2,1,0,182720.07,0
576,France,Female,52,9,170228.59,2,0,0,148477.57,1
647,France,Male,35,4,123761.68,1,1,0,83910.4,0
667,France,Female,38,6,144432.04,1,1,1,73963.17,1
800,Spain,Male,38,9,0.0,1,1,0,78744.39,0
630,France,Male,43,9,0.0,2,1,1,34338.04,0
698,Germany,Male,39,9,133191.19,2,0,1,53289.49,0
590,France,Male,39,9,0.0,2,1,1,104730.52,0
745,France,Male,25,5,157993.15,2,1,0,146041.45,0
577,Spain,Female,33,6,0.0,2,1,0,57975.8,0
794,France,Male,24,10,146126.75,1,1,1,88992.05,0
785,Germany,Female,38,9,107199.75,1,0,0,146398.51,0
637,France,Male,41,2,0.0,2,0,1,102515.42,0
531,France,Male,31,3,96288.26,1,1,0,56794.73,0
759,France,Male,26,4,0.0,2,1,0,135394.62,0
619,Germany,Female,52,8,124099.13,1,0,0,23904.52,0
757,France,Male,31,10,39539.39,2,0,0,192519.39,0
625,Germany,Male,31,4,77743.01,2,1,0,75335.68,0
677,Germany,Female,26,3,102395.79,1,1,0,119368.99,0
564,France,Male,42,7,99824.45,1,1,1,36721.4,0
487,Germany,Female,46,4,135070.58,2,1,1,44244.49,1
738,Spain,Male,36,5,0.0,2,1,1,96881.32,0
781,Spain,Male,35,1,0.0,2,0,0,42117.9,0
527,Germany,Male,58,3,137318.42,1,1,1,126144.96,0
603,Germany,Female,55,7,127723.25,2,1,0,139469.11,1
705,France,Male,61,4,0.0,2,1,1,191313.7,0
705,Germany,Female,64,3,153469.26,3,0,0,146573.66,1
598,Germany,Male,53,10,167772.96,1,1,1,136886.86,0
606,Germany,Male,45,5,63832.43,1,1,1,93707.8,0
811,Spain,Male,39,7,0.0,2,1,1,177519.39,0
474,Germany,Female,37,5,142688.57,2,1,1,110953.33,0
451,Germany,Female,38,9,61482.47,1,1,1,167538.66,0
548,France,Female,35,10,0.0,1,1,1,31299.71,0
744,France,Male,29,1,43504.42,1,1,1,119327.75,0
569,Spain,Female,34,6,144855.34,1,0,0,196555.32,0
577,Spain,Male,28,7,0.0,1,1,0,143274.41,0
492,France,Female,48,6,127253.98,1,1,1,92144.09,1
645,Spain,Male,49,8,0.0,2,1,0,162012.6,0
550,Germany,Female,42,10,128707.31,1,1,0,63092.65,1
850,Spain,Female,29,7,0.0,2,1,0,23237.25,0
624,France,Female,71,4,170252.05,3,1,1,73679.59,1
529,Spain,Female,35,5,0.0,2,1,0,56518.0,0
634,Germany,Female,53,3,113781.5,2,1,1,106345.05,1
633,France,Male,59,5,0.0,1,1,1,137273.97,0
709,France,Female,24,3,110949.41,1,1,1,168515.61,0
850,Germany,Female,35,2,80931.75,1,0,0,12639.67,1
491,Germany,Male,70,6,148745.92,2,1,1,17818.33,0
723,France,Female,20,4,0.0,2,1,1,140385.33,0
579,Germany,Female,42,3,137560.38,2,1,1,85424.34,0
850,France,Male,36,3,0.0,2,1,0,195033.07,0
644,France,Female,37,8,0.0,2,1,0,20968.88,0
618,Spain,Male,32,5,133476.09,1,0,1,154843.4,0
594,France,Male,38,4,0.0,2,0,0,186884.04,0
809,Spain,Female,33,3,0.0,2,0,1,141426.78,0
537,Spain,Female,33,7,136082.0,1,1,0,62746.54,0
799,Germany,Female,39,7,167395.6,2,0,1,139537.43,0
562,France,Male,42,2,100238.35,1,0,0,86797.41,0
631,Spain,Male,46,9,160736.63,1,0,1,93503.02,0
529,Spain,Male,35,5,0.0,2,1,1,187288.5,0
694,France,Male,32,0,91956.49,1,1,1,59961.81,0
559,France,Female,48,2,0.0,2,0,1,137961.41,0
560,France,Female,66,9,0.0,1,1,1,15928.49,0
749,France,Female,33,1,74385.98,1,1,0,20164.47,0
664,Germany,Male,25,6,172812.72,2,1,1,108008.65,0
571,France,Female,33,9,0.0,2,0,1,77519.62,0
751,France,Male,29,10,147737.63,1,0,1,94951.27,0
715,France,Male,28,7,160376.61,1,0,0,196853.11,0
553,Spain,Male,42,7,0.0,2,1,0,7680.23,0
481,France,Male,37,8,152303.66,2,1,1,175082.2,0
672,France,Male,37,5,153195.59,1,1,1,162763.01,0
679,Germany,Male,39,2,146186.28,2,1,1,193974.47,0
510,France,Male,32,9,103324.78,1,1,1,46127.7,0
692,Spain,Female,47,3,0.0,2,1,0,150802.41,1
598,Spain,Male,34,0,104488.17,1,0,1,43249.67,0
596,Spain,Female,29,6,0.0,2,1,0,116696.77,0
661,France,Female,31,3,136067.82,2,1,0,65567.91,0
544,Germany,Male,44,2,108895.93,1,0,0,69228.2,1
451,Spain,Female,23,9,0.0,2,0,1,48021.71,0
763,France,Male,67,1,149436.73,2,0,1,106282.74,0
736,France,Female,42,7,117280.23,3,0,0,41921.06,1
730,Germany,Female,37,5,124053.03,1,1,0,118591.67,0
648,Spain,Male,46,9,127209.0,2,1,0,77405.95,1
579,Germany,Female,64,6,145215.43,1,1,1,164083.72,0
479,France,Female,33,2,208165.53,1,0,0,50774.81,1
660,Spain,Male,42,5,0.0,2,1,0,115509.59,0
570,France,Female,43,9,0.0,2,0,1,11417.26,0
518,France,Female,27,1,133801.49,1,1,1,143315.57,0
544,France,Female,29,1,118560.55,1,1,1,164137.36,0
602,France,Female,39,6,154121.32,2,1,0,176614.86,1
751,Germany,Female,28,10,132932.14,2,1,1,46630.47,0
755,France,Male,30,4,123217.66,2,0,1,144183.1,0
539,France,Female,29,4,0.0,2,1,1,100919.19,0
667,Germany,Male,70,3,77356.92,2,1,1,20881.96,0
422,France,Male,41,6,153238.88,1,1,0,11663.09,0
698,France,Male,47,5,156265.31,2,0,0,1055.66,0
691,Germany,Male,30,7,101231.77,2,0,0,156529.44,0
446,Spain,Female,45,10,125191.69,1,1,1,128260.86,1
621,France,Male,27,4,137003.68,1,1,0,21254.06,0
575,France,Female,57,8,137936.94,1,1,1,84475.13,0
572,France,Male,37,1,133043.66,1,0,0,111243.09,0
631,France,Male,35,8,129205.49,1,1,1,79146.36,0
500,Spain,Male,37,9,125822.21,1,1,0,111698.0,0
599,Spain,Male,34,2,101506.66,1,0,0,198030.24,0
619,Spain,Female,38,6,0.0,2,1,1,117616.29,0
596,France,Male,33,2,139451.67,1,0,0,63142.12,0
630,France,Male,34,9,0.0,2,1,1,114006.35,0
631,France,Male,26,1,149144.61,1,0,1,123697.95,0
850,Germany,Male,36,5,119984.07,1,1,0,191535.11,1
453,Germany,Female,40,1,111524.49,1,1,1,120373.84,1
603,France,Male,31,1,129743.75,1,1,0,109145.2,0
802,Germany,Female,41,4,90757.64,2,0,1,169183.66,0
597,Spain,Female,33,2,0.0,2,1,1,4700.66,0
627,Germany,Male,24,5,102773.2,2,1,0,56793.02,1
666,Germany,Male,33,2,124125.26,1,1,0,81884.8,0
643,France,Male,33,4,0.0,2,1,1,152992.04,0
648,France,Male,33,7,134944.0,1,1,1,117036.38,0
563,France,Female,32,0,148326.09,1,1,0,191604.27,1
667,France,Male,36,8,139753.35,1,1,0,79871.16,0
420,Germany,Female,34,1,135549.9,1,0,0,149471.13,1
595,Germany,Female,26,8,118547.72,1,1,1,151192.18,0
737,France,Male,44,7,0.0,2,0,0,57898.58,0
667,Spain,Male,35,4,97585.32,2,0,0,57213.46,0
660,France,Male,35,7,0.0,2,1,0,13218.6,0
651,France,Female,65,0,0.0,2,1,1,190454.04,0
520,France,Female,39,6,145644.05,1,0,0,104118.93,0
642,France,Female,41,7,115171.71,1,1,1,37674.47,0
631,France,Male,29,2,0.0,2,1,1,18581.84,0
759,Germany,Male,30,4,101802.67,1,0,0,8693.8,0
731,Spain,Female,37,1,128932.4,1,1,1,180712.52,0
509,Spain,Male,41,7,126683.8,1,0,1,114775.53,0
482,France,Female,35,2,133111.73,1,0,1,79957.95,0
572,France,Female,36,8,68348.18,2,0,1,50400.32,0
809,Spain,Male,80,8,0.0,2,0,1,34164.05,0
547,France,Female,48,1,179380.74,2,0,1,69263.1,0
485,Spain,Male,32,6,102238.01,2,1,1,194010.12,0
684,Germany,Male,29,8,127269.75,1,0,1,79495.01,0
739,Spain,Female,41,8,0.0,1,1,0,191694.77,1
785,Germany,Female,32,3,124493.03,2,0,1,52583.79,1
466,France,Female,36,5,119540.15,1,0,1,80603.99,0
607,Germany,Male,36,8,143421.74,1,1,0,97879.02,0
621,Germany,Male,27,1,74298.43,1,1,1,52581.96,0
550,France,Male,44,9,0.0,2,1,0,26257.01,0
644,France,Male,48,8,0.0,2,0,1,44965.54,1
638,Spain,Male,48,2,0.0,2,1,1,7919.08,0
737,France,Male,54,9,0.0,1,1,0,83470.4,1
715,France,Male,21,8,0.0,2,1,0,68666.63,0
749,Germany,Female,32,7,79523.13,1,0,1,157648.12,0
619,France,Female,35,4,90413.12,1,1,1,20555.21,0
634,Germany,Male,24,8,103097.85,1,1,1,157577.29,0
687,France,Female,35,1,110752.15,2,1,1,47921.22,0
682,France,Female,64,10,128306.7,1,0,1,66040.83,0
590,France,Female,60,6,147751.75,1,1,0,88206.04,1
523,Germany,Male,35,8,138782.76,1,1,1,186118.93,0
501,Germany,Male,40,5,114655.58,1,0,0,126535.92,0
748,France,Female,26,1,77780.29,1,0,1,183049.41,0
784,Germany,Male,28,2,109960.06,2,1,1,170829.87,0
550,France,Male,25,0,0.0,2,1,1,184221.11,0
431,France,Male,63,6,160982.89,1,1,1,168008.17,0
561,Spain,Male,37,4,101470.29,1,0,1,88838.14,0
535,France,Female,27,6,0.0,2,0,1,49775.58,0
686,Spain,Female,35,4,0.0,2,1,1,159676.55,0
697,Spain,Female,25,5,82931.85,2,1,1,128373.88,0
668,Spain,Female,69,9,0.0,1,0,1,134483.07,0
735,France,Male,73,9,0.0,1,1,1,114283.33,0
605,Spain,Female,29,3,116805.82,1,0,0,4092.75,0
710,France,Male,47,5,158623.14,1,0,0,83499.89,1
776,Germany,Male,38,5,112281.7,1,0,1,89893.6,0
699,Germany,Male,32,1,123906.22,3,1,1,127443.82,1
584,Germany,Male,33,3,88311.48,2,1,1,177651.38,0
752,Germany,Female,45,3,105426.5,2,0,1,89773.45,0
701,Germany,Male,36,7,95448.32,2,1,0,189085.07,0
706,France,Male,35,5,0.0,2,1,1,81718.37,0
564,France,Male,40,4,0.0,1,1,0,85455.62,1
632,France,Male,40,5,147650.68,1,1,1,199674.83,0
707,France,Female,55,1,0.0,2,0,1,54409.48,0
503,Spain,Male,31,4,0.0,2,1,1,21645.06,0
732,France,Male,36,5,0.0,2,1,0,161428.25,0
711,France,Female,37,8,113899.92,1,0,0,80215.2,0
718,France,Female,31,1,152663.77,1,0,1,17128.64,0
534,France,Female,49,7,0.0,1,1,0,13566.48,1
521,Spain,Female,34,7,70731.07,1,1,1,20243.97,1
543,France,Female,71,1,104308.77,1,1,1,25650.04,0
616,Spain,Male,31,7,76665.71,2,1,1,163809.08,0
700,Spain,Male,31,7,0.0,2,0,1,145151.96,0
781,France,Female,27,5,0.0,2,0,0,72969.9,0
602,France,Female,35,8,0.0,2,1,1,152843.53,0
850,Spain,Female,50,10,0.0,2,1,1,33741.84,0
850,Germany,Female,45,1,121874.89,1,0,0,6865.41,1
653,Spain,Female,38,9,149571.94,1,1,0,118383.18,0
641,Germany,Female,40,2,110086.69,1,1,0,159773.14,0
