age,fnlwgt,education-num,capital-gain,capital-loss,hours-per-week,workclass,education,marital-status,occupation,relationship,race,sex,native-country,income
29,196116,15,2174,0,72,Private,Prof-school,Divorced,Prof-specialty,Own-child,White,Female,United-States,<=50K
54,108960,7,0,0,40,Private,11th,Married-civ-spouse,Machine-op-inspct,Husband,White,Male,United-States,<=50K
29,183627,9,3137,0,48,Private,HS-grad,Married-civ-spouse,Machine-op-inspct,Husband,White,Male,Ireland,<=50K
69,185691,7,0,0,20,Private,11th,Married-civ-spouse,Adm-clerical,Husband,White,Male,United-States,<=50K
46,180505,9,0,0,40,Private,HS-grad,Married-civ-spouse,Machine-op-inspct,Husband,Black,Male,United-States,<=50K
40,25005,13,15024,0,99,Private,Bachelors,Married-civ-spouse,Prof-specialty,Husband,White,Male,United-States,>50K
45,176814,16,15024,0,40,Self-emp-not-inc,Doctorate,Married-civ-spouse,Prof-specialty,Husband,White,Male,United-States,>50K
21,275726,9,0,0,40,Private,HS-grad,Never-married,Craft-repair,Own-child,Black,Male,United-States,<=50K
21,260847,10,0,0,30,Private,Some-college,Never-married,Sales,Own-child,White,Male,United-States,<=50K
37,257042,9,1506,0,40,Private,HS-grad,Divorced,Craft-repair,Unmarried,White,Male,United-States,<=50K
32,309513,9,0,0,50,Private,HS-grad,Married-civ-spouse,Craft-repair,Husband,White,Male,United-States,<=50K
47,159726,9,0,0,85,Private,HS-grad,Married-civ-spouse,Transport-moving,Husband,White,Male,United-States,>50K
28,51961,10,0,0,24,Private,Some-college,Never-married,Tech-support,Own-child,Black,Male,United-States,<=50K
23,193586,10,0,0,40,Private,Some-college,Separated,Farming-fishing,Other-relative,White,Female,United-States,<=50K
45,37987,10,0,0,45,Private,Some-college,Married-civ-spouse,Sales,Husband,White,Male,United-States,<=50K
44,169397,9,0,0,40,Private,HS-grad,Married-civ-spouse,Craft-repair,Husband,White,Male,United-States,>50K
57,372967,6,0,0,70,Private,10th,Divorced,Adm-clerical,Other-relative,White,Female,Germany,<=50K
35,240458,7,0,0,40,Private,11th,Divorced,Craft-repair,Not-in-family,Black,Male,United-States,<=50K
37,201531,9,0,0,40,Private,HS-grad,Married-civ-spouse,Farming-fishing,Husband,White,Male,United-States,<=50K
23,213811,13,0,0,40,Private,Bachelors,Never-married,Exec-managerial,Own-child,White,Female,United-States,<=50K
32,118551,9,0,0,80,Private,HS-grad,Divorced,Other-service,Unmarried,White,Female,United-States,<=50K
54,261207,4,0,0,45,Self-emp-not-inc,7th-8th,Divorced,Transport-moving,Not-in-family,White,Male,Cuba,<=50K
59,424468,9,0,0,40,Private,HS-grad,Married-civ-spouse,Craft-repair,Husband,White,Male,MISSING,<=50K
51,53197,10,0,0,40,Private,Some-college,Married-civ-spouse,Craft-repair,Husband,White,Male,United-States,>50K
35,149347,10,0,0,45,Private,Some-college,Married-civ-spouse,Craft-repair,Husband,White,Male,United-States,<=50K
43,144778,13,0,0,40,Federal-gov,Bachelors,Never-married,Exec-managerial,Not-in-family,White,Male,United-States,>50K
40,118001,9,0,0,40,Private,HS-grad,Never-married,Handlers-cleaners,Not-in-family,Black,Male,United-States,<=50K
25,257910,13,0,0,50,Private,Bachelors,Never-married,Exec-managerial,Not-in-family,White,Male,United-States,<=50K
68,144137,10,0,0,30,Private,Some-college,Divorced,Priv-house-serv,Other-relative,White,Female,United-States,<=50K
31,99844,9,0,0,45,Private,HS-grad,Never-married,Craft-repair,Not-in-family,Amer-Indian-Eskimo,Male,United-States,<=50K
48,148254,9,0,0,16,Private,HS-grad,Married-civ-spouse,Handlers-cleaners,Wife,White,Female,United-States,>50K
39,33886,9,0,0,60,Private,HS-grad,Married-civ-spouse,Transport-moving,Husband,White,Male,United-States,<=50K
40,50644,12,1506,0,40,Self-emp-inc,Assoc-acdm,Divorced,Sales,Unmarried,White,Female,United-States,<=50K
33,182423,9,0,0,40,Private,HS-grad,Divorced,Other-service,Unmarried,Black,Male,United-States,<=50K
23,177787,13,0,0,30,Private,Bachelors,Never-married,Sales,Own-child,White,Female,England,<=50K
20,353195,9,0,0,35,Private,HS-grad,Never-married,Craft-repair,Not-in-family,White,Male,United-States,<=50K
49,233059,11,0,0,40,Federal-gov,Assoc-voc,Married-civ-spouse,Craft-repair,Husband,White,Male,United-States,<=50K
49,149809,1,0,0,40,Private,Preschool,Married-civ-spouse,Other-service,Husband,White,Male,MISSING,<=50K
46,198660,13,99999,0,72,Self-emp-inc,Bachelors,Married-civ-spouse,Sales,Husband,White,Male,United-States,>50K
46,122026,9,0,0,50,Private,HS-grad,Married-civ-spouse,Craft-repair,Husband,White,Male,United-States,<=50K
58,118253,9,0,0,70,Self-emp-not-inc,HS-grad,Married-civ-spouse,Farming-fishing,Husband,White,Male,United-States,<=50K
28,76714,15,0,0,55,Private,Prof-school,Never-married,Prof-specialty,Not-in-family,White,Male,United-States,>50K
57,225334,15,15024,0,35,Self-emp-not-inc,Prof-school,Married-civ-spouse,Sales,Wife,White,Female,United-States,>50K
52,202452,9,0,0,43,Federal-gov,HS-grad,Divorced,Adm-clerical,Not-in-family,White,Female,United-States,<=50K
56,343849,10,0,0,40,Private,Some-college,Married-civ-spouse,Transport-moving,Husband,Black,Male,United-States,<=50K
29,213842,10,0,0,40,Private,Some-college,Married-civ-spouse,Craft-repair,Husband,White,Male,United-States,<=50K
24,157332,10,0,0,42,Private,Some-college,Never-married,Machine-op-inspct,Own-child,White,Female,United-States,<=50K
51,254211,13,0,0,20,Private,Bachelors,Married-civ-spouse,Craft-repair,Husband,White,Male,United-States,>50K
50,116287,12,0,0,60,Private,Assoc-acdm,Married-civ-spouse,Adm-clerical,Husband,White,Male,Columbia,<=50K
67,247566,9,0,0,24,Private,HS-grad,Married-civ-spouse,Protective-serv,Husband,White,Male,United-States,<=50K
46,180695,10,0,0,40,Private,Some-college,Never-married,Adm-clerical,Own-child,White,Female,United-States,<=50K
42,284403,9,0,0,40,Federal-gov,HS-grad,Divorced,Adm-clerical,Not-in-family,Black,Male,United-States,<=50K
78,105586,3,0,0,36,Private,5th-6th,Married-civ-spouse,Transport-moving,Husband,Asian-Pac-Islander,Male,United-States,<=50K
41,187802,10,0,0,40,Private,Some-college,Never-married,Handlers-cleaners,Not-in-family,White,Male,United-States,<=50K
22,203715,10,0,0,40,Private,Some-college,Never-married,Adm-clerical,Own-child,White,Male,United-States,<=50K
32,111836,10,0,0,50,Private,Some-college,Married-civ-spouse,Other-service,Husband,Black,Male,United-States,<=50K
56,199763,10,0,0,45,Private,Some-college,Married-civ-spouse,Craft-repair,Husband,White,Male,United-States,<=50K
53,39643,9,0,0,58,Federal-gov,HS-grad,Widowed,Exec-managerial,Not-in-family,White,Female,United-States,<=50K
58,99141,9,0,0,10,Self-emp-not-inc,HS-grad,Divorced,Farming-fishing,Unmarried,White,Female,United-States,<=50K
36,82743,12,0,0,55,Private,Assoc-acdm,Never-married,Transport-moving,Not-in-family,White,Male,Iran,<=50K
58,200040,9,0,0,40,Private,HS-grad,Married-civ-spouse,Craft-repair,Husband,White,Male,United-States,<=50K
45,177543,9,0,0,28,Private,HS-grad,Divorced,Adm-clerical,Unmarried,White,Female,United-States,<=50K
46,237731,11,0,0,40,Private,Assoc-voc,Married-civ-spouse,Adm-clerical,Husband,White,Male,United-States,<=50K
41,206878,9,0,0,32,Private,HS-grad,Divorced,Other-service,Unmarried,White,Female,United-States,<=50K
47,192053,9,0,1590,40,Private,HS-grad,Divorced,Transport-moving,Not-in-family,White,Male,United-States,<=50K
21,180190,11,0,0,46,Private,Assoc-voc,Married-civ-spouse,Farming-fishing,Husband,White,Male,United-States,<=50K
33,149184,15,0,1977,50,Private,Prof-school,Married-civ-spouse,Prof-specialty,Husband,White,Male,United-States,>50K
27,389713,10,0,0,40,Private,Some-college,Never-married,Sales,Not-in-family,White,Male,United-States,<=50K
34,118941,7,0,0,40,Private,11th,Never-married,Other-service,Not-in-family,White,Female,Ireland,<=50K
49,123207,9,0,0,44,Private,HS-grad,Never-married,Adm-clerical,Not-in-family,White,Female,United-States,<=50K
21,108687,10,0,0,40,Private,Some-college,Never-married,Sales,Own-child,White,Female,United-States,<=50K
33,598802,10,0,0,40,Private,Some-college,Divorced,Adm-clerical,Unmarried,Black,Female,United-States,<=50K
32,37070,11,0,0,45,Private,Assoc-voc,Never-married,Craft-repair,Not-in-family,White,Male,United-States,<=50K
33,105370,9,0,0,70,Private,HS-grad,Divorced,Protective-serv,Not-in-family,White,Male,United-States,<=50K
35,109351,13,8614,0,45,Private,Bachelors,Never-married,Sales,Not-in-family,White,Female,United-States,>50K
21,148509,10,0,0,30,MISSING,Some-college,Never-married,MISSING,Not-in-family,White,Female,United-States,<=50K
28,158737,8,0,0,40,Private,12th,Married-civ-spouse,Machine-op-inspct,Other-relative,Other,Male,Ecuador,<=50K
90,52386,10,0,0,35,Private,Some-college,Never-married,Other-service,Not-in-family,Asian-Pac-Islander,Male,United-States,<=50K
23,121471,13,0,0,40,Private,Bachelors,Never-married,Adm-clerical,Not-in-family,White,Female,United-States,<=50K
38,292570,10,0,0,50,Private,Some-college,Never-married,Sales,Own-child,White,Female,United-States,<=50K
22,239098,9,0,0,40,Private,HS-grad,Never-married,Other-service,Unmarried,White,Female,United-States,<=50K
39,111499,12,0,0,20,Local-gov,Assoc-acdm,Married-civ-spouse,Adm-clerical,Wife,White,Female,United-States,>50K
32,194141,9,0,0,50,Private,HS-grad,Divorced,Machine-op-inspct,Own-child,White,Male,United-States,<=50K
74,109101,10,0,0,4,Self-emp-not-inc,Some-college,Married-civ-spouse,Exec-managerial,Husband,White,Male,United-States,<=50K
24,275421,10,0,0,40,State-gov,Some-college,Never-married,Machine-op-inspct,Own-child,White,Female,United-States,<=50K
40,210648,13,0,0,44,Private,Bachelors,Married-civ-spouse,Prof-specialty,Husband,White,Male,United-States,>50K
27,46868,13,0,0,15,Private,Bachelors,Never-married,Tech-support,Not-in-family,White,Female,United-States,<=50K
39,186934,13,0,0,40,Self-emp-inc,Bachelors,Married-spouse-absent,Sales,Not-in-family,White,Male,United-States,<=50K
39,190297,16,99999,0,55,Private,Doctorate,Married-civ-spouse,Prof-specialty,Husband,White,Male,United-States,>50K
39,179668,10,0,0,70,State-gov,Some-college,Married-civ-spouse,Protective-serv,Husband,White,Male,United-States,<=50K
25,176162,13,0,0,40,Private,Bachelors,Never-married,Handlers-cleaners,Own-child,White,Male,United-States,<=50K
35,374524,15,0,0,75,Private,Prof-school,Married-civ-spouse,Prof-specialty,Husband,White,Male,United-States,>50K
54,306985,10,0,0,40,Private,Some-college,Divorced,Adm-clerical,Not-in-family,White,Female,United-States,<=50K
38,407068,3,0,0,75,Private,5th-6th,Married-civ-spouse,Other-service,Husband,White,Male,Mexico,<=50K
25,141876,14,0,0,45,Private,Masters,Never-married,Prof-specialty,Unmarried,White,Male,MISSING,<=50K
72,158092,13,0,0,30,Private,Bachelors,Divorced,Sales,Not-in-family,White,Male,United-States,<=50K
46,405309,9,0,0,40,Private,HS-grad,Married-civ-spouse,Exec-managerial,Husband,White,Male,United-States,<=50K
29,444304,13,0,0,40,Private,Bachelors,Married-civ-spouse,Prof-specialty,Husband,White,Male,United-States,>50K
50,73493,10,0,0,40,Private,Some-college,Divorced,Other-service,Not-in-family,White,Female,United-States,<=50K
35,98389,10,0,0,10,MISSING,Some-college,Never-married,MISSING,Unmarried,White,Male,United-States,<=50K
34,118710,11,0,0,40,Private,Assoc-voc,Married-civ-spouse,Other-service,Husband,White,Male,United-States,>50K
56,571017,10,0,0,15,Local-gov,Some-college,Married-civ-spouse,Adm-clerical,Wife,White,Female,United-States,<=50K
43,484861,10,4064,0,38,Private,Some-college,Married-civ-spouse,Craft-repair,Husband,White,Male,United-States,<=50K
38,133586,9,0,0,45,Private,HS-grad,Married-civ-spouse,Protective-serv,Own-child,White,Male,United-States,<=50K
18,157131,7,0,0,10,Never-worked,11th,Never-married,MISSING,Own-child,White,Female,United-States,<=50K
19,30559,9,0,0,40,Federal-gov,HS-grad,Married-AF-spouse,Sales,Wife,White,Female,United-States,<=50K
46,28419,11,0,0,50,Private,Assoc-voc,Never-married,Transport-moving,Not-in-family,White,Male,United-States,<=50K
44,321824,9,0,0,38,State-gov,HS-grad,Married-civ-spouse,Protective-serv,Husband,White,Male,United-States,<=50K
47,115358,9,0,0,40,Private,HS-grad,Divorced,Machine-op-inspct,Not-in-family,Black,Female,United-States,<=50K
48,125120,10,0,0,55,Private,Some-college,Divorced,Adm-clerical,Unmarried,White,Female,United-States,<=50K
26,109186,10,0,0,50,Private,Some-college,Married-civ-spouse,Sales,Husband,White,Male,Germany,<=50K
62,56248,13,0,2415,60,Self-emp-inc,Bachelors,Married-civ-spouse,Farming-fishing,Husband,White,Male,United-States,>50K
21,188535,9,0,0,44,Private,HS-grad,Never-married,Machine-op-inspct,Not-in-family,White,Male,United-States,<=50K
26,58065,13,0,0,20,Private,Bachelors,Never-married,Adm-clerical,Not-in-family,White,Female,United-States,<=50K
31,367314,9,0,0,40,Private,HS-grad,Divorced,Adm-clerical,Not-in-family,White,Female,United-States,<=50K
27,98769,13,0,0,45,Private,Bachelors,Never-married,Sales,Not-in-family,White,Male,United-States,<=50K
34,99872,14,3103,0,40,Private,Masters,Married-civ-spouse,Exec-managerial,Husband,Asian-Pac-Islander,Male,India,>50K
32,317219,14,0,1590,40,Private,Masters,Never-married,Prof-specialty,Not-in-family,White,Female,United-States,<=50K
34,24504,9,0,0,40,MISSING,HS-grad,Never-married,MISSING,Not-in-family,White,Male,United-States,<=50K
24,83374,10,0,0,30,Self-emp-not-inc,Some-college,Never-married,Prof-specialty,Not-in-family,Asian-Pac-Islander,Male,United-States,>50K
26,184120,13,0,0,50,Private,Bachelors,Never-married,Prof-specialty,Not-in-family,White,Male,United-States,<=50K
65,172510,10,1848,0,20,Private,Some-college,Widowed,Prof-specialty,Not-in-family,White,Female,Hungary,<=50K
51,166934,9,0,0,40,Private,HS-grad,Married-civ-spouse,Machine-op-inspct,Husband,White,Male,United-States,>50K
35,150057,10,0,0,40,Private,Some-college,Married-civ-spouse,Exec-managerial,Husband,White,Male,United-States,>50K
23,199336,11,0,0,50,Private,Assoc-voc,Never-married,Craft-repair,Unmarried,White,Male,United-States,<=50K
69,106395,9,0,0,40,Self-emp-inc,HS-grad,Married-civ-spouse,Other-service,Husband,White,Male,United-States,>50K
30,241259,11,0,0,40,Private,Assoc-voc,Married-civ-spouse,Transport-moving,Husband,White,Male,United-States,<=50K
67,195161,14,20051,0,60,Private,Masters,Married-civ-spouse,Prof-specialty,Husband,White,Male,United-States,>50K
34,183473,9,0,0,40,Private,HS-grad,Divorced,Transport-moving,Own-child,White,Female,United-States,<=50K
66,140456,13,0,0,40,Self-emp-not-inc,Bachelors,Married-civ-spouse,Sales,Husband,White,Male,United-States,>50K
25,181814,9,0,0,40,Private,HS-grad,Never-married,Craft-repair,Other-relative,White,Female,United-States,<=50K
33,206609,13,0,0,45,Private,Bachelors,Married-civ-spouse,Exec-managerial,Husband,White,Male,United-States,<=50K
64,164204,2,0,0,53,Private,1st-4th,Married-civ-spouse,Transport-moving,Husband,White,Male,MISSING,<=50K
24,140001,10,0,0,40,Private,Some-college,Never-married,Handlers-cleaners,Other-relative,White,Male,Italy,<=50K
47,177087,10,0,0,50,Private,Some-college,Separated,Adm-clerical,Unmarried,White,Female,United-States,>50K
26,229613,9,0,0,40,Private,HS-grad,Divorced,Machine-op-inspct,Not-in-family,White,Female,United-States,<=50K
75,309955,15,0,2174,50,Self-emp-not-inc,Prof-school,Married-civ-spouse,Prof-specialty,Husband,White,Male,United-States,>50K
27,225142,10,0,0,40,Private,Some-college,Never-married,Craft-repair,Own-child,White,Male,United-States,<=50K
36,97136,13,0,0,40,State-gov,Bachelors,Never-married,Prof-specialty,Unmarried,Black,Female,United-States,<=50K
54,188186,9,0,0,20,Private,HS-grad,Never-married,Other-service,Other-relative,White,Female,Hungary,<=50K
32,360593,9,0,0,30,Private,HS-grad,Divorced,Sales,Unmarried,Black,Female,United-States,<=50K
31,281030,9,0,0,45,Self-emp-not-inc,HS-grad,Married-civ-spouse,Craft-repair,Husband,White,Male,United-States,<=50K
23,435835,9,0,1669,55,Private,HS-grad,Never-married,Sales,Not-in-family,White,Male,United-States,<=50K
55,191367,9,0,0,40,Private,HS-grad,Married-civ-spouse,Sales,Husband,White,Male,United-States,<=50K
35,185366,13,0,0,50,Private,Bachelors,Never-married,Sales,Not-in-family,White,Male,United-States,<=50K
37,294292,15,0,0,40,Private,Prof-school,Married-civ-spouse,Exec-managerial,Husband,White,Male,United-States,<=50K
32,63564,9,0,0,40,Private,HS-grad,Never-married,Other-service,Own-child,Black,Female,United-States,<=50K
24,136310,10,0,0,40,Private,Some-college,Married-civ-spouse,Tech-support,Husband,White,Male,United-States,<=50K
36,305714,9,0,0,70,Local-gov,HS-grad,Never-married,Other-service,Unmarried,Black,Female,United-States,<=50K
26,216522,13,0,0,42,Local-gov,Bachelors,Never-married,Prof-specialty,Own-child,Black,Female,United-States,<=50K
58,153551,13,0,0,60,Private,Bachelors,Never-married,Prof-specialty,Not-in-family,White,Female,United-States,<=50K
30,130078,13,0,0,45,Private,Bachelors,Never-married,Sales,Not-in-family,White,Female,United-States,<=50K
62,152148,5,0,0,40,Private,9th,Married-civ-spouse,Other-service,Husband,White,Male,United-States,<=50K
38,127865,14,0,0,40,Private,Masters,Never-married,Adm-clerical,Unmarried,White,Female,United-States,<=50K
50,339954,11,0,0,40,Private,Assoc-voc,Married-civ-spouse,Craft-repair,Husband,White,Male,United-States,>50K
62,224953,6,0,0,40,Private,10th,Married-civ-spouse,Machine-op-inspct,Husband,Black,Male,United-States,<=50K
45,108859,9,0,0,40,Private,HS-grad,Separated,Craft-repair,Unmarried,Black,Female,United-States,<=50K
49,175958,10,0,0,80,Private,Some-college,Married-civ-spouse,Sales,Husband,White,Male,United-States,>50K
43,193882,10,0,0,55,Private,Some-college,Never-married,Adm-clerical,Not-in-family,White,Male,United-States,<=50K
40,33658,9,0,0,40,Self-emp-not-inc,HS-grad,Divorced,Craft-repair,Not-in-family,White,Male,United-States,<=50K
30,243190,15,0,0,20,Private,Prof-school,Married-civ-spouse,Prof-specialty,Husband,Asian-Pac-Islander,Male,India,>50K
32,113838,10,0,0,40,Private,Some-college,Married-civ-spouse,Handlers-cleaners,Husband,White,Male,United-States,<=50K
52,289436,16,0,0,60,Self-emp-not-inc,Doctorate,Married-civ-spouse,Prof-specialty,Husband,White,Male,United-States,>50K
47,155124,11,0,1669,40,Private,Assoc-voc,Divorced,Prof-specialty,Not-in-family,White,Female,United-States,<=50K
25,109419,9,0,0,40,Private,HS-grad,Never-married,Adm-clerical,Own-child,White,Female,United-States,<=50K
18,90934,10,0,0,28,Private,Some-college,Never-married,Sales,Own-child,White,Male,United-States,<=50K
27,116531,13,0,0,40,Private,Bachelors,Never-married,Exec-managerial,Not-in-family,White,Female,United-States,<=50K
45,98765,9,0,0,40,Private,HS-grad,Never-married,Machine-op-inspct,Unmarried,White,Female,Canada,<=50K
56,99894,6,0,0,30,Private,10th,Married-civ-spouse,Sales,Wife,Asian-Pac-Islander,Female,Japan,>50K
25,209428,10,0,0,25,Private,Some-college,Married-civ-spouse,Sales,Husband,White,Male,El-Salvador,<=50K
30,299507,12,0,0,40,Private,Assoc-acdm,Separated,Other-service,Unmarried,White,Female,United-States,<=50K
34,120672,4,0,0,10,Self-emp-not-inc,7th-8th,Never-married,Handlers-cleaners,Unmarried,Black,Male,United-States,<=50K
35,184659,9,0,1485,40,State-gov,HS-grad,Married-civ-spouse,Craft-repair,Husband,White,Male,United-States,>50K
41,213154,10,0,0,40,Local-gov,Some-college,Married-civ-spouse,Adm-clerical,Wife,Black,Female,United-States,<=50K
45,112929,4,0,0,35,Private,7th-8th,Divorced,Machine-op-inspct,Not-in-family,Black,Female,United-States,<=50K
25,230856,9,0,0,40,MISSING,HS-grad,Never-married,MISSING,Unmarried,Black,Female,United-States,<=50K
27,292472,10,0,1876,45,Private,Some-college,Never-married,Craft-repair,Not-in-family,Asian-Pac-Islander,Male,Cambodia,<=50K
49,105431,9,0,0,40,Private,HS-grad,Divorced,Other-service,Not-in-family,Black,Female,United-States,<=50K
49,203039,7,0,0,40,State-gov,11th,Married-civ-spouse,Adm-clerical,Husband,White,Male,United-States,<=50K
37,286026,9,0,0,40,Private,HS-grad,Married-civ-spouse,Prof-specialty,Husband,White,Male,United-States,>50K
20,210029,10,0,0,40,MISSING,Some-college,Never-married,MISSING,Own-child,White,Female,United-States,<=50K
34,595000,14,0,0,40,State-gov,Masters,Married-civ-spouse,Prof-specialty,Wife,Black,Female,United-States,>50K
39,248694,9,0,0,60,Private,HS-grad,Never-married,Craft-repair,Not-in-family,White,Male,United-States,<=50K
29,159768,9,3325,0,40,Private,HS-grad,Never-married,Machine-op-inspct,Not-in-family,White,Male,Ecuador,<=50K
59,99131,9,0,0,40,Private,HS-grad,Married-civ-spouse,Adm-clerical,Wife,White,Female,United-States,<=50K
31,263000,11,0,0,38,State-gov,Assoc-voc,Married-civ-spouse,Protective-serv,Husband,White,Male,United-States,<=50K
36,292570,7,0,0,40,Private,11th,Never-married,Machine-op-inspct,Unmarried,White,Female,United-States,<=50K
58,198145,13,0,0,35,State-gov,Bachelors,Married-civ-spouse,Adm-clerical,Husband,White,Male,United-States,>50K
41,130126,15,0,0,80,Private,Prof-school,Married-civ-spouse,Prof-specialty,Husband,White,Male,United-States,>50K
38,231037,3,0,0,40,Private,5th-6th,Married-civ-spouse,Sales,Husband,White,Male,Mexico,<=50K
54,144586,10,0,0,40,Private,Some-college,Married-civ-spouse,Sales,Wife,White,Female,United-States,>50K
57,317969,9,0,0,50,Private,HS-grad,Married-civ-spouse,Exec-managerial,Husband,White,Male,United-States,<=50K
33,221324,11,0,0,40,Private,Assoc-voc,Never-married,Machine-op-inspct,Unmarried,Black,Female,United-States,<=50K
39,179824,9,0,0,36,Private,HS-grad,Never-married,Machine-op-inspct,Unmarried,Black,Female,United-States,<=50K
43,214781,14,0,0,45,Private,Masters,Married-civ-spouse,Exec-managerial,Husband,White,Male,United-States,<=50K
63,181828,9,0,0,48,Private,HS-grad,Married-civ-spouse,Sales,Husband,White,Male,MISSING,<=50K
30,124187,9,0,0,60,Private,HS-grad,Never-married,Farming-fishing,Own-child,Black,Male,United-States,<=50K
25,189219,13,0,0,40,Private,Bachelors,Never-married,Sales,Own-child,White,Female,United-States,<=50K
50,163948,9,0,0,40,Self-emp-not-inc,HS-grad,Married-civ-spouse,Transport-moving,Husband,White,Male,United-States,>50K
50,100109,13,0,0,45,Private,Bachelors,Divorced,Exec-managerial,Unmarried,White,Male,United-States,>50K
34,180714,10,0,2179,40,Private,Some-college,Married-civ-spouse,Transport-moving,Husband,Black,Male,United-States,<=50K
55,158315,9,0,0,50,Self-emp-not-inc,HS-grad,Married-civ-spouse,Sales,Husband,White,Male,United-States,>50K
49,202053,9,0,0,32,Private,HS-grad,Divorced,Sales,Not-in-family,White,Female,United-States,<=50K
53,276515,13,0,0,40,Private,Bachelors,Never-married,Exec-managerial,Own-child,White,Male,Cuba,<=50K
45,248993,9,0,0,40,Private,HS-grad,Married-spouse-absent,Farming-fishing,Other-relative,Black,Male,United-States,<=50K
34,164748,9,0,0,40,Private,HS-grad,Married-civ-spouse,Craft-repair,Husband,White,Male,United-States,<=50K
51,220019,12,0,0,40,Private,Assoc-acdm,Divorced,Prof-specialty,Not-in-family,White,Female,United-States,<=50K
42,124792,9,7688,0,45,Private,HS-grad,Married-civ-spouse,Craft-repair,Husband,Black,Male,United-States,>50K
29,31161,9,0,0,40,Federal-gov,HS-grad,Divorced,Exec-managerial,Not-in-family,Other,Female,United-States,<=50K
44,219288,4,0,0,35,Private,7th-8th,Married-civ-spouse,Craft-repair,Husband,White,Male,United-States,<=50K
44,62258,7,0,0,40,Private,11th,Never-married,Other-service,Not-in-family,White,Female,United-States,<=50K
57,210496,6,0,0,40,Private,10th,Widowed,Other-service,Unmarried,White,Female,United-States,<=50K
71,26109,15,0,0,28,State-gov,Prof-school,Married-civ-spouse,Other-service,Husband,White,Male,United-States,<=50K
27,148153,9,0,0,40,Federal-gov,HS-grad,Married-civ-spouse,Handlers-cleaners,Husband,Asian-Pac-Islander,Male,United-States,<=50K
31,297188,14,0,0,60,Private,Masters,Never-married,Prof-specialty,Not-in-family,White,Female,United-States,<=50K
56,231232,13,0,0,30,Private,Bachelors,Married-civ-spouse,Adm-clerical,Husband,White,Male,Canada,<=50K
21,211301,10,0,0,8,Private,Some-college,Never-married,Adm-clerical,Own-child,White,Female,United-States,<=50K
50,221532,12,0,0,40,Federal-gov,Assoc-acdm,Married-civ-spouse,Craft-repair,Husband,White,Male,United-States,>50K
31,174704,9,0,0,50,Private,HS-grad,Divorced,Sales,Unmarried,Black,Male,United-States,<=50K
17,186067,6,0,0,10,Private,10th,Never-married,Tech-support,Own-child,White,Male,United-States,<=50K
24,61737,13,0,0,40,State-gov,Bachelors,Never-married,Prof-specialty,Not-in-family,White,Male,United-States,<=50K
52,312500,11,0,0,40,Federal-gov,Assoc-voc,Divorced,Farming-fishing,Not-in-family,White,Female,United-States,<=50K
23,85088,10,0,0,37,Private,Some-college,Never-married,Other-service,Own-child,White,Female,United-States,<=50K
57,171242,7,0,0,40,Private,11th,Married-spouse-absent,Craft-repair,Not-in-family,White,Male,Canada,<=50K
27,181667,9,5013,0,46,Private,HS-grad,Married-civ-spouse,Machine-op-inspct,Husband,White,Male,Canada,<=50K
39,597843,14,0,0,50,Self-emp-not-inc,Masters,Never-married,Prof-specialty,Not-in-family,White,Female,Columbia,<=50K
25,261519,9,0,0,35,Private,HS-grad,Never-married,Sales,Own-child,White,Male,United-States,<=50K
33,34848,10,0,0,40,Private,Some-college,Married-civ-spouse,Other-service,Husband,White,Male,United-States,<=50K
30,247444,10,0,0,40,Private,Some-college,Married-civ-spouse,Machine-op-inspct,Husband,White,Male,Nicaragua,<=50K
40,572751,15,5178,0,40,Private,Prof-school,Married-civ-spouse,Craft-repair,Husband,White,Male,Mexico,>50K
39,63910,10,0,0,40,Private,Some-college,Never-married,Adm-clerical,Own-child,Asian-Pac-Islander,Female,United-States,<=50K
32,26803,10,0,0,84,Private,Some-college,Married-civ-spouse,Machine-op-inspct,Husband,White,Male,United-States,>50K
40,289403,4,0,1887,40,Local-gov,7th-8th,Married-civ-spouse,Craft-repair,Husband,Black,Male,MISSING,>50K
30,167476,10,0,0,50,Private,Some-college,Divorced,Machine-op-inspct,Not-in-family,White,Male,United-States,<=50K
28,293926,9,0,1740,30,Private,HS-grad,Married-civ-spouse,Craft-repair,Husband,White,Male,United-States,<=50K
27,211032,1,41310,0,24,Private,Preschool,Married-civ-spouse,Farming-fishing,Other-relative,White,Male,Mexico,<=50K
58,114495,9,0,0,40,Private,HS-grad,Married-civ-spouse,Exec-managerial,Husband,White,Male,United-States,<=50K
33,319560,11,0,0,40,Federal-gov,Assoc-voc,Divorced,Craft-repair,Unmarried,Black,Female,United-States,>50K
52,229983,15,3103,0,30,Private,Prof-school,Married-civ-spouse,Prof-specialty,Wife,White,Female,United-States,>50K
27,60374,9,0,1594,26,Private,HS-grad,Widowed,Craft-repair,Unmarried,White,Female,United-States,<=50K
38,220421,13,0,0,40,State-gov,Bachelors,Never-married,Exec-managerial,Not-in-family,White,Female,United-States,<=50K
30,158688,9,0,0,40,Private,HS-grad,Married-civ-spouse,Machine-op-inspct,Husband,White,Male,United-States,<=50K
35,210945,9,0,0,50,Private,HS-grad,Married-civ-spouse,Handlers-cleaners,Husband,White,Male,United-States,<=50K
43,188808,14,0,0,45,Private,Masters,Married-civ-spouse,Exec-managerial,Husband,White,Male,United-States,>50K
56,656036,9,0,0,25,MISSING,HS-grad,Married-civ-spouse,MISSING,Husband,White,Male,United-States,<=50K
66,299616,10,0,0,40,MISSING,Some-college,Married-civ-spouse,MISSING,Husband,White,Male,United-States,<=50K
28,270887,12,0,0,65,Private,Assoc-acdm,Never-married,Sales,Not-in-family,White,Male,United-States,<=50K
40,408717,9,0,0,40,Private,HS-grad,Married-civ-spouse,Craft-repair,Husband,White,Male,United-States,>50K
56,98418,15,99999,0,40,Self-emp-inc,Prof-school,Married-civ-spouse,Prof-specialty,Husband,White,Male,United-States,>50K
27,206903,13,0,0,35,Private,Bachelors,Never-married,Handlers-cleaners,Unmarried,White,Male,United-States,<=50K
36,58337,6,0,0,35,Private,10th,Never-married,Sales,Unmarried,White,Female,MISSING,<=50K
37,292370,13,0,0,50,Private,Bachelors,Married-civ-spouse,Prof-specialty,Husband,Other,Male,MISSING,>50K
25,245628,10,0,0,15,Private,Some-college,Never-married,Tech-support,Own-child,White,Male,Mexico,<=50K
27,38599,8,0,0,40,Private,12th,Never-married,Transport-moving,Not-in-family,White,Male,United-States,<=50K
54,240542,10,0,0,48,Private,Some-college,Divorced,Sales,Unmarried,White,Female,United-States,<=50K
38,223237,14,0,0,40,Local-gov,Masters,Married-civ-spouse,Prof-specialty,Husband,White,Male,United-States,>50K
44,55076,14,0,0,60,State-gov,Masters,Never-married,Prof-specialty,Not-in-family,White,Female,United-States,<=50K
19,199484,10,0,0,25,Private,Some-college,Never-married,Other-service,Own-child,White,Female,United-States,<=50K
20,132053,10,0,0,2,Private,Some-college,Never-married,Prof-specialty,Own-child,White,Female,United-States,<=50K
25,29599,10,0,0,38,Private,Some-college,Married-civ-spouse,Transport-moving,Husband,White,Male,United-States,<=50K
43,174051,13,0,0,48,Private,Bachelors,Married-civ-spouse,Craft-repair,Husband,White,Male,United-States,<=50K
24,176178,12,0,0,2,Local-gov,Assoc-acdm,Never-married,Prof-specialty,Own-child,White,Female,United-States,<=50K
44,177937,16,0,0,36,Local-gov,Doctorate,Married-civ-spouse,Prof-specialty,Husband,White,Male,United-States,>50K
30,159888,13,0,0,60,Private,Bachelors,Never-married,Sales,Not-in-family,White,Male,United-States,>50K
29,140863,10,0,0,40,Private,Some-college,Married-civ-spouse,Tech-support,Husband,White,Male,United-States,<=50K
23,91658,10,0,0,40,Private,Some-college,Divorced,Handlers-cleaners,Own-child,White,Male,United-States,<=50K
30,190823,10,0,0,40,Private,Some-college,Never-married,Other-service,Own-child,Black,Female,United-States,<=50K
47,37672,13,0,0,45,Local-gov,Bachelors,Married-civ-spouse,Prof-specialty,Wife,White,Female,United-States,<=50K
21,250051,10,0,0,10,Private,Some-college,Never-married,Prof-specialty,Own-child,White,Female,United-States,<=50K
41,57233,13,0,0,70,Private,Bachelors,Married-civ-spouse,Sales,Husband,White,Male,United-States,<=50K
62,113443,14,10520,0,33,Local-gov,Masters,Divorced,Prof-specialty,Not-in-family,White,Female,United-States,>50K
49,30751,11,0,0,60,Self-emp-inc,Assoc-voc,Divorced,Exec-managerial,Not-in-family,White,Male,United-States,<=50K
35,167140,13,5013,0,40,Private,Bachelors,Married-civ-spouse,Prof-specialty,Husband,White,Male,United-States,<=50K
60,224097,9,0,0,40,Private,HS-grad,Married-civ-spouse,Craft-repair,Husband,White,Male,United-States,<=50K
45,289230,13,0,0,48,Private,Bachelors,Divorced,Prof-specialty,Unmarried,White,Female,United-States,>50K
36,75826,13,0,0,40,Private,Bachelors,Divorced,Adm-clerical,Unmarried,White,Female,United-States,<=50K
21,231160,10,0,0,25,Private,Some-college,Never-married,Other-service,Own-child,White,Male,United-States,<=50K
36,526968,6,0,0,40,Private,10th,Divorced,Exec-managerial,Unmarried,White,Female,United-States,<=50K
36,123151,7,0,0,60,Private,11th,Married-civ-spouse,Craft-repair,Husband,White,Male,United-States,<=50K
60,153072,9,0,0,5,MISSING,HS-grad,Married-civ-spouse,MISSING,Husband,White,Male,United-States,<=50K
29,189765,3,0,0,40,MISSING,5th-6th,Married-civ-spouse,MISSING,Wife,White,Female,United-States,<=50K
54,223660,9,0,0,55,Private,HS-grad,Married-civ-spouse,Exec-managerial,Husband,White,Male,United-States,>50K
24,182276,9,0,0,25,Private,HS-grad,Married-civ-spouse,Other-service,Wife,White,Female,United-States,<=50K
44,112517,14,0,0,20,Private,Masters,Married-civ-spouse,Tech-support,Husband,White,Male,United-States,>50K
67,163726,3,0,0,49,MISSING,5th-6th,Married-civ-spouse,MISSING,Husband,White,Male,United-States,<=50K
29,128509,9,0,0,38,Private,HS-grad,Married-spouse-absent,Machine-op-inspct,Not-in-family,White,Female,El-Salvador,<=50K
27,604045,13,0,0,40,Private,Bachelors,Never-married,Sales,Not-in-family,White,Male,United-States,<=50K
47,200734,13,0,0,45,Private,Bachelors,Never-married,Exec-managerial,Unmarried,Black,Female,United-States,<=50K
32,251612,3,0,0,45,MISSING,5th-6th,Never-married,MISSING,Unmarried,White,Female,Mexico,<=50K
34,104293,13,0,0,40,Private,Bachelors,Never-married,Adm-clerical,Own-child,White,Female,United-States,<=50K
37,176967,10,0,0,50,Private,Some-college,Married-civ-spouse,Craft-repair,Husband,White,Male,United-States,>50K
24,197387,9,0,0,40,Private,HS-grad,Never-married,Other-service,Own-child,White,Male,Mexico,<=50K
54,28186,13,27828,0,50,Self-emp-not-inc,Bachelors,Divorced,Farming-fishing,Not-in-family,White,Male,United-States,>50K
65,175202,9,0,0,24,Self-emp-not-inc,HS-grad,Married-civ-spouse,Exec-managerial,Husband,White,Male,United-States,<=50K
22,39432,9,0,0,40,Private,HS-grad,Married-civ-spouse,Craft-repair,Husband,White,Male,United-States,<=50K
30,144064,9,0,0,40,State-gov,HS-grad,Married-civ-spouse,Protective-serv,Husband,White,Male,United-States,>50K
29,218785,10,0,0,65,Private,Some-college,Married-civ-spouse,Adm-clerical,Wife,White,Female,United-States,<=50K
61,28375,14,0,0,70,Local-gov,Masters,Divorced,Prof-specialty,Not-in-family,White,Female,United-States,<=50K
45,172111,13,0,0,60,Local-gov,Bachelors,Divorced,Exec-managerial,Unmarried,Black,Female,United-States,<=50K
24,310380,10,0,0,45,Private,Some-college,Married-spouse-absent,Adm-clerical,Own-child,Black,Female,United-States,<=50K
32,46807,9,99999,0,40,Self-emp-inc,HS-grad,Married-civ-spouse,Craft-repair,Husband,White,Male,United-States,>50K
28,66095,9,0,0,40,Private,HS-grad,Married-civ-spouse,Sales,Husband,White,Male,United-States,<=50K
34,198265,13,0,0,60,Federal-gov,Bachelors,Married-civ-spouse,Protective-serv,Husband,White,Male,United-States,<=50K
35,208106,9,0,0,40,Private,HS-grad,Married-civ-spouse,Sales,Husband,White,Male,Ecuador,<=50K
43,62857,10,0,0,60,Private,Some-college,Married-civ-spouse,Craft-repair,Husband,White,Male,United-States,<=50K
50,157043,7,0,0,40,Private,11th,Divorced,Other-service,Not-in-family,Black,Female,United-States,<=50K
52,54933,14,0,0,40,Private,Masters,Divorced,Prof-specialty,Own-child,White,Female,United-States,<=50K
22,71864,10,0,0,35,Private,Some-college,Never-married,Craft-repair,Own-child,White,Female,United-States,<=50K
34,140011,15,0,0,55,Self-emp-not-inc,Prof-school,Married-civ-spouse,Prof-specialty,Husband,White,Male,United-States,>50K
36,312785,13,0,0,35,Local-gov,Bachelors,Never-married,Prof-specialty,Own-child,Black,Male,United-States,<=50K
44,111483,14,0,0,40,State-gov,Masters,Married-civ-spouse,Prof-specialty,Husband,White,Male,United-States,>50K
33,263561,10,0,0,60,Private,Some-college,Married-civ-spouse,Craft-repair,Husband,White,Male,United-States,>50K
24,179627,9,0,0,40,Private,HS-grad,Married-civ-spouse,Machine-op-inspct,Husband,White,Male,United-States,<=50K
42,175935,9,0,0,40,MISSING,HS-grad,Separated,MISSING,Unmarried,White,Male,United-States,<=50K
26,247025,9,0,0,65,Private,HS-grad,Married-civ-spouse,Transport-moving,Husband,White,Male,United-States,<=50K
20,186014,10,0,0,12,Self-emp-not-inc,Some-college,Never-married,Adm-clerical,Own-child,White,Female,Germany,<=50K
34,90934,11,0,0,40,Local-gov,Assoc-voc,Divorced,Protective-serv,Own-child,Asian-Pac-Islander,Male,United-States,<=50K
57,236944,9,0,0,40,Private,HS-grad,Married-civ-spouse,Machine-op-inspct,Husband,Black,Male,United-States,>50K
32,159187,13,0,0,35,Local-gov,Bachelors,Never-married,Prof-specialty,Not-in-family,White,Male,United-States,<=50K
32,193231,9,0,0,40,Private,HS-grad,Married-civ-spouse,Craft-repair,Husband,White,Male,United-States,<=50K
58,104945,5,0,0,60,Private,9th,Married-civ-spouse,Handlers-cleaners,Husband,Black,Male,United-States,<=50K
39,183892,9,0,0,40,Private,HS-grad,Married-civ-spouse,Machine-op-inspct,Husband,White,Male,United-States,<=50K
39,286261,14,0,0,40,Self-emp-inc,Masters,Never-married,Prof-specialty,Not-in-family,White,Female,United-States,<=50K
51,128143,10,0,0,40,Private,Some-college,Married-civ-spouse,Craft-repair,Husband,White,Male,United-States,>50K
49,154493,9,0,0,44,State-gov,HS-grad,Divorced,Exec-managerial,Unmarried,White,Female,United-States,<=50K
43,214242,10,0,0,40,Local-gov,Some-college,Married-civ-spouse,Craft-repair,Husband,White,Male,United-States,>50K
27,213842,13,0,0,38,Private,Bachelors,Never-married,Adm-clerical,Own-child,White,Male,United-States,<=50K
27,208406,13,0,0,60,Self-emp-not-inc,Bachelors,Married-civ-spouse,Exec-managerial,Husband,White,Male,United-States,>50K
37,152909,11,7688,0,40,Private,Assoc-voc,Married-civ-spouse,Adm-clerical,Husband,White,Male,United-States,>50K
38,455379,13,0,0,63,Private,Bachelors,Married-civ-spouse,Exec-managerial,Husband,White,Male,United-States,>50K
46,174224,11,0,0,40,Private,Assoc-voc,Divorced,Protective-serv,Not-in-family,Black,Male,United-States,<=50K
19,100790,9,0,0,40,Private,HS-grad,Never-married,Prof-specialty,Not-in-family,White,Female,United-States,<=50K
44,118536,5,0,0,40,Private,9th,Married-civ-spouse,Machine-op-inspct,Husband,Black,Male,United-States,<=50K
37,292855,11,0,1887,35,Private,Assoc-voc,Married-civ-spouse,Prof-specialty,Wife,White,Female,United-States,>50K
28,162298,9,0,0,40,Private,HS-grad,Never-married,Craft-repair,Own-child,White,Male,United-States,<=50K
30,283767,9,0,0,40,Private,HS-grad,Married-civ-spouse,Adm-clerical,Husband,White,Male,MISSING,<=50K
36,84848,9,0,0,16,Self-emp-not-inc,HS-grad,Separated,Other-service,Not-in-family,White,Female,United-States,<=50K
63,264600,6,0,0,45,Private,10th,Married-civ-spouse,Adm-clerical,Husband,White,Male,United-States,<=50K
26,192022,13,0,0,40,Private,Bachelors,Never-married,Other-service,Other-relative,White,Female,United-States,<=50K
76,70697,4,0,0,25,Private,7th-8th,Widowed,Other-service,Not-in-family,White,Female,United-States,<=50K
25,278404,13,0,0,40,Private,Bachelors,Never-married,Prof-specialty,Not-in-family,White,Male,United-States,<=50K
69,122850,9,0,0,16,Private,HS-grad,Married-civ-spouse,Craft-repair,Husband,White,Male,United-States,<=50K
37,86551,13,0,0,50,Private,Bachelors,Married-civ-spouse,Exec-managerial,Husband,White,Male,United-States,>50K
55,147098,5,0,0,50,Self-emp-not-inc,9th,Married-civ-spouse,Craft-repair,Husband,White,Male,United-States,<=50K
44,186916,14,0,0,50,Private,Masters,Married-civ-spouse,Exec-managerial,Husband,White,Male,United-States,>50K
22,324445,9,0,0,40,Private,HS-grad,Never-married,Tech-support,Not-in-family,White,Female,United-States,<=50K
47,187087,13,0,0,40,State-gov,Bachelors,Married-civ-spouse,Exec-managerial,Husband,White,Male,United-States,>50K
48,96359,13,0,0,60,Private,Bachelors,Married-civ-spouse,Exec-managerial,Husband,White,Male,Greece,>50K
27,68393,13,0,0,40,State-gov,Bachelors,Never-married,Adm-clerical,Not-in-family,White,Female,United-States,<=50K
67,123393,7,0,0,40,Private,11th,Married-civ-spouse,Transport-moving,Husband,White,Male,United-States,<=50K
32,40142,13,0,0,40,Private,Bachelors,Married-civ-spouse,Exec-managerial,Husband,White,Male,United-States,>50K
33,256362,10,0,0,35,Private,Some-college,Never-married,Other-service,Not-in-family,White,Male,United-States,<=50K
31,144949,13,0,0,40,Private,Bachelors,Married-civ-spouse,Prof-specialty,Husband,White,Male,United-States,>50K
43,176138,13,0,0,50,Private,Bachelors,Married-civ-spouse,Exec-managerial,Husband,White,Male,United-States,<=50K
30,289442,9,0,0,40,Local-gov,HS-grad,Never-married,Protective-serv,Not-in-family,White,Male,United-States,<=50K
17,242718,7,0,0,12,Private,11th,Never-married,Sales,Own-child,White,Male,United-States,<=50K
90,51744,9,0,2206,40,Private,HS-grad,Never-married,Other-service,Not-in-family,Black,Male,United-States,<=50K
62,200922,4,0,0,40,Private,7th-8th,Widowed,Machine-op-inspct,Not-in-family,White,Female,United-States,<=50K
22,181313,11,0,0,30,Private,Assoc-voc,Never-married,Other-service,Not-in-family,White,Female,United-States,<=50K
20,293297,10,0,0,35,Private,Some-college,Never-married,Other-service,Own-child,White,Male,United-States,<=50K
34,346034,8,0,0,35,Private,12th,Married-spouse-absent,Handlers-cleaners,Unmarried,White,Male,Mexico,<=50K
25,243786,13,0,0,37,Private,Bachelors,Never-married,Other-service,Not-in-family,White,Female,United-States,<=50K
34,198091,9,0,0,72,Private,HS-grad,Married-civ-spouse,Craft-repair,Husband,White,Male,United-States,<=50K
28,115945,16,0,0,18,Private,Doctorate,Never-married,Adm-clerical,Own-child,White,Male,United-States,<=50K
34,318641,13,0,0,45,Private,Bachelors,Married-civ-spouse,Exec-managerial,Husband,Black,Male,United-States,>50K
23,268525,13,0,0,50,Private,Bachelors,Never-married,Prof-specialty,Not-in-family,White,Male,United-States,<=50K
67,411007,9,15831,0,40,Self-emp-inc,HS-grad,Widowed,Exec-managerial,Not-in-family,White,Female,United-States,>50K
33,124827,9,0,0,40,Private,HS-grad,Married-civ-spouse,Transport-moving,Husband,White,Male,United-States,<=50K
67,126849,6,0,0,20,Private,10th,Married-civ-spouse,Transport-moving,Husband,Amer-Indian-Eskimo,Male,United-States,<=50K
39,174924,9,14344,0,40,Private,HS-grad,Separated,Exec-managerial,Not-in-family,White,Male,United-States,>50K
61,149620,10,0,0,40,Private,Some-college,Divorced,Other-service,Not-in-family,Black,Male,United-States,<=50K
55,199067,7,0,0,32,Private,11th,Married-civ-spouse,Machine-op-inspct,Husband,White,Male,United-States,<=50K
30,39054,9,0,0,40,Private,HS-grad,Married-civ-spouse,Sales,Husband,White,Male,United-States,<=50K
27,78529,9,0,0,15,Private,HS-grad,Never-married,Transport-moving,Own-child,White,Female,United-States,<=50K
31,132996,9,5178,0,45,Private,HS-grad,Married-civ-spouse,Prof-specialty,Husband,White,Male,United-States,>50K
30,104052,9,0,1741,42,Private,HS-grad,Never-married,Machine-op-inspct,Not-in-family,White,Male,United-States,<=50K
21,170302,9,0,0,50,Private,HS-grad,Never-married,Farming-fishing,Other-relative,White,Male,United-States,<=50K
39,99146,14,0,0,40,Private,Masters,Married-civ-spouse,Prof-specialty,Husband,White,Male,MISSING,>50K
43,201723,14,0,1902,40,Private,Masters,Married-civ-spouse,Exec-managerial,Husband,White,Male,United-States,>50K
45,210875,9,0,0,40,Private,HS-grad,Married-civ-spouse,Craft-repair,Husband,White,Male,United-States,<=50K
20,194247,9,0,0,25,Private,HS-grad,Never-married,Exec-managerial,Not-in-family,White,Male,United-States,<=50K
45,146857,13,0,0,38,Private,Bachelors,Married-civ-spouse,Exec-managerial,Husband,White,Male,United-States,>50K
20,347530,9,0,0,25,Private,HS-grad,Never-married,Other-service,Unmarried,Black,Female,United-States,<=50K
38,112497,9,0,0,40,Private,HS-grad,Never-married,Prof-specialty,Not-in-family,White,Male,United-States,>50K
49,135643,9,0,0,40,Private,HS-grad,Widowed,Craft-repair,Unmarried,Asian-Pac-Islander,Female,South,<=50K
28,61435,9,0,0,45,Private,HS-grad,Married-civ-spouse,Craft-repair,Husband,White,Male,United-States,<=50K
57,140711,13,0,0,40,Federal-gov,Bachelors,Married-civ-spouse,Prof-specialty,Husband,White,Male,United-States,>50K
32,192965,9,0,0,45,Private,HS-grad,Separated,Sales,Not-in-family,White,Female,United-States,<=50K
39,141584,14,0,2444,45,Private,Masters,Never-married,Sales,Not-in-family,White,Male,United-States,>50K
39,129573,13,0,1741,40,Federal-gov,Bachelors,Never-married,Adm-clerical,Not-in-family,White,Male,United-States,<=50K
36,168276,6,0,0,40,Private,10th,Divorced,Other-service,Not-in-family,White,Female,United-States,<=50K
46,79874,13,0,0,53,Private,Bachelors,Married-civ-spouse,Exec-managerial,Husband,White,Male,United-States,>50K
26,245880,9,0,0,40,Private,HS-grad,Never-married,Other-service,Other-relative,White,Male,United-States,<=50K
57,180920,9,0,0,40,Private,HS-grad,Married-civ-spouse,Transport-moving,Husband,White,Male,United-States,>50K
26,305304,7,0,0,40,Private,11th,Married-civ-spouse,Machine-op-inspct,Husband,White,Male,United-States,<=50K
45,159816,14,0,1977,35,Local-gov,Masters,Married-civ-spouse,Prof-specialty,Wife,White,Female,United-States,>50K
58,32855,9,0,0,48,Local-gov,HS-grad,Married-civ-spouse,Transport-moving,Husband,White,Male,United-States,<=50K
53,186303,10,0,1887,40,Local-gov,Some-college,Married-civ-spouse,Protective-serv,Husband,White,Male,United-States,>50K
24,51799,9,0,0,40,Private,HS-grad,Married-civ-spouse,Adm-clerical,Wife,Black,Female,United-States,<=50K
34,98101,13,7688,0,45,State-gov,Bachelors,Married-civ-spouse,Exec-managerial,Husband,White,Male,MISSING,>50K
38,108293,14,0,0,40,State-gov,Masters,Never-married,Prof-specialty,Other-relative,White,Female,United-States,<=50K
40,341539,10,0,0,30,MISSING,Some-college,Divorced,MISSING,Not-in-family,White,Female,United-States,<=50K
70,145419,9,0,0,5,Private,HS-grad,Widowed,Adm-clerical,Unmarried,White,Female,United-States,<=50K
47,26145,11,0,0,40,Self-emp-not-inc,Assoc-voc,Married-civ-spouse,Sales,Husband,White,Male,United-States,>50K
42,185057,9,0,0,35,Private,HS-grad,Separated,Adm-clerical,Unmarried,White,Female,Scotland,<=50K
18,142647,10,0,0,20,Private,Some-college,Never-married,Other-service,Own-child,White,Female,United-States,<=50K
24,73928,11,0,0,20,Private,Assoc-voc,Never-married,Adm-clerical,Own-child,Asian-Pac-Islander,Female,United-States,<=50K
58,81038,10,0,0,12,Private,Some-college,Married-civ-spouse,Sales,Husband,White,Male,United-States,<=50K
50,167065,13,0,0,40,Private,Bachelors,Married-civ-spouse,Exec-managerial,Husband,White,Male,United-States,>50K
45,386940,13,0,1408,40,Private,Bachelors,Divorced,Exec-managerial,Own-child,White,Male,United-States,<=50K
52,512103,10,0,0,40,Local-gov,Some-college,Divorced,Transport-moving,Not-in-family,White,Female,United-States,<=50K
36,289148,10,0,0,40,Private,Some-college,Divorced,Other-service,Unmarried,White,Female,United-States,<=50K
34,72793,13,0,0,15,Private,Bachelors,Never-married,Other-service,Not-in-family,White,Female,United-States,<=50K
27,259840,13,0,0,45,Private,Bachelors,Married-civ-spouse,Adm-clerical,Husband,White,Male,United-States,<=50K
65,386672,11,0,0,15,Private,Assoc-voc,Married-civ-spouse,Adm-clerical,Husband,White,Male,United-States,<=50K
26,43408,13,0,0,40,Private,Bachelors,Married-civ-spouse,Prof-specialty,Husband,White,Male,United-States,<=50K
32,207172,10,0,0,40,Private,Some-college,Never-married,Sales,Other-relative,White,Female,United-States,<=50K
48,238966,10,0,0,40,Self-emp-inc,Some-college,Divorced,Exec-managerial,Not-in-family,White,Male,United-States,<=50K
39,107233,9,0,0,40,Self-emp-not-inc,HS-grad,Never-married,Craft-repair,Other-relative,Amer-Indian-Eskimo,Male,United-States,<=50K
57,174353,9,0,0,40,Private,HS-grad,Never-married,Exec-managerial,Not-in-family,White,Male,United-States,<=50K
29,187073,13,0,0,40,Private,Bachelors,Never-married,Craft-repair,Not-in-family,White,Male,United-States,<=50K
32,72744,9,0,0,40,Private,HS-grad,Never-married,Craft-repair,Own-child,White,Male,United-States,<=50K
32,127895,10,0,0,40,Private,Some-college,Never-married,Adm-clerical,Own-child,Black,Female,United-States,<=50K
28,30912,9,0,0,43,Private,HS-grad,Married-civ-spouse,Other-service,Husband,White,Male,United-States,<=50K
36,150042,9,0,0,40,Private,HS-grad,Never-married,Adm-clerical,Own-child,White,Female,United-States,<=50K
30,61272,5,0,0,40,Private,9th,Married-civ-spouse,Machine-op-inspct,Wife,White,Female,Portugal,<=50K
53,167033,10,0,0,40,Private,Some-college,Never-married,Exec-managerial,Not-in-family,Black,Female,United-States,<=50K
37,143547,13,0,0,40,Federal-gov,Bachelors,Never-married,Prof-specialty,Not-in-family,White,Female,United-States,<=50K
34,131552,9,0,0,40,Private,HS-grad,Never-married,Other-service,Own-child,White,Female,United-States,<=50K
41,173858,9,0,0,40,Private,HS-grad,Married-civ-spouse,Other-service,Husband,Asian-Pac-Islander,Male,China,<=50K
47,169549,9,0,0,40,Private,HS-grad,Married-civ-spouse,Craft-repair,Husband,White,Male,United-States,>50K
61,40269,10,0,0,40,Private,Some-college,Married-civ-spouse,Sales,Husband,White,Male,United-States,>50K
53,302847,9,0,0,35,Self-emp-not-inc,HS-grad,Married-civ-spouse,Sales,Husband,White,Male,United-States,<=50K
30,201624,13,0,0,45,Private,Bachelors,Never-married,Prof-specialty,Not-in-family,Black,Male,MISSING,<=50K
36,331395,11,0,0,40,Private,Assoc-voc,Married-civ-spouse,Exec-managerial,Husband,White,Male,United-States,<=50K
61,584259,14,0,0,2,MISSING,Masters,Married-civ-spouse,MISSING,Husband,White,Male,United-States,>50K
58,317479,9,0,0,40,Private,HS-grad,Divorced,Machine-op-inspct,Not-in-family,Black,Female,United-States,<=50K
34,321787,10,0,0,40,Private,Some-college,Never-married,Adm-clerical,Own-child,White,Male,United-States,<=50K
35,246449,9,3325,0,50,Private,HS-grad,Never-married,Other-service,Not-in-family,White,Male,United-States,<=50K
28,125442,9,0,0,40,Self-emp-not-inc,HS-grad,Divorced,Craft-repair,Own-child,White,Male,United-States,<=50K
50,27539,10,7688,0,40,Self-emp-not-inc,Some-college,Married-civ-spouse,Farming-fishing,Husband,White,Male,United-States,>50K
47,168232,10,0,0,44,Private,Some-college,Married-civ-spouse,Adm-clerical,Husband,White,Male,United-States,>50K
58,145574,7,0,0,40,Private,11th,Married-civ-spouse,Craft-repair,Husband,White,Male,United-States,<=50K
33,112115,13,0,1902,45,Private,Bachelors,Married-civ-spouse,Exec-managerial,Husband,White,Male,United-States,>50K
50,158948,4,3411,0,40,Private,7th-8th,Married-civ-spouse,Craft-repair,Husband,White,Male,United-States,<=50K
27,37088,13,0,0,30,Private,Bachelors,Married-civ-spouse,Tech-support,Husband,White,Male,United-States,<=50K
22,153805,9,0,0,20,Private,HS-grad,Never-married,Other-service,Unmarried,Other,Male,Puerto-Rico,<=50K
26,60722,13,0,0,40,Private,Bachelors,Never-married,Prof-specialty,Own-child,Asian-Pac-Islander,Female,United-States,<=50K
40,142886,13,0,0,40,Private,Bachelors,Widowed,Exec-managerial,Unmarried,White,Female,United-States,<=50K
25,258379,13,0,0,32,Private,Bachelors,Married-civ-spouse,Prof-specialty,Wife,White,Female,United-States,<=50K
35,285020,9,0,0,40,Private,HS-grad,Never-married,Craft-repair,Not-in-family,White,Male,United-States,<=50K
53,170354,10,0,0,40,Federal-gov,Some-college,Married-civ-spouse,Adm-clerical,Husband,White,Male,United-States,>50K
25,220220,7,0,0,45,Private,11th,Never-married,Handlers-cleaners,Own-child,White,Male,United-States,<=50K
29,163003,13,2202,0,40,Private,Bachelors,Never-married,Adm-clerical,Own-child,Asian-Pac-Islander,Female,Taiwan,<=50K
28,83879,9,0,0,40,Private,HS-grad,Married-civ-spouse,Machine-op-inspct,Husband,Black,Male,United-States,<=50K
26,375313,10,0,0,40,MISSING,Some-college,Never-married,MISSING,Own-child,Asian-Pac-Islander,Male,Philippines,<=50K
61,149981,9,2414,0,5,Private,HS-grad,Married-civ-spouse,Adm-clerical,Wife,White,Female,United-States,<=50K
33,188246,13,0,0,65,Private,Bachelors,Married-civ-spouse,Exec-managerial,Husband,White,Male,United-States,>50K
50,321822,15,0,0,75,Self-emp-inc,Prof-school,Married-civ-spouse,Prof-specialty,Husband,White,Male,United-States,>50K
31,350651,8,0,0,40,State-gov,12th,Married-civ-spouse,Tech-support,Wife,White,Female,United-States,>50K
29,535978,10,0,0,45,Private,Some-college,Married-civ-spouse,Craft-repair,Husband,White,Male,United-States,<=50K
26,160300,9,0,0,40,Private,HS-grad,Married-spouse-absent,Protective-serv,Not-in-family,White,Male,United-States,<=50K
30,76313,9,0,0,48,Federal-gov,HS-grad,Married-civ-spouse,Armed-Forces,Other-relative,Amer-Indian-Eskimo,Male,United-States,<=50K
38,176101,13,0,0,40,Private,Bachelors,Married-civ-spouse,Exec-managerial,Husband,White,Male,United-States,<=50K
51,96190,10,0,0,40,Local-gov,Some-college,Married-civ-spouse,Adm-clerical,Wife,White,Female,United-States,<=50K
62,183735,10,0,0,40,Private,Some-college,Married-civ-spouse,Exec-managerial,Husband,White,Male,United-States,<=50K
23,53245,13,0,1602,12,Private,Bachelors,Never-married,Sales,Not-in-family,White,Male,United-States,<=50K
45,480717,13,0,0,38,Private,Bachelors,Married-civ-spouse,Other-service,Husband,Asian-Pac-Islander,Male,MISSING,<=50K
27,158156,16,0,0,70,Private,Doctorate,Never-married,Prof-specialty,Not-in-family,White,Female,United-States,<=50K
47,193047,16,99999,0,50,Private,Doctorate,Married-civ-spouse,Exec-managerial,Husband,White,Male,United-States,>50K
27,251854,13,0,0,35,MISSING,Bachelors,Married-civ-spouse,MISSING,Wife,Black,Female,MISSING,>50K
44,201599,7,0,0,40,Private,11th,Never-married,Machine-op-inspct,Unmarried,Black,Female,United-States,<=50K
38,205852,9,0,0,45,Federal-gov,HS-grad,Never-married,Adm-clerical,Not-in-family,White,Male,United-States,>50K
42,211517,7,0,0,40,Private,11th,Married-civ-spouse,Machine-op-inspct,Husband,White,Male,United-States,<=50K
31,291702,9,0,0,40,Private,HS-grad,Married-civ-spouse,Craft-repair,Husband,White,Male,United-States,<=50K
23,107801,10,0,1617,25,Private,Some-college,Never-married,Adm-clerical,Own-child,White,Female,United-States,<=50K
26,150062,9,0,0,50,Private,HS-grad,Married-civ-spouse,Sales,Husband,White,Male,United-States,<=50K
35,462832,9,0,0,40,Self-emp-not-inc,HS-grad,Married-civ-spouse,Craft-repair,Wife,Black,Female,United-States,>50K
30,203488,9,0,0,50,Private,HS-grad,Never-married,Craft-repair,Own-child,White,Male,United-States,<=50K
70,173736,13,0,0,6,MISSING,Bachelors,Married-civ-spouse,MISSING,Husband,White,Male,United-States,<=50K
30,302473,9,0,0,40,Private,HS-grad,Never-married,Adm-clerical,Own-child,White,Female,United-States,<=50K
52,25826,6,0,1887,47,Private,10th,Married-civ-spouse,Craft-repair,Husband,White,Male,United-States,>50K
57,372020,10,5013,0,50,Private,Some-college,Married-civ-spouse,Sales,Husband,White,Male,United-States,<=50K
36,180686,15,0,0,50,Self-emp-not-inc,Prof-school,Married-civ-spouse,Prof-specialty,Husband,White,Male,United-States,<=50K
36,189674,9,0,0,28,Private,HS-grad,Never-married,Priv-house-serv,Unmarried,Black,Female,MISSING,<=50K
44,191256,9,0,0,65,Private,HS-grad,Married-civ-spouse,Transport-moving,Husband,White,Male,United-States,>50K
24,214555,10,0,0,40,Private,Some-college,Married-civ-spouse,Handlers-cleaners,Husband,White,Male,United-States,<=50K
50,30653,14,2407,0,98,Self-emp-not-inc,Masters,Married-civ-spouse,Farming-fishing,Husband,White,Male,United-States,<=50K
47,276087,11,0,0,26,Private,Assoc-voc,Married-civ-spouse,Other-service,Husband,White,Male,United-States,<=50K
28,56651,13,0,0,40,Federal-gov,Bachelors,Never-married,Prof-specialty,Own-child,Black,Female,United-States,<=50K
41,121287,9,0,0,40,Private,HS-grad,Never-married,Machine-op-inspct,Not-in-family,White,Male,United-States,<=50K
53,64322,4,0,0,40,MISSING,7th-8th,Separated,MISSING,Not-in-family,White,Male,United-States,<=50K
30,169020,13,0,0,40,Local-gov,Bachelors,Married-civ-spouse,Prof-specialty,Husband,White,Male,United-States,<=50K
39,269186,9,0,0,40,Private,HS-grad,Married-civ-spouse,Craft-repair,Husband,White,Male,United-States,<=50K
33,131568,9,0,0,66,Self-emp-not-inc,HS-grad,Married-civ-spouse,Sales,Husband,White,Male,United-States,<=50K
40,216116,5,0,0,40,Private,9th,Never-married,Machine-op-inspct,Unmarried,Black,Female,Haiti,<=50K
30,161815,10,0,0,35,Private,Some-college,Divorced,Other-service,Unmarried,White,Female,United-States,<=50K
18,157131,7,0,0,30,Private,11th,Never-married,Sales,Own-child,White,Female,United-States,<=50K
17,27415,7,0,0,20,Private,11th,Never-married,Handlers-cleaners,Own-child,Amer-Indian-Eskimo,Male,United-States,<=50K
33,198003,10,7298,0,50,Private,Some-college,Married-civ-spouse,Craft-repair,Husband,White,Male,United-States,>50K
53,158993,9,0,0,38,Private,HS-grad,Widowed,Machine-op-inspct,Unmarried,Black,Female,United-States,<=50K
39,327164,14,0,0,45,Local-gov,Masters,Married-civ-spouse,Exec-managerial,Husband,White,Male,United-States,<=50K
18,145005,10,0,0,20,Private,Some-college,Never-married,Other-service,Own-child,White,Male,United-States,<=50K
58,138285,12,0,1740,40,Private,Assoc-acdm,Married-civ-spouse,Craft-repair,Husband,White,Male,United-States,<=50K
46,34377,12,0,0,40,Private,Assoc-acdm,Married-civ-spouse,Craft-repair,Husband,White,Male,United-States,>50K
61,110920,6,0,0,40,Private,10th,Married-civ-spouse,Sales,Husband,White,Male,United-States,<=50K
23,304386,9,0,0,40,Local-gov,HS-grad,Never-married,Other-service,Not-in-family,White,Female,United-States,<=50K
58,199278,13,0,0,38,Private,Bachelors,Divorced,Exec-managerial,Not-in-family,White,Male,United-States,<=50K
18,163787,10,0,0,15,Private,Some-college,Never-married,Sales,Own-child,White,Female,United-States,<=50K
37,66686,9,0,0,40,Private,HS-grad,Married-civ-spouse,Transport-moving,Husband,White,Male,United-States,>50K
57,233382,14,0,0,40,Private,Masters,Never-married,Exec-managerial,Not-in-family,White,Male,Cuba,<=50K
36,30267,9,0,0,50,Private,HS-grad,Married-civ-spouse,Transport-moving,Husband,White,Male,United-States,<=50K
31,203488,12,0,0,40,Federal-gov,Assoc-acdm,Never-married,Adm-clerical,Not-in-family,White,Male,United-States,<=50K
58,140363,9,0,0,36,Private,HS-grad,Divorced,Sales,Not-in-family,White,Male,United-States,<=50K
49,191277,10,15024,0,50,Self-emp-inc,Some-college,Married-civ-spouse,Exec-managerial,Husband,White,Male,United-States,>50K
57,175942,10,0,0,50,Private,Some-college,Divorced,Exec-managerial,Not-in-family,White,Female,United-States,>50K
59,105866,13,0,0,30,Local-gov,Bachelors,Married-civ-spouse,Protective-serv,Husband,Black,Male,United-States,<=50K
30,191571,9,0,0,36,Private,HS-grad,Separated,Other-service,Own-child,White,Female,United-States,<=50K
29,239753,9,0,2057,20,Private,HS-grad,Married-civ-spouse,Adm-clerical,Wife,White,Female,United-States,<=50K
49,190115,9,0,1672,44,Private,HS-grad,Married-civ-spouse,Sales,Husband,White,Male,United-States,<=50K
38,325538,15,0,0,50,Federal-gov,Prof-school,Married-civ-spouse,Prof-specialty,Husband,White,Male,United-States,>50K
43,241506,13,1506,0,36,State-gov,Bachelors,Divorced,Prof-specialty,Unmarried,White,Female,United-States,<=50K
34,226443,9,0,0,40,Private,HS-grad,Divorced,Adm-clerical,Own-child,White,Male,United-States,<=50K
29,71592,10,0,0,40,State-gov,Some-college,Never-married,Adm-clerical,Unmarried,Asian-Pac-Islander,Female,Philippines,<=50K
28,197932,10,0,0,16,Local-gov,Some-college,Never-married,Adm-clerical,Own-child,White,Female,United-States,<=50K
45,122206,9,0,0,40,Private,HS-grad,Married-civ-spouse,Transport-moving,Husband,White,Male,United-States,<=50K
26,186151,9,0,0,40,Private,HS-grad,Separated,Tech-support,Own-child,White,Female,United-States,<=50K
29,106153,9,0,0,50,Private,HS-grad,Never-married,Craft-repair,Not-in-family,White,Male,United-States,<=50K
34,313729,10,0,0,50,Self-emp-not-inc,Some-college,Married-civ-spouse,Farming-fishing,Husband,White,Male,United-States,<=50K
37,294919,10,0,0,40,Private,Some-college,Divorced,Transport-moving,Not-in-family,White,Male,United-States,<=50K
23,113700,13,0,0,50,MISSING,Bachelors,Never-married,MISSING,Own-child,White,Male,United-States,<=50K
23,91842,13,0,0,30,Private,Bachelors,Never-married,Exec-managerial,Not-in-family,White,Female,United-States,<=50K
43,135606,14,0,0,50,Private,Masters,Divorced,Exec-managerial,Not-in-family,White,Female,United-States,>50K
19,134974,10,0,0,20,MISSING,Some-college,Never-married,MISSING,Own-child,White,Female,United-States,<=50K
59,133201,3,0,0,40,Self-emp-inc,5th-6th,Married-civ-spouse,Farming-fishing,Husband,White,Male,Italy,<=50K
34,103596,9,0,0,40,Private,HS-grad,Married-civ-spouse,Handlers-cleaners,Husband,White,Male,United-States,<=50K
29,143582,9,0,0,35,Private,HS-grad,Married-civ-spouse,Adm-clerical,Wife,Asian-Pac-Islander,Female,Vietnam,<=50K
37,272090,10,0,0,20,Self-emp-not-inc,Some-college,Married-civ-spouse,Adm-clerical,Wife,White,Female,United-States,<=50K
42,97277,14,0,0,40,Local-gov,Masters,Divorced,Prof-specialty,Unmarried,White,Female,United-States,<=50K
19,311974,9,0,0,25,Private,HS-grad,Never-married,Craft-repair,Other-relative,White,Male,Mexico,<=50K
37,194630,14,0,0,40,Federal-gov,Masters,Never-married,Exec-managerial,Own-child,White,Female,United-States,<=50K
66,234743,10,0,0,50,Private,Some-college,Married-civ-spouse,Exec-managerial,Husband,White,Male,United-States,<=50K
17,122041,7,0,0,20,Private,11th,Never-married,Craft-repair,Own-child,White,Male,United-States,<=50K
53,53812,10,0,0,54,Private,Some-college,Widowed,Exec-managerial,Not-in-family,White,Female,United-States,<=50K
20,298155,10,0,0,40,MISSING,Some-college,Never-married,MISSING,Own-child,Black,Female,United-States,<=50K
25,133373,13,0,0,80,Self-emp-inc,Bachelors,Never-married,Sales,Not-in-family,White,Male,United-States,<=50K
21,221661,9,0,0,35,Private,HS-grad,Never-married,Sales,Own-child,White,Female,United-States,<=50K
26,122206,9,0,0,40,Private,HS-grad,Never-married,Craft-repair,Other-relative,White,Male,United-States,<=50K
49,183710,16,0,0,50,State-gov,Doctorate,Married-civ-spouse,Exec-managerial,Husband,White,Male,United-States,>50K
28,188064,9,0,0,35,Private,HS-grad,Married-civ-spouse,Craft-repair,Husband,White,Male,Canada,<=50K
34,287737,10,0,1485,40,Private,Some-college,Married-civ-spouse,Exec-managerial,Wife,White,Female,United-States,>50K
20,130840,9,0,0,20,Private,HS-grad,Never-married,Craft-repair,Own-child,White,Male,United-States,<=50K
42,121055,13,0,0,60,Private,Bachelors,Married-civ-spouse,Sales,Husband,White,Male,United-States,<=50K
35,236910,13,0,0,60,Private,Bachelors,Married-civ-spouse,Exec-managerial,Husband,White,Male,United-States,<=50K
61,111563,13,0,0,20,Self-emp-not-inc,Bachelors,Married-civ-spouse,Farming-fishing,Husband,White,Male,United-States,>50K
18,45316,7,0,0,20,Private,11th,Never-married,Other-service,Own-child,White,Female,United-States,<=50K
48,188081,9,0,0,40,Federal-gov,HS-grad,Married-civ-spouse,Adm-clerical,Husband,White,Male,United-States,>50K
34,110476,9,0,0,40,Private,HS-grad,Married-civ-spouse,Adm-clerical,Husband,White,Male,United-States,<=50K
46,253116,13,0,0,40,Local-gov,Bachelors,Never-married,Prof-specialty,Not-in-family,Black,Female,United-States,<=50K
46,78529,13,0,0,60,Private,Bachelors,Married-civ-spouse,Tech-support,Husband,White,Male,United-States,>50K
34,238246,13,0,0,40,Private,Bachelors,Never-married,Prof-specialty,Not-in-family,White,Female,United-States,<=50K
34,143766,12,0,0,40,Federal-gov,Assoc-acdm,Never-married,Adm-clerical,Not-in-family,White,Male,United-States,<=50K
64,49194,7,0,0,30,MISSING,11th,Married-civ-spouse,MISSING,Husband,White,Male,United-States,<=50K
79,158319,9,0,0,24,Self-emp-not-inc,HS-grad,Widowed,Other-service,Not-in-family,White,Female,United-States,<=50K
56,53366,7,0,0,20,Self-emp-not-inc,11th,Married-civ-spouse,Craft-repair,Husband,White,Male,United-States,<=50K
38,32528,10,0,0,40,Private,Some-college,Married-civ-spouse,Exec-managerial,Husband,White,Male,United-States,>50K
38,114059,10,0,0,60,Private,Some-college,Married-civ-spouse,Sales,Husband,White,Male,United-States,<=50K
59,212783,9,0,0,38,Private,HS-grad,Divorced,Other-service,Not-in-family,White,Female,United-States,<=50K
48,216999,9,0,0,40,Private,HS-grad,Married-civ-spouse,Craft-repair,Husband,White,Male,United-States,>50K
59,283635,14,0,0,40,Local-gov,Masters,Divorced,Prof-specialty,Not-in-family,White,Female,United-States,<=50K
38,204527,9,0,0,50,Private,HS-grad,Married-civ-spouse,Craft-repair,Husband,White,Male,United-States,<=50K
42,173704,10,0,1887,50,Private,Some-college,Married-civ-spouse,Sales,Husband,White,Male,United-States,>50K
38,95654,9,0,0,60,Private,HS-grad,Married-civ-spouse,Adm-clerical,Wife,White,Female,United-States,<=50K
61,178312,12,0,0,42,Private,Assoc-acdm,Married-civ-spouse,Exec-managerial,Husband,White,Male,United-States,<=50K
26,211497,10,0,0,40,Local-gov,Some-college,Married-civ-spouse,Prof-specialty,Husband,White,Male,United-States,<=50K
29,259226,7,0,0,48,Private,11th,Never-married,Machine-op-inspct,Own-child,White,Male,United-States,<=50K
56,275943,10,0,0,40,MISSING,Some-college,Married-civ-spouse,MISSING,Husband,White,Male,Nicaragua,<=50K
78,33186,4,0,0,60,MISSING,7th-8th,Married-civ-spouse,MISSING,Husband,White,Male,United-States,<=50K
67,160158,10,0,0,8,State-gov,Some-college,Married-civ-spouse,Farming-fishing,Husband,White,Male,United-States,<=50K
24,113515,9,0,0,40,Private,HS-grad,Never-married,Exec-managerial,Not-in-family,White,Female,United-States,<=50K
27,321896,9,0,0,40,Private,HS-grad,Never-married,Other-service,Not-in-family,White,Male,United-States,<=50K
30,327112,13,0,1564,40,Private,Bachelors,Divorced,Sales,Not-in-family,White,Male,United-States,>50K
35,166193,9,0,0,40,Private,HS-grad,Divorced,Machine-op-inspct,Own-child,White,Male,United-States,<=50K
70,345339,13,0,0,40,State-gov,Bachelors,Never-married,Exec-managerial,Not-in-family,White,Male,United-States,<=50K
65,107620,7,0,0,8,Private,11th,Widowed,Adm-clerical,Not-in-family,White,Female,United-States,<=50K
47,188195,10,0,0,40,Private,Some-college,Married-civ-spouse,Prof-specialty,Husband,White,Male,United-States,<=50K
64,111795,13,0,0,45,State-gov,Bachelors,Married-civ-spouse,Craft-repair,Husband,White,Male,United-States,>50K
39,278403,9,0,0,65,Private,HS-grad,Married-civ-spouse,Transport-moving,Husband,White,Male,United-States,<=50K
21,200153,9,0,0,32,Private,HS-grad,Never-married,Other-service,Own-child,White,Female,United-States,<=50K
20,27049,10,0,0,20,Private,Some-college,Never-married,Exec-managerial,Own-child,White,Female,United-States,<=50K
33,281832,16,0,0,40,Self-emp-inc,Doctorate,Married-civ-spouse,Prof-specialty,Husband,White,Male,Cuba,>50K
44,29591,13,0,2258,40,Federal-gov,Bachelors,Divorced,Tech-support,Not-in-family,White,Male,United-States,>50K
36,226947,13,0,0,40,Private,Bachelors,Married-civ-spouse,Prof-specialty,Husband,White,Male,United-States,>50K
21,317175,9,0,0,60,Private,HS-grad,Never-married,Transport-moving,Not-in-family,White,Male,United-States,<=50K
42,169995,10,0,0,45,Private,Some-college,Married-civ-spouse,Prof-specialty,Husband,White,Male,United-States,<=50K
54,125417,4,0,0,40,Self-emp-inc,7th-8th,Married-civ-spouse,Machine-op-inspct,Husband,White,Male,United-States,>50K
60,276009,9,0,0,30,Private,HS-grad,Married-civ-spouse,Other-service,Husband,Asian-Pac-Islander,Male,Philippines,<=50K
20,183594,10,0,0,40,Private,Some-college,Never-married,Transport-moving,Own-child,White,Male,United-States,<=50K
34,153326,13,0,0,40,Private,Bachelors,Married-civ-spouse,Prof-specialty,Husband,White,Male,United-States,>50K
30,427474,5,0,0,40,Private,9th,Married-civ-spouse,Other-service,Husband,White,Male,Mexico,<=50K
40,26598,13,0,0,40,State-gov,Bachelors,Divorced,Prof-specialty,Not-in-family,White,Male,United-States,<=50K
23,191444,9,0,0,40,MISSING,HS-grad,Never-married,MISSING,Own-child,White,Male,United-States,<=50K
29,244473,13,7688,0,40,Federal-gov,Bachelors,Married-civ-spouse,Exec-managerial,Husband,White,Male,United-States,>50K
31,109917,4,0,0,40,Private,7th-8th,Separated,Craft-repair,Not-in-family,White,Female,United-States,<=50K
55,183884,9,0,0,45,Private,HS-grad,Divorced,Craft-repair,Not-in-family,White,Male,United-States,<=50K
47,193012,14,0,0,50,Local-gov,Masters,Divorced,Protective-serv,Not-in-family,Black,Male,United-States,>50K
23,193090,10,3674,0,40,Private,Some-college,Never-married,Adm-clerical,Not-in-family,White,Female,United-States,<=50K
19,63814,10,0,0,18,Private,Some-college,Never-married,Adm-clerical,Not-in-family,White,Female,United-States,<=50K
36,224531,10,0,0,40,Private,Some-college,Never-married,Other-service,Not-in-family,White,Male,United-States,<=50K
59,152968,10,3325,0,40,Private,Some-college,Separated,Adm-clerical,Other-relative,White,Male,United-States,<=50K
40,166893,13,0,0,40,Local-gov,Bachelors,Married-civ-spouse,Protective-serv,Husband,Black,Male,United-States,>50K
43,37937,14,0,0,50,Private,Masters,Divorced,Exec-managerial,Unmarried,White,Male,United-States,<=50K
19,242941,10,0,1602,10,Private,Some-college,Never-married,Sales,Own-child,White,Female,United-States,<=50K
25,160261,13,0,0,35,Self-emp-inc,Bachelors,Never-married,Exec-managerial,Own-child,Asian-Pac-Islander,Male,Taiwan,<=50K
19,143360,9,0,0,34,Private,HS-grad,Never-married,Machine-op-inspct,Own-child,White,Female,United-States,<=50K
67,105252,14,0,0,40,Private,Masters,Married-civ-spouse,Exec-managerial,Husband,White,Male,United-States,>50K
40,166662,15,15024,0,45,Private,Prof-school,Married-civ-spouse,Prof-specialty,Husband,White,Male,United-States,>50K
43,117158,13,15024,0,60,Self-emp-inc,Bachelors,Married-civ-spouse,Sales,Husband,White,Male,United-States,>50K
46,128460,6,0,0,40,Private,10th,Married-civ-spouse,Handlers-cleaners,Husband,White,Male,United-States,<=50K
25,198870,13,0,0,35,Private,Bachelors,Never-married,Adm-clerical,Own-child,Black,Male,United-States,<=50K
32,119124,13,0,0,40,Private,Bachelors,Never-married,Prof-specialty,Own-child,White,Male,United-States,<=50K
47,194772,11,0,0,40,Private,Assoc-voc,Married-civ-spouse,Machine-op-inspct,Husband,White,Male,United-States,>50K
61,226297,13,0,0,40,Private,Bachelors,Married-civ-spouse,Exec-managerial,Husband,White,Male,United-States,<=50K
25,47353,6,0,0,40,Private,10th,Married-civ-spouse,Other-service,Wife,White,Female,United-States,<=50K
37,75050,11,0,0,55,Self-emp-not-inc,Assoc-voc,Married-civ-spouse,Craft-repair,Husband,White,Male,United-States,<=50K
21,415913,10,0,0,40,MISSING,Some-college,Never-married,MISSING,Own-child,White,Male,United-States,<=50K
32,94041,11,0,0,44,Private,Assoc-voc,Never-married,Craft-repair,Not-in-family,White,Male,Ireland,<=50K
51,153486,9,0,0,45,Private,HS-grad,Married-civ-spouse,Machine-op-inspct,Husband,White,Male,United-States,>50K
45,96798,3,0,0,40,Private,5th-6th,Divorced,Transport-moving,Unmarried,White,Male,United-States,<=50K
41,242089,14,0,0,45,Private,Masters,Married-civ-spouse,Exec-managerial,Husband,White,Male,United-States,<=50K
36,94954,9,0,0,40,Private,HS-grad,Divorced,Transport-moving,Not-in-family,White,Female,United-States,<=50K
51,246820,9,7298,0,48,Self-emp-not-inc,HS-grad,Married-civ-spouse,Craft-repair,Husband,White,Male,United-States,>50K
54,238257,13,0,0,50,Local-gov,Bachelors,Never-married,Prof-specialty,Not-in-family,White,Male,United-States,<=50K
50,121441,7,0,2444,40,Self-emp-inc,11th,Never-married,Exec-managerial,Other-relative,White,Male,United-States,>50K
21,185582,10,0,0,43,Private,Some-college,Never-married,Sales,Own-child,White,Male,United-States,<=50K
67,217892,16,10605,0,35,Self-emp-not-inc,Doctorate,Married-civ-spouse,Prof-specialty,Husband,White,Male,United-States,>50K
43,403467,13,7688,0,40,Private,Bachelors,Married-civ-spouse,Exec-managerial,Husband,Black,Male,United-States,>50K
65,183170,9,0,0,25,Private,HS-grad,Divorced,Other-service,Not-in-family,White,Male,United-States,<=50K
29,108574,11,0,0,40,Private,Assoc-voc,Never-married,Priv-house-serv,Own-child,White,Female,United-States,<=50K
44,296728,14,0,0,40,Private,Masters,Married-civ-spouse,Exec-managerial,Husband,White,Male,United-States,>50K
60,82388,10,0,0,38,Private,Some-college,Married-civ-spouse,Protective-serv,Husband,White,Male,United-States,<=50K
35,28160,13,0,0,40,Private,Bachelors,Married-spouse-absent,Exec-managerial,Unmarried,White,Female,United-States,<=50K
41,114967,11,0,0,40,Self-emp-inc,Assoc-voc,Married-civ-spouse,Exec-managerial,Husband,Black,Male,United-States,>50K
30,36383,13,0,0,40,Private,Bachelors,Married-civ-spouse,Sales,Husband,White,Male,Mexico,>50K
19,278915,8,0,0,52,Private,12th,Never-married,Handlers-cleaners,Own-child,Black,Female,United-States,<=50K
77,138714,10,0,0,40,Self-emp-not-inc,Some-college,Married-civ-spouse,Sales,Husband,White,Male,United-States,<=50K
47,106252,13,0,0,50,Self-emp-not-inc,Bachelors,Divorced,Sales,Not-in-family,White,Female,United-States,<=50K
52,117295,2,0,0,50,Private,1st-4th,Married-civ-spouse,Exec-managerial,Husband,White,Male,United-States,>50K
28,303954,9,0,1848,42,Private,HS-grad,Married-civ-spouse,Craft-repair,Husband,White,Male,United-States,>50K
59,135647,7,0,0,60,Private,11th,Married-civ-spouse,Sales,Husband,White,Male,United-States,<=50K
54,175594,9,0,0,40,Private,HS-grad,Married-civ-spouse,Craft-repair,Husband,White,Male,United-States,<=50K
37,116554,14,0,0,70,Self-emp-inc,Masters,Divorced,Exec-managerial,Not-in-family,White,Female,United-States,<=50K
46,248059,9,3464,0,40,Private,HS-grad,Married-civ-spouse,Craft-repair,Husband,White,Male,United-States,<=50K
38,256864,11,0,0,40,Local-gov,Assoc-voc,Married-civ-spouse,Exec-managerial,Husband,White,Male,United-States,<=50K
51,243631,6,0,0,40,State-gov,10th,Married-civ-spouse,Craft-repair,Husband,Amer-Indian-Eskimo,Male,United-States,<=50K
55,111130,12,0,0,40,State-gov,Assoc-acdm,Divorced,Adm-clerical,Own-child,Asian-Pac-Islander,Male,United-States,<=50K
30,118861,10,0,0,50,Private,Some-college,Married-civ-spouse,Adm-clerical,Husband,Asian-Pac-Islander,Male,United-States,>50K
52,108435,14,0,1902,50,Private,Masters,Married-civ-spouse,Exec-managerial,Husband,White,Male,Greece,>50K
36,747719,15,15024,0,50,State-gov,Prof-school,Married-civ-spouse,Prof-specialty,Wife,White,Female,United-States,>50K
28,221452,9,0,0,40,Private,HS-grad,Never-married,Adm-clerical,Not-in-family,White,Male,United-States,<=50K
24,227070,6,0,0,40,Private,10th,Married-civ-spouse,Machine-op-inspct,Wife,White,Female,United-States,<=50K
70,89787,9,0,0,20,Private,HS-grad,Married-civ-spouse,Prof-specialty,Husband,White,Male,United-States,<=50K
30,350979,9,0,0,40,Private,HS-grad,Married-civ-spouse,Craft-repair,Husband,Asian-Pac-Islander,Male,Laos,<=50K
39,193583,13,5455,0,60,Federal-gov,Bachelors,Divorced,Prof-specialty,Unmarried,White,Female,United-States,<=50K
42,147099,9,0,0,30,Private,HS-grad,Divorced,Other-service,Unmarried,White,Female,United-States,<=50K
28,70034,13,0,0,45,Private,Bachelors,Married-civ-spouse,Sales,Husband,White,Male,United-States,>50K
52,183611,2,0,0,40,Private,1st-4th,Married-civ-spouse,Farming-fishing,Husband,White,Male,United-States,<=50K
58,165315,9,0,0,35,Self-emp-not-inc,HS-grad,Married-civ-spouse,Sales,Husband,White,Male,United-States,>50K
67,125926,10,0,0,8,MISSING,Some-college,Married-civ-spouse,MISSING,Husband,White,Male,United-States,<=50K
19,375114,9,0,0,40,Private,HS-grad,Never-married,Craft-repair,Not-in-family,White,Female,United-States,<=50K
36,339772,9,0,0,40,Local-gov,HS-grad,Separated,Exec-managerial,Not-in-family,Black,Male,United-States,<=50K
25,75821,10,0,0,40,Private,Some-college,Never-married,Prof-specialty,Own-child,White,Female,United-States,<=50K
18,80564,9,0,0,60,MISSING,HS-grad,Never-married,MISSING,Own-child,White,Male,United-States,<=50K
38,326886,11,0,0,45,Private,Assoc-voc,Married-civ-spouse,Exec-managerial,Husband,White,Male,United-States,>50K
29,167737,9,0,0,50,Private,HS-grad,Never-married,Transport-moving,Other-relative,White,Male,United-States,<=50K
41,92775,13,0,0,60,Private,Bachelors,Married-civ-spouse,Exec-managerial,Husband,White,Male,United-States,>50K
32,142675,9,0,0,40,Private,HS-grad,Never-married,Craft-repair,Not-in-family,White,Male,United-States,<=50K
31,113838,13,0,0,50,Private,Bachelors,Married-civ-spouse,Prof-specialty,Husband,White,Male,United-States,<=50K
58,320102,16,0,0,50,Private,Doctorate,Married-civ-spouse,Prof-specialty,Husband,White,Male,United-States,>50K
23,224954,10,0,0,25,Private,Some-college,Never-married,Machine-op-inspct,Own-child,White,Male,United-States,<=50K
27,137629,9,0,0,80,Local-gov,HS-grad,Married-civ-spouse,Exec-managerial,Husband,White,Male,United-States,>50K
61,539563,10,0,0,45,Private,Some-college,Married-civ-spouse,Exec-managerial,Husband,White,Male,United-States,>50K
41,187462,11,0,0,40,Federal-gov,Assoc-voc,Divorced,Adm-clerical,Own-child,Black,Female,United-States,<=50K
25,632834,9,0,0,40,Private,HS-grad,Never-married,Craft-repair,Own-child,Black,Male,United-States,<=50K
34,176992,10,0,0,40,Private,Some-college,Married-civ-spouse,Machine-op-inspct,Husband,White,Male,United-States,<=50K
55,188917,9,0,0,40,Private,HS-grad,Divorced,Handlers-cleaners,Not-in-family,White,Female,United-States,<=50K
35,169672,7,0,0,65,Private,11th,Married-civ-spouse,Sales,Husband,White,Male,United-States,<=50K
59,291529,6,0,0,52,Private,10th,Widowed,Machine-op-inspct,Not-in-family,White,Male,United-States,<=50K
82,120408,10,0,0,20,Self-emp-inc,Some-college,Widowed,Sales,Not-in-family,White,Male,United-States,<=50K
37,301568,8,0,0,40,Private,12th,Never-married,Other-service,Own-child,White,Female,United-States,<=50K
29,383745,10,0,1485,40,Local-gov,Some-college,Married-civ-spouse,Protective-serv,Husband,White,Male,United-States,>50K
31,202729,9,0,0,40,Private,HS-grad,Married-civ-spouse,Machine-op-inspct,Husband,White,Male,United-States,>50K
37,312766,9,0,0,40,Private,HS-grad,Divorced,Other-service,Not-in-family,White,Female,United-States,<=50K
47,236111,10,0,0,55,Self-emp-not-inc,Some-college,Married-civ-spouse,Prof-specialty,Husband,Other,Male,United-States,>50K
35,20469,10,0,0,40,Federal-gov,Some-college,Divorced,Exec-managerial,Unmarried,Asian-Pac-Islander,Female,Philippines,<=50K
27,277760,9,0,0,40,Private,HS-grad,Divorced,Exec-managerial,Unmarried,White,Female,United-States,<=50K
55,115457,9,0,0,40,Local-gov,HS-grad,Married-civ-spouse,Other-service,Husband,White,Male,United-States,<=50K
35,220595,9,0,0,40,Private,HS-grad,Married-civ-spouse,Craft-repair,Husband,White,Male,United-States,<=50K
62,177791,6,0,0,40,Private,10th,Divorced,Other-service,Own-child,White,Female,United-States,<=50K
33,133503,9,2635,0,16,Private,HS-grad,Married-civ-spouse,Protective-serv,Husband,White,Male,United-States,<=50K
26,292803,10,0,0,24,Private,Some-college,Never-married,Other-service,Own-child,White,Female,United-States,<=50K
17,179319,6,0,0,30,State-gov,10th,Never-married,Other-service,Own-child,White,Male,United-States,<=50K
24,173736,11,0,0,55,Private,Assoc-voc,Never-married,Craft-repair,Not-in-family,White,Male,United-States,<=50K
42,170721,9,0,2002,40,Self-emp-not-inc,HS-grad,Married-civ-spouse,Craft-repair,Husband,White,Male,United-States,<=50K
47,121124,14,0,0,35,Local-gov,Masters,Married-civ-spouse,Prof-specialty,Husband,White,Male,United-States,>50K
19,261422,10,0,0,40,State-gov,Some-college,Never-married,Prof-specialty,Own-child,White,Male,United-States,<=50K
43,557349,6,0,0,40,Private,10th,Married-civ-spouse,Transport-moving,Husband,White,Male,Yugoslavia,<=50K
30,195488,9,0,0,40,Private,HS-grad,Never-married,Priv-house-serv,Own-child,White,Female,Guatemala,<=50K
33,219034,7,0,0,40,Private,11th,Never-married,Sales,Not-in-family,White,Female,United-States,<=50K
41,206916,13,0,0,30,MISSING,Bachelors,Married-spouse-absent,MISSING,Not-in-family,White,Male,United-States,<=50K
46,169324,9,0,0,45,Private,HS-grad,Separated,Other-service,Not-in-family,Black,Female,Jamaica,<=50K
38,34364,14,0,0,40,State-gov,Masters,Divorced,Adm-clerical,Not-in-family,White,Female,United-States,<=50K
50,169182,9,0,0,49,Local-gov,HS-grad,Divorced,Other-service,Unmarried,White,Female,Dominican-Republic,<=50K
62,176811,9,0,0,40,Private,HS-grad,Married-civ-spouse,Craft-repair,Husband,White,Male,United-States,<=50K
55,227203,12,0,0,5,MISSING,Assoc-acdm,Married-spouse-absent,MISSING,Not-in-family,White,Female,United-States,<=50K
37,188774,13,0,2824,40,Private,Bachelors,Never-married,Exec-managerial,Not-in-family,White,Male,United-States,>50K
42,176286,12,0,0,40,Private,Assoc-acdm,Married-civ-spouse,Exec-managerial,Husband,White,Male,United-States,>50K
57,190561,9,0,0,30,Local-gov,HS-grad,Divorced,Handlers-cleaners,Not-in-family,Black,Female,United-States,<=50K
34,111985,9,0,0,50,Self-emp-not-inc,HS-grad,Married-civ-spouse,Craft-repair,Husband,White,Male,United-States,<=50K
36,179896,9,3137,0,40,Self-emp-not-inc,HS-grad,Married-civ-spouse,Prof-specialty,Wife,White,Female,United-States,<=50K
17,152696,8,0,0,30,Private,12th,Never-married,Other-service,Own-child,White,Female,United-States,<=50K
63,206052,9,0,0,40,Private,HS-grad,Married-civ-spouse,Craft-repair,Husband,White,Male,United-States,<=50K
17,806316,7,0,0,20,MISSING,11th,Never-married,MISSING,Own-child,White,Female,United-States,<=50K
55,173090,14,0,0,45,Local-gov,Masters,Widowed,Prof-specialty,Unmarried,White,Female,United-States,<=50K
20,56322,10,0,0,20,Private,Some-college,Never-married,Other-service,Own-child,White,Male,United-States,<=50K
37,365465,9,0,0,70,Private,HS-grad,Separated,Craft-repair,Unmarried,White,Male,Philippines,<=50K
51,241843,1,0,0,40,Local-gov,Preschool,Married-civ-spouse,Other-service,Husband,White,Male,United-States,<=50K
59,233312,10,0,0,40,Private,Some-college,Married-civ-spouse,Craft-repair,Husband,White,Male,United-States,>50K
68,493363,13,0,0,20,State-gov,Bachelors,Married-civ-spouse,Exec-managerial,Husband,White,Male,United-States,<=50K
30,166961,10,0,0,20,Self-emp-not-inc,Some-college,Married-civ-spouse,Adm-clerical,Wife,White,Female,United-States,>50K
39,301568,10,0,0,40,Private,Some-college,Divorced,Sales,Unmarried,White,Female,United-States,<=50K
55,169611,7,0,0,40,Private,11th,Widowed,Adm-clerical,Unmarried,White,Female,United-States,<=50K
41,428499,7,0,1485,50,Private,11th,Married-civ-spouse,Craft-repair,Husband,White,Male,United-States,>50K
49,122177,10,0,0,40,State-gov,Some-college,Married-civ-spouse,Machine-op-inspct,Husband,White,Male,United-States,>50K
33,171216,13,0,0,50,Private,Bachelors,Married-civ-spouse,Exec-managerial,Husband,White,Male,United-States,>50K
36,35429,10,0,0,60,Private,Some-college,Married-civ-spouse,Exec-managerial,Husband,White,Male,United-States,<=50K
24,53942,13,0,0,40,Private,Bachelors,Married-civ-spouse,Machine-op-inspct,Husband,White,Male,United-States,<=50K
27,134152,9,0,0,45,Private,HS-grad,Married-civ-spouse,Machine-op-inspct,Husband,White,Male,United-States,<=50K
30,94245,10,0,0,40,Private,Some-college,Married-civ-spouse,Handlers-cleaners,Husband,White,Male,United-States,<=50K
47,116927,9,0,0,42,Self-emp-inc,HS-grad,Married-civ-spouse,Exec-managerial,Husband,White,Male,United-States,>50K
59,380357,13,0,0,40,Private,Bachelors,Divorced,Exec-managerial,Not-in-family,White,Male,United-States,<=50K
45,214068,16,0,0,50,Private,Doctorate,Married-civ-spouse,Prof-specialty,Husband,White,Male,United-States,>50K
45,120724,14,4386,0,40,Private,Masters,Married-civ-spouse,Exec-managerial,Husband,White,Male,United-States,<=50K
55,184702,9,0,0,40,Self-emp-not-inc,HS-grad,Married-civ-spouse,Sales,Husband,White,Male,United-States,<=50K
33,188246,14,7298,0,45,Private,Masters,Married-civ-spouse,Exec-managerial,Husband,White,Male,United-States,>50K
44,275094,2,0,0,10,Private,1st-4th,Never-married,Other-service,Own-child,White,Male,United-States,<=50K
52,34973,9,0,1887,60,Self-emp-not-inc,HS-grad,Married-civ-spouse,Farming-fishing,Husband,White,Male,United-States,>50K
34,318886,9,0,0,40,Private,HS-grad,Married-civ-spouse,Farming-fishing,Husband,Black,Male,United-States,<=50K
23,260254,9,0,0,40,Private,HS-grad,Never-married,Sales,Own-child,White,Male,United-States,<=50K
46,265275,14,0,0,60,Private,Masters,Married-civ-spouse,Prof-specialty,Husband,White,Male,United-States,<=50K
38,210438,4,0,0,40,Private,7th-8th,Divorced,Sales,Unmarried,White,Female,United-States,<=50K
37,244341,10,0,0,40,Local-gov,Some-college,Never-married,Adm-clerical,Unmarried,Black,Female,United-States,<=50K
36,160120,13,0,0,45,Self-emp-not-inc,Bachelors,Married-civ-spouse,Sales,Husband,Other,Male,MISSING,<=50K
63,39181,16,0,2559,60,Federal-gov,Doctorate,Divorced,Exec-managerial,Not-in-family,White,Female,United-States,>50K
33,221196,10,0,0,40,Private,Some-college,Married-civ-spouse,Craft-repair,Husband,Black,Male,United-States,<=50K
47,235646,14,0,0,40,Self-emp-not-inc,Masters,Married-civ-spouse,Prof-specialty,Husband,White,Male,United-States,>50K
65,118779,9,0,0,30,Private,HS-grad,Married-civ-spouse,Craft-repair,Husband,White,Male,United-States,<=50K
35,318891,12,0,0,40,State-gov,Assoc-acdm,Widowed,Exec-managerial,Not-in-family,White,Female,United-States,<=50K
76,243768,3,0,0,20,Private,5th-6th,Never-married,Handlers-cleaners,Not-in-family,White,Male,United-States,<=50K
21,265356,10,0,0,40,Private,Some-college,Never-married,Sales,Other-relative,White,Male,United-States,<=50K
42,245975,9,0,0,40,Private,HS-grad,Married-civ-spouse,Craft-repair,Husband,White,Male,United-States,<=50K
46,330087,13,15024,0,45,Private,Bachelors,Married-civ-spouse,Exec-managerial,Husband,White,Male,United-States,>50K
46,231515,12,0,0,47,Private,Assoc-acdm,Never-married,Adm-clerical,Not-in-family,White,Female,Cuba,<=50K
28,278736,3,0,0,40,Private,5th-6th,Married-civ-spouse,Machine-op-inspct,Husband,White,Male,Mexico,<=50K
25,139730,9,0,0,80,Private,HS-grad,Married-civ-spouse,Craft-repair,Husband,White,Male,United-States,>50K
59,255822,9,0,0,60,Self-emp-inc,HS-grad,Divorced,Exec-managerial,Not-in-family,White,Male,United-States,<=50K
38,234807,13,0,0,50,Private,Bachelors,Married-civ-spouse,Exec-managerial,Wife,White,Female,United-States,>50K
33,428271,9,0,0,35,Federal-gov,HS-grad,Divorced,Adm-clerical,Unmarried,Black,Female,United-States,<=50K
38,215419,9,0,0,36,Private,HS-grad,Married-civ-spouse,Adm-clerical,Wife,White,Female,United-States,>50K
46,207677,13,0,0,40,Local-gov,Bachelors,Married-civ-spouse,Protective-serv,Husband,White,Male,United-States,>50K
31,209538,6,0,0,40,Private,10th,Married-civ-spouse,Machine-op-inspct,Husband,White,Male,United-States,<=50K
22,183970,9,0,0,40,Private,HS-grad,Never-married,Handlers-cleaners,Own-child,Black,Male,United-States,<=50K
43,183479,9,0,0,30,Self-emp-not-inc,HS-grad,Married-civ-spouse,Craft-repair,Husband,White,Male,United-States,<=50K
29,124680,13,13550,0,35,Private,Bachelors,Never-married,Sales,Not-in-family,White,Female,United-States,>50K
63,111963,10,0,0,16,Private,Some-college,Married-civ-spouse,Prof-specialty,Husband,White,Male,United-States,<=50K
24,330571,13,0,0,40,Private,Bachelors,Married-civ-spouse,Prof-specialty,Wife,White,Female,United-States,<=50K
32,176253,10,0,0,40,Private,Some-college,Divorced,Exec-managerial,Not-in-family,Black,Male,United-States,<=50K
43,83348,9,0,0,60,Self-emp-inc,HS-grad,Married-civ-spouse,Craft-repair,Husband,White,Male,United-States,<=50K
65,172684,13,0,0,44,Self-emp-inc,Bachelors,Married-civ-spouse,Exec-managerial,Husband,White,Male,Mexico,>50K
20,157332,10,0,0,25,Private,Some-college,Never-married,Adm-clerical,Own-child,White,Female,United-States,<=50K
44,160574,9,0,0,65,Private,HS-grad,Married-civ-spouse,Craft-repair,Husband,White,Male,United-States,>50K
72,114761,4,0,0,20,MISSING,7th-8th,Widowed,MISSING,Unmarried,White,Female,United-States,<=50K
36,187098,9,0,0,40,Private,HS-grad,Divorced,Adm-clerical,Unmarried,White,Female,United-States,<=50K
48,186172,13,0,0,45,Private,Bachelors,Married-civ-spouse,Exec-managerial,Husband,White,Male,United-States,>50K
38,439592,10,0,0,40,Private,Some-college,Never-married,Other-service,Own-child,Black,Female,United-States,<=50K
32,198068,9,0,0,60,Private,HS-grad,Never-married,Transport-moving,Not-in-family,White,Male,United-States,<=50K
26,133756,9,0,0,40,Private,HS-grad,Divorced,Farming-fishing,Not-in-family,Asian-Pac-Islander,Male,Philippines,<=50K
23,32950,13,0,0,40,Private,Bachelors,Never-married,Sales,Not-in-family,White,Male,United-States,<=50K
34,244147,13,0,0,40,Private,Bachelors,Married-civ-spouse,Prof-specialty,Husband,White,Male,MISSING,>50K
32,62272,9,0,0,40,Self-emp-not-inc,HS-grad,Divorced,Exec-managerial,Unmarried,White,Female,United-States,<=50K
20,111697,10,0,1719,28,Private,Some-college,Never-married,Adm-clerical,Own-child,White,Female,United-States,<=50K
43,350379,3,0,0,40,Private,5th-6th,Divorced,Priv-house-serv,Unmarried,White,Female,Mexico,<=50K
25,196627,7,0,0,40,MISSING,11th,Never-married,MISSING,Own-child,White,Male,United-States,<=50K
25,111243,9,0,0,50,Private,HS-grad,Never-married,Sales,Other-relative,White,Female,United-States,<=50K
47,287480,14,0,0,40,Local-gov,Masters,Married-civ-spouse,Prof-specialty,Husband,White,Male,United-States,<=50K
38,107125,10,0,0,60,Private,Some-college,Never-married,Sales,Not-in-family,White,Male,United-States,<=50K
40,260761,13,0,0,40,Private,Bachelors,Married-civ-spouse,Adm-clerical,Husband,White,Male,Mexico,<=50K
38,35429,9,0,2042,40,Private,HS-grad,Married-civ-spouse,Handlers-cleaners,Husband,White,Male,United-States,<=50K
34,100593,10,0,0,6,Private,Some-college,Divorced,Prof-specialty,Unmarried,White,Female,United-States,<=50K
41,324629,13,0,0,40,Private,Bachelors,Married-civ-spouse,Exec-managerial,Husband,White,Male,Yugoslavia,<=50K
20,124242,10,0,0,40,MISSING,Some-college,Never-married,MISSING,Own-child,White,Female,United-States,<=50K
41,57233,13,0,0,40,Private,Bachelors,Never-married,Handlers-cleaners,Not-in-family,White,Male,United-States,<=50K
39,128392,9,0,1887,40,Private,HS-grad,Married-civ-spouse,Machine-op-inspct,Husband,White,Male,United-States,>50K
56,275236,13,0,0,40,Private,Bachelors,Married-civ-spouse,Machine-op-inspct,Husband,White,Male,United-States,<=50K
50,172970,9,0,0,40,State-gov,HS-grad,Married-civ-spouse,Transport-moving,Husband,White,Male,Puerto-Rico,<=50K
17,170455,7,0,0,8,Private,11th,Never-married,Sales,Own-child,White,Female,United-States,<=50K
28,282972,13,0,0,4,Self-emp-not-inc,Bachelors,Never-married,Prof-specialty,Not-in-family,White,Female,United-States,<=50K
29,199499,11,0,0,40,Private,Assoc-voc,Never-married,Other-service,Not-in-family,Black,Male,United-States,<=50K
47,117628,9,0,0,40,Federal-gov,HS-grad,Married-civ-spouse,Craft-repair,Husband,White,Male,United-States,>50K
54,288992,6,14344,0,68,Private,10th,Divorced,Prof-specialty,Unmarried,White,Male,United-States,>50K
42,32981,9,0,0,40,Private,HS-grad,Divorced,Machine-op-inspct,Not-in-family,White,Male,United-States,<=50K
45,86644,13,0,0,55,Local-gov,Bachelors,Married-civ-spouse,Prof-specialty,Wife,White,Female,United-States,<=50K
24,190143,13,0,0,40,Private,Bachelors,Married-civ-spouse,Sales,Husband,White,Male,United-States,<=50K
54,225599,14,7298,0,40,Private,Masters,Married-civ-spouse,Prof-specialty,Husband,Asian-Pac-Islander,Male,India,>50K
35,98360,13,0,0,40,Self-emp-not-inc,Bachelors,Married-civ-spouse,Prof-specialty,Husband,White,Male,United-States,<=50K
23,117480,6,0,0,44,Private,10th,Never-married,Craft-repair,Own-child,White,Male,United-States,<=50K
44,111275,9,0,0,38,Private,HS-grad,Never-married,Other-service,Unmarried,Black,Female,United-States,<=50K
18,337046,6,0,0,40,Private,10th,Never-married,Other-service,Own-child,White,Male,United-States,<=50K
47,106255,10,0,0,40,Private,Some-college,Married-civ-spouse,Craft-repair,Husband,White,Male,United-States,<=50K
28,240172,14,0,0,40,Self-emp-not-inc,Masters,Never-married,Prof-specialty,Own-child,White,Male,United-States,<=50K
17,198146,7,0,0,16,Private,11th,Never-married,Sales,Own-child,White,Female,United-States,<=50K
37,243587,10,0,0,40,Self-emp-not-inc,Some-college,Separated,Other-service,Own-child,White,Female,Cuba,<=50K
24,241752,9,0,0,40,Private,HS-grad,Never-married,Handlers-cleaners,Not-in-family,White,Male,United-States,<=50K
22,344176,9,0,0,20,Private,HS-grad,Never-married,Sales,Unmarried,White,Male,United-States,<=50K
47,105381,9,0,0,40,Private,HS-grad,Divorced,Sales,Not-in-family,White,Female,United-States,<=50K
24,192201,10,0,0,20,Private,Some-college,Never-married,Exec-managerial,Not-in-family,Black,Female,United-States,<=50K
51,168539,13,0,0,50,Local-gov,Bachelors,Married-civ-spouse,Exec-managerial,Husband,White,Male,United-States,>50K
42,102085,9,0,0,15,Private,HS-grad,Divorced,Other-service,Own-child,White,Female,United-States,<=50K
42,248356,9,0,0,40,Private,HS-grad,Never-married,Sales,Unmarried,White,Female,United-States,<=50K
44,165599,9,0,0,48,Private,HS-grad,Married-civ-spouse,Machine-op-inspct,Husband,White,Male,United-States,<=50K
52,146767,9,0,0,40,Private,HS-grad,Married-civ-spouse,Machine-op-inspct,Husband,White,Male,United-States,>50K
19,251579,10,0,0,14,Private,Some-college,Never-married,Other-service,Own-child,White,Male,United-States,<=50K
31,127610,13,0,0,40,Private,Bachelors,Married-civ-spouse,Prof-specialty,Wife,White,Female,United-States,>50K
42,154374,13,0,2415,60,Private,Bachelors,Married-civ-spouse,Exec-managerial,Husband,White,Male,United-States,>50K
42,193882,10,0,0,40,Private,Some-college,Married-civ-spouse,Prof-specialty,Husband,White,Male,United-States,>50K
26,178140,13,0,0,45,Private,Bachelors,Married-civ-spouse,Other-service,Husband,White,Male,United-States,>50K
20,171398,6,0,0,40,Private,10th,Never-married,Sales,Not-in-family,Other,Male,United-States,<=50K
58,368797,14,0,0,35,Local-gov,Masters,Widowed,Prof-specialty,Unmarried,White,Male,United-States,>50K
58,210563,9,15024,0,35,Self-emp-inc,HS-grad,Married-civ-spouse,Sales,Wife,White,Female,United-States,>50K
43,181015,9,0,0,50,Private,HS-grad,Divorced,Machine-op-inspct,Unmarried,White,Female,United-States,<=50K
27,253814,13,0,0,40,Private,Bachelors,Married-civ-spouse,Tech-support,Wife,White,Female,United-States,>50K
27,102889,10,0,0,40,Private,Some-college,Divorced,Machine-op-inspct,Unmarried,White,Female,United-States,<=50K
36,261382,14,15024,0,45,Private,Masters,Married-civ-spouse,Sales,Husband,White,Male,United-States,>50K
57,73411,10,0,0,40,Private,Some-college,Married-civ-spouse,Craft-repair,Husband,White,Male,United-States,>50K
40,244172,9,0,0,40,Private,HS-grad,Married-civ-spouse,Handlers-cleaners,Husband,White,Male,United-States,<=50K
30,255004,12,0,0,52,Private,Assoc-acdm,Divorced,Sales,Not-in-family,White,Male,United-States,<=50K
78,83511,4,0,0,40,MISSING,7th-8th,Married-civ-spouse,MISSING,Husband,White,Male,Portugal,<=50K
42,157562,13,0,1902,80,Self-emp-not-inc,Bachelors,Married-civ-spouse,Farming-fishing,Husband,White,Male,United-States,>50K
24,283757,13,0,0,39,Private,Bachelors,Never-married,Adm-clerical,Own-child,White,Male,United-States,<=50K
36,205555,15,0,0,40,State-gov,Prof-school,Divorced,Prof-specialty,Own-child,Asian-Pac-Islander,Female,Philippines,<=50K
20,121023,10,0,0,40,MISSING,Some-college,Never-married,MISSING,Own-child,White,Female,United-States,<=50K
29,153416,13,0,0,55,Private,Bachelors,Never-married,Exec-managerial,Not-in-family,White,Female,United-States,<=50K
47,149700,13,0,0,36,MISSING,Bachelors,Married-civ-spouse,MISSING,Husband,White,Male,United-States,>50K
27,151382,4,0,974,40,Private,7th-8th,Divorced,Machine-op-inspct,Unmarried,White,Male,United-States,<=50K
21,181096,10,0,0,20,Federal-gov,Some-college,Never-married,Tech-support,Own-child,Black,Male,United-States,<=50K
37,348960,13,0,0,36,State-gov,Bachelors,Married-civ-spouse,Prof-specialty,Husband,White,Male,United-States,>50K
21,396790,9,0,0,20,Private,HS-grad,Never-married,Transport-moving,Own-child,Black,Male,United-States,<=50K
90,90523,9,0,0,99,Private,HS-grad,Widowed,Transport-moving,Unmarried,White,Male,United-States,<=50K
18,128538,7,0,0,25,Private,11th,Never-married,Sales,Own-child,White,Female,United-States,<=50K
20,27337,9,0,0,48,Private,HS-grad,Never-married,Handlers-cleaners,Own-child,Amer-Indian-Eskimo,Male,United-States,<=50K
47,106544,9,0,0,40,Private,HS-grad,Never-married,Other-service,Not-in-family,White,Female,United-States,<=50K
73,247355,9,0,0,16,Private,HS-grad,Married-civ-spouse,Transport-moving,Husband,White,Male,Canada,<=50K
41,176069,9,0,0,40,Private,HS-grad,Separated,Machine-op-inspct,Unmarried,White,Female,United-States,<=50K
30,378723,10,0,0,55,Private,Some-college,Divorced,Adm-clerical,Own-child,White,Female,United-States,<=50K
56,175127,6,0,0,40,Private,10th,Married-civ-spouse,Handlers-cleaners,Husband,White,Male,United-States,<=50K
22,99199,9,0,0,48,Private,HS-grad,Married-civ-spouse,Exec-managerial,Husband,White,Male,United-States,<=50K
64,103021,4,0,0,40,Private,7th-8th,Married-civ-spouse,Craft-repair,Husband,White,Male,United-States,<=50K
51,152596,9,0,0,40,Private,HS-grad,Married-civ-spouse,Protective-serv,Husband,White,Male,United-States,<=50K
44,34722,10,0,0,55,Private,Some-college,Married-civ-spouse,Sales,Husband,White,Male,United-States,<=50K
52,138944,7,0,0,40,Private,11th,Married-civ-spouse,Craft-repair,Husband,White,Male,United-States,>50K
37,102541,11,0,0,40,MISSING,Assoc-voc,Married-civ-spouse,MISSING,Wife,Amer-Indian-Eskimo,Female,United-States,<=50K
39,315640,13,0,0,60,Self-emp-not-inc,Bachelors,Never-married,Sales,Own-child,Asian-Pac-Islander,Male,Iran,<=50K
46,180010,13,0,0,40,Local-gov,Bachelors,Married-civ-spouse,Prof-specialty,Wife,White,Female,United-States,>50K
65,261334,5,0,0,40,Private,9th,Widowed,Sales,Not-in-family,White,Female,United-States,<=50K
34,345705,9,0,1408,38,Private,HS-grad,Divorced,Craft-repair,Not-in-family,White,Male,United-States,<=50K
28,212091,9,2580,0,40,Private,HS-grad,Married-civ-spouse,Machine-op-inspct,Husband,White,Male,United-States,<=50K
36,206521,9,0,0,40,Private,HS-grad,Never-married,Machine-op-inspct,Not-in-family,White,Male,United-States,<=50K
71,210673,9,0,0,28,State-gov,HS-grad,Married-civ-spouse,Protective-serv,Husband,White,Male,United-States,<=50K
60,113658,10,0,0,35,Local-gov,Some-college,Married-civ-spouse,Adm-clerical,Wife,White,Female,United-States,<=50K
25,204219,9,0,0,40,Private,HS-grad,Never-married,Adm-clerical,Unmarried,White,Female,Mexico,<=50K
33,118267,12,0,0,60,Self-emp-not-inc,Assoc-acdm,Divorced,Sales,Not-in-family,White,Male,United-States,<=50K
24,341294,9,0,0,40,Private,HS-grad,Married-civ-spouse,Machine-op-inspct,Husband,White,Male,United-States,<=50K
56,174744,9,0,0,40,Private,HS-grad,Married-civ-spouse,Other-service,Husband,White,Male,United-States,<=50K
23,189203,9,0,0,40,Private,HS-grad,Never-married,Sales,Not-in-family,White,Male,United-States,<=50K
24,385540,9,0,0,40,Private,HS-grad,Married-civ-spouse,Sales,Husband,White,Male,Mexico,<=50K
23,245147,10,0,0,40,Private,Some-college,Never-married,Handlers-cleaners,Own-child,Black,Male,United-States,<=50K
48,239058,8,0,0,50,Private,12th,Widowed,Handlers-cleaners,Unmarried,White,Female,United-States,<=50K
45,192793,10,0,0,40,Local-gov,Some-college,Married-civ-spouse,Protective-serv,Husband,White,Male,United-States,>50K
50,150941,9,0,0,44,Private,HS-grad,Divorced,Machine-op-inspct,Unmarried,Black,Female,United-States,<=50K
48,165484,10,0,0,65,Private,Some-college,Married-civ-spouse,Exec-managerial,Husband,White,Male,United-States,>50K
19,382738,9,0,0,40,Private,HS-grad,Never-married,Other-service,Own-child,Black,Female,United-States,<=50K
20,193416,10,0,0,40,MISSING,Some-college,Never-married,MISSING,Own-child,White,Female,United-States,<=50K
33,323069,11,0,0,40,Private,Assoc-voc,Divorced,Other-service,Unmarried,White,Female,United-States,<=50K
26,57512,9,0,0,40,Private,HS-grad,Never-married,Transport-moving,Not-in-family,White,Male,United-States,<=50K
34,148291,9,0,0,32,Private,HS-grad,Married-civ-spouse,Tech-support,Wife,White,Female,United-States,<=50K
71,182395,13,11678,0,45,Private,Bachelors,Never-married,Craft-repair,Not-in-family,White,Male,United-States,>50K
19,195282,9,0,0,20,MISSING,HS-grad,Never-married,MISSING,Own-child,Black,Female,United-States,<=50K
58,497253,13,0,0,40,Federal-gov,Bachelors,Married-civ-spouse,Exec-managerial,Husband,Black,Male,United-States,>50K
44,60735,13,0,0,60,Local-gov,Bachelors,Divorced,Prof-specialty,Own-child,White,Female,United-States,<=50K
59,229939,9,0,0,40,Private,HS-grad,Married-civ-spouse,Sales,Husband,White,Male,United-States,<=50K
22,41837,10,0,0,25,Private,Some-college,Never-married,Transport-moving,Own-child,White,Male,United-States,<=50K
28,39232,13,0,0,45,Private,Bachelors,Never-married,Prof-specialty,Not-in-family,White,Male,United-States,<=50K
20,299399,10,0,0,20,Private,Some-college,Never-married,Sales,Own-child,White,Female,United-States,<=50K
48,118158,12,0,0,44,Private,Assoc-acdm,Married-civ-spouse,Transport-moving,Husband,White,Male,United-States,<=50K
30,154882,15,0,0,35,Private,Prof-school,Widowed,Other-service,Not-in-family,White,Male,United-States,<=50K
44,216907,12,0,1848,40,Private,Assoc-acdm,Married-civ-spouse,Craft-repair,Husband,White,Male,United-States,>50K
33,177945,9,0,0,40,Federal-gov,HS-grad,Married-civ-spouse,Adm-clerical,Husband,Black,Male,United-States,<=50K
67,182378,13,9386,0,60,MISSING,Bachelors,Married-civ-spouse,MISSING,Husband,White,Male,United-States,>50K
21,34310,11,0,2603,40,Private,Assoc-voc,Married-civ-spouse,Craft-repair,Husband,White,Male,United-States,<=50K
68,365020,9,0,0,40,Self-emp-not-inc,HS-grad,Married-civ-spouse,Sales,Husband,White,Male,United-States,<=50K
41,40151,10,0,0,40,Private,Some-college,Divorced,Craft-repair,Not-in-family,White,Male,United-States,>50K
42,257780,7,0,0,15,MISSING,11th,Married-civ-spouse,MISSING,Husband,White,Male,United-States,<=50K
69,102874,9,0,0,24,Private,HS-grad,Widowed,Adm-clerical,Not-in-family,White,Female,United-States,<=50K
47,101684,9,0,0,40,Private,HS-grad,Married-civ-spouse,Craft-repair,Husband,White,Male,United-States,<=50K
24,140001,13,0,0,40,Private,Bachelors,Never-married,Exec-managerial,Not-in-family,White,Male,United-States,<=50K
39,706180,13,0,0,40,Private,Bachelors,Divorced,Sales,Unmarried,White,Female,United-States,<=50K
53,35295,13,0,0,60,Self-emp-not-inc,Bachelors,Never-married,Sales,Unmarried,White,Male,United-States,>50K
39,175232,10,0,0,50,Private,Some-college,Married-civ-spouse,Prof-specialty,Husband,White,Male,United-States,<=50K
38,255503,7,0,0,55,Self-emp-not-inc,11th,Divorced,Exec-managerial,Not-in-family,White,Male,United-States,<=50K
50,107665,10,0,0,40,Private,Some-college,Married-civ-spouse,Sales,Husband,White,Male,United-States,>50K
27,204497,6,0,0,75,Private,10th,Divorced,Transport-moving,Not-in-family,Amer-Indian-Eskimo,Male,United-States,<=50K
51,172175,16,0,2824,40,MISSING,Doctorate,Never-married,MISSING,Not-in-family,White,Male,United-States,>50K
22,105043,10,0,0,40,Private,Some-college,Never-married,Adm-clerical,Unmarried,White,Female,United-States,<=50K
57,114495,9,0,0,60,Private,HS-grad,Married-civ-spouse,Exec-managerial,Husband,White,Male,United-States,<=50K
41,136419,12,0,0,75,Private,Assoc-acdm,Married-civ-spouse,Tech-support,Husband,White,Male,United-States,>50K
43,60001,10,0,0,40,Private,Some-college,Married-civ-spouse,Sales,Husband,White,Male,United-States,>50K
57,414994,10,0,0,40,Federal-gov,Some-college,Married-civ-spouse,Exec-managerial,Husband,White,Male,United-States,>50K
34,154120,9,0,0,55,Self-emp-inc,HS-grad,Never-married,Farming-fishing,Own-child,White,Male,United-States,<=50K
26,195216,9,0,0,12,Private,HS-grad,Divorced,Other-service,Not-in-family,White,Female,United-States,<=50K
28,196630,11,0,0,40,MISSING,Assoc-voc,Separated,MISSING,Unmarried,White,Female,Mexico,<=50K
44,156687,9,0,0,42,Self-emp-not-inc,HS-grad,Married-civ-spouse,Farming-fishing,Husband,Asian-Pac-Islander,Male,Japan,<=50K
29,227890,13,0,0,40,Self-emp-not-inc,Bachelors,Never-married,Prof-specialty,Not-in-family,Black,Male,United-States,<=50K
23,136075,13,0,0,32,State-gov,Bachelors,Never-married,Prof-specialty,Not-in-family,White,Female,United-States,<=50K
20,91733,10,0,0,8,Private,Some-college,Never-married,Sales,Own-child,White,Female,United-States,<=50K
22,195179,10,0,0,24,Private,Some-college,Never-married,Sales,Own-child,White,Male,United-States,<=50K
63,101996,14,0,0,40,Federal-gov,Masters,Divorced,Prof-specialty,Not-in-family,White,Male,United-States,>50K
28,157391,13,0,0,40,Private,Bachelors,Never-married,Sales,Own-child,White,Female,United-States,<=50K
47,211668,9,0,0,40,Private,HS-grad,Married-civ-spouse,Machine-op-inspct,Wife,Black,Female,United-States,>50K
31,288419,6,0,0,40,Private,10th,Married-civ-spouse,Machine-op-inspct,Husband,White,Male,United-States,<=50K
60,261119,9,0,0,40,Self-emp-not-inc,HS-grad,Divorced,Craft-repair,Unmarried,White,Female,United-States,<=50K
42,314649,9,0,0,40,Private,HS-grad,Married-spouse-absent,Handlers-cleaners,Other-relative,Asian-Pac-Islander,Male,MISSING,<=50K
23,131275,9,0,0,40,Private,HS-grad,Never-married,Craft-repair,Own-child,Amer-Indian-Eskimo,Male,United-States,<=50K
47,160647,9,0,0,40,Federal-gov,HS-grad,Separated,Adm-clerical,Unmarried,White,Female,United-States,<=50K
32,243988,3,0,0,40,Private,5th-6th,Married-civ-spouse,Other-service,Husband,White,Male,Mexico,<=50K
24,122272,13,0,0,40,Private,Bachelors,Never-married,Farming-fishing,Own-child,White,Female,United-States,<=50K
43,254817,10,0,0,40,State-gov,Some-college,Never-married,Other-service,Not-in-family,White,Female,United-States,<=50K
59,53304,13,0,0,50,Local-gov,Bachelors,Married-civ-spouse,Prof-specialty,Husband,White,Male,United-States,>50K
25,104614,7,0,0,40,MISSING,11th,Never-married,MISSING,Unmarried,White,Female,United-States,<=50K
52,198262,9,0,0,30,Without-pay,HS-grad,Married-civ-spouse,Adm-clerical,Wife,White,Female,United-States,<=50K
18,270502,7,0,0,20,Private,11th,Never-married,Exec-managerial,Own-child,White,Female,United-States,<=50K
59,147707,9,0,2339,40,Local-gov,HS-grad,Widowed,Farming-fishing,Unmarried,White,Male,United-States,<=50K
44,92649,9,0,0,40,Private,HS-grad,Married-civ-spouse,Craft-repair,Wife,White,Female,United-States,>50K
22,401335,10,0,0,30,Private,Some-college,Never-married,Other-service,Unmarried,Black,Female,United-States,<=50K
63,95680,10,0,0,18,Federal-gov,Some-college,Married-civ-spouse,Tech-support,Husband,White,Male,United-States,>50K
25,162687,8,0,0,40,Private,12th,Married-civ-spouse,Craft-repair,Husband,White,Male,United-States,>50K
30,48829,9,0,1602,30,Private,HS-grad,Never-married,Sales,Not-in-family,White,Female,United-States,<=50K
70,293076,10,0,0,30,MISSING,Some-college,Married-civ-spouse,MISSING,Husband,White,Male,United-States,<=50K
26,166051,13,0,0,40,Private,Bachelors,Never-married,Adm-clerical,Own-child,White,Female,United-States,<=50K
54,343242,13,0,0,40,Private,Bachelors,Married-civ-spouse,Sales,Husband,White,Male,United-States,>50K
44,146906,15,0,0,50,Private,Prof-school,Married-civ-spouse,Prof-specialty,Husband,White,Male,United-States,>50K
23,140414,9,0,0,40,Private,HS-grad,Married-civ-spouse,Craft-repair,Husband,White,Male,United-States,<=50K
36,166416,9,0,0,40,Private,HS-grad,Married-civ-spouse,Handlers-cleaners,Husband,White,Male,United-States,<=50K
21,111676,10,0,0,40,Private,Some-college,Never-married,Other-service,Not-in-family,White,Female,United-States,<=50K
53,281074,9,0,1092,40,State-gov,HS-grad,Divorced,Exec-managerial,Not-in-family,White,Male,United-States,<=50K
29,77009,7,0,2754,42,Private,11th,Separated,Sales,Not-in-family,White,Female,United-States,<=50K
47,198200,13,0,0,50,Private,Bachelors,Never-married,Exec-managerial,Not-in-family,White,Male,United-States,<=50K
34,221966,13,0,0,45,State-gov,Bachelors,Never-married,Prof-specialty,Not-in-family,White,Male,United-States,<=50K
34,106761,13,0,0,45,Private,Bachelors,Married-civ-spouse,Sales,Husband,White,Male,United-States,>50K
49,128736,13,0,0,40,Private,Bachelors,Never-married,Prof-specialty,Unmarried,White,Female,United-States,<=50K
53,120839,8,0,0,40,Private,12th,Divorced,Farming-fishing,Own-child,White,Male,United-States,<=50K
34,189944,10,0,0,72,Federal-gov,Some-college,Never-married,Adm-clerical,Not-in-family,Black,Female,United-States,<=50K
37,329980,10,0,0,40,Private,Some-college,Married-civ-spouse,Craft-repair,Husband,White,Male,United-States,<=50K
24,228772,3,0,0,40,Private,5th-6th,Never-married,Machine-op-inspct,Other-relative,White,Female,Mexico,<=50K
21,247075,9,0,0,25,MISSING,HS-grad,Never-married,MISSING,Unmarried,Black,Female,United-States,<=50K
27,101618,9,0,0,50,Private,HS-grad,Married-civ-spouse,Exec-managerial,Husband,White,Male,United-States,<=50K
20,286391,10,2176,0,20,Private,Some-college,Never-married,Adm-clerical,Own-child,White,Female,United-States,<=50K
23,119838,13,0,0,50,Private,Bachelors,Never-married,Prof-specialty,Own-child,White,Male,United-States,<=50K
33,262439,9,0,0,35,Private,HS-grad,Married-civ-spouse,Adm-clerical,Wife,White,Female,United-States,>50K
46,199725,11,0,0,60,Federal-gov,Assoc-voc,Divorced,Craft-repair,Not-in-family,Amer-Indian-Eskimo,Female,United-States,<=50K
37,328466,9,0,0,72,Private,HS-grad,Married-civ-spouse,Craft-repair,Husband,White,Male,Mexico,<=50K
60,224377,9,0,0,40,Self-emp-not-inc,HS-grad,Married-civ-spouse,Sales,Husband,White,Male,United-States,<=50K
34,253438,10,0,0,60,Private,Some-college,Married-civ-spouse,Exec-managerial,Husband,White,Male,United-States,>50K
66,174276,10,0,0,50,Private,Some-college,Widowed,Sales,Unmarried,White,Female,United-States,>50K
29,34796,9,0,0,40,Private,HS-grad,Never-married,Exec-managerial,Not-in-family,White,Male,United-States,<=50K
36,179468,9,0,0,40,Private,HS-grad,Divorced,Craft-repair,Not-in-family,White,Male,United-States,<=50K
32,296282,13,0,0,40,Private,Bachelors,Married-civ-spouse,Sales,Husband,White,Male,United-States,<=50K
19,340567,2,0,0,55,Private,1st-4th,Never-married,Handlers-cleaners,Not-in-family,White,Male,Mexico,<=50K
73,181902,14,0,0,10,Local-gov,Masters,Married-civ-spouse,Prof-specialty,Husband,White,Male,Poland,>50K
24,137591,10,0,1762,40,Private,Some-college,Never-married,Sales,Own-child,White,Male,United-States,<=50K
22,311764,7,0,0,35,Private,11th,Widowed,Sales,Own-child,Black,Female,United-States,<=50K
29,178469,9,0,0,40,Private,HS-grad,Never-married,Sales,Not-in-family,White,Female,United-States,<=50K
37,49115,14,0,0,60,Private,Masters,Married-civ-spouse,Exec-managerial,Husband,White,Male,United-States,>50K
46,398986,16,0,1902,52,Local-gov,Doctorate,Married-civ-spouse,Prof-specialty,Wife,White,Female,United-States,>50K
19,184737,9,0,1721,40,Private,HS-grad,Never-married,Other-service,Own-child,White,Female,United-States,<=50K
42,255847,9,4386,0,48,Private,HS-grad,Married-civ-spouse,Machine-op-inspct,Husband,White,Male,United-States,>50K
28,78388,6,0,0,38,MISSING,10th,Never-married,MISSING,Own-child,White,Female,United-States,<=50K
33,67072,9,0,0,50,Private,HS-grad,Married-civ-spouse,Sales,Husband,White,Male,United-States,>50K
27,279872,10,0,0,40,Private,Some-college,Divorced,Other-service,Not-in-family,White,Male,United-States,<=50K
30,213722,10,0,0,50,Private,Some-college,Never-married,Sales,Not-in-family,White,Male,United-States,>50K
33,403468,9,0,0,40,Private,HS-grad,Married-civ-spouse,Machine-op-inspct,Wife,White,Female,Mexico,<=50K
43,115562,13,0,0,42,Private,Bachelors,Married-civ-spouse,Prof-specialty,Husband,White,Male,United-States,>50K
40,209040,13,0,0,40,Self-emp-not-inc,Bachelors,Married-civ-spouse,Sales,Husband,White,Male,United-States,<=50K
43,85995,9,0,0,45,Private,HS-grad,Married-civ-spouse,Sales,Husband,White,Male,United-States,<=50K
42,657397,9,0,0,40,Private,HS-grad,Married-civ-spouse,Machine-op-inspct,Husband,White,Male,Mexico,<=50K
46,114160,14,0,1902,45,Local-gov,Masters,Married-civ-spouse,Exec-managerial,Husband,White,Male,United-States,>50K
38,201410,13,0,0,40,Local-gov,Bachelors,Married-civ-spouse,Exec-managerial,Husband,White,Male,United-States,>50K
57,181031,9,0,0,60,Self-emp-not-inc,HS-grad,Married-civ-spouse,Farming-fishing,Husband,White,Male,United-States,<=50K
26,288959,9,0,0,36,Private,HS-grad,Married-civ-spouse,Sales,Husband,Black,Male,United-States,<=50K
61,115882,2,0,0,20,Self-emp-not-inc,1st-4th,Married-civ-spouse,Craft-repair,Husband,White,Male,United-States,<=50K
38,364958,9,3464,0,40,State-gov,HS-grad,Married-civ-spouse,Adm-clerical,Husband,White,Male,United-States,<=50K
30,154950,10,15024,0,60,Private,Some-college,Married-civ-spouse,Exec-managerial,Husband,White,Male,United-States,>50K
29,114158,13,3325,0,10,Private,Bachelors,Never-married,Exec-managerial,Own-child,White,Female,United-States,<=50K
50,92486,10,0,0,40,Local-gov,Some-college,Married-civ-spouse,Craft-repair,Husband,White,Male,United-States,<=50K
65,274916,9,0,0,40,Private,HS-grad,Widowed,Sales,Unmarried,White,Female,United-States,<=50K
33,452924,9,0,0,40,Private,HS-grad,Married-civ-spouse,Machine-op-inspct,Husband,Other,Male,Mexico,<=50K
72,157913,13,0,0,17,Private,Bachelors,Married-civ-spouse,Protective-serv,Husband,White,Male,United-States,<=50K
31,113364,12,0,0,20,Private,Assoc-acdm,Married-civ-spouse,Machine-op-inspct,Husband,White,Male,United-States,<=50K
25,133373,9,0,0,40,Private,HS-grad,Separated,Craft-repair,Not-in-family,White,Male,United-States,<=50K
44,171589,11,7688,0,40,Local-gov,Assoc-voc,Married-civ-spouse,Craft-repair,Husband,White,Male,United-States,>50K
34,205256,9,2885,0,80,MISSING,HS-grad,Married-civ-spouse,MISSING,Husband,White,Male,United-States,<=50K
41,92733,9,0,0,40,Private,HS-grad,Married-civ-spouse,Craft-repair,Husband,White,Male,United-States,>50K
21,159567,9,0,0,50,Private,HS-grad,Never-married,Machine-op-inspct,Not-in-family,White,Male,United-States,<=50K
71,177906,13,0,0,10,MISSING,Bachelors,Married-civ-spouse,MISSING,Husband,White,Male,United-States,>50K
44,206553,11,0,0,40,Federal-gov,Assoc-voc,Divorced,Tech-support,Not-in-family,White,Male,United-States,<=50K
47,80914,14,0,0,47,State-gov,Masters,Married-civ-spouse,Exec-managerial,Husband,White,Male,United-States,>50K
42,185413,13,0,0,40,Private,Bachelors,Married-civ-spouse,Exec-managerial,Husband,White,Male,United-States,<=50K
36,342642,14,0,0,15,Private,Masters,Never-married,Exec-managerial,Not-in-family,White,Male,United-States,<=50K
55,255364,10,0,0,60,Private,Some-college,Married-civ-spouse,Exec-managerial,Husband,White,Male,United-States,>50K
55,102058,13,0,0,50,Private,Bachelors,Married-civ-spouse,Exec-managerial,Husband,White,Male,United-States,>50K
47,121124,9,0,0,40,Private,HS-grad,Married-civ-spouse,Craft-repair,Husband,White,Male,United-States,>50K
44,231348,10,0,0,40,Self-emp-not-inc,Some-college,Married-civ-spouse,Other-service,Husband,White,Male,United-States,>50K
33,382764,13,0,0,40,Private,Bachelors,Never-married,Exec-managerial,Own-child,White,Male,United-States,<=50K
25,307643,9,0,0,40,Private,HS-grad,Married-civ-spouse,Transport-moving,Husband,White,Male,United-States,<=50K
19,195985,9,0,0,40,Private,HS-grad,Never-married,Other-service,Not-in-family,White,Female,United-States,<=50K
36,140583,9,0,0,40,Private,HS-grad,Divorced,Handlers-cleaners,Not-in-family,White,Male,United-States,<=50K
30,243841,9,0,0,40,Private,HS-grad,Divorced,Other-service,Other-relative,Asian-Pac-Islander,Female,South,<=50K
18,111476,7,0,0,40,Private,11th,Never-married,Handlers-cleaners,Own-child,White,Male,United-States,<=50K
20,164219,9,0,0,45,Private,HS-grad,Never-married,Handlers-cleaners,Own-child,White,Male,United-States,<=50K
28,154863,5,0,0,40,Local-gov,9th,Married-civ-spouse,Craft-repair,Husband,Black,Male,Trinadad&Tobago,>50K
36,192664,7,0,0,40,Private,11th,Never-married,Craft-repair,Own-child,White,Male,United-States,<=50K
27,37302,7,0,0,50,Self-emp-not-inc,11th,Married-civ-spouse,Exec-managerial,Husband,White,Male,United-States,<=50K
32,93213,12,0,0,62,Private,Assoc-acdm,Married-civ-spouse,Machine-op-inspct,Husband,White,Male,United-States,<=50K
59,279636,9,0,0,50,Private,HS-grad,Never-married,Adm-clerical,Not-in-family,White,Male,Guatemala,<=50K
44,368757,10,0,0,40,Private,Some-college,Married-civ-spouse,Machine-op-inspct,Husband,White,Male,United-States,<=50K
43,54611,9,0,0,60,Private,HS-grad,Divorced,Transport-moving,Not-in-family,White,Male,United-States,<=50K
41,253060,15,0,0,50,Private,Prof-school,Married-civ-spouse,Sales,Husband,White,Male,United-States,<=50K
47,107682,9,0,0,48,Private,HS-grad,Divorced,Adm-clerical,Unmarried,White,Female,United-States,<=50K
52,349502,10,0,0,45,Private,Some-college,Never-married,Adm-clerical,Unmarried,White,Male,United-States,<=50K
28,200775,14,0,0,40,State-gov,Masters,Married-civ-spouse,Exec-managerial,Wife,White,Female,United-States,<=50K
22,138504,10,0,0,30,Private,Some-college,Never-married,Adm-clerical,Unmarried,Black,Female,United-States,<=50K
43,260960,13,0,0,50,State-gov,Bachelors,Married-civ-spouse,Prof-specialty,Husband,White,Male,United-States,<=50K
51,170086,13,0,0,45,Self-emp-not-inc,Bachelors,Married-civ-spouse,Tech-support,Husband,White,Male,United-States,>50K
65,209280,14,6514,0,35,State-gov,Masters,Married-civ-spouse,Prof-specialty,Husband,White,Male,United-States,>50K
18,163787,9,0,0,40,Private,HS-grad,Married-civ-spouse,Exec-managerial,Wife,White,Female,United-States,<=50K
24,235894,9,0,0,38,Private,HS-grad,Married-civ-spouse,Craft-repair,Husband,White,Male,United-States,<=50K
40,72887,11,0,0,40,Private,Assoc-voc,Married-civ-spouse,Machine-op-inspct,Husband,Asian-Pac-Islander,Male,United-States,>50K
43,177905,9,3908,0,40,Private,HS-grad,Married-civ-spouse,Handlers-cleaners,Husband,White,Male,United-States,<=50K
38,63509,9,0,0,40,Private,HS-grad,Married-civ-spouse,Craft-repair,Husband,White,Male,United-States,>50K
42,29075,12,0,0,40,Local-gov,Assoc-acdm,Married-civ-spouse,Prof-specialty,Wife,Amer-Indian-Eskimo,Female,United-States,<=50K
24,143766,10,0,0,55,Private,Some-college,Never-married,Machine-op-inspct,Own-child,White,Male,United-States,<=50K
43,155106,13,0,0,53,Federal-gov,Bachelors,Married-civ-spouse,Handlers-cleaners,Husband,White,Male,United-States,<=50K
51,175750,9,0,0,40,Local-gov,HS-grad,Divorced,Transport-moving,Unmarried,Black,Male,United-States,<=50K
47,150768,13,0,1564,51,Private,Bachelors,Divorced,Handlers-cleaners,Not-in-family,White,Male,United-States,>50K
32,207668,13,15024,0,45,Private,Bachelors,Married-civ-spouse,Exec-managerial,Husband,White,Male,United-States,>50K
40,103395,10,0,0,45,Private,Some-college,Married-civ-spouse,Craft-repair,Husband,White,Male,United-States,>50K
47,191277,9,0,0,50,Private,HS-grad,Married-civ-spouse,Transport-moving,Husband,White,Male,United-States,>50K
52,135388,9,5013,0,40,State-gov,HS-grad,Married-civ-spouse,Craft-repair,Husband,White,Male,United-States,<=50K
40,218995,10,0,0,42,Local-gov,Some-college,Married-civ-spouse,Exec-managerial,Husband,White,Male,United-States,>50K
35,953588,9,0,0,40,Private,HS-grad,Married-civ-spouse,Exec-managerial,Wife,White,Female,United-States,>50K
40,291192,9,0,0,40,Private,HS-grad,Widowed,Sales,Not-in-family,White,Female,United-States,<=50K
35,245372,9,0,0,40,Federal-gov,HS-grad,Never-married,Adm-clerical,Not-in-family,White,Male,United-States,<=50K
64,166715,10,0,0,20,Private,Some-college,Married-civ-spouse,Exec-managerial,Husband,White,Male,United-States,<=50K
64,272531,9,0,0,40,Self-emp-inc,HS-grad,Married-civ-spouse,Craft-repair,Husband,White,Male,United-States,>50K
60,224644,6,0,0,40,Private,10th,Married-civ-spouse,Sales,Husband,White,Male,United-States,<=50K
44,163215,8,0,0,40,Private,12th,Divorced,Machine-op-inspct,Unmarried,White,Female,United-States,<=50K
23,113466,9,0,0,40,Private,HS-grad,Never-married,Craft-repair,Not-in-family,White,Male,United-States,<=50K
32,114288,9,0,0,40,Private,HS-grad,Divorced,Prof-specialty,Own-child,White,Female,United-States,<=50K
26,131777,13,0,2002,40,MISSING,Bachelors,Married-civ-spouse,MISSING,Husband,White,Male,United-States,<=50K
29,178272,9,0,0,40,Private,HS-grad,Married-civ-spouse,Protective-serv,Husband,White,Male,United-States,<=50K
55,141409,6,7688,0,50,Self-emp-not-inc,10th,Married-civ-spouse,Sales,Husband,White,Male,United-States,>50K
57,56480,9,0,0,1,Self-emp-not-inc,HS-grad,Married-civ-spouse,Exec-managerial,Husband,White,Male,United-States,<=50K
21,315065,4,0,0,48,Private,7th-8th,Never-married,Other-service,Other-relative,White,Male,Mexico,<=50K
37,40955,10,0,0,40,Federal-gov,Some-college,Never-married,Other-service,Own-child,White,Male,Japan,<=50K
51,192182,10,7298,0,40,Private,Some-college,Married-civ-spouse,Machine-op-inspct,Husband,White,Male,United-States,>50K
26,115717,10,0,2051,40,Private,Some-college,Married-civ-spouse,Adm-clerical,Husband,White,Male,United-States,<=50K
31,62932,9,0,0,40,Private,HS-grad,Never-married,Craft-repair,Own-child,White,Male,United-States,<=50K
46,14878,15,0,0,40,Local-gov,Prof-school,Married-civ-spouse,Prof-specialty,Husband,Asian-Pac-Islander,Male,Philippines,>50K
21,187643,9,0,0,40,Private,HS-grad,Separated,Other-service,Not-in-family,White,Female,United-States,<=50K
33,40444,10,0,0,40,Self-emp-inc,Some-college,Married-civ-spouse,Exec-managerial,Husband,White,Male,United-States,<=50K
48,278039,4,0,0,40,Private,7th-8th,Married-civ-spouse,Machine-op-inspct,Husband,White,Male,United-States,<=50K
28,90196,13,0,0,45,Private,Bachelors,Married-civ-spouse,Exec-managerial,Husband,White,Male,United-States,>50K
18,135924,10,0,0,40,Private,Some-college,Never-married,Adm-clerical,Own-child,White,Male,United-States,<=50K
27,380560,9,0,0,40,Private,HS-grad,Never-married,Farming-fishing,Other-relative,White,Male,Mexico,<=50K
57,191318,14,0,0,40,Private,Masters,Married-civ-spouse,Prof-specialty,Husband,White,Male,United-States,>50K
58,169611,9,0,0,40,Private,HS-grad,Married-civ-spouse,Adm-clerical,Wife,White,Female,United-States,<=50K
43,78765,10,0,0,40,State-gov,Some-college,Divorced,Exec-managerial,Unmarried,White,Male,United-States,<=50K
29,251854,9,0,0,40,Local-gov,HS-grad,Never-married,Protective-serv,Not-in-family,Black,Female,United-States,<=50K
44,228729,9,0,0,40,Private,HS-grad,Married-civ-spouse,Craft-repair,Husband,Black,Male,MISSING,<=50K
19,311974,2,0,0,40,Private,1st-4th,Never-married,Machine-op-inspct,Other-relative,White,Male,Mexico,<=50K
21,33831,9,0,0,40,Private,HS-grad,Never-married,Adm-clerical,Unmarried,White,Female,United-States,<=50K
37,223433,9,0,0,40,Private,HS-grad,Married-civ-spouse,Sales,Husband,White,Male,United-States,>50K
19,25429,10,0,0,16,Private,Some-college,Never-married,Adm-clerical,Own-child,White,Female,United-States,<=50K
29,246974,11,0,0,40,Private,Assoc-voc,Never-married,Tech-support,Not-in-family,White,Male,United-States,<=50K
27,180553,9,0,0,40,MISSING,HS-grad,Married-civ-spouse,MISSING,Wife,White,Female,United-States,>50K
54,31533,14,7298,0,40,Local-gov,Masters,Married-civ-spouse,Adm-clerical,Husband,White,Male,United-States,>50K
65,205024,9,0,0,8,Local-gov,HS-grad,Married-civ-spouse,Other-service,Husband,White,Male,United-States,<=50K
25,208591,13,0,0,40,Private,Bachelors,Never-married,Prof-specialty,Own-child,White,Male,United-States,<=50K
37,143582,11,4101,0,35,Private,Assoc-voc,Never-married,Adm-clerical,Not-in-family,Other,Female,United-States,<=50K
34,173730,13,0,0,50,Private,Bachelors,Married-civ-spouse,Exec-managerial,Husband,White,Male,United-States,>50K
44,152629,13,3103,0,40,Private,Bachelors,Married-civ-spouse,Adm-clerical,Husband,White,Male,United-States,>50K
40,91949,16,0,0,40,State-gov,Doctorate,Never-married,Prof-specialty,Not-in-family,Black,Female,United-States,<=50K
67,176931,4,0,0,20,Local-gov,7th-8th,Widowed,Other-service,Not-in-family,White,Female,United-States,<=50K
20,166527,10,0,0,20,Private,Some-college,Never-married,Adm-clerical,Own-child,Other,Female,United-States,<=50K
30,88913,10,0,0,40,Private,Some-college,Separated,Other-service,Unmarried,Asian-Pac-Islander,Female,United-States,<=50K
53,227836,10,0,0,40,Federal-gov,Some-college,Divorced,Farming-fishing,Not-in-family,White,Male,United-States,<=50K
47,236805,10,0,0,60,Private,Some-college,Divorced,Sales,Unmarried,White,Female,United-States,<=50K
71,229110,9,0,0,33,Local-gov,HS-grad,Widowed,Exec-managerial,Other-relative,White,Female,United-States,<=50K
63,86108,9,0,0,6,Private,HS-grad,Widowed,Farming-fishing,Not-in-family,White,Male,United-States,<=50K
61,196773,4,0,0,30,Self-emp-not-inc,7th-8th,Married-civ-spouse,Sales,Husband,White,Male,United-States,>50K
59,95283,2,0,0,40,Private,1st-4th,Married-civ-spouse,Machine-op-inspct,Husband,White,Male,United-States,<=50K
38,82552,9,594,0,50,Private,HS-grad,Never-married,Handlers-cleaners,Not-in-family,White,Male,United-States,<=50K
42,134509,10,0,0,40,Private,Some-college,Never-married,Transport-moving,Unmarried,Black,Female,United-States,<=50K
40,205706,9,0,0,40,Private,HS-grad,Married-civ-spouse,Exec-managerial,Wife,White,Female,United-States,<=50K
44,157249,13,0,1977,50,Private,Bachelors,Married-civ-spouse,Prof-specialty,Husband,Black,Male,United-States,>50K
40,240504,13,0,0,45,Private,Bachelors,Married-civ-spouse,Sales,Husband,White,Male,United-States,>50K
23,185452,13,0,0,35,Private,Bachelors,Never-married,Exec-managerial,Not-in-family,White,Female,Canada,<=50K
49,343231,14,0,0,80,Local-gov,Masters,Never-married,Prof-specialty,Not-in-family,White,Female,United-States,<=50K
39,164866,9,0,0,42,Private,HS-grad,Married-civ-spouse,Machine-op-inspct,Husband,White,Male,United-States,>50K
46,148599,14,0,0,50,Self-emp-not-inc,Masters,Married-civ-spouse,Craft-repair,Husband,White,Male,United-States,>50K
56,371064,5,0,0,40,Private,9th,Married-civ-spouse,Other-service,Husband,White,Male,United-States,<=50K
48,174386,14,0,0,40,Private,Masters,Married-civ-spouse,Prof-specialty,Husband,White,Male,El-Salvador,>50K
34,156890,9,0,0,50,Self-emp-not-inc,HS-grad,Married-civ-spouse,Exec-managerial,Husband,White,Male,United-States,<=50K
34,195136,13,0,1887,40,Private,Bachelors,Married-civ-spouse,Prof-specialty,Wife,White,Female,United-States,>50K
49,179048,9,0,0,60,Self-emp-not-inc,HS-grad,Married-civ-spouse,Sales,Husband,White,Male,Greece,<=50K
34,609789,9,0,0,30,Private,HS-grad,Married-civ-spouse,Other-service,Husband,White,Male,MISSING,<=50K
37,123833,10,0,0,60,Private,Some-college,Never-married,Sales,Not-in-family,White,Male,United-States,<=50K
40,171424,9,0,0,40,Private,HS-grad,Divorced,Transport-moving,Not-in-family,White,Male,United-States,<=50K
41,171615,10,0,0,48,Private,Some-college,Married-civ-spouse,Other-service,Husband,White,Male,United-States,<=50K
46,171550,9,0,0,38,Private,HS-grad,Divorced,Machine-op-inspct,Not-in-family,White,Female,United-States,<=50K
46,113434,13,0,0,40,Self-emp-not-inc,Bachelors,Married-civ-spouse,Craft-repair,Husband,White,Male,United-States,<=50K
31,345277,13,0,0,40,Private,Bachelors,Divorced,Prof-specialty,Not-in-family,White,Female,United-States,<=50K
78,135839,9,1086,0,20,MISSING,HS-grad,Widowed,MISSING,Not-in-family,White,Female,United-States,<=50K
24,117767,12,0,0,20,Private,Assoc-acdm,Never-married,Sales,Own-child,White,Male,United-States,<=50K
42,280167,14,0,0,40,Private,Masters,Married-civ-spouse,Prof-specialty,Husband,White,Male,United-States,>50K
19,231962,9,0,0,40,Private,HS-grad,Never-married,Other-service,Unmarried,White,Male,United-States,<=50K
20,32426,10,0,0,25,Private,Some-college,Never-married,Sales,Not-in-family,White,Male,United-States,<=50K
50,114758,13,4416,0,45,Self-emp-not-inc,Bachelors,Never-married,Craft-repair,Not-in-family,White,Male,United-States,<=50K
30,327825,9,0,0,32,Local-gov,HS-grad,Divorced,Protective-serv,Own-child,White,Female,United-States,<=50K
34,142897,14,7298,0,35,Private,Masters,Married-civ-spouse,Exec-managerial,Husband,Asian-Pac-Islander,Male,Taiwan,>50K
19,177839,9,0,0,15,Private,HS-grad,Never-married,Other-service,Own-child,White,Female,United-States,<=50K
56,178033,10,4416,0,60,Private,Some-college,Widowed,Exec-managerial,Not-in-family,White,Male,United-States,<=50K
35,165767,10,0,0,40,Private,Some-college,Married-civ-spouse,Machine-op-inspct,Husband,White,Male,United-States,<=50K
41,125831,9,0,1887,55,Self-emp-inc,HS-grad,Married-civ-spouse,Sales,Husband,White,Male,United-States,>50K
52,146579,9,0,0,40,Self-emp-not-inc,HS-grad,Divorced,Sales,Unmarried,Black,Male,United-States,<=50K
38,278924,10,0,0,44,Private,Some-college,Divorced,Craft-repair,Not-in-family,White,Male,United-States,<=50K
42,209752,15,0,0,55,Local-gov,Prof-school,Married-civ-spouse,Exec-managerial,Husband,White,Male,United-States,>50K
27,230959,13,0,0,40,Private,Bachelors,Never-married,Tech-support,Own-child,Asian-Pac-Islander,Female,Philippines,<=50K
44,167005,9,0,0,48,Private,HS-grad,Married-civ-spouse,Adm-clerical,Husband,White,Male,United-States,>50K
64,298301,9,0,0,40,Private,HS-grad,Married-civ-spouse,Other-service,Husband,White,Male,United-States,<=50K
30,243665,9,0,0,50,Self-emp-not-inc,HS-grad,Married-civ-spouse,Sales,Husband,White,Male,United-States,<=50K
27,247819,10,0,0,15,Private,Some-college,Never-married,Adm-clerical,Not-in-family,White,Female,United-States,<=50K
38,225707,9,0,0,40,Private,HS-grad,Married-civ-spouse,Machine-op-inspct,Husband,White,Male,Cuba,>50K
17,145258,7,0,0,25,MISSING,11th,Never-married,MISSING,Other-relative,White,Female,United-States,<=50K
43,114537,13,0,0,40,Federal-gov,Bachelors,Married-civ-spouse,Prof-specialty,Husband,White,Male,United-States,<=50K
40,195892,10,0,0,40,Private,Some-college,Divorced,Transport-moving,Not-in-family,Black,Female,United-States,<=50K
28,184723,13,0,1980,35,Private,Bachelors,Never-married,Tech-support,Not-in-family,White,Female,United-States,<=50K
37,89491,14,0,0,40,Local-gov,Masters,Divorced,Exec-managerial,Not-in-family,White,Female,United-States,<=50K
60,88675,9,0,0,40,MISSING,HS-grad,Married-civ-spouse,MISSING,Husband,White,Male,United-States,<=50K
42,112956,9,0,0,40,Private,HS-grad,Never-married,Transport-moving,Own-child,White,Male,United-States,<=50K
46,72506,9,0,0,40,State-gov,HS-grad,Married-civ-spouse,Other-service,Wife,Black,Female,United-States,<=50K
26,293690,13,0,0,58,Private,Bachelors,Married-civ-spouse,Craft-repair,Husband,White,Male,United-States,>50K
59,157932,6,0,0,40,Private,10th,Married-civ-spouse,Craft-repair,Husband,White,Male,United-States,>50K
24,138768,12,0,0,30,Private,Assoc-acdm,Never-married,Handlers-cleaners,Own-child,White,Male,United-States,<=50K
50,128814,9,0,0,25,Private,HS-grad,Divorced,Other-service,Unmarried,White,Female,United-States,<=50K
30,46144,9,0,0,38,State-gov,HS-grad,Married-AF-spouse,Adm-clerical,Own-child,White,Female,United-States,<=50K
30,171598,13,0,0,50,Private,Bachelors,Married-spouse-absent,Sales,Not-in-family,White,Female,United-States,<=50K
36,65624,13,0,0,40,Private,Bachelors,Never-married,Prof-specialty,Not-in-family,White,Male,United-States,<=50K
51,97005,4,0,0,40,Local-gov,7th-8th,Married-civ-spouse,Transport-moving,Husband,White,Male,United-States,<=50K
20,66695,10,594,0,35,MISSING,Some-college,Never-married,MISSING,Own-child,Other,Female,United-States,<=50K
24,291407,9,0,0,40,Private,HS-grad,Married-civ-spouse,Transport-moving,Husband,Black,Male,United-States,<=50K
25,208591,9,0,0,40,Private,HS-grad,Never-married,Machine-op-inspct,Own-child,White,Male,United-States,<=50K
36,208358,15,99999,0,45,Private,Prof-school,Divorced,Prof-specialty,Not-in-family,White,Male,United-States,>50K
23,173851,10,0,0,40,Private,Some-college,Never-married,Craft-repair,Not-in-family,White,Male,United-States,<=50K
19,160811,9,0,0,38,Private,HS-grad,Never-married,Sales,Own-child,White,Male,United-States,<=50K
34,267352,7,0,0,30,MISSING,11th,Never-married,MISSING,Not-in-family,White,Male,United-States,<=50K
54,181132,9,0,0,40,Private,HS-grad,Married-civ-spouse,Machine-op-inspct,Husband,White,Male,England,>50K
48,116641,9,0,0,45,Private,HS-grad,Divorced,Adm-clerical,Unmarried,White,Female,United-States,<=50K
20,186830,9,0,0,45,Private,HS-grad,Never-married,Transport-moving,Other-relative,Black,Male,United-States,<=50K
33,204042,10,0,0,55,Private,Some-college,Never-married,Transport-moving,Not-in-family,White,Male,United-States,<=50K
49,59612,14,0,0,40,Local-gov,Masters,Married-civ-spouse,Prof-specialty,Husband,White,Male,United-States,>50K
45,32172,10,0,0,50,Self-emp-not-inc,Some-college,Never-married,Farming-fishing,Not-in-family,White,Male,United-States,<=50K
60,48788,13,5455,0,55,Local-gov,Bachelors,Separated,Prof-specialty,Unmarried,White,Female,United-States,<=50K
63,163708,5,0,0,20,Private,9th,Widowed,Other-service,Not-in-family,White,Female,United-States,<=50K
44,210648,13,0,0,40,Private,Bachelors,Married-civ-spouse,Tech-support,Husband,White,Male,United-States,>50K
48,175070,9,0,2258,40,Private,HS-grad,Divorced,Exec-managerial,Not-in-family,White,Female,United-States,>50K
44,336906,10,0,0,40,Private,Some-college,Divorced,Adm-clerical,Unmarried,White,Female,United-States,<=50K
40,260425,12,1471,0,32,Private,Assoc-acdm,Separated,Tech-support,Unmarried,White,Female,United-States,<=50K
21,149704,9,1055,0,40,MISSING,HS-grad,Never-married,MISSING,Not-in-family,White,Female,United-States,<=50K
49,177426,9,0,0,20,Private,HS-grad,Divorced,Other-service,Not-in-family,White,Female,United-States,<=50K
33,204742,10,0,0,44,Private,Some-college,Married-civ-spouse,Sales,Husband,White,Male,United-States,<=50K
28,149991,13,0,0,42,Local-gov,Bachelors,Married-civ-spouse,Protective-serv,Husband,Black,Male,United-States,>50K
35,47707,9,0,0,40,Private,HS-grad,Never-married,Other-service,Not-in-family,Black,Female,United-States,<=50K
30,205407,9,0,0,40,Private,HS-grad,Never-married,Adm-clerical,Unmarried,White,Male,United-States,<=50K
20,131852,9,0,0,40,Private,HS-grad,Never-married,Adm-clerical,Not-in-family,White,Female,United-States,<=50K
31,375680,13,0,0,40,Private,Bachelors,Never-married,Prof-specialty,Unmarried,Black,Female,MISSING,<=50K
39,106297,9,0,0,42,Local-gov,HS-grad,Divorced,Adm-clerical,Own-child,White,Male,United-States,<=50K
42,89413,8,0,0,40,Private,12th,Never-married,Farming-fishing,Own-child,White,Male,United-States,<=50K
19,410543,9,0,0,40,Private,HS-grad,Never-married,Adm-clerical,Not-in-family,White,Female,United-States,<=50K
50,176227,13,0,0,40,Private,Bachelors,Married-civ-spouse,Exec-managerial,Husband,White,Male,MISSING,>50K
34,32528,11,0,974,40,Private,Assoc-voc,Married-spouse-absent,Adm-clerical,Unmarried,White,Female,United-States,<=50K
24,172612,9,0,0,40,Private,HS-grad,Married-civ-spouse,Craft-repair,Husband,White,Male,United-States,<=50K
25,214925,6,0,0,40,MISSING,10th,Never-married,MISSING,Own-child,Black,Male,United-States,<=50K
44,188331,10,0,0,42,Private,Some-college,Divorced,Exec-managerial,Unmarried,White,Female,United-States,<=50K
63,331527,6,0,0,40,MISSING,10th,Married-civ-spouse,MISSING,Husband,White,Male,United-States,<=50K
28,150309,9,0,0,45,Private,HS-grad,Married-civ-spouse,Machine-op-inspct,Husband,Amer-Indian-Eskimo,Male,United-States,<=50K
31,87054,9,0,0,50,Private,HS-grad,Married-civ-spouse,Craft-repair,Husband,White,Male,United-States,<=50K
51,153908,14,0,0,40,Local-gov,Masters,Divorced,Exec-managerial,Not-in-family,White,Female,United-States,<=50K
47,45857,9,0,0,40,Private,HS-grad,Never-married,Adm-clerical,Unmarried,White,Female,United-States,<=50K
48,266337,9,0,0,40,MISSING,HS-grad,Married-civ-spouse,MISSING,Husband,White,Male,United-States,<=50K
18,245274,10,0,0,16,MISSING,Some-college,Never-married,MISSING,Own-child,White,Male,United-States,<=50K
45,111994,10,4650,0,40,Private,Some-college,Divorced,Sales,Not-in-family,White,Male,United-States,<=50K
32,200700,10,0,0,50,Private,Some-college,Never-married,Sales,Not-in-family,White,Male,United-States,<=50K
19,135162,10,0,0,10,State-gov,Some-college,Never-married,Adm-clerical,Own-child,White,Female,United-States,<=50K
23,412248,12,0,0,25,Private,Assoc-acdm,Never-married,Other-service,Not-in-family,White,Female,United-States,<=50K
60,175273,9,0,0,40,Private,HS-grad,Widowed,Machine-op-inspct,Unmarried,White,Female,United-States,<=50K
50,163921,4,0,0,40,Local-gov,7th-8th,Married-civ-spouse,Transport-moving,Husband,White,Male,United-States,<=50K
41,149909,13,7688,0,50,Private,Bachelors,Married-civ-spouse,Sales,Husband,White,Male,United-States,>50K
30,131588,9,0,0,45,Private,HS-grad,Never-married,Craft-repair,Not-in-family,Black,Female,United-States,<=50K
21,207988,9,0,0,35,MISSING,HS-grad,Married-civ-spouse,MISSING,Other-relative,White,Female,United-States,<=50K
30,168387,13,0,0,40,Local-gov,Bachelors,Never-married,Exec-managerial,Own-child,White,Male,United-States,<=50K
63,445168,13,0,0,56,MISSING,Bachelors,Widowed,MISSING,Not-in-family,Amer-Indian-Eskimo,Female,United-States,<=50K
31,93106,11,0,0,40,Private,Assoc-voc,Never-married,Adm-clerical,Not-in-family,White,Female,United-States,<=50K
43,175715,9,0,0,55,Self-emp-inc,HS-grad,Never-married,Exec-managerial,Not-in-family,Black,Male,United-States,<=50K
18,97318,9,0,0,35,MISSING,HS-grad,Never-married,MISSING,Own-child,White,Female,United-States,<=50K
42,70655,9,0,0,44,Local-gov,HS-grad,Married-civ-spouse,Craft-repair,Husband,White,Male,United-States,<=50K
47,586657,14,0,0,40,Private,Masters,Married-civ-spouse,Exec-managerial,Husband,White,Male,Japan,>50K
45,190406,15,25236,0,36,State-gov,Prof-school,Divorced,Prof-specialty,Unmarried,Black,Male,United-States,>50K
38,203628,13,0,0,45,State-gov,Bachelors,Married-civ-spouse,Prof-specialty,Husband,White,Male,United-States,>50K
46,116635,13,0,0,36,Private,Bachelors,Separated,Prof-specialty,Unmarried,Black,Female,United-States,<=50K
59,182460,9,0,0,30,Private,HS-grad,Married-civ-spouse,Exec-managerial,Husband,White,Male,United-States,>50K
56,235826,9,5013,0,40,Private,HS-grad,Married-civ-spouse,Craft-repair,Husband,White,Male,United-States,<=50K
35,62669,10,0,0,55,Private,Some-college,Married-civ-spouse,Exec-managerial,Husband,White,Male,United-States,>50K
34,110978,15,0,0,40,Private,Prof-school,Never-married,Prof-specialty,Not-in-family,Asian-Pac-Islander,Female,United-States,<=50K
42,445940,5,0,0,40,Private,9th,Married-civ-spouse,Craft-repair,Husband,White,Male,Mexico,<=50K
46,35136,6,0,0,40,Private,10th,Divorced,Adm-clerical,Own-child,Black,Male,United-States,<=50K
34,204052,9,0,0,40,Private,HS-grad,Never-married,Craft-repair,Not-in-family,White,Male,United-States,<=50K
44,111483,6,0,0,50,Self-emp-not-inc,10th,Never-married,Craft-repair,Own-child,White,Male,United-States,<=50K
30,108386,11,0,0,40,Local-gov,Assoc-voc,Married-civ-spouse,Protective-serv,Husband,White,Male,United-States,<=50K
45,198759,16,0,0,60,Private,Doctorate,Married-civ-spouse,Exec-managerial,Husband,White,Male,United-States,<=50K
25,183678,13,0,0,50,State-gov,Bachelors,Never-married,Prof-specialty,Not-in-family,White,Female,United-States,<=50K
56,196307,13,0,0,20,Self-emp-not-inc,Bachelors,Never-married,Prof-specialty,Not-in-family,White,Male,United-States,<=50K
37,162164,9,0,0,40,Self-emp-inc,HS-grad,Married-civ-spouse,Craft-repair,Husband,White,Male,United-States,<=50K
46,230979,13,4787,0,25,Local-gov,Bachelors,Divorced,Prof-specialty,Not-in-family,White,Female,United-States,>50K
54,292673,2,0,0,35,Private,1st-4th,Married-civ-spouse,Other-service,Husband,White,Male,Mexico,<=50K
20,41721,10,0,0,60,Private,Some-college,Never-married,Other-service,Own-child,White,Male,United-States,<=50K
48,195949,10,0,0,42,Local-gov,Some-college,Married-civ-spouse,Protective-serv,Husband,White,Male,United-States,>50K
33,146440,10,0,1740,40,Private,Some-college,Married-civ-spouse,Craft-repair,Husband,White,Male,United-States,<=50K
37,448337,9,0,0,40,Federal-gov,HS-grad,Never-married,Exec-managerial,Unmarried,Black,Female,United-States,<=50K
64,137205,11,0,0,48,Private,Assoc-voc,Married-civ-spouse,Craft-repair,Husband,White,Male,United-States,<=50K
28,95725,11,0,0,45,Private,Assoc-voc,Never-married,Handlers-cleaners,Not-in-family,White,Male,United-States,<=50K
47,61885,13,15024,0,50,Private,Bachelors,Married-civ-spouse,Prof-specialty,Husband,White,Male,United-States,>50K
27,194243,15,0,0,40,Private,Prof-school,Never-married,Prof-specialty,Own-child,White,Female,United-States,<=50K
29,132412,13,0,0,40,Local-gov,Bachelors,Never-married,Handlers-cleaners,Own-child,White,Male,United-States,<=50K
22,205939,13,2202,0,4,Private,Bachelors,Never-married,Exec-managerial,Own-child,White,Male,United-States,<=50K
39,150057,14,0,0,50,Private,Masters,Never-married,Sales,Not-in-family,White,Male,United-States,>50K
36,185405,9,0,0,50,Private,HS-grad,Married-civ-spouse,Adm-clerical,Husband,White,Male,United-States,>50K
30,609789,11,0,0,40,Self-emp-not-inc,Assoc-voc,Never-married,Craft-repair,Not-in-family,White,Male,United-States,<=50K
31,120460,10,0,0,50,Private,Some-college,Married-civ-spouse,Farming-fishing,Husband,White,Male,United-States,>50K
25,367306,10,0,0,40,Private,Some-college,Never-married,Tech-support,Own-child,White,Female,United-States,<=50K
19,235909,10,0,0,20,Private,Some-college,Never-married,Adm-clerical,Own-child,White,Female,United-States,<=50K
34,424988,9,0,0,45,Private,HS-grad,Married-civ-spouse,Craft-repair,Husband,White,Male,United-States,<=50K
38,193961,10,0,0,40,Private,Some-college,Married-civ-spouse,Craft-repair,Husband,Asian-Pac-Islander,Male,Philippines,>50K
31,244147,9,0,0,55,Private,HS-grad,Divorced,Craft-repair,Unmarried,White,Male,United-States,<=50K
20,231981,10,0,0,32,Private,Some-college,Never-married,Transport-moving,Not-in-family,White,Male,United-States,<=50K
85,115364,9,0,0,35,Private,HS-grad,Widowed,Sales,Unmarried,White,Male,United-States,<=50K
39,42044,7,0,0,40,Private,11th,Married-civ-spouse,Transport-moving,Husband,White,Male,United-States,<=50K
34,41809,10,0,0,40,Private,Some-college,Divorced,Adm-clerical,Unmarried,White,Female,United-States,<=50K
30,169841,9,0,0,25,Private,HS-grad,Divorced,Sales,Not-in-family,White,Female,United-States,<=50K
22,151105,10,0,0,18,Private,Some-college,Never-married,Sales,Other-relative,White,Female,United-States,<=50K
51,213296,13,0,0,40,State-gov,Bachelors,Widowed,Adm-clerical,Not-in-family,White,Male,United-States,<=50K
17,225106,6,0,1602,18,Private,10th,Never-married,Other-service,Own-child,White,Female,United-States,<=50K
59,178353,9,0,0,50,Self-emp-not-inc,HS-grad,Married-civ-spouse,Exec-managerial,Husband,White,Male,United-States,>50K
35,32528,9,0,0,45,Private,HS-grad,Married-civ-spouse,Handlers-cleaners,Husband,White,Male,United-States,<=50K
54,312897,16,0,0,46,State-gov,Doctorate,Married-civ-spouse,Prof-specialty,Husband,White,Male,England,>50K
29,253593,9,0,0,40,Private,HS-grad,Never-married,Craft-repair,Own-child,Black,Male,United-States,<=50K
29,162298,13,0,0,70,Self-emp-not-inc,Bachelors,Married-civ-spouse,Sales,Husband,White,Male,United-States,>50K
36,460437,5,0,0,40,Private,9th,Divorced,Sales,Not-in-family,White,Female,United-States,<=50K
33,277455,14,0,0,40,Private,Masters,Never-married,Prof-specialty,Not-in-family,White,Male,United-States,<=50K
45,260490,14,0,0,50,Private,Masters,Married-civ-spouse,Exec-managerial,Husband,White,Male,United-States,>50K
30,346122,12,5013,0,45,Local-gov,Assoc-acdm,Married-civ-spouse,Protective-serv,Husband,White,Male,United-States,<=50K
27,208249,9,0,0,62,Private,HS-grad,Married-civ-spouse,Handlers-cleaners,Husband,White,Male,United-States,<=50K
34,158615,10,0,0,40,Private,Some-college,Married-civ-spouse,Handlers-cleaners,Husband,White,Male,United-States,<=50K
46,247043,9,0,0,40,Private,HS-grad,Married-civ-spouse,Transport-moving,Husband,White,Male,United-States,>50K
21,440969,9,0,0,40,Private,HS-grad,Never-married,Adm-clerical,Own-child,White,Female,United-States,<=50K
36,110998,14,0,0,40,Private,Masters,Widowed,Tech-support,Unmarried,Asian-Pac-Islander,Female,India,<=50K
48,112860,6,0,0,35,MISSING,10th,Married-civ-spouse,MISSING,Wife,Black,Female,United-States,<=50K
18,188616,7,0,0,15,Private,11th,Never-married,Sales,Own-child,White,Male,United-States,<=50K
37,39089,10,3103,0,50,Self-emp-inc,Some-college,Married-civ-spouse,Exec-managerial,Husband,White,Male,United-States,>50K
42,132222,13,0,0,60,Private,Bachelors,Never-married,Sales,Own-child,White,Male,United-States,<=50K
55,193895,4,0,0,40,MISSING,7th-8th,Divorced,MISSING,Unmarried,White,Female,United-States,<=50K
38,745768,10,0,0,45,Local-gov,Some-college,Divorced,Exec-managerial,Unmarried,Black,Female,United-States,<=50K
39,189911,7,0,0,40,Local-gov,11th,Divorced,Adm-clerical,Unmarried,White,Female,United-States,<=50K
31,183801,14,0,1902,43,Private,Masters,Married-civ-spouse,Prof-specialty,Husband,White,Male,United-States,>50K
61,73809,10,0,0,40,Private,Some-college,Divorced,Adm-clerical,Not-in-family,White,Female,United-States,<=50K
34,430554,10,0,0,50,Private,Some-college,Married-civ-spouse,Exec-managerial,Husband,White,Male,United-States,>50K
67,124470,9,0,0,60,Self-emp-not-inc,HS-grad,Married-civ-spouse,Farming-fishing,Husband,White,Male,United-States,<=50K
51,167793,13,15024,0,40,Self-emp-inc,Bachelors,Married-civ-spouse,Exec-managerial,Husband,White,Male,United-States,>50K
20,391679,9,0,0,60,Private,HS-grad,Never-married,Sales,Other-relative,White,Male,United-States,<=50K
46,109209,10,0,0,40,Private,Some-college,Married-civ-spouse,Adm-clerical,Husband,White,Male,United-States,>50K
43,134026,10,2174,0,40,Federal-gov,Some-college,Never-married,Adm-clerical,Other-relative,White,Male,United-States,<=50K
25,193787,10,0,0,40,Private,Some-college,Never-married,Tech-support,Own-child,White,Female,United-States,<=50K
45,160724,13,0,0,45,Self-emp-not-inc,Bachelors,Married-civ-spouse,Exec-managerial,Husband,Asian-Pac-Islander,Male,China,>50K
40,150874,14,1506,0,40,State-gov,Masters,Divorced,Exec-managerial,Unmarried,White,Female,United-States,<=50K
47,165468,9,7298,0,40,Self-emp-not-inc,HS-grad,Married-civ-spouse,Machine-op-inspct,Husband,White,Male,United-States,>50K
37,200598,12,0,1740,45,Private,Assoc-acdm,Married-civ-spouse,Prof-specialty,Husband,White,Male,United-States,<=50K
47,345493,15,99999,0,55,Private,Prof-school,Married-civ-spouse,Prof-specialty,Husband,Asian-Pac-Islander,Male,Taiwan,>50K
63,150389,13,0,0,40,MISSING,Bachelors,Widowed,MISSING,Not-in-family,White,Female,United-States,>50K
22,235853,5,0,0,40,Private,9th,Never-married,Sales,Not-in-family,White,Male,United-States,<=50K
40,99651,10,0,0,60,Self-emp-not-inc,Some-college,Married-civ-spouse,Prof-specialty,Husband,White,Male,United-States,<=50K
47,202322,3,0,0,40,Private,5th-6th,Married-civ-spouse,Handlers-cleaners,Husband,White,Male,Mexico,<=50K
26,359327,10,0,0,50,Private,Some-college,Married-civ-spouse,Sales,Husband,White,Male,MISSING,<=50K
45,239093,10,3137,0,40,Self-emp-not-inc,Some-college,Married-civ-spouse,Exec-managerial,Husband,Amer-Indian-Eskimo,Male,United-States,<=50K
39,299828,3,0,0,30,Private,5th-6th,Separated,Sales,Unmarried,Black,Female,Puerto-Rico,<=50K
17,175465,6,0,0,14,Private,10th,Never-married,Other-service,Own-child,White,Female,United-States,<=50K
37,19899,9,15024,0,45,Private,HS-grad,Married-civ-spouse,Craft-repair,Husband,White,Male,United-States,>50K
49,82572,10,0,0,60,Private,Some-college,Never-married,Other-service,Not-in-family,White,Female,United-States,<=50K
48,50402,10,0,0,40,Private,Some-college,Divorced,Machine-op-inspct,Unmarried,White,Male,United-States,<=50K
20,114813,6,0,0,40,MISSING,10th,Separated,MISSING,Unmarried,White,Female,United-States,<=50K
40,275446,9,0,0,40,Private,HS-grad,Never-married,Sales,Own-child,Black,Male,United-States,<=50K
21,277700,10,0,0,20,MISSING,Some-college,Never-married,MISSING,Own-child,White,Male,United-States,<=50K
20,472789,2,0,0,30,Private,1st-4th,Never-married,Farming-fishing,Not-in-family,White,Male,El-Salvador,<=50K
47,164423,9,0,0,43,Private,HS-grad,Divorced,Exec-managerial,Unmarried,White,Female,United-States,<=50K
36,37778,10,0,0,40,Private,Some-college,Married-civ-spouse,Exec-managerial,Husband,White,Male,United-States,<=50K
17,331552,8,0,0,30,Private,12th,Never-married,Adm-clerical,Own-child,White,Female,United-States,<=50K
52,101017,9,0,0,38,Self-emp-inc,HS-grad,Divorced,Exec-managerial,Unmarried,White,Male,United-States,<=50K
44,210534,3,0,0,40,Private,5th-6th,Married-civ-spouse,Handlers-cleaners,Husband,White,Male,Mexico,<=50K
22,61499,9,0,0,40,MISSING,HS-grad,Never-married,MISSING,Not-in-family,White,Female,United-States,<=50K
36,208358,5,4650,0,56,Private,9th,Divorced,Handlers-cleaners,Not-in-family,White,Male,United-States,<=50K
37,241962,7,0,0,50,Private,11th,Married-civ-spouse,Craft-repair,Husband,White,Male,United-States,<=50K
36,150042,13,0,0,40,Private,Bachelors,Divorced,Prof-specialty,Own-child,White,Female,United-States,<=50K
31,215297,9,0,0,45,Private,HS-grad,Married-civ-spouse,Craft-repair,Husband,White,Male,United-States,<=50K
32,164243,9,0,0,60,Private,HS-grad,Married-civ-spouse,Tech-support,Husband,White,Male,United-States,>50K
71,181301,9,0,0,40,MISSING,HS-grad,Married-civ-spouse,MISSING,Husband,White,Male,United-States,<=50K
25,243560,9,0,0,40,Private,HS-grad,Never-married,Sales,Own-child,White,Female,Columbia,<=50K
48,240917,7,0,0,35,Private,11th,Separated,Other-service,Not-in-family,Black,Female,United-States,<=50K
19,196119,9,0,0,35,Private,HS-grad,Never-married,Sales,Own-child,White,Female,United-States,<=50K
33,290614,9,0,0,40,State-gov,HS-grad,Married-civ-spouse,Other-service,Husband,White,Male,United-States,<=50K
40,37869,9,0,0,50,Self-emp-inc,HS-grad,Married-civ-spouse,Exec-managerial,Husband,White,Male,United-States,<=50K
38,75024,4,0,0,40,MISSING,7th-8th,Divorced,MISSING,Not-in-family,White,Female,United-States,<=50K
27,83517,9,0,0,60,Private,HS-grad,Never-married,Transport-moving,Own-child,White,Male,United-States,<=50K
27,190650,13,0,0,25,MISSING,Bachelors,Never-married,MISSING,Unmarried,Asian-Pac-Islander,Male,Philippines,<=50K
53,126592,10,7688,0,40,Private,Some-college,Married-civ-spouse,Craft-repair,Husband,Black,Male,United-States,>50K
45,112761,9,0,0,40,Private,HS-grad,Divorced,Machine-op-inspct,Unmarried,White,Female,United-States,<=50K
42,222884,13,0,0,55,Private,Bachelors,Never-married,Exec-managerial,Not-in-family,White,Male,United-States,>50K
42,404573,15,0,0,40,State-gov,Prof-school,Divorced,Prof-specialty,Unmarried,White,Female,United-States,<=50K
39,74194,9,0,0,40,Private,HS-grad,Never-married,Farming-fishing,Unmarried,White,Male,United-States,<=50K
51,263836,9,0,0,30,Private,HS-grad,Widowed,Handlers-cleaners,Not-in-family,White,Male,United-States,<=50K
45,166107,14,0,0,40,Private,Masters,Never-married,Adm-clerical,Not-in-family,Asian-Pac-Islander,Female,Philippines,<=50K
42,52781,13,7688,0,40,Private,Bachelors,Married-civ-spouse,Prof-specialty,Husband,White,Male,United-States,>50K
43,223861,11,0,0,40,Local-gov,Assoc-voc,Divorced,Exec-managerial,Not-in-family,White,Female,United-States,<=50K
35,406051,16,0,0,80,Private,Doctorate,Never-married,Prof-specialty,Not-in-family,White,Female,United-States,>50K
27,267989,10,0,0,40,Private,Some-college,Married-civ-spouse,Machine-op-inspct,Husband,White,Male,United-States,<=50K
38,377486,9,0,0,36,Private,HS-grad,Never-married,Craft-repair,Not-in-family,White,Male,United-States,<=50K
65,469602,13,0,0,15,Private,Bachelors,Married-civ-spouse,Sales,Husband,White,Male,United-States,<=50K
51,189511,11,0,0,50,Private,Assoc-voc,Married-civ-spouse,Other-service,Husband,White,Male,Germany,>50K
21,220115,10,0,0,20,MISSING,Some-college,Never-married,MISSING,Own-child,White,Male,United-States,<=50K
42,115085,9,0,0,50,Private,HS-grad,Married-civ-spouse,Adm-clerical,Husband,White,Male,United-States,<=50K
36,179488,10,0,0,40,Private,Some-college,Divorced,Adm-clerical,Unmarried,White,Male,Canada,<=50K
25,170428,13,0,0,28,MISSING,Bachelors,Never-married,MISSING,Not-in-family,Asian-Pac-Islander,Male,Taiwan,<=50K
56,104996,9,0,0,40,Local-gov,HS-grad,Married-civ-spouse,Transport-moving,Husband,White,Male,United-States,<=50K
63,196994,13,0,0,15,Self-emp-not-inc,Bachelors,Married-civ-spouse,Sales,Husband,White,Male,United-States,<=50K
24,233280,12,0,0,37,Private,Assoc-acdm,Never-married,Sales,Own-child,White,Female,United-States,<=50K
31,87535,10,0,0,25,Private,Some-college,Never-married,Machine-op-inspct,Not-in-family,White,Female,United-States,<=50K
39,177907,9,0,1887,40,Local-gov,HS-grad,Married-civ-spouse,Protective-serv,Husband,White,Male,United-States,>50K
21,301853,10,0,0,40,MISSING,Some-college,Never-married,MISSING,Own-child,White,Male,United-States,<=50K
35,166235,10,0,0,30,Private,Some-college,Never-married,Machine-op-inspct,Not-in-family,Black,Female,United-States,<=50K
59,140957,11,0,0,35,Self-emp-not-inc,Assoc-voc,Never-married,Exec-managerial,Not-in-family,White,Male,United-States,>50K
36,111268,12,0,0,40,Private,Assoc-acdm,Divorced,Sales,Unmarried,White,Female,United-States,<=50K
24,44075,13,0,0,40,Federal-gov,Bachelors,Never-married,Prof-specialty,Not-in-family,Asian-Pac-Islander,Male,United-States,<=50K
30,225053,9,0,0,50,Private,HS-grad,Married-civ-spouse,Exec-managerial,Husband,White,Male,United-States,<=50K
31,298871,16,0,0,40,Private,Doctorate,Married-civ-spouse,Prof-specialty,Husband,Asian-Pac-Islander,Male,China,<=50K
69,259323,15,0,0,5,MISSING,Prof-school,Divorced,MISSING,Not-in-family,White,Male,United-States,<=50K
47,120781,14,15024,0,40,Private,Masters,Married-civ-spouse,Exec-managerial,Husband,Asian-Pac-Islander,Male,MISSING,>50K
50,234037,9,0,0,58,Private,HS-grad,Married-civ-spouse,Machine-op-inspct,Husband,White,Male,United-States,<=50K
44,125461,16,0,0,60,Private,Doctorate,Married-civ-spouse,Exec-managerial,Husband,White,Male,United-States,>50K
60,216690,10,0,0,40,Private,Some-college,Married-civ-spouse,Prof-specialty,Husband,White,Male,MISSING,<=50K
19,178811,9,0,0,40,Private,HS-grad,Never-married,Machine-op-inspct,Own-child,Black,Female,United-States,<=50K
37,180342,13,0,0,45,Private,Bachelors,Never-married,Sales,Not-in-family,White,Male,United-States,<=50K
57,134195,9,0,0,40,Private,HS-grad,Married-civ-spouse,Sales,Husband,White,Male,United-States,<=50K
37,217689,10,0,0,32,Local-gov,Some-college,Married-civ-spouse,Other-service,Husband,Amer-Indian-Eskimo,Male,United-States,<=50K
19,148955,10,0,0,35,Self-emp-inc,Some-college,Never-married,Other-service,Own-child,Asian-Pac-Islander,Female,South,<=50K
47,109832,9,0,0,60,Self-emp-inc,HS-grad,Divorced,Exec-managerial,Not-in-family,White,Male,United-States,<=50K
20,114969,9,0,0,40,MISSING,HS-grad,Never-married,MISSING,Own-child,White,Male,United-States,<=50K
57,74156,9,0,0,30,Private,HS-grad,Married-civ-spouse,Other-service,Husband,White,Male,United-States,<=50K
25,176162,13,0,0,40,State-gov,Bachelors,Never-married,Protective-serv,Own-child,White,Male,United-States,<=50K
23,198992,9,0,0,35,Private,HS-grad,Never-married,Adm-clerical,Own-child,White,Female,United-States,<=50K
26,167350,8,0,0,40,Private,12th,Never-married,Handlers-cleaners,Own-child,White,Male,United-States,<=50K
28,134566,13,0,0,45,Private,Bachelors,Married-civ-spouse,Exec-managerial,Husband,White,Male,United-States,<=50K
64,253296,9,0,0,40,Self-emp-not-inc,HS-grad,Widowed,Other-service,Other-relative,White,Female,United-States,<=50K
42,195124,7,7430,0,50,Local-gov,11th,Divorced,Sales,Unmarried,White,Male,Puerto-Rico,>50K
42,210525,10,0,0,20,Private,Some-college,Married-civ-spouse,Tech-support,Husband,White,Male,United-States,>50K
36,119957,13,0,0,35,Private,Bachelors,Separated,Other-service,Unmarried,Black,Female,United-States,<=50K
17,369909,6,0,0,20,Private,10th,Never-married,Other-service,Own-child,White,Male,United-States,<=50K
44,164043,9,0,0,40,Private,HS-grad,Married-civ-spouse,Sales,Husband,White,Male,United-States,<=50K
47,181342,9,0,0,40,Private,HS-grad,Married-civ-spouse,Handlers-cleaners,Wife,Black,Female,United-States,<=50K
45,187730,13,0,0,40,Private,Bachelors,Never-married,Prof-specialty,Own-child,White,Male,United-States,<=50K
44,150011,13,0,0,40,Private,Bachelors,Divorced,Prof-specialty,Unmarried,White,Female,United-States,<=50K
68,163346,9,0,0,32,Private,HS-grad,Widowed,Machine-op-inspct,Not-in-family,White,Female,United-States,<=50K
37,91711,13,0,0,60,Private,Bachelors,Married-civ-spouse,Exec-managerial,Husband,White,Male,United-States,>50K
61,224784,12,0,0,90,Self-emp-not-inc,Assoc-acdm,Married-spouse-absent,Exec-managerial,Not-in-family,White,Female,United-States,<=50K
58,266707,2,0,2179,18,Self-emp-not-inc,1st-4th,Married-civ-spouse,Transport-moving,Husband,White,Male,United-States,<=50K
60,177665,9,0,0,35,Private,HS-grad,Married-civ-spouse,Craft-repair,Husband,White,Male,United-States,<=50K
21,197182,12,0,0,40,Private,Assoc-acdm,Never-married,Prof-specialty,Not-in-family,White,Female,United-States,<=50K
42,143582,4,0,0,48,Private,7th-8th,Married-civ-spouse,Other-service,Other-relative,Asian-Pac-Islander,Female,MISSING,<=50K
31,159322,9,0,0,40,Private,HS-grad,Never-married,Handlers-cleaners,Other-relative,White,Male,United-States,<=50K
43,193494,15,0,0,60,Self-emp-not-inc,Prof-school,Married-civ-spouse,Prof-specialty,Husband,White,Male,United-States,>50K
38,187411,9,0,0,40,Self-emp-inc,HS-grad,Married-civ-spouse,Exec-managerial,Husband,White,Male,United-States,>50K
24,23438,9,0,0,40,Private,HS-grad,Married-civ-spouse,Craft-repair,Husband,White,Male,United-States,<=50K
31,149184,13,0,0,97,Local-gov,Bachelors,Married-civ-spouse,Protective-serv,Husband,White,Male,United-States,>50K
36,416745,12,0,0,48,Private,Assoc-acdm,Divorced,Exec-managerial,Not-in-family,White,Male,United-States,<=50K
26,332008,10,0,0,37,Private,Some-college,Never-married,Craft-repair,Unmarried,Asian-Pac-Islander,Male,Taiwan,<=50K
44,172296,10,0,0,60,Self-emp-not-inc,Some-college,Separated,Sales,Unmarried,White,Male,United-States,<=50K
22,355686,10,0,0,40,Private,Some-college,Never-married,Adm-clerical,Not-in-family,White,Female,United-States,<=50K
43,307767,9,0,0,40,Private,HS-grad,Married-civ-spouse,Handlers-cleaners,Husband,White,Male,United-States,<=50K
44,315406,7,0,0,88,Self-emp-not-inc,11th,Married-civ-spouse,Farming-fishing,Husband,White,Male,United-States,<=50K
26,199600,9,0,0,40,Private,HS-grad,Never-married,Sales,Not-in-family,Black,Male,United-States,<=50K
17,168807,4,0,0,45,Private,7th-8th,Never-married,Craft-repair,Not-in-family,White,Male,United-States,<=50K
35,176123,6,0,0,60,Private,10th,Married-civ-spouse,Other-service,Husband,Asian-Pac-Islander,Male,India,<=50K
58,142924,14,0,0,24,Private,Masters,Never-married,Adm-clerical,Not-in-family,White,Female,United-States,>50K
23,529223,13,0,0,10,Private,Bachelors,Never-married,Sales,Own-child,Black,Male,United-States,<=50K
66,298834,11,0,0,50,Self-emp-not-inc,Assoc-voc,Married-civ-spouse,Prof-specialty,Husband,White,Male,United-States,<=50K
67,195066,9,0,0,50,Self-emp-not-inc,HS-grad,Married-civ-spouse,Farming-fishing,Husband,White,Male,United-States,<=50K
51,172281,13,0,0,40,Private,Bachelors,Separated,Sales,Not-in-family,White,Male,United-States,<=50K
32,375833,7,0,0,40,Private,11th,Never-married,Craft-repair,Other-relative,White,Male,United-States,<=50K
31,364657,10,0,0,50,Private,Some-college,Married-civ-spouse,Exec-managerial,Husband,White,Male,Germany,>50K
23,142547,9,0,0,40,State-gov,HS-grad,Married-civ-spouse,Exec-managerial,Husband,White,Male,United-States,<=50K
46,213668,7,0,0,40,Local-gov,11th,Never-married,Other-service,Not-in-family,White,Male,United-States,<=50K
49,191681,10,0,0,50,Self-emp-inc,Some-college,Married-civ-spouse,Exec-managerial,Husband,White,Male,United-States,>50K
54,155233,13,14084,0,40,Private,Bachelors,Never-married,Adm-clerical,Not-in-family,White,Female,United-States,>50K
25,431307,6,0,0,50,Private,10th,Married-civ-spouse,Protective-serv,Wife,Black,Female,United-States,<=50K
56,356067,14,0,0,16,Self-emp-not-inc,Masters,Never-married,Sales,Not-in-family,White,Male,United-States,<=50K
40,439919,5,0,0,40,Private,9th,Married-civ-spouse,Machine-op-inspct,Husband,White,Male,Mexico,<=50K
59,656036,13,0,0,60,Private,Bachelors,Separated,Adm-clerical,Unmarried,White,Male,United-States,<=50K
29,126399,9,0,0,32,Private,HS-grad,Divorced,Sales,Unmarried,White,Female,United-States,<=50K
47,306473,12,0,0,40,State-gov,Assoc-acdm,Married-civ-spouse,Transport-moving,Husband,White,Male,United-States,<=50K
43,155106,11,0,0,40,Local-gov,Assoc-voc,Married-civ-spouse,Exec-managerial,Husband,White,Male,United-States,<=50K
34,107793,9,0,0,40,Private,HS-grad,Married-civ-spouse,Craft-repair,Husband,White,Male,Germany,>50K
53,290640,9,0,0,50,Private,HS-grad,Married-civ-spouse,Other-service,Husband,White,Male,Germany,>50K
41,198316,10,0,0,50,Private,Some-college,Never-married,Craft-repair,Not-in-family,White,Male,Japan,<=50K
42,198316,11,0,0,35,Private,Assoc-voc,Divorced,Craft-repair,Not-in-family,White,Male,United-States,<=50K
19,183258,10,0,0,40,Private,Some-college,Never-married,Adm-clerical,Own-child,White,Male,United-States,<=50K
25,177625,9,0,0,40,Private,HS-grad,Never-married,Machine-op-inspct,Not-in-family,White,Male,United-States,<=50K
24,235722,9,0,0,40,Private,HS-grad,Never-married,Other-service,Not-in-family,White,Male,United-States,<=50K
25,237865,10,0,0,42,Private,Some-college,Never-married,Other-service,Own-child,Black,Male,United-States,<=50K
59,124771,13,0,0,30,Self-emp-not-inc,Bachelors,Married-civ-spouse,Farming-fishing,Husband,White,Male,United-States,<=50K
27,258102,3,0,0,40,Private,5th-6th,Never-married,Transport-moving,Not-in-family,White,Male,Mexico,<=50K
39,139647,10,0,0,56,Private,Some-college,Divorced,Exec-managerial,Unmarried,White,Female,United-States,<=50K
46,170850,9,0,0,50,Self-emp-inc,HS-grad,Married-civ-spouse,Sales,Husband,White,Male,United-States,>50K
51,100029,16,15024,0,40,Self-emp-inc,Doctorate,Married-civ-spouse,Prof-specialty,Husband,White,Male,United-States,>50K
29,351324,13,0,0,40,Private,Bachelors,Never-married,Sales,Own-child,White,Female,United-States,<=50K
44,103643,9,5013,0,60,Self-emp-inc,HS-grad,Married-civ-spouse,Exec-managerial,Husband,White,Male,Greece,<=50K
24,70261,13,0,0,50,Private,Bachelors,Married-civ-spouse,Prof-specialty,Husband,White,Male,United-States,<=50K
50,37913,13,0,0,40,Self-emp-not-inc,Bachelors,Married-civ-spouse,Exec-managerial,Husband,White,Male,Italy,>50K
57,300104,3,7298,0,84,MISSING,5th-6th,Married-civ-spouse,MISSING,Husband,White,Male,United-States,>50K
47,119939,9,0,0,40,Private,HS-grad,Married-civ-spouse,Craft-repair,Husband,White,Male,United-States,>50K
57,210688,9,0,0,15,Private,HS-grad,Married-civ-spouse,Prof-specialty,Husband,White,Male,United-States,<=50K
50,112873,13,0,0,40,Private,Bachelors,Married-civ-spouse,Sales,Husband,White,Male,United-States,<=50K
43,164693,11,0,0,50,Private,Assoc-voc,Married-civ-spouse,Craft-repair,Husband,White,Male,United-States,<=50K
36,331902,10,0,0,35,Local-gov,Some-college,Divorced,Adm-clerical,Unmarried,White,Female,United-States,<=50K
37,497300,9,0,0,40,Private,HS-grad,Never-married,Other-service,Unmarried,Black,Male,United-States,<=50K
53,192386,9,0,0,45,Private,HS-grad,Separated,Transport-moving,Unmarried,White,Male,United-States,<=50K
48,75104,13,0,0,50,Private,Bachelors,Married-civ-spouse,Prof-specialty,Husband,White,Male,United-States,<=50K
26,236242,15,0,0,30,Private,Prof-school,Never-married,Prof-specialty,Not-in-family,White,Female,United-States,<=50K
28,115549,10,0,0,60,Private,Some-college,Never-married,Machine-op-inspct,Own-child,White,Male,United-States,<=50K
26,200681,9,0,0,40,Self-emp-not-inc,HS-grad,Married-civ-spouse,Exec-managerial,Husband,White,Male,Outlying-US(Guam-USVI-etc),<=50K
29,184078,9,0,0,40,Private,HS-grad,Never-married,Other-service,Other-relative,White,Female,United-States,<=50K
44,320984,10,5178,0,60,Self-emp-inc,Some-college,Married-civ-spouse,Sales,Husband,White,Male,United-States,>50K
30,237903,10,0,0,40,Private,Some-college,Never-married,Handlers-cleaners,Unmarried,White,Female,United-States,<=50K
45,98092,9,0,0,60,Private,HS-grad,Married-civ-spouse,Sales,Husband,White,Male,United-States,<=50K
36,123983,13,0,0,55,Private,Bachelors,Married-civ-spouse,Prof-specialty,Husband,Asian-Pac-Islander,Male,Japan,>50K
59,220783,6,0,0,40,MISSING,10th,Widowed,MISSING,Unmarried,White,Female,United-States,<=50K
43,199806,13,0,0,40,State-gov,Bachelors,Married-civ-spouse,Adm-clerical,Husband,White,Male,United-States,>50K
25,163039,12,0,0,60,Self-emp-inc,Assoc-acdm,Never-married,Sales,Not-in-family,White,Male,United-States,<=50K
24,585203,13,7688,0,45,Private,Bachelors,Married-civ-spouse,Exec-managerial,Wife,White,Female,United-States,>50K
42,127314,13,0,0,45,Private,Bachelors,Married-civ-spouse,Tech-support,Husband,White,Male,United-States,>50K
40,197923,13,2977,0,40,Private,Bachelors,Never-married,Adm-clerical,Unmarried,Black,Female,United-States,<=50K
29,200381,7,0,0,40,Private,11th,Never-married,Exec-managerial,Not-in-family,White,Female,United-States,<=50K
48,125421,14,0,0,40,Private,Masters,Divorced,Exec-managerial,Unmarried,White,Female,United-States,>50K
30,186269,13,0,0,40,Private,Bachelors,Married-civ-spouse,Tech-support,Husband,White,Male,United-States,<=50K
21,27162,10,0,0,16,Private,Some-college,Never-married,Other-service,Own-child,White,Female,United-States,<=50K
20,266467,9,0,0,40,Private,HS-grad,Married-civ-spouse,Craft-repair,Husband,White,Male,United-States,<=50K
29,273771,14,0,0,45,Local-gov,Masters,Never-married,Prof-specialty,Not-in-family,White,Male,United-States,<=50K
25,193787,10,0,0,50,Private,Some-college,Never-married,Machine-op-inspct,Own-child,White,Female,United-States,<=50K
53,165745,9,0,0,40,Private,HS-grad,Married-civ-spouse,Craft-repair,Husband,White,Male,United-States,<=50K
34,203463,10,0,0,40,Private,Some-college,Divorced,Sales,Not-in-family,White,Female,United-States,<=50K
39,325374,10,0,0,40,Private,Some-college,Never-married,Adm-clerical,Not-in-family,White,Male,United-States,<=50K
36,218490,12,0,0,35,Private,Assoc-acdm,Married-civ-spouse,Craft-repair,Husband,White,Male,United-States,<=50K
43,156996,15,0,2415,55,Federal-gov,Prof-school,Married-civ-spouse,Prof-specialty,Husband,Asian-Pac-Islander,Male,MISSING,>50K
29,114870,10,0,0,40,Private,Some-college,Divorced,Craft-repair,Own-child,White,Male,United-States,<=50K
46,162030,9,0,0,43,Private,HS-grad,Widowed,Adm-clerical,Unmarried,White,Female,United-States,<=50K
62,224277,10,0,0,40,Federal-gov,Some-college,Widowed,Protective-serv,Not-in-family,White,Female,United-States,<=50K
35,202397,13,0,0,40,Private,Bachelors,Married-civ-spouse,Craft-repair,Husband,Asian-Pac-Islander,Male,Philippines,>50K
51,182985,9,0,0,40,Local-gov,HS-grad,Married-civ-spouse,Adm-clerical,Wife,White,Female,United-States,<=50K
42,204235,9,0,0,40,Private,HS-grad,Married-civ-spouse,Sales,Husband,White,Male,United-States,<=50K
27,107236,9,0,0,40,Private,HS-grad,Married-civ-spouse,Other-service,Husband,White,Male,United-States,<=50K
45,83064,13,0,0,50,Private,Bachelors,Married-civ-spouse,Sales,Husband,White,Male,United-States,<=50K
36,137527,13,0,0,50,Private,Bachelors,Never-married,Adm-clerical,Not-in-family,White,Female,United-States,<=50K
57,343447,9,0,0,40,Local-gov,HS-grad,Divorced,Protective-serv,Not-in-family,White,Female,United-States,<=50K
41,168071,13,7298,0,50,Private,Bachelors,Married-civ-spouse,Exec-managerial,Husband,White,Male,United-States,>50K
31,197886,10,15024,0,45,Private,Some-college,Married-civ-spouse,Sales,Husband,White,Male,United-States,>50K
73,180603,9,0,0,8,MISSING,HS-grad,Widowed,MISSING,Not-in-family,White,Female,United-States,<=50K
46,175625,15,0,0,40,Private,Prof-school,Divorced,Prof-specialty,Unmarried,White,Female,United-States,<=50K
34,155343,9,0,1848,50,Private,HS-grad,Married-civ-spouse,Craft-repair,Husband,White,Male,United-States,>50K
36,174717,13,7688,0,40,Private,Bachelors,Married-civ-spouse,Prof-specialty,Husband,White,Male,United-States,>50K
60,376973,9,0,0,42,Self-emp-not-inc,HS-grad,Married-civ-spouse,Craft-repair,Husband,White,Male,United-States,>50K
20,122215,9,0,0,52,Private,HS-grad,Never-married,Other-service,Own-child,Black,Male,United-States,<=50K
20,258490,10,0,0,35,Private,Some-college,Never-married,Sales,Not-in-family,White,Female,United-States,<=50K
27,278122,9,0,0,40,Private,HS-grad,Never-married,Transport-moving,Own-child,White,Male,United-States,<=50K
20,117618,10,0,0,40,Private,Some-college,Never-married,Exec-managerial,Own-child,White,Male,United-States,<=50K
33,193246,13,0,0,42,Federal-gov,Bachelors,Married-civ-spouse,Adm-clerical,Husband,White,Male,United-States,>50K
25,57635,11,0,0,42,Private,Assoc-voc,Married-civ-spouse,Sales,Wife,White,Female,United-States,>50K
22,48121,10,0,0,25,State-gov,Some-college,Married-civ-spouse,Other-service,Husband,White,Male,United-States,<=50K
45,33234,13,0,0,40,Self-emp-not-inc,Bachelors,Married-civ-spouse,Sales,Husband,White,Male,United-States,>50K
32,177794,14,0,0,40,Local-gov,Masters,Never-married,Prof-specialty,Not-in-family,White,Female,United-States,<=50K
42,203542,9,0,0,40,Private,HS-grad,Never-married,Craft-repair,Not-in-family,White,Male,United-States,<=50K
48,280422,10,0,0,25,Private,Some-college,Separated,Other-service,Not-in-family,White,Female,Peru,<=50K
24,322674,12,0,0,48,Private,Assoc-acdm,Never-married,Handlers-cleaners,Not-in-family,White,Male,United-States,<=50K
51,467611,5,0,0,40,Private,9th,Married-civ-spouse,Farming-fishing,Husband,White,Male,Mexico,<=50K
52,153751,5,0,0,30,Private,9th,Separated,Other-service,Not-in-family,Black,Female,United-States,<=50K
34,429897,13,0,0,45,Local-gov,Bachelors,Married-civ-spouse,Prof-specialty,Husband,White,Male,Mexico,>50K
54,127943,9,0,0,40,Local-gov,HS-grad,Widowed,Other-service,Unmarried,Black,Female,United-States,<=50K
40,71738,14,0,0,46,Private,Masters,Married-civ-spouse,Exec-managerial,Husband,White,Male,United-States,>50K
64,239450,10,0,0,40,Private,Some-college,Married-civ-spouse,Sales,Husband,White,Male,United-States,<=50K
37,181705,11,0,0,40,Private,Assoc-voc,Married-civ-spouse,Craft-repair,Husband,White,Male,United-States,<=50K
33,163392,9,0,0,48,Private,HS-grad,Married-civ-spouse,Prof-specialty,Husband,Amer-Indian-Eskimo,Male,United-States,>50K
37,48093,13,0,0,90,Private,Bachelors,Never-married,Craft-repair,Not-in-family,White,Male,United-States,>50K
41,104334,10,0,0,50,Private,Some-college,Married-civ-spouse,Sales,Husband,White,Male,United-States,>50K
26,158846,9,0,0,45,Private,HS-grad,Married-civ-spouse,Machine-op-inspct,Husband,White,Male,United-States,<=50K
47,111797,10,0,0,35,Private,Some-college,Never-married,Other-service,Not-in-family,Black,Female,Outlying-US(Guam-USVI-etc),<=50K
18,57957,9,0,0,15,Private,HS-grad,Never-married,Sales,Own-child,White,Female,United-States,<=50K
35,177121,9,0,0,35,Private,HS-grad,Divorced,Other-service,Not-in-family,White,Female,United-States,<=50K
43,56063,13,0,0,60,Federal-gov,Bachelors,Married-civ-spouse,Sales,Husband,White,Male,United-States,<=50K
36,51838,10,0,0,40,Private,Some-college,Divorced,Adm-clerical,Unmarried,White,Female,United-States,<=50K
29,153167,10,0,0,40,MISSING,Some-college,Never-married,MISSING,Own-child,Black,Female,United-States,<=50K
29,199450,10,0,0,40,State-gov,Some-college,Divorced,Adm-clerical,Unmarried,Black,Male,United-States,<=50K
42,171424,13,7298,0,45,Private,Bachelors,Married-civ-spouse,Tech-support,Husband,White,Male,United-States,>50K
26,337867,13,0,0,40,Local-gov,Bachelors,Never-married,Prof-specialty,Own-child,Black,Female,United-States,<=50K
23,214238,4,0,0,40,MISSING,7th-8th,Never-married,MISSING,Not-in-family,White,Female,Mexico,<=50K
46,101455,9,0,0,40,Private,HS-grad,Married-civ-spouse,Adm-clerical,Wife,White,Female,United-States,<=50K
25,190916,9,0,0,40,Private,HS-grad,Never-married,Adm-clerical,Not-in-family,White,Male,United-States,<=50K
39,194404,14,7688,0,40,Private,Masters,Married-civ-spouse,Prof-specialty,Husband,White,Male,United-States,>50K
55,170287,10,0,0,40,Private,Some-college,Married-civ-spouse,Prof-specialty,Husband,White,Male,Poland,>50K
30,54608,12,0,0,40,Private,Assoc-acdm,Married-civ-spouse,Prof-specialty,Husband,White,Male,United-States,<=50K
46,224559,9,0,0,40,Private,HS-grad,Married-civ-spouse,Transport-moving,Husband,Black,Male,United-States,<=50K
43,117728,9,0,0,44,Private,HS-grad,Married-civ-spouse,Craft-repair,Husband,White,Male,United-States,<=50K
20,108887,9,0,0,40,Private,HS-grad,Never-married,Machine-op-inspct,Own-child,White,Female,United-States,<=50K
62,159908,10,0,0,38,Private,Some-college,Married-civ-spouse,Adm-clerical,Wife,White,Female,United-States,>50K
33,79440,14,0,0,30,State-gov,Masters,Never-married,Prof-specialty,Not-in-family,Asian-Pac-Islander,Male,Japan,<=50K
33,191856,10,0,0,40,Private,Some-college,Divorced,Adm-clerical,Not-in-family,White,Female,United-States,<=50K
39,242922,9,0,0,40,Private,HS-grad,Married-civ-spouse,Craft-repair,Husband,Black,Male,United-States,<=50K
19,60412,10,0,0,15,State-gov,Some-college,Never-married,Adm-clerical,Own-child,White,Female,United-States,<=50K
31,111843,12,0,0,40,State-gov,Assoc-acdm,Separated,Other-service,Unmarried,Black,Female,United-States,<=50K
28,19395,10,0,0,38,State-gov,Some-college,Never-married,Adm-clerical,Not-in-family,White,Female,United-States,<=50K
51,122109,10,0,0,35,Private,Some-college,Married-civ-spouse,Adm-clerical,Wife,White,Female,United-States,<=50K
31,113364,9,0,0,40,Private,HS-grad,Married-civ-spouse,Craft-repair,Husband,White,Male,United-States,>50K
25,210794,13,0,0,40,Private,Bachelors,Never-married,Prof-specialty,Own-child,White,Female,United-States,<=50K
35,102471,9,0,0,80,Self-emp-not-inc,HS-grad,Divorced,Farming-fishing,Not-in-family,White,Male,Puerto-Rico,<=50K
33,112941,9,0,0,40,Private,HS-grad,Married-civ-spouse,Machine-op-inspct,Husband,White,Male,United-States,>50K
36,285865,12,0,0,32,Private,Assoc-acdm,Separated,Other-service,Unmarried,Black,Female,United-States,<=50K
44,38434,13,0,0,40,Federal-gov,Bachelors,Widowed,Exec-managerial,Unmarried,White,Female,United-States,>50K
36,354078,13,0,0,60,Private,Bachelors,Married-civ-spouse,Prof-specialty,Husband,White,Male,United-States,>50K
41,41901,10,0,1408,40,Private,Some-college,Never-married,Craft-repair,Not-in-family,White,Male,United-States,<=50K
54,99434,9,0,0,40,Private,HS-grad,Married-civ-spouse,Exec-managerial,Husband,White,Male,United-States,>50K
35,178948,14,0,0,32,Private,Masters,Never-married,Prof-specialty,Unmarried,White,Female,United-States,<=50K
31,137444,9,0,0,40,Private,HS-grad,Married-civ-spouse,Machine-op-inspct,Husband,White,Male,United-States,>50K
21,194096,10,0,0,10,State-gov,Some-college,Never-married,Other-service,Own-child,White,Female,United-States,<=50K
42,213019,14,0,0,40,Local-gov,Masters,Never-married,Prof-specialty,Not-in-family,White,Female,United-States,>50K
37,154410,14,0,0,40,Self-emp-not-inc,Masters,Never-married,Exec-managerial,Not-in-family,White,Male,United-States,<=50K
31,368517,12,0,0,40,Private,Assoc-acdm,Never-married,Prof-specialty,Not-in-family,Asian-Pac-Islander,Male,United-States,<=50K
20,125165,10,0,0,25,State-gov,Some-college,Never-married,Adm-clerical,Own-child,White,Female,United-States,<=50K
38,66326,9,0,0,99,Private,HS-grad,Married-civ-spouse,Transport-moving,Husband,White,Male,United-States,<=50K
38,261382,10,0,0,40,Self-emp-not-inc,Some-college,Married-civ-spouse,Transport-moving,Husband,White,Male,United-States,<=50K
31,217803,9,0,0,32,Private,HS-grad,Divorced,Sales,Not-in-family,White,Female,United-States,<=50K
37,239171,9,0,0,40,Private,HS-grad,Married-civ-spouse,Craft-repair,Husband,White,Male,United-States,>50K
43,142030,9,0,0,40,MISSING,HS-grad,Divorced,MISSING,Unmarried,White,Female,United-States,<=50K
29,568490,9,0,0,40,Private,HS-grad,Married-civ-spouse,Craft-repair,Husband,White,Male,United-States,<=50K
65,29276,4,0,0,24,State-gov,7th-8th,Widowed,Other-service,Other-relative,White,Female,United-States,<=50K
23,181820,9,0,0,53,Private,HS-grad,Separated,Craft-repair,Own-child,White,Male,United-States,<=50K
24,215797,13,0,0,40,State-gov,Bachelors,Never-married,Tech-support,Not-in-family,White,Female,United-States,<=50K
53,283602,14,15024,0,40,Local-gov,Masters,Married-civ-spouse,Prof-specialty,Wife,White,Female,United-States,>50K
21,304949,10,0,0,10,Private,Some-college,Never-married,Prof-specialty,Own-child,White,Female,United-States,<=50K
43,152629,9,0,0,40,Private,HS-grad,Married-civ-spouse,Craft-repair,Husband,White,Male,United-States,>50K
28,445824,14,0,0,50,State-gov,Masters,Married-civ-spouse,Prof-specialty,Wife,White,Female,United-States,>50K
38,165930,9,0,0,40,Private,HS-grad,Married-civ-spouse,Craft-repair,Husband,White,Male,United-States,<=50K
32,340917,13,0,0,50,Private,Bachelors,Never-married,Prof-specialty,Not-in-family,White,Male,United-States,>50K
57,133126,10,0,0,40,Private,Some-college,Never-married,Craft-repair,Not-in-family,Black,Female,United-States,<=50K
35,214816,13,0,0,40,Private,Bachelors,Married-civ-spouse,Exec-managerial,Husband,White,Male,United-States,>50K
19,541282,10,0,0,40,MISSING,Some-college,Never-married,MISSING,Own-child,White,Male,United-States,<=50K
41,343944,7,0,0,40,Private,11th,Widowed,Other-service,Unmarried,White,Female,United-States,<=50K
45,123075,9,0,0,50,Private,HS-grad,Married-civ-spouse,Exec-managerial,Husband,White,Male,United-States,<=50K
53,167065,7,0,0,40,Private,11th,Married-civ-spouse,Machine-op-inspct,Husband,White,Male,United-States,<=50K
59,165315,13,99999,0,43,Self-emp-not-inc,Bachelors,Married-civ-spouse,Prof-specialty,Husband,White,Male,United-States,>50K
68,50351,14,6360,0,20,Private,Masters,Never-married,Adm-clerical,Not-in-family,White,Female,United-States,<=50K
49,269417,16,0,2258,50,State-gov,Doctorate,Never-married,Exec-managerial,Not-in-family,White,Female,United-States,>50K
27,240809,10,0,0,56,Private,Some-college,Never-married,Adm-clerical,Not-in-family,White,Female,United-States,<=50K
48,94461,9,0,0,16,Private,HS-grad,Widowed,Machine-op-inspct,Not-in-family,White,Female,United-States,<=50K
28,90547,9,0,0,23,Private,HS-grad,Married-civ-spouse,Other-service,Wife,Black,Female,United-States,<=50K
37,268598,13,7298,0,50,Self-emp-not-inc,Bachelors,Married-civ-spouse,Exec-managerial,Husband,Other,Male,Puerto-Rico,>50K
22,236769,13,0,0,20,Private,Bachelors,Never-married,Prof-specialty,Not-in-family,White,Male,England,<=50K
33,208405,14,0,0,50,Private,Masters,Married-civ-spouse,Prof-specialty,Husband,White,Male,United-States,>50K
47,101926,13,0,0,70,Self-emp-inc,Bachelors,Divorced,Exec-managerial,Not-in-family,White,Male,United-States,>50K
21,451996,9,0,0,40,Private,HS-grad,Never-married,Sales,Own-child,White,Male,United-States,<=50K
27,120126,13,0,1887,45,Self-emp-inc,Bachelors,Married-civ-spouse,Exec-managerial,Husband,White,Male,United-States,>50K
21,197387,9,0,0,20,Private,HS-grad,Never-married,Handlers-cleaners,Own-child,White,Male,United-States,<=50K
48,143098,16,0,1902,40,Private,Doctorate,Married-civ-spouse,Prof-specialty,Husband,Asian-Pac-Islander,Male,China,>50K
18,115839,8,0,0,30,Private,12th,Never-married,Adm-clerical,Not-in-family,White,Female,United-States,<=50K
75,205860,10,0,1735,40,Self-emp-not-inc,Some-college,Married-civ-spouse,Craft-repair,Husband,Black,Male,United-States,<=50K
49,128990,13,0,0,40,Federal-gov,Bachelors,Married-civ-spouse,Prof-specialty,Husband,White,Male,United-States,>50K
38,354591,9,114,0,38,State-gov,HS-grad,Never-married,Other-service,Unmarried,Black,Female,United-States,<=50K
42,29962,9,0,0,40,Private,HS-grad,Married-civ-spouse,Craft-repair,Husband,White,Male,United-States,<=50K
39,153976,14,0,0,40,Local-gov,Masters,Married-civ-spouse,Prof-specialty,Husband,White,Male,United-States,>50K
22,189277,9,0,0,40,Private,HS-grad,Never-married,Machine-op-inspct,Unmarried,Black,Female,United-States,<=50K
26,266639,13,0,0,40,Self-emp-inc,Bachelors,Never-married,Adm-clerical,Not-in-family,White,Female,United-States,<=50K
52,404453,9,0,0,40,Private,HS-grad,Never-married,Adm-clerical,Unmarried,Black,Female,United-States,<=50K
63,181561,10,0,0,50,Self-emp-not-inc,Some-college,Divorced,Exec-managerial,Not-in-family,White,Male,United-States,<=50K
49,129513,14,0,0,45,Private,Masters,Married-civ-spouse,Sales,Husband,White,Male,United-States,<=50K
35,175769,9,0,0,65,Self-emp-inc,HS-grad,Married-civ-spouse,Sales,Husband,White,Male,United-States,>50K
20,145917,10,0,0,15,Private,Some-college,Never-married,Adm-clerical,Own-child,White,Female,United-States,<=50K
37,162834,9,0,1902,45,Self-emp-not-inc,HS-grad,Married-civ-spouse,Sales,Husband,White,Male,United-States,>50K
37,222450,7,0,0,40,Private,11th,Married-spouse-absent,Other-service,Other-relative,White,Male,El-Salvador,<=50K
42,358677,9,0,0,35,Private,HS-grad,Divorced,Other-service,Unmarried,Black,Male,United-States,<=50K
57,548256,8,7688,0,40,Private,12th,Married-civ-spouse,Transport-moving,Husband,Black,Male,United-States,>50K
37,164898,10,0,0,52,Private,Some-college,Married-civ-spouse,Craft-repair,Husband,White,Male,United-States,<=50K
24,44738,9,0,0,40,Private,HS-grad,Never-married,Handlers-cleaners,Other-relative,White,Male,United-States,<=50K
49,349230,11,0,0,60,Self-emp-inc,Assoc-voc,Married-civ-spouse,Exec-managerial,Husband,White,Male,United-States,>50K
33,177675,13,0,0,50,Private,Bachelors,Married-civ-spouse,Exec-managerial,Husband,White,Male,Germany,>50K
36,369843,9,0,0,50,Private,HS-grad,Married-civ-spouse,Other-service,Husband,White,Male,United-States,<=50K
17,225507,7,0,0,15,Private,11th,Never-married,Handlers-cleaners,Not-in-family,Black,Female,United-States,<=50K
46,224108,9,0,0,50,Self-emp-not-inc,HS-grad,Married-civ-spouse,Exec-managerial,Wife,White,Female,United-States,<=50K
35,102976,14,0,0,40,Private,Masters,Never-married,Exec-managerial,Not-in-family,White,Male,United-States,>50K
23,162282,10,0,0,25,Private,Some-college,Never-married,Handlers-cleaners,Not-in-family,White,Male,United-States,<=50K
24,233856,9,0,0,45,Private,HS-grad,Never-married,Machine-op-inspct,Other-relative,Black,Male,United-States,<=50K
67,150264,16,0,0,20,MISSING,Doctorate,Married-civ-spouse,MISSING,Husband,White,Male,Canada,>50K
38,60135,9,0,0,40,Private,HS-grad,Never-married,Transport-moving,Not-in-family,White,Female,United-States,<=50K
28,59335,13,0,0,15,Private,Bachelors,Married-civ-spouse,Adm-clerical,Other-relative,White,Female,United-States,<=50K
29,133136,8,0,0,40,Private,12th,Married-civ-spouse,Transport-moving,Husband,White,Male,United-States,>50K
23,263899,10,0,0,20,Private,Some-college,Never-married,Adm-clerical,Own-child,Black,Male,Haiti,<=50K
27,404998,11,0,0,40,Self-emp-not-inc,Assoc-voc,Never-married,Craft-repair,Own-child,White,Male,United-States,<=50K
72,129912,9,0,0,25,MISSING,HS-grad,Married-civ-spouse,MISSING,Husband,White,Male,United-States,<=50K
19,425447,9,0,0,40,MISSING,HS-grad,Never-married,MISSING,Unmarried,Black,Female,United-States,<=50K
39,301614,11,0,0,48,Local-gov,Assoc-voc,Married-civ-spouse,Protective-serv,Husband,White,Male,United-States,>50K
58,127264,6,0,0,50,Private,10th,Married-civ-spouse,Craft-repair,Husband,White,Male,United-States,<=50K
44,433705,9,0,0,52,Local-gov,HS-grad,Married-civ-spouse,Protective-serv,Husband,White,Male,United-States,>50K
24,84257,13,0,0,50,Local-gov,Bachelors,Never-married,Prof-specialty,Not-in-family,White,Male,United-States,<=50K
64,151364,10,0,0,40,Private,Some-college,Never-married,Adm-clerical,Not-in-family,White,Female,United-States,<=50K
29,267989,9,0,0,45,Private,HS-grad,Married-civ-spouse,Craft-repair,Husband,White,Male,United-States,<=50K
50,356619,9,0,0,48,State-gov,HS-grad,Married-civ-spouse,Prof-specialty,Husband,White,Male,United-States,>50K
33,121245,13,0,0,60,State-gov,Bachelors,Married-civ-spouse,Prof-specialty,Husband,White,Male,United-States,>50K
40,140559,9,0,0,45,Private,HS-grad,Married-civ-spouse,Priv-house-serv,Wife,White,Female,United-States,<=50K
36,185325,9,0,0,35,Private,HS-grad,Never-married,Transport-moving,Not-in-family,White,Male,United-States,<=50K
47,60267,13,0,0,38,Private,Bachelors,Married-civ-spouse,Exec-managerial,Husband,White,Male,United-States,>50K
27,106935,10,0,0,40,Private,Some-college,Separated,Sales,Not-in-family,White,Male,United-States,<=50K
74,104661,10,0,0,12,MISSING,Some-college,Widowed,MISSING,Not-in-family,White,Female,United-States,<=50K
54,159755,10,0,0,40,Private,Some-college,Married-civ-spouse,Protective-serv,Husband,White,Male,United-States,>50K
51,21698,9,0,0,40,Private,HS-grad,Never-married,Adm-clerical,Not-in-family,White,Female,United-States,<=50K
22,254293,8,0,0,40,Private,12th,Never-married,Handlers-cleaners,Not-in-family,White,Male,United-States,<=50K
39,121468,13,0,0,35,Private,Bachelors,Never-married,Exec-managerial,Own-child,Asian-Pac-Islander,Female,United-States,<=50K
47,103743,4,0,0,40,State-gov,7th-8th,Married-civ-spouse,Transport-moving,Husband,White,Male,United-States,<=50K
53,149784,9,0,0,40,Private,HS-grad,Married-civ-spouse,Machine-op-inspct,Husband,White,Male,United-States,<=50K
34,101345,13,0,0,40,Private,Bachelors,Married-civ-spouse,Sales,Wife,White,Female,United-States,>50K
44,143368,10,0,0,55,Private,Some-college,Never-married,Other-service,Not-in-family,Black,Male,United-States,<=50K
66,112376,4,0,0,40,Self-emp-inc,7th-8th,Married-civ-spouse,Craft-repair,Husband,White,Male,United-States,>50K
46,80914,14,0,0,30,Self-emp-not-inc,Masters,Divorced,Exec-managerial,Not-in-family,White,Male,United-States,<=50K
22,228452,6,0,0,30,Private,10th,Never-married,Craft-repair,Not-in-family,White,Male,United-States,<=50K
34,226296,13,0,0,40,Local-gov,Bachelors,Married-civ-spouse,Protective-serv,Husband,White,Male,United-States,>50K
56,346635,14,0,2339,60,Self-emp-not-inc,Masters,Divorced,Sales,Unmarried,White,Female,United-States,<=50K
49,149210,13,15024,0,40,Local-gov,Bachelors,Married-civ-spouse,Protective-serv,Husband,Black,Male,United-States,>50K
35,335777,10,0,0,40,Private,Some-college,Divorced,Exec-managerial,Not-in-family,White,Male,Mexico,<=50K
34,124052,13,0,0,30,Self-emp-not-inc,Bachelors,Married-civ-spouse,Sales,Husband,White,Male,United-States,<=50K
26,77698,10,0,0,40,Private,Some-college,Married-civ-spouse,Prof-specialty,Wife,Asian-Pac-Islander,Female,United-States,<=50K
19,405526,9,0,0,40,Private,HS-grad,Never-married,Handlers-cleaners,Own-child,White,Male,United-States,<=50K
52,144361,11,0,1902,40,Private,Assoc-voc,Married-civ-spouse,Craft-repair,Husband,White,Male,United-States,>50K
37,330826,11,0,0,30,Private,Assoc-voc,Married-civ-spouse,Prof-specialty,Wife,White,Female,United-States,<=50K
73,135601,13,0,0,10,MISSING,Bachelors,Married-civ-spouse,MISSING,Husband,White,Male,United-States,<=50K
42,183384,10,0,0,40,Private,Some-college,Divorced,Adm-clerical,Not-in-family,Black,Female,United-States,<=50K
40,170108,14,0,0,40,Private,Masters,Married-civ-spouse,Prof-specialty,Husband,White,Male,United-States,<=50K
58,136951,13,0,0,40,Private,Bachelors,Married-civ-spouse,Adm-clerical,Husband,Asian-Pac-Islander,Male,Philippines,<=50K
27,93235,9,0,0,30,Private,HS-grad,Never-married,Sales,Not-in-family,White,Male,United-States,<=50K
21,346341,10,0,0,40,Private,Some-college,Never-married,Prof-specialty,Not-in-family,White,Female,United-States,<=50K
27,265314,9,0,0,45,Private,HS-grad,Married-civ-spouse,Transport-moving,Husband,White,Male,United-States,>50K
28,429507,12,0,0,40,Private,Assoc-acdm,Married-civ-spouse,Handlers-cleaners,Husband,Black,Male,United-States,<=50K
33,182771,13,0,0,80,MISSING,Bachelors,Never-married,MISSING,Own-child,Asian-Pac-Islander,Male,Philippines,<=50K
25,129200,10,0,0,40,State-gov,Some-college,Never-married,Transport-moving,Not-in-family,Black,Male,United-States,<=50K
20,270517,9,0,0,40,Private,HS-grad,Never-married,Other-service,Own-child,White,Female,Mexico,<=50K
46,256014,11,0,0,60,Self-emp-not-inc,Assoc-voc,Married-civ-spouse,Exec-managerial,Husband,White,Male,United-States,<=50K
71,52171,4,0,0,45,MISSING,7th-8th,Divorced,MISSING,Unmarried,White,Male,United-States,<=50K
22,189203,13,0,0,50,Private,Bachelors,Never-married,Prof-specialty,Not-in-family,White,Male,United-States,<=50K
34,56964,16,0,0,50,State-gov,Doctorate,Married-civ-spouse,Prof-specialty,Wife,White,Female,United-States,>50K
66,214469,9,0,0,13,Private,HS-grad,Widowed,Adm-clerical,Not-in-family,White,Female,United-States,<=50K
54,425804,10,0,0,45,Private,Some-college,Never-married,Exec-managerial,Not-in-family,White,Female,United-States,>50K
36,357720,11,0,0,40,Local-gov,Assoc-voc,Never-married,Prof-specialty,Not-in-family,White,Female,United-States,<=50K
57,183810,10,0,0,40,Private,Some-college,Married-civ-spouse,Prof-specialty,Husband,White,Male,United-States,>50K
62,159841,9,0,0,24,Private,HS-grad,Widowed,Other-service,Not-in-family,White,Female,United-States,<=50K
33,58305,11,0,0,40,Private,Assoc-voc,Married-civ-spouse,Craft-repair,Husband,White,Male,United-States,<=50K
50,137815,9,0,0,60,Private,HS-grad,Married-civ-spouse,Transport-moving,Husband,White,Male,United-States,>50K
43,483450,5,0,0,40,Private,9th,Married-civ-spouse,Exec-managerial,Husband,White,Male,Mexico,<=50K
47,179313,6,0,0,30,Private,10th,Divorced,Sales,Unmarried,White,Female,United-States,<=50K
25,333677,9,0,0,36,Private,HS-grad,Never-married,Machine-op-inspct,Own-child,White,Male,United-States,<=50K
45,121124,15,0,0,50,Self-emp-inc,Prof-school,Never-married,Craft-repair,Not-in-family,White,Male,United-States,>50K
22,127185,5,0,0,40,Private,9th,Never-married,Machine-op-inspct,Not-in-family,White,Female,United-States,<=50K
70,280639,9,2329,0,20,Self-emp-not-inc,HS-grad,Widowed,Other-service,Other-relative,White,Female,United-States,<=50K
63,246841,9,0,0,40,Private,HS-grad,Married-civ-spouse,Handlers-cleaners,Husband,White,Male,United-States,<=50K
30,156718,10,0,0,40,Private,Some-college,Separated,Adm-clerical,Not-in-family,White,Female,United-States,<=50K
22,356567,11,0,0,60,Private,Assoc-voc,Divorced,Tech-support,Not-in-family,White,Male,United-States,<=50K
42,138162,10,0,0,40,State-gov,Some-college,Divorced,Adm-clerical,Own-child,White,Male,United-States,<=50K
35,188563,9,0,0,50,Self-emp-not-inc,HS-grad,Divorced,Farming-fishing,Own-child,White,Male,United-States,<=50K
69,61958,9,1424,0,6,Local-gov,HS-grad,Married-civ-spouse,Craft-repair,Husband,White,Male,United-States,<=50K
28,271936,10,0,0,35,Private,Some-college,Never-married,Exec-managerial,Not-in-family,White,Female,United-States,<=50K
34,152109,9,0,0,60,Self-emp-not-inc,HS-grad,Married-civ-spouse,Transport-moving,Husband,White,Male,United-States,<=50K
32,402361,9,0,0,40,Federal-gov,HS-grad,Never-married,Adm-clerical,Not-in-family,White,Male,United-States,<=50K
36,150601,15,0,0,50,Private,Prof-school,Married-civ-spouse,Prof-specialty,Husband,White,Male,MISSING,<=50K
45,288437,9,4064,0,40,Private,HS-grad,Married-civ-spouse,Transport-moving,Husband,Other,Male,United-States,<=50K
27,491421,3,0,0,50,Private,5th-6th,Never-married,Farming-fishing,Unmarried,White,Male,United-States,<=50K
43,185670,2,0,0,21,Private,1st-4th,Widowed,Prof-specialty,Unmarried,White,Female,Mexico,<=50K
24,201680,9,0,0,40,Private,HS-grad,Never-married,Craft-repair,Own-child,White,Male,United-States,<=50K
33,48702,11,0,0,65,Self-emp-not-inc,Assoc-voc,Married-civ-spouse,Farming-fishing,Husband,White,Male,United-States,<=50K
23,344394,10,0,0,40,Federal-gov,Some-college,Married-civ-spouse,Adm-clerical,Other-relative,White,Female,United-States,<=50K
51,97934,13,5178,0,40,Federal-gov,Bachelors,Married-civ-spouse,Farming-fishing,Husband,White,Male,United-States,>50K
30,328242,13,0,0,40,Private,Bachelors,Married-civ-spouse,Exec-managerial,Husband,Asian-Pac-Islander,Male,Hong,>50K
40,190290,10,0,0,40,Private,Some-college,Divorced,Sales,Not-in-family,White,Male,United-States,<=50K
41,88913,12,0,0,36,State-gov,Assoc-acdm,Divorced,Prof-specialty,Unmarried,Asian-Pac-Islander,Female,United-States,<=50K
43,105896,10,0,0,40,Local-gov,Some-college,Divorced,Protective-serv,Unmarried,White,Female,United-States,<=50K
47,185385,9,5013,0,24,Private,HS-grad,Married-civ-spouse,Prof-specialty,Husband,White,Male,United-States,<=50K
36,172538,14,0,0,40,Private,Masters,Never-married,Prof-specialty,Own-child,White,Male,United-States,<=50K
48,102359,13,7298,0,60,Private,Bachelors,Married-civ-spouse,Exec-managerial,Husband,White,Male,United-States,>50K
61,226989,10,0,0,40,MISSING,Some-college,Married-spouse-absent,MISSING,Not-in-family,White,Male,United-States,<=50K
24,113466,13,0,0,40,Private,Bachelors,Never-married,Adm-clerical,Own-child,White,Male,United-States,<=50K
27,34273,11,0,1876,36,Private,Assoc-voc,Never-married,Prof-specialty,Not-in-family,White,Female,Canada,<=50K
40,287079,9,0,0,55,Private,HS-grad,Never-married,Farming-fishing,Not-in-family,White,Male,United-States,<=50K
43,233851,9,0,0,40,Federal-gov,HS-grad,Married-civ-spouse,Adm-clerical,Wife,White,Female,United-States,>50K
25,209230,9,0,0,6,Private,HS-grad,Never-married,Other-service,Own-child,White,Female,United-States,<=50K
39,98587,10,0,0,45,Local-gov,Some-college,Divorced,Prof-specialty,Own-child,White,Female,United-States,<=50K
38,277347,9,0,0,50,Private,HS-grad,Married-civ-spouse,Craft-repair,Husband,White,Male,United-States,<=50K
22,276494,9,0,0,40,Private,HS-grad,Never-married,Handlers-cleaners,Not-in-family,Black,Male,United-States,<=50K
46,73019,13,0,0,40,Private,Bachelors,Never-married,Prof-specialty,Not-in-family,White,Female,United-States,<=50K
23,384651,10,0,0,40,Private,Some-college,Married-civ-spouse,Handlers-cleaners,Husband,White,Male,United-States,<=50K
27,207611,9,0,0,52,Private,HS-grad,Never-married,Other-service,Not-in-family,White,Female,United-States,<=50K
34,220066,14,0,0,50,Local-gov,Masters,Never-married,Prof-specialty,Not-in-family,White,Female,United-States,<=50K
35,89040,13,0,0,40,State-gov,Bachelors,Married-civ-spouse,Exec-managerial,Husband,White,Male,United-States,>50K
38,229236,9,0,0,40,Private,HS-grad,Married-civ-spouse,Transport-moving,Husband,Other,Male,Puerto-Rico,<=50K
57,266189,9,0,0,42,Private,HS-grad,Divorced,Adm-clerical,Unmarried,White,Female,United-States,<=50K
40,287983,13,0,2258,48,Private,Bachelors,Never-married,Tech-support,Not-in-family,Asian-Pac-Islander,Female,Philippines,<=50K
20,515797,9,0,0,40,Private,HS-grad,Married-civ-spouse,Craft-repair,Husband,White,Male,United-States,<=50K
30,118500,13,0,0,40,Local-gov,Bachelors,Never-married,Prof-specialty,Not-in-family,White,Female,United-States,<=50K
20,25139,10,0,0,40,MISSING,Some-college,Never-married,MISSING,Own-child,White,Female,United-States,<=50K
42,108502,9,0,0,42,Private,HS-grad,Divorced,Sales,Not-in-family,White,Female,United-States,<=50K
26,187248,9,0,0,40,Private,HS-grad,Married-civ-spouse,Prof-specialty,Not-in-family,Black,Male,United-States,<=50K
57,353808,10,0,0,60,Self-emp-not-inc,Some-college,Married-civ-spouse,Sales,Husband,White,Male,United-States,>50K
41,100800,14,7298,0,70,Self-emp-not-inc,Masters,Married-civ-spouse,Exec-managerial,Husband,White,Male,United-States,>50K
33,155475,9,0,0,40,Private,HS-grad,Married-civ-spouse,Sales,Husband,White,Male,United-States,<=50K
52,155434,9,0,0,48,Private,HS-grad,Married-civ-spouse,Exec-managerial,Husband,White,Male,United-States,<=50K
33,303867,10,0,0,50,Private,Some-college,Married-civ-spouse,Exec-managerial,Husband,White,Male,United-States,<=50K
19,172582,10,0,0,50,MISSING,Some-college,Never-married,MISSING,Own-child,White,Male,United-States,<=50K
21,319163,10,0,0,40,Private,Some-college,Never-married,Transport-moving,Own-child,Black,Male,United-States,<=50K
54,155755,9,4416,0,25,MISSING,HS-grad,Divorced,MISSING,Not-in-family,White,Female,United-States,<=50K
29,58744,12,0,0,60,Self-emp-not-inc,Assoc-acdm,Never-married,Other-service,Own-child,White,Male,United-States,<=50K
34,167497,10,7688,0,50,Private,Some-college,Married-civ-spouse,Exec-managerial,Wife,White,Female,United-States,>50K
21,296158,9,0,0,35,Private,HS-grad,Never-married,Craft-repair,Own-child,White,Male,United-States,<=50K
32,180799,10,0,0,60,Private,Some-college,Married-civ-spouse,Transport-moving,Husband,White,Male,United-States,>50K
47,195978,9,0,0,40,Private,HS-grad,Married-civ-spouse,Craft-repair,Husband,White,Male,United-States,>50K
21,119156,9,0,0,40,Private,HS-grad,Never-married,Craft-repair,Own-child,White,Male,United-States,<=50K
69,145656,10,0,0,24,Private,Some-college,Widowed,Adm-clerical,Not-in-family,White,Female,United-States,<=50K
28,69847,13,0,0,30,Private,Bachelors,Never-married,Adm-clerical,Own-child,Asian-Pac-Islander,Female,United-States,<=50K
35,187711,9,0,0,40,Private,HS-grad,Married-civ-spouse,Craft-repair,Husband,White,Male,United-States,<=50K
54,108435,9,0,0,20,Private,HS-grad,Married-civ-spouse,Adm-clerical,Husband,White,Male,United-States,<=50K
35,193241,10,0,0,38,Private,Some-college,Married-civ-spouse,Adm-clerical,Husband,White,Male,United-States,<=50K
43,164790,10,0,0,50,State-gov,Some-college,Divorced,Adm-clerical,Not-in-family,Black,Male,United-States,>50K
36,229180,10,0,0,40,Private,Some-college,Divorced,Craft-repair,Unmarried,White,Female,Cuba,<=50K
30,329425,9,0,0,40,Private,HS-grad,Married-civ-spouse,Craft-repair,Husband,White,Male,United-States,<=50K
42,112607,9,0,0,50,Private,HS-grad,Married-civ-spouse,Craft-repair,Husband,White,Male,United-States,<=50K
62,213321,9,0,0,40,Private,HS-grad,Married-civ-spouse,Prof-specialty,Husband,White,Male,United-States,>50K
33,168782,11,0,0,40,Private,Assoc-voc,Never-married,Craft-repair,Unmarried,White,Male,United-States,<=50K
51,154342,4,0,0,40,Private,7th-8th,Married-civ-spouse,Protective-serv,Husband,White,Male,United-States,<=50K
54,186884,10,0,0,30,Local-gov,Some-college,Married-civ-spouse,Transport-moving,Husband,Black,Male,United-States,<=50K
34,149507,9,0,0,55,Private,HS-grad,Married-civ-spouse,Craft-repair,Husband,White,Male,United-States,>50K
47,149116,14,0,0,50,Self-emp-not-inc,Masters,Never-married,Prof-specialty,Not-in-family,White,Female,United-States,<=50K
66,314347,9,0,0,40,MISSING,HS-grad,Married-civ-spouse,MISSING,Husband,Black,Male,United-States,<=50K
23,279243,10,0,0,40,State-gov,Some-college,Never-married,Protective-serv,Not-in-family,White,Male,United-States,<=50K
41,133060,12,0,0,40,Federal-gov,Assoc-acdm,Married-civ-spouse,Prof-specialty,Husband,White,Male,United-States,>50K
45,181307,15,15024,0,43,Self-emp-inc,Prof-school,Married-civ-spouse,Prof-specialty,Husband,White,Male,United-States,>50K
35,287031,14,8614,0,40,Federal-gov,Masters,Never-married,Exec-managerial,Not-in-family,White,Male,United-States,>50K
34,157466,9,0,0,45,Self-emp-inc,HS-grad,Married-civ-spouse,Adm-clerical,Husband,White,Male,United-States,<=50K
33,37274,13,0,0,65,Private,Bachelors,Married-civ-spouse,Prof-specialty,Husband,White,Male,United-States,<=50K
21,276840,8,0,0,20,Local-gov,12th,Never-married,Other-service,Own-child,Black,Male,United-States,<=50K
53,105478,13,0,2415,40,Self-emp-not-inc,Bachelors,Married-civ-spouse,Exec-managerial,Husband,White,Male,United-States,>50K
37,126708,9,0,0,60,Private,HS-grad,Married-civ-spouse,Adm-clerical,Wife,White,Female,United-States,<=50K
35,111128,6,0,0,40,Private,10th,Never-married,Adm-clerical,Own-child,White,Male,United-States,<=50K
40,225193,9,0,0,63,Private,HS-grad,Married-civ-spouse,Handlers-cleaners,Husband,White,Male,United-States,<=50K
46,111558,10,0,0,40,Local-gov,Some-college,Divorced,Machine-op-inspct,Own-child,White,Female,United-States,<=50K
20,141453,10,0,0,10,MISSING,Some-college,Never-married,MISSING,Own-child,White,Female,United-States,<=50K
25,104993,5,2907,0,40,Private,9th,Never-married,Handlers-cleaners,Own-child,Black,Male,United-States,<=50K
57,136107,5,0,0,40,Private,9th,Married-civ-spouse,Craft-repair,Husband,Black,Male,United-States,>50K
30,149118,9,0,0,40,Private,HS-grad,Divorced,Craft-repair,Not-in-family,White,Female,United-States,<=50K
40,274158,9,0,0,40,Private,HS-grad,Married-civ-spouse,Machine-op-inspct,Husband,White,Male,United-States,<=50K
64,125684,9,0,0,40,Private,HS-grad,Married-civ-spouse,Craft-repair,Husband,White,Male,United-States,<=50K
37,167851,9,0,0,50,Private,HS-grad,Married-civ-spouse,Craft-repair,Husband,White,Male,United-States,<=50K
50,371305,9,0,1902,60,Self-emp-not-inc,HS-grad,Married-civ-spouse,Sales,Husband,White,Male,United-States,>50K
43,598995,13,0,0,42,Local-gov,Bachelors,Divorced,Prof-specialty,Unmarried,Black,Female,United-States,<=50K
65,226215,13,0,0,15,Self-emp-not-inc,Bachelors,Married-civ-spouse,Sales,Husband,White,Male,United-States,<=50K
26,169121,13,0,0,48,Private,Bachelors,Married-civ-spouse,Sales,Husband,White,Male,United-States,>50K
30,33688,9,0,1669,70,Private,HS-grad,Never-married,Transport-moving,Unmarried,White,Female,United-States,<=50K
22,110200,13,0,0,40,Private,Bachelors,Never-married,Prof-specialty,Not-in-family,White,Male,United-States,<=50K
24,417668,13,0,0,20,Private,Bachelors,Never-married,Prof-specialty,Own-child,White,Male,United-States,<=50K
49,403112,9,0,0,32,Private,HS-grad,Divorced,Other-service,Unmarried,Black,Female,United-States,<=50K
46,215895,13,0,0,40,Local-gov,Bachelors,Married-civ-spouse,Protective-serv,Husband,White,Male,United-States,>50K
43,92775,11,0,0,40,Federal-gov,Assoc-voc,Divorced,Craft-repair,Not-in-family,White,Male,United-States,<=50K
38,112158,9,0,0,99,Self-emp-not-inc,HS-grad,Married-civ-spouse,Exec-managerial,Husband,White,Male,United-States,<=50K
54,118365,6,0,0,10,Self-emp-not-inc,10th,Divorced,Other-service,Not-in-family,Black,Female,United-States,<=50K
58,69579,10,0,0,20,State-gov,Some-college,Widowed,Prof-specialty,Not-in-family,White,Female,United-States,<=50K
59,108496,10,2907,0,40,Private,Some-college,Divorced,Craft-repair,Not-in-family,White,Male,United-States,<=50K
17,270587,7,0,0,20,Private,11th,Never-married,Other-service,Own-child,White,Male,England,<=50K
34,43959,9,0,0,50,Local-gov,HS-grad,Married-civ-spouse,Other-service,Husband,White,Male,United-States,<=50K
55,157079,10,0,0,40,Private,Some-college,Married-civ-spouse,Protective-serv,Husband,Black,Male,MISSING,>50K
67,118363,13,0,2206,5,Private,Bachelors,Divorced,Exec-managerial,Not-in-family,White,Female,United-States,<=50K
45,331643,10,0,0,40,Private,Some-college,Married-civ-spouse,Craft-repair,Husband,White,Male,United-States,>50K
50,45961,13,6849,0,40,State-gov,Bachelors,Married-spouse-absent,Prof-specialty,Not-in-family,White,Male,United-States,<=50K
28,214689,7,0,0,40,Self-emp-not-inc,11th,Never-married,Craft-repair,Not-in-family,White,Male,United-States,<=50K
55,193374,9,0,0,40,Self-emp-not-inc,HS-grad,Divorced,Craft-repair,Not-in-family,White,Male,United-States,<=50K
58,238438,10,0,0,42,Private,Some-college,Married-civ-spouse,Prof-specialty,Husband,White,Male,United-States,<=50K
31,175856,9,0,0,60,Self-emp-not-inc,HS-grad,Married-civ-spouse,Craft-repair,Husband,White,Male,United-States,<=50K
40,198873,15,15024,0,30,Private,Prof-school,Married-civ-spouse,Prof-specialty,Wife,White,Female,United-States,>50K
22,68678,9,0,0,40,Private,HS-grad,Married-civ-spouse,Sales,Husband,Black,Male,United-States,<=50K
37,58337,10,0,0,40,Private,Some-college,Divorced,Exec-managerial,Not-in-family,White,Female,United-States,>50K
18,231562,9,0,0,33,Private,HS-grad,Never-married,Sales,Own-child,White,Female,United-States,<=50K
18,127273,7,0,0,20,Private,11th,Never-married,Other-service,Other-relative,White,Male,United-States,<=50K
56,116143,13,5178,0,44,Private,Bachelors,Married-civ-spouse,Adm-clerical,Husband,White,Male,United-States,>50K
62,170114,12,0,0,50,Without-pay,Assoc-acdm,Married-civ-spouse,Farming-fishing,Husband,White,Male,United-States,<=50K
46,197836,9,0,1672,50,Self-emp-not-inc,HS-grad,Married-civ-spouse,Farming-fishing,Husband,White,Male,United-States,<=50K
38,180342,13,0,0,40,Private,Bachelors,Married-civ-spouse,Adm-clerical,Husband,White,Male,United-States,<=50K
51,349431,9,4386,0,40,Local-gov,HS-grad,Married-civ-spouse,Craft-repair,Husband,White,Male,United-States,>50K
26,289700,10,0,0,25,Private,Some-college,Married-civ-spouse,Other-service,Husband,White,Male,United-States,<=50K
35,334999,9,0,0,45,Private,HS-grad,Married-civ-spouse,Sales,Husband,White,Male,United-States,<=50K
31,283268,13,0,0,36,Private,Bachelors,Never-married,Prof-specialty,Unmarried,White,Female,United-States,<=50K
62,224520,9,0,0,90,Self-emp-not-inc,HS-grad,Married-civ-spouse,Sales,Husband,White,Male,United-States,>50K
51,33863,14,0,0,45,Local-gov,Masters,Married-civ-spouse,Prof-specialty,Husband,White,Male,United-States,<=50K
39,49020,14,0,1974,40,Private,Masters,Never-married,Exec-managerial,Not-in-family,White,Male,United-States,<=50K
26,56929,13,0,0,50,Private,Bachelors,Never-married,Exec-managerial,Not-in-family,Black,Male,MISSING,<=50K
39,235259,10,0,0,40,Private,Some-college,Divorced,Adm-clerical,Not-in-family,White,Female,United-States,<=50K
29,241667,14,0,0,45,Private,Masters,Never-married,Prof-specialty,Not-in-family,White,Female,United-States,<=50K
18,39411,7,0,0,24,Private,11th,Never-married,Handlers-cleaners,Own-child,White,Male,United-States,<=50K
29,351871,13,0,0,50,Private,Bachelors,Never-married,Sales,Not-in-family,White,Male,United-States,>50K
39,318452,7,0,0,60,Private,11th,Married-civ-spouse,Prof-specialty,Husband,White,Male,United-States,<=50K
22,212114,13,0,0,15,Private,Bachelors,Never-married,Handlers-cleaners,Own-child,White,Female,United-States,<=50K
24,155775,9,0,0,40,State-gov,HS-grad,Married-civ-spouse,Tech-support,Husband,White,Male,United-States,<=50K
33,242150,11,0,0,50,Local-gov,Assoc-voc,Married-civ-spouse,Tech-support,Husband,White,Male,United-States,<=50K
47,191411,14,0,0,45,Private,Masters,Married-civ-spouse,Prof-specialty,Husband,Asian-Pac-Islander,Male,India,<=50K
70,141742,11,9386,0,50,Private,Assoc-voc,Married-civ-spouse,Machine-op-inspct,Husband,White,Male,United-States,>50K
20,217404,6,0,0,40,Self-emp-not-inc,10th,Never-married,Machine-op-inspct,Own-child,White,Male,United-States,<=50K
43,260761,9,0,0,40,Private,HS-grad,Married-civ-spouse,Machine-op-inspct,Husband,White,Male,Mexico,<=50K
20,163205,10,0,0,30,Private,Some-college,Separated,Other-service,Own-child,White,Female,United-States,<=50K
31,54929,10,0,0,60,Private,Some-college,Divorced,Craft-repair,Not-in-family,White,Male,United-States,<=50K
37,126569,9,0,0,40,Private,HS-grad,Never-married,Craft-repair,Own-child,White,Male,United-States,<=50K
27,41099,10,0,0,50,Private,Some-college,Never-married,Sales,Not-in-family,White,Male,United-States,<=50K
26,160340,9,0,0,60,Self-emp-inc,HS-grad,Married-civ-spouse,Exec-managerial,Husband,White,Male,United-States,<=50K
36,139364,13,0,0,50,Private,Bachelors,Married-civ-spouse,Sales,Husband,White,Male,United-States,>50K
44,191295,13,0,0,48,Federal-gov,Bachelors,Married-civ-spouse,Exec-managerial,Husband,Black,Male,United-States,<=50K
29,31360,10,0,0,40,Private,Some-college,Never-married,Farming-fishing,Own-child,White,Male,United-States,<=50K
29,112031,9,0,0,50,Private,HS-grad,Divorced,Craft-repair,Not-in-family,White,Female,United-States,<=50K
42,39586,14,0,0,20,State-gov,Masters,Married-civ-spouse,Prof-specialty,Wife,White,Female,United-States,>50K
42,386175,10,0,0,50,Private,Some-college,Divorced,Sales,Not-in-family,White,Male,United-States,>50K
50,186888,9,0,0,40,Local-gov,HS-grad,Married-civ-spouse,Exec-managerial,Wife,Black,Female,United-States,>50K
21,121023,10,0,0,9,Private,Some-college,Never-married,Other-service,Own-child,White,Female,United-States,<=50K
19,29083,9,0,0,25,Private,HS-grad,Never-married,Sales,Own-child,Amer-Indian-Eskimo,Female,United-States,<=50K
30,125762,10,0,0,30,Private,Some-college,Married-civ-spouse,Adm-clerical,Husband,White,Male,United-States,<=50K
19,194205,10,0,0,40,Self-emp-not-inc,Some-college,Never-married,Other-service,Own-child,White,Female,Mexico,<=50K
25,191803,12,0,0,50,Self-emp-not-inc,Assoc-acdm,Never-married,Sales,Not-in-family,White,Male,United-States,<=50K
40,137225,14,0,0,40,Private,Masters,Married-civ-spouse,Exec-managerial,Husband,White,Male,United-States,>50K
49,159816,13,99999,0,20,Private,Bachelors,Married-civ-spouse,Prof-specialty,Wife,White,Female,United-States,>50K
44,462838,9,0,0,48,Private,HS-grad,Divorced,Handlers-cleaners,Not-in-family,White,Female,United-States,<=50K
47,100818,9,0,0,40,State-gov,HS-grad,Married-civ-spouse,Adm-clerical,Wife,White,Female,United-States,>50K
25,207875,4,0,0,40,Private,7th-8th,Married-civ-spouse,Handlers-cleaners,Husband,White,Male,Mexico,<=50K
23,284898,10,0,0,30,Private,Some-college,Never-married,Exec-managerial,Own-child,White,Male,United-States,<=50K
35,185621,13,0,0,40,Self-emp-not-inc,Bachelors,Never-married,Prof-specialty,Own-child,White,Female,United-States,<=50K
44,81853,9,0,0,40,Private,HS-grad,Never-married,Sales,Not-in-family,Asian-Pac-Islander,Female,United-States,<=50K
57,167864,11,0,0,40,Private,Assoc-voc,Widowed,Prof-specialty,Not-in-family,White,Female,United-States,<=50K
59,172071,9,0,0,38,Private,HS-grad,Married-civ-spouse,Prof-specialty,Wife,Black,Female,Jamaica,<=50K
34,159929,9,0,0,40,Private,HS-grad,Divorced,Handlers-cleaners,Own-child,White,Male,United-States,<=50K
61,84587,11,0,0,40,Private,Assoc-voc,Married-civ-spouse,Craft-repair,Husband,Asian-Pac-Islander,Male,United-States,>50K
19,208656,10,594,0,20,Private,Some-college,Never-married,Adm-clerical,Own-child,White,Female,United-States,<=50K
61,248448,4,0,0,40,Private,7th-8th,Divorced,Other-service,Unmarried,White,Female,United-States,<=50K
90,175491,9,9386,0,50,Private,HS-grad,Married-civ-spouse,Craft-repair,Husband,White,Male,Ecuador,>50K
27,229125,7,0,0,40,Self-emp-not-inc,11th,Married-civ-spouse,Craft-repair,Husband,White,Male,United-States,<=50K
22,124942,10,0,0,45,State-gov,Some-college,Never-married,Other-service,Own-child,White,Male,United-States,<=50K
43,212894,9,0,0,40,Private,HS-grad,Divorced,Craft-repair,Other-relative,White,Male,United-States,<=50K
50,165001,13,0,0,50,Private,Bachelors,Married-civ-spouse,Craft-repair,Husband,White,Male,United-States,<=50K
35,186815,9,0,0,40,Private,HS-grad,Married-civ-spouse,Machine-op-inspct,Husband,White,Male,United-States,<=50K
22,137862,10,0,0,16,Private,Some-college,Never-married,Adm-clerical,Other-relative,White,Female,United-States,<=50K
59,158776,5,0,0,40,Private,9th,Married-civ-spouse,Machine-op-inspct,Husband,White,Male,United-States,<=50K
20,157595,10,0,0,40,Private,Some-college,Never-married,Handlers-cleaners,Not-in-family,White,Male,United-States,<=50K
45,108993,9,0,0,40,Private,HS-grad,Never-married,Craft-repair,Own-child,White,Male,United-States,<=50K
53,151580,10,15024,0,40,Private,Some-college,Married-civ-spouse,Prof-specialty,Husband,White,Male,United-States,>50K
25,311124,15,0,0,20,Private,Prof-school,Never-married,Prof-specialty,Not-in-family,White,Female,United-States,<=50K
46,383384,9,0,0,40,Private,HS-grad,Married-civ-spouse,Prof-specialty,Husband,White,Male,United-States,<=50K
22,333158,9,0,0,48,Private,HS-grad,Never-married,Machine-op-inspct,Not-in-family,White,Female,United-States,<=50K
31,241885,9,0,0,45,Private,HS-grad,Never-married,Farming-fishing,Unmarried,White,Male,United-States,<=50K
35,165930,10,0,0,40,Private,Some-college,Married-civ-spouse,Craft-repair,Husband,White,Male,United-States,<=50K
18,83492,4,0,0,40,Private,7th-8th,Never-married,Machine-op-inspct,Own-child,White,Male,United-States,<=50K
37,215476,9,0,0,30,Private,HS-grad,Never-married,Handlers-cleaners,Unmarried,Black,Female,United-States,<=50K
29,132686,15,0,0,50,Self-emp-not-inc,Prof-school,Never-married,Prof-specialty,Own-child,White,Male,Italy,>50K
29,195284,16,0,0,60,Private,Doctorate,Divorced,Prof-specialty,Not-in-family,White,Female,United-States,>50K
24,205844,13,0,0,40,Private,Bachelors,Never-married,Exec-managerial,Own-child,Black,Female,United-States,<=50K
20,38620,10,0,0,20,Private,Some-college,Never-married,Other-service,Own-child,White,Male,United-States,<=50K
18,115630,7,0,0,20,Private,11th,Never-married,Adm-clerical,Own-child,Black,Male,United-States,<=50K
68,76371,9,0,0,45,Private,HS-grad,Married-civ-spouse,Handlers-cleaners,Husband,White,Male,United-States,>50K
40,157240,14,15024,0,30,Self-emp-inc,Masters,Married-civ-spouse,Exec-managerial,Wife,White,Female,Iran,>50K
51,206775,10,0,0,50,Private,Some-college,Married-civ-spouse,Handlers-cleaners,Husband,White,Male,United-States,<=50K
68,38317,2,0,0,20,MISSING,1st-4th,Divorced,MISSING,Not-in-family,White,Female,United-States,<=50K
29,235393,9,0,0,40,Private,HS-grad,Married-civ-spouse,Craft-repair,Husband,Black,Male,United-States,<=50K
55,68006,4,0,0,60,Self-emp-not-inc,7th-8th,Never-married,Other-service,Other-relative,White,Female,United-States,<=50K
44,33121,10,0,0,72,Self-emp-not-inc,Some-college,Married-civ-spouse,Farming-fishing,Husband,White,Male,United-States,<=50K
37,184498,9,0,0,40,Private,HS-grad,Married-civ-spouse,Transport-moving,Husband,White,Male,United-States,<=50K
28,47168,6,0,0,40,Private,10th,Never-married,Machine-op-inspct,Own-child,White,Female,United-States,<=50K
47,343742,9,0,0,40,Private,HS-grad,Separated,Craft-repair,Unmarried,Black,Male,United-States,<=50K
26,371556,10,0,0,40,Private,Some-college,Never-married,Adm-clerical,Not-in-family,White,Female,United-States,<=50K
32,227160,10,0,0,40,MISSING,Some-college,Divorced,MISSING,Not-in-family,White,Male,United-States,<=50K
32,79870,10,2597,0,40,Private,Some-college,Married-civ-spouse,Exec-managerial,Own-child,White,Female,Japan,<=50K
61,32423,9,22040,0,40,Self-emp-not-inc,HS-grad,Married-civ-spouse,Farming-fishing,Wife,White,Female,United-States,<=50K
42,141558,14,0,0,60,Private,Masters,Married-civ-spouse,Prof-specialty,Husband,White,Male,United-States,<=50K
43,111895,13,0,0,50,Private,Bachelors,Married-civ-spouse,Prof-specialty,Husband,White,Male,United-States,>50K
27,123773,12,0,0,40,Local-gov,Assoc-acdm,Never-married,Adm-clerical,Unmarried,Black,Female,United-States,<=50K
32,282622,9,0,0,28,MISSING,HS-grad,Divorced,MISSING,Unmarried,White,Female,United-States,<=50K
25,209227,13,0,0,21,Private,Bachelors,Never-married,Prof-specialty,Own-child,White,Female,United-States,<=50K
19,372483,10,0,0,35,Private,Some-college,Never-married,Other-service,Other-relative,Black,Male,United-States,<=50K
34,185216,10,0,0,40,Private,Some-college,Never-married,Adm-clerical,Own-child,White,Male,United-States,<=50K
36,110964,13,0,1672,38,State-gov,Bachelors,Married-civ-spouse,Prof-specialty,Wife,White,Female,United-States,<=50K
24,228686,10,0,0,45,Private,Some-college,Never-married,Other-service,Not-in-family,White,Male,United-States,<=50K
17,73145,5,0,0,16,Private,9th,Never-married,Craft-repair,Own-child,White,Female,United-States,<=50K
65,93318,10,0,0,45,Private,Some-college,Married-civ-spouse,Exec-managerial,Wife,White,Female,United-States,<=50K
38,75826,15,0,0,40,Private,Prof-school,Married-civ-spouse,Prof-specialty,Wife,White,Female,United-States,<=50K
35,200426,9,0,0,12,MISSING,HS-grad,Married-civ-spouse,MISSING,Wife,White,Female,United-States,<=50K
31,193650,7,0,0,40,Private,11th,Divorced,Other-service,Not-in-family,White,Female,United-States,<=50K
17,160029,7,0,0,22,Private,11th,Never-married,Other-service,Other-relative,White,Female,United-States,<=50K
45,160647,13,4687,0,35,Private,Bachelors,Divorced,Adm-clerical,Unmarried,White,Female,United-States,>50K
36,225399,9,7298,0,40,Private,HS-grad,Married-civ-spouse,Craft-repair,Husband,White,Male,United-States,>50K
60,122276,3,0,0,45,Private,5th-6th,Married-civ-spouse,Craft-repair,Husband,White,Male,Italy,<=50K
19,282721,10,0,0,12,State-gov,Some-college,Never-married,Other-service,Not-in-family,Black,Male,United-States,<=50K
34,347166,16,0,0,50,Private,Doctorate,Never-married,Prof-specialty,Not-in-family,White,Male,United-States,>50K
42,182302,9,0,0,40,Local-gov,HS-grad,Married-civ-spouse,Craft-repair,Husband,White,Male,United-States,<=50K
63,154526,10,0,0,40,Private,Some-college,Widowed,Other-service,Not-in-family,White,Female,United-States,<=50K
43,255635,3,0,0,40,Private,5th-6th,Married-civ-spouse,Machine-op-inspct,Husband,Other,Male,Mexico,<=50K
55,153484,14,0,1977,50,Private,Masters,Married-civ-spouse,Exec-managerial,Husband,White,Male,United-States,>50K
51,454063,16,7298,0,40,State-gov,Doctorate,Married-civ-spouse,Exec-managerial,Husband,White,Male,United-States,>50K
20,220115,9,0,0,12,MISSING,HS-grad,Never-married,MISSING,Own-child,White,Male,United-States,<=50K
47,218435,9,0,0,20,Private,HS-grad,Married-spouse-absent,Sales,Unmarried,White,Female,Cuba,<=50K
18,280298,9,0,0,24,Private,HS-grad,Never-married,Sales,Own-child,White,Female,United-States,<=50K
28,119793,9,0,0,60,Private,HS-grad,Never-married,Sales,Own-child,White,Male,United-States,<=50K
36,106297,14,0,0,40,Federal-gov,Masters,Married-civ-spouse,Exec-managerial,Husband,White,Male,United-States,>50K
19,167149,10,0,0,25,Private,Some-college,Never-married,Sales,Own-child,White,Female,United-States,<=50K
36,186035,15,0,0,30,Self-emp-not-inc,Prof-school,Married-civ-spouse,Sales,Husband,White,Male,United-States,>50K
45,263982,10,0,0,40,State-gov,Some-college,Divorced,Prof-specialty,Unmarried,White,Female,United-States,<=50K
55,100569,9,0,0,55,Self-emp-not-inc,HS-grad,Separated,Farming-fishing,Unmarried,White,Female,United-States,<=50K
23,207546,7,0,0,40,Private,11th,Married-civ-spouse,Machine-op-inspct,Husband,White,Male,United-States,<=50K
27,197905,10,0,0,40,Private,Some-college,Married-civ-spouse,Other-service,Husband,White,Male,United-States,<=50K
57,155259,10,0,0,40,MISSING,Some-college,Divorced,MISSING,Not-in-family,White,Female,United-States,<=50K
29,419722,12,3674,0,40,Local-gov,Assoc-acdm,Never-married,Adm-clerical,Not-in-family,White,Male,United-States,<=50K
22,374313,9,0,0,50,Private,HS-grad,Married-civ-spouse,Transport-moving,Husband,White,Male,United-States,>50K
21,163870,6,3908,0,40,Private,10th,Married-civ-spouse,Other-service,Husband,White,Male,United-States,<=50K
37,74163,13,0,0,40,State-gov,Bachelors,Never-married,Prof-specialty,Not-in-family,White,Female,United-States,<=50K
38,122952,9,0,0,35,Private,HS-grad,Separated,Craft-repair,Unmarried,White,Female,United-States,<=50K
67,141797,4,0,0,40,Self-emp-not-inc,7th-8th,Married-civ-spouse,Exec-managerial,Husband,White,Male,United-States,<=50K
18,195981,9,0,0,40,MISSING,HS-grad,Widowed,MISSING,Own-child,White,Male,United-States,<=50K
40,97688,10,0,0,48,Private,Some-college,Married-civ-spouse,Tech-support,Husband,White,Male,United-States,>50K
26,202091,9,0,0,40,Private,HS-grad,Married-civ-spouse,Adm-clerical,Wife,White,Female,United-States,<=50K
46,59767,10,0,0,50,Private,Some-college,Divorced,Sales,Not-in-family,White,Male,United-States,<=50K
59,230039,9,0,625,38,Private,HS-grad,Never-married,Exec-managerial,Unmarried,White,Female,United-States,<=50K
25,313930,7,0,0,40,Private,11th,Never-married,Craft-repair,Not-in-family,White,Male,Mexico,<=50K
28,66473,9,0,0,40,Private,HS-grad,Divorced,Machine-op-inspct,Own-child,White,Male,United-States,<=50K
33,137184,12,0,0,50,Federal-gov,Assoc-acdm,Divorced,Exec-managerial,Unmarried,White,Male,United-States,>50K
30,242122,9,0,0,40,State-gov,HS-grad,Separated,Adm-clerical,Unmarried,Black,Female,United-States,<=50K
21,305781,9,0,0,45,Private,HS-grad,Never-married,Handlers-cleaners,Unmarried,White,Male,United-States,<=50K
36,36270,9,0,0,60,Self-emp-not-inc,HS-grad,Divorced,Transport-moving,Not-in-family,White,Male,United-States,<=50K
38,39606,13,0,0,40,Private,Bachelors,Married-civ-spouse,Exec-managerial,Wife,White,Female,United-States,<=50K
48,70668,9,0,0,50,Private,HS-grad,Married-civ-spouse,Machine-op-inspct,Wife,White,Female,United-States,<=50K
36,28996,9,0,0,40,Local-gov,HS-grad,Married-civ-spouse,Transport-moving,Husband,White,Male,United-States,<=50K
22,215395,9,0,0,37,Private,HS-grad,Never-married,Transport-moving,Not-in-family,White,Male,United-States,<=50K
31,100863,14,0,0,50,State-gov,Masters,Divorced,Exec-managerial,Unmarried,White,Female,United-States,>50K
33,80058,9,0,0,40,Private,HS-grad,Never-married,Transport-moving,Not-in-family,White,Male,United-States,<=50K
58,450544,13,0,0,40,Self-emp-not-inc,Bachelors,Married-civ-spouse,Exec-managerial,Husband,White,Male,United-States,>50K
26,31290,9,0,0,40,Private,HS-grad,Married-civ-spouse,Adm-clerical,Wife,White,Female,United-States,>50K
58,100313,10,0,1902,40,Private,Some-college,Married-civ-spouse,Protective-serv,Husband,White,Male,United-States,>50K
23,188505,13,0,0,25,Private,Bachelors,Never-married,Other-service,Own-child,White,Female,United-States,<=50K
55,170994,9,0,0,40,MISSING,HS-grad,Never-married,MISSING,Not-in-family,White,Female,United-States,<=50K
50,31014,9,0,0,40,Private,HS-grad,Married-civ-spouse,Prof-specialty,Wife,White,Female,United-States,>50K
38,201328,4,0,0,56,Self-emp-not-inc,7th-8th,Married-civ-spouse,Farming-fishing,Husband,White,Male,United-States,<=50K
23,152140,9,0,0,40,Private,HS-grad,Never-married,Sales,Not-in-family,White,Female,United-States,<=50K
54,244770,9,0,0,40,Private,HS-grad,Never-married,Adm-clerical,Other-relative,White,Female,United-States,<=50K
18,426895,8,0,0,55,Private,12th,Never-married,Farming-fishing,Own-child,White,Male,United-States,<=50K
50,378747,9,0,0,40,Private,HS-grad,Married-civ-spouse,Transport-moving,Husband,Black,Male,United-States,<=50K
26,34402,13,0,0,45,Private,Bachelors,Never-married,Adm-clerical,Not-in-family,White,Male,United-States,<=50K
59,223131,9,0,0,60,Self-emp-not-inc,HS-grad,Divorced,Exec-managerial,Not-in-family,White,Male,United-States,<=50K
22,103277,10,0,0,20,Private,Some-college,Never-married,Adm-clerical,Own-child,White,Female,United-States,<=50K
30,303485,10,0,0,40,Local-gov,Some-college,Never-married,Transport-moving,Unmarried,Black,Female,United-States,<=50K
31,197860,10,0,0,40,Private,Some-college,Married-civ-spouse,Handlers-cleaners,Husband,White,Male,United-States,<=50K
37,143058,10,0,0,40,Private,Some-college,Married-civ-spouse,Craft-repair,Husband,White,Male,United-States,<=50K
28,225904,15,0,0,40,State-gov,Prof-school,Never-married,Prof-specialty,Unmarried,White,Male,United-States,<=50K
21,276709,10,0,0,40,Private,Some-college,Never-married,Sales,Other-relative,White,Female,United-States,<=50K
60,156889,10,0,0,40,Private,Some-college,Divorced,Adm-clerical,Not-in-family,White,Female,United-States,<=50K
53,424079,14,15024,0,55,Private,Masters,Married-civ-spouse,Exec-managerial,Husband,White,Male,United-States,>50K
50,163948,14,0,0,40,Private,Masters,Married-civ-spouse,Sales,Husband,White,Male,United-States,>50K
21,230397,10,0,0,5,MISSING,Some-college,Never-married,MISSING,Own-child,White,Female,United-States,<=50K
38,179579,10,0,0,50,Private,Some-college,Married-civ-spouse,Prof-specialty,Husband,White,Male,MISSING,>50K
63,68954,9,0,0,11,MISSING,HS-grad,Widowed,MISSING,Not-in-family,Black,Female,United-States,<=50K
54,226497,10,0,0,50,Self-emp-not-inc,Some-college,Married-civ-spouse,Sales,Husband,White,Male,United-States,<=50K
25,202091,14,0,0,60,Private,Masters,Never-married,Prof-specialty,Own-child,White,Female,United-States,<=50K
23,214542,13,0,0,40,Private,Bachelors,Never-married,Handlers-cleaners,Not-in-family,White,Male,United-States,<=50K
45,183786,9,0,0,35,Private,HS-grad,Divorced,Other-service,Unmarried,White,Female,United-States,<=50K
41,224799,10,0,0,40,Private,Some-college,Married-civ-spouse,Craft-repair,Husband,White,Male,United-States,<=50K
43,326379,9,0,0,40,Private,HS-grad,Divorced,Craft-repair,Not-in-family,White,Male,United-States,<=50K
44,26669,12,0,0,99,Self-emp-not-inc,Assoc-acdm,Married-civ-spouse,Other-service,Wife,White,Female,United-States,<=50K
62,76720,13,0,0,40,Local-gov,Bachelors,Married-civ-spouse,Prof-specialty,Wife,White,Female,United-States,<=50K
30,181651,13,0,0,50,Private,Bachelors,Married-civ-spouse,Exec-managerial,Husband,White,Male,United-States,<=50K
30,144593,9,0,0,40,Private,HS-grad,Never-married,Other-service,Not-in-family,Black,Male,MISSING,<=50K
51,215948,10,0,0,40,Federal-gov,Some-college,Married-civ-spouse,Handlers-cleaners,Husband,Other,Male,MISSING,<=50K
46,120131,15,99999,0,60,Self-emp-inc,Prof-school,Married-civ-spouse,Prof-specialty,Husband,White,Male,United-States,>50K
41,353541,9,0,0,40,Private,HS-grad,Married-civ-spouse,Machine-op-inspct,Husband,White,Male,Mexico,<=50K
39,316582,14,0,0,55,Local-gov,Masters,Never-married,Prof-specialty,Not-in-family,White,Female,United-States,<=50K
51,99064,11,5013,0,40,Private,Assoc-voc,Married-civ-spouse,Craft-repair,Husband,White,Male,United-States,<=50K
63,168048,15,0,0,30,Self-emp-not-inc,Prof-school,Married-civ-spouse,Prof-specialty,Husband,White,Male,United-States,<=50K
43,142444,10,0,0,55,Private,Some-college,Divorced,Sales,Unmarried,White,Female,United-States,>50K
17,34088,8,0,0,25,MISSING,12th,Never-married,MISSING,Own-child,White,Female,United-States,<=50K
48,123075,11,0,0,40,Private,Assoc-voc,Married-civ-spouse,Tech-support,Husband,White,Male,United-States,>50K
34,217460,13,0,0,45,Private,Bachelors,Married-civ-spouse,Exec-managerial,Husband,White,Male,United-States,>50K
20,148409,10,1055,0,20,Private,Some-college,Never-married,Sales,Other-relative,White,Male,United-States,<=50K
23,124971,10,0,0,40,Private,Some-college,Divorced,Adm-clerical,Not-in-family,White,Male,United-States,<=50K
33,195891,10,0,0,45,Self-emp-not-inc,Some-college,Married-civ-spouse,Exec-managerial,Husband,White,Male,United-States,<=50K
32,154120,9,7298,0,40,Private,HS-grad,Married-civ-spouse,Transport-moving,Husband,White,Male,United-States,>50K
23,86337,10,0,0,15,MISSING,Some-college,Never-married,MISSING,Not-in-family,White,Female,United-States,<=50K
21,191460,7,0,0,40,Private,11th,Never-married,Other-service,Unmarried,Black,Female,United-States,<=50K
39,201105,13,0,0,30,MISSING,Bachelors,Married-civ-spouse,MISSING,Wife,White,Female,United-States,<=50K
45,192835,13,0,1977,55,Private,Bachelors,Married-civ-spouse,Exec-managerial,Husband,White,Male,United-States,>50K
19,272063,9,0,0,35,Private,HS-grad,Never-married,Handlers-cleaners,Own-child,White,Male,United-States,<=50K
31,442429,9,0,0,40,Private,HS-grad,Separated,Craft-repair,Unmarried,White,Female,Mexico,<=50K
27,159623,10,0,0,40,Private,Some-college,Married-civ-spouse,Sales,Husband,White,Male,United-States,<=50K
53,105728,9,0,0,28,State-gov,HS-grad,Married-civ-spouse,Other-service,Wife,Amer-Indian-Eskimo,Female,United-States,>50K
56,204816,10,0,0,40,Private,Some-college,Married-civ-spouse,Exec-managerial,Husband,White,Male,United-States,>50K
28,30912,9,0,0,40,Private,HS-grad,Married-civ-spouse,Adm-clerical,Husband,White,Male,United-States,<=50K
32,509350,10,0,0,50,Private,Some-college,Married-civ-spouse,Handlers-cleaners,Husband,White,Male,Canada,>50K
48,159854,2,0,0,40,Private,1st-4th,Married-civ-spouse,Other-service,Husband,White,Male,United-States,<=50K
21,306114,9,0,0,35,Private,HS-grad,Never-married,Other-service,Not-in-family,White,Male,United-States,<=50K
31,143392,10,0,0,35,Local-gov,Some-college,Divorced,Adm-clerical,Not-in-family,White,Female,United-States,<=50K
30,189759,13,0,0,40,Private,Bachelors,Never-married,Sales,Not-in-family,White,Male,United-States,<=50K
24,232918,13,0,0,20,State-gov,Bachelors,Never-married,Prof-specialty,Not-in-family,White,Male,United-States,<=50K
23,199070,9,0,0,16,Private,HS-grad,Never-married,Protective-serv,Own-child,Black,Male,United-States,<=50K
39,52645,10,0,0,40,Private,Some-college,Divorced,Sales,Unmarried,White,Female,United-States,<=50K
52,74712,9,0,0,40,Self-emp-inc,HS-grad,Married-civ-spouse,Sales,Husband,Asian-Pac-Islander,Male,United-States,>50K
33,163110,9,3781,0,40,Private,HS-grad,Married-civ-spouse,Handlers-cleaners,Husband,White,Male,United-States,<=50K
58,244605,11,3908,0,40,Private,Assoc-voc,Married-civ-spouse,Exec-managerial,Husband,White,Male,United-States,<=50K
36,108103,9,0,0,50,Private,HS-grad,Married-civ-spouse,Other-service,Husband,White,Male,United-States,<=50K
37,50837,14,0,0,45,Private,Masters,Married-civ-spouse,Prof-specialty,Husband,White,Male,United-States,>50K
39,119421,9,0,625,35,State-gov,HS-grad,Separated,Adm-clerical,Unmarried,White,Female,United-States,<=50K
19,187161,10,0,0,25,Private,Some-college,Never-married,Sales,Own-child,White,Female,United-States,<=50K
31,168906,12,0,0,35,Local-gov,Assoc-acdm,Married-civ-spouse,Adm-clerical,Wife,White,Female,United-States,<=50K
24,108495,10,0,0,40,Private,Some-college,Never-married,Adm-clerical,Own-child,White,Male,India,<=50K
19,263338,9,0,0,15,Private,HS-grad,Never-married,Other-service,Own-child,White,Male,United-States,<=50K
35,226789,14,0,0,75,State-gov,Masters,Married-civ-spouse,Prof-specialty,Husband,White,Male,United-States,<=50K
50,204518,4,0,0,40,Private,7th-8th,Divorced,Craft-repair,Not-in-family,White,Male,United-States,<=50K
23,306601,13,0,0,40,Private,Bachelors,Never-married,Craft-repair,Not-in-family,Amer-Indian-Eskimo,Male,Mexico,<=50K
38,135416,10,0,0,40,Private,Some-college,Divorced,Adm-clerical,Own-child,White,Female,United-States,<=50K
54,54377,14,0,0,40,Local-gov,Masters,Divorced,Prof-specialty,Not-in-family,White,Female,United-States,<=50K
19,137578,10,0,0,16,MISSING,Some-college,Never-married,MISSING,Own-child,White,Male,United-States,<=50K
46,279196,13,0,0,40,Private,Bachelors,Never-married,Craft-repair,Not-in-family,White,Female,United-States,<=50K
57,138892,7,0,0,15,Self-emp-not-inc,11th,Married-civ-spouse,Sales,Husband,White,Male,United-States,<=50K
41,24763,9,7443,0,40,Private,HS-grad,Divorced,Transport-moving,Unmarried,White,Male,United-States,<=50K
23,324637,10,0,0,30,Local-gov,Some-college,Never-married,Adm-clerical,Not-in-family,White,Male,United-States,<=50K
26,102460,10,0,0,40,Private,Some-college,Married-civ-spouse,Adm-clerical,Husband,White,Male,United-States,<=50K
48,156926,13,0,0,40,Private,Bachelors,Divorced,Adm-clerical,Not-in-family,White,Male,United-States,<=50K
38,82880,13,0,0,15,Local-gov,Bachelors,Married-civ-spouse,Prof-specialty,Wife,White,Female,United-States,<=50K
42,37618,10,0,0,60,Self-emp-not-inc,Some-college,Married-civ-spouse,Farming-fishing,Husband,White,Male,United-States,<=50K
38,233571,9,0,0,40,Self-emp-not-inc,HS-grad,Separated,Other-service,Unmarried,White,Female,United-States,<=50K
32,212276,13,0,0,60,Private,Bachelors,Married-civ-spouse,Prof-specialty,Husband,White,Male,United-States,>50K
52,155141,16,0,0,40,Local-gov,Doctorate,Married-civ-spouse,Prof-specialty,Wife,White,Female,United-States,>50K
35,230268,10,0,0,40,Self-emp-not-inc,Some-college,Married-civ-spouse,Other-service,Husband,White,Male,United-States,<=50K
32,202729,9,0,0,40,Private,HS-grad,Married-civ-spouse,Transport-moving,Own-child,White,Male,United-States,<=50K
29,130045,4,0,0,40,Private,7th-8th,Married-civ-spouse,Other-service,Wife,White,Female,United-States,<=50K
41,199018,15,0,0,40,Private,Prof-school,Married-civ-spouse,Exec-managerial,Husband,White,Male,United-States,>50K
59,144071,9,0,0,40,Private,HS-grad,Married-civ-spouse,Adm-clerical,Husband,White,Male,United-States,>50K
32,408328,4,0,0,40,Private,7th-8th,Married-civ-spouse,Craft-repair,Husband,White,Male,United-States,<=50K
46,196858,14,0,0,35,Private,Masters,Married-civ-spouse,Prof-specialty,Husband,White,Male,United-States,>50K
21,195199,9,0,0,30,Private,HS-grad,Never-married,Prof-specialty,Own-child,White,Female,United-States,<=50K
30,33124,9,0,0,14,Private,HS-grad,Separated,Farming-fishing,Unmarried,White,Female,United-States,<=50K
51,199005,13,0,0,40,Self-emp-not-inc,Bachelors,Married-civ-spouse,Exec-managerial,Wife,White,Female,United-States,>50K
39,208109,9,0,0,60,Self-emp-not-inc,HS-grad,Married-civ-spouse,Transport-moving,Husband,White,Male,United-States,>50K
66,149422,4,0,0,4,MISSING,7th-8th,Never-married,MISSING,Not-in-family,White,Male,United-States,<=50K
66,376506,16,3273,0,40,Local-gov,Doctorate,Divorced,Prof-specialty,Not-in-family,White,Female,United-States,<=50K
40,182217,10,0,0,40,Private,Some-college,Married-civ-spouse,Other-service,Wife,White,Female,Scotland,<=50K
62,125493,9,5178,0,40,MISSING,HS-grad,Married-civ-spouse,MISSING,Wife,White,Female,Scotland,>50K
25,180884,10,0,0,40,State-gov,Some-college,Married-civ-spouse,Adm-clerical,Wife,Black,Female,United-States,<=50K
19,299598,9,0,0,16,Private,HS-grad,Never-married,Handlers-cleaners,Own-child,White,Male,United-States,<=50K
29,280344,13,0,0,40,Private,Bachelors,Married-civ-spouse,Sales,Husband,White,Male,United-States,>50K
44,151504,10,0,0,50,Private,Some-college,Married-civ-spouse,Sales,Husband,White,Male,United-States,<=50K
34,113198,12,0,0,28,Private,Assoc-acdm,Married-civ-spouse,Adm-clerical,Husband,White,Male,United-States,<=50K
59,96459,7,0,0,40,Private,11th,Never-married,Machine-op-inspct,Not-in-family,White,Male,United-States,<=50K
23,381741,12,0,1721,20,MISSING,Assoc-acdm,Never-married,MISSING,Own-child,White,Male,United-States,<=50K
30,101697,13,0,0,20,MISSING,Bachelors,Married-civ-spouse,MISSING,Wife,White,Female,United-States,<=50K
32,114746,9,0,0,60,Private,HS-grad,Separated,Handlers-cleaners,Unmarried,Asian-Pac-Islander,Female,South,<=50K
59,212448,9,0,0,40,Federal-gov,HS-grad,Widowed,Sales,Unmarried,White,Female,Germany,<=50K
34,35595,13,0,0,30,MISSING,Bachelors,Married-civ-spouse,MISSING,Husband,White,Male,United-States,<=50K
30,164493,10,0,0,10,Local-gov,Some-college,Never-married,Adm-clerical,Own-child,White,Female,United-States,<=50K
21,50341,10,0,0,38,Private,Some-college,Never-married,Adm-clerical,Not-in-family,White,Female,United-States,<=50K
26,117833,13,4865,0,35,Local-gov,Bachelors,Never-married,Prof-specialty,Not-in-family,White,Female,United-States,<=50K
27,90692,11,0,0,40,Private,Assoc-voc,Never-married,Other-service,Not-in-family,Asian-Pac-Islander,Female,Philippines,<=50K
36,107218,10,0,0,55,Self-emp-inc,Some-college,Divorced,Sales,Unmarried,Asian-Pac-Islander,Male,United-States,<=50K
25,200408,10,2174,0,40,Private,Some-college,Never-married,Tech-support,Not-in-family,White,Male,United-States,<=50K
18,236272,9,0,0,35,Private,HS-grad,Never-married,Adm-clerical,Own-child,White,Female,United-States,<=50K
20,305446,9,0,0,30,Private,HS-grad,Never-married,Other-service,Own-child,White,Male,United-States,<=50K
37,107737,9,0,0,45,Self-emp-not-inc,HS-grad,Married-civ-spouse,Craft-repair,Husband,White,Male,United-States,<=50K
49,278322,9,0,0,40,Private,HS-grad,Married-civ-spouse,Craft-repair,Husband,White,Male,United-States,>50K
43,506329,13,15024,0,40,State-gov,Bachelors,Married-civ-spouse,Prof-specialty,Husband,Asian-Pac-Islander,Male,MISSING,>50K
26,160261,14,0,0,20,Private,Masters,Never-married,Prof-specialty,Not-in-family,Asian-Pac-Islander,Male,India,<=50K
46,27802,12,0,0,38,State-gov,Assoc-acdm,Married-civ-spouse,Tech-support,Husband,White,Male,United-States,>50K
38,48779,10,0,0,40,Private,Some-college,Married-civ-spouse,Transport-moving,Husband,White,Male,United-States,>50K
29,105598,10,0,0,58,Private,Some-college,Divorced,Tech-support,Not-in-family,White,Male,United-States,<=50K
20,214542,10,0,0,40,State-gov,Some-college,Never-married,Prof-specialty,Own-child,White,Male,United-States,<=50K
51,159755,9,0,0,20,Private,HS-grad,Married-civ-spouse,Craft-repair,Husband,White,Male,United-States,<=50K
22,154422,10,0,0,30,Private,Some-college,Divorced,Sales,Own-child,Asian-Pac-Islander,Female,Philippines,<=50K
36,274809,9,0,0,50,Private,HS-grad,Divorced,Adm-clerical,Unmarried,White,Female,United-States,<=50K
42,384508,7,1506,0,50,Private,11th,Divorced,Sales,Unmarried,White,Male,Mexico,<=50K
33,161745,11,0,0,45,Private,Assoc-voc,Married-civ-spouse,Farming-fishing,Husband,White,Male,United-States,<=50K
53,141388,9,0,0,40,Private,HS-grad,Married-civ-spouse,Transport-moving,Husband,White,Male,United-States,>50K
18,268952,8,0,0,20,Private,12th,Never-married,Other-service,Own-child,White,Male,United-States,<=50K
27,213421,15,0,0,50,Private,Prof-school,Never-married,Prof-specialty,Not-in-family,White,Male,United-States,<=50K
34,255693,9,0,0,20,Private,HS-grad,Married-civ-spouse,Adm-clerical,Wife,White,Female,United-States,<=50K
46,36228,9,0,1902,40,Local-gov,HS-grad,Married-civ-spouse,Craft-repair,Husband,White,Male,United-States,<=50K
25,215384,7,0,0,40,Private,11th,Never-married,Other-service,Not-in-family,White,Male,United-States,<=50K
22,427686,6,0,0,40,Private,10th,Divorced,Craft-repair,Own-child,White,Male,United-States,<=50K
37,30973,9,0,0,40,Self-emp-not-inc,HS-grad,Married-civ-spouse,Exec-managerial,Husband,White,Male,United-States,<=50K
55,477867,13,0,0,40,Self-emp-not-inc,Bachelors,Married-civ-spouse,Exec-managerial,Husband,White,Male,United-States,>50K
28,192569,9,0,0,40,MISSING,HS-grad,Never-married,MISSING,Own-child,Black,Male,United-States,<=50K
38,96330,11,0,0,40,Private,Assoc-voc,Divorced,Adm-clerical,Unmarried,Black,Female,United-States,<=50K
20,70708,9,0,0,60,Private,HS-grad,Married-civ-spouse,Handlers-cleaners,Husband,White,Male,United-States,<=50K
21,236684,10,0,0,8,Private,Some-college,Never-married,Other-service,Other-relative,Black,Female,United-States,<=50K
26,187577,11,0,0,55,Private,Assoc-voc,Never-married,Sales,Not-in-family,White,Male,United-States,<=50K
59,309124,9,0,0,40,Self-emp-not-inc,HS-grad,Married-civ-spouse,Transport-moving,Husband,White,Male,United-States,>50K
48,119722,10,0,0,8,Private,Some-college,Married-civ-spouse,Sales,Husband,Black,Male,United-States,<=50K
21,205759,9,0,0,40,Private,HS-grad,Never-married,Handlers-cleaners,Own-child,White,Male,United-States,<=50K
41,81054,10,0,0,25,Local-gov,Some-college,Divorced,Exec-managerial,Unmarried,White,Female,United-States,<=50K
53,299080,10,0,0,40,Private,Some-college,Never-married,Adm-clerical,Unmarried,Black,Female,United-States,<=50K
18,78181,9,0,0,20,MISSING,HS-grad,Never-married,MISSING,Own-child,White,Female,United-States,<=50K
17,147069,6,0,0,16,Private,10th,Never-married,Sales,Own-child,White,Female,United-States,<=50K
30,112139,9,0,0,40,State-gov,HS-grad,Married-civ-spouse,Protective-serv,Husband,White,Male,United-States,<=50K
31,117816,4,0,0,70,Private,7th-8th,Divorced,Handlers-cleaners,Other-relative,White,Male,United-States,<=50K
42,56483,12,0,0,40,Private,Assoc-acdm,Divorced,Adm-clerical,Unmarried,White,Female,United-States,<=50K
21,91819,11,0,0,30,Private,Assoc-voc,Never-married,Other-service,Not-in-family,White,Male,United-States,<=50K
23,46645,13,0,0,25,Private,Bachelors,Never-married,Prof-specialty,Not-in-family,White,Female,United-States,<=50K
37,70562,2,0,0,48,Private,1st-4th,Never-married,Other-service,Unmarried,White,Female,El-Salvador,<=50K
68,52052,11,25124,0,50,Self-emp-inc,Assoc-voc,Widowed,Sales,Not-in-family,White,Female,United-States,>50K
58,211547,8,0,0,52,Self-emp-not-inc,12th,Divorced,Sales,Not-in-family,White,Female,United-States,<=50K
33,354573,14,15024,0,44,Private,Masters,Married-civ-spouse,Prof-specialty,Husband,White,Male,United-States,>50K
22,72310,9,0,0,70,Private,HS-grad,Never-married,Transport-moving,Not-in-family,White,Male,United-States,<=50K
28,378460,13,10520,0,60,Private,Bachelors,Never-married,Adm-clerical,Not-in-family,White,Male,United-States,>50K
27,334132,12,0,0,78,Self-emp-not-inc,Assoc-acdm,Never-married,Prof-specialty,Not-in-family,White,Female,United-States,<=50K
22,205839,10,0,0,45,Private,Some-college,Never-married,Other-service,Not-in-family,White,Male,United-States,<=50K
26,138152,8,0,0,48,Private,12th,Never-married,Craft-repair,Other-relative,Other,Male,Guatemala,<=50K
23,154978,9,0,0,40,Private,HS-grad,Married-civ-spouse,Other-service,Husband,White,Male,Guatemala,<=50K
27,420351,9,0,0,40,Private,HS-grad,Never-married,Transport-moving,Own-child,White,Male,United-States,<=50K
61,176753,9,0,0,48,Local-gov,HS-grad,Married-civ-spouse,Farming-fishing,Husband,White,Male,United-States,<=50K
37,119098,13,0,0,50,Private,Bachelors,Married-civ-spouse,Prof-specialty,Husband,White,Male,United-States,>50K
25,316688,9,0,0,40,Private,HS-grad,Never-married,Machine-op-inspct,Not-in-family,Black,Male,United-States,<=50K
28,120475,9,0,0,20,Private,HS-grad,Never-married,Other-service,Own-child,White,Male,United-States,<=50K
24,283872,10,0,0,20,Private,Some-college,Never-married,Adm-clerical,Not-in-family,Black,Male,United-States,<=50K
72,188009,4,0,0,30,MISSING,7th-8th,Divorced,MISSING,Not-in-family,White,Male,United-States,<=50K
39,177154,13,15024,0,50,Private,Bachelors,Married-civ-spouse,Sales,Husband,White,Male,United-States,>50K
28,208965,5,0,0,40,Private,9th,Never-married,Machine-op-inspct,Unmarried,Other,Male,Mexico,<=50K
40,144928,10,0,0,40,Private,Some-college,Divorced,Craft-repair,Not-in-family,White,Male,United-States,<=50K
26,247455,13,5178,0,42,Private,Bachelors,Married-civ-spouse,Sales,Wife,White,Female,United-States,>50K
64,134960,13,15024,0,35,Self-emp-not-inc,Bachelors,Married-civ-spouse,Exec-managerial,Husband,White,Male,United-States,>50K
23,236601,10,0,0,48,Private,Some-college,Never-married,Tech-support,Not-in-family,White,Male,United-States,<=50K
40,294708,9,0,0,40,Private,HS-grad,Married-civ-spouse,Transport-moving,Husband,Black,Male,United-States,>50K
47,199512,13,0,0,40,State-gov,Bachelors,Married-civ-spouse,Exec-managerial,Husband,White,Male,United-States,>50K
17,79682,6,0,0,30,Private,10th,Never-married,Priv-house-serv,Other-relative,White,Male,United-States,<=50K
22,60668,10,0,0,40,Private,Some-college,Never-married,Craft-repair,Not-in-family,White,Male,United-States,<=50K
49,116338,9,0,653,60,Private,HS-grad,Separated,Prof-specialty,Unmarried,White,Female,United-States,<=50K
61,187636,13,0,0,40,MISSING,Bachelors,Divorced,MISSING,Unmarried,White,Female,United-States,<=50K
49,304416,7,0,0,40,Private,11th,Married-civ-spouse,Sales,Wife,White,Female,United-States,<=50K
29,427965,9,0,0,20,MISSING,HS-grad,Separated,MISSING,Unmarried,Black,Female,United-States,<=50K
32,158002,10,0,0,55,Private,Some-college,Never-married,Machine-op-inspct,Other-relative,White,Male,Ecuador,<=50K
22,79980,10,0,0,25,Private,Some-college,Never-married,Sales,Own-child,White,Male,United-States,<=50K
36,146412,10,0,0,40,Private,Some-college,Divorced,Adm-clerical,Unmarried,White,Female,United-States,<=50K
42,409902,9,0,0,25,Private,HS-grad,Never-married,Exec-managerial,Unmarried,Black,Female,United-States,<=50K
33,202046,13,0,2001,40,Private,Bachelors,Never-married,Handlers-cleaners,Not-in-family,White,Male,United-States,<=50K
22,269583,4,2580,0,40,Self-emp-inc,7th-8th,Married-civ-spouse,Craft-repair,Husband,White,Male,United-States,<=50K
29,339100,7,3418,0,48,MISSING,11th,Divorced,MISSING,Not-in-family,White,Female,United-States,<=50K
21,116489,10,0,0,60,Private,Some-college,Never-married,Sales,Own-child,White,Female,United-States,<=50K
47,144351,13,0,0,45,Private,Bachelors,Married-civ-spouse,Exec-managerial,Husband,White,Male,United-States,>50K
61,191417,5,0,0,65,Private,9th,Widowed,Exec-managerial,Not-in-family,Black,Male,United-States,<=50K
39,239119,14,0,0,40,Local-gov,Masters,Divorced,Prof-specialty,Not-in-family,Black,Male,Dominican-Republic,<=50K
23,203078,13,0,0,24,Private,Bachelors,Never-married,Adm-clerical,Own-child,Black,Male,United-States,<=50K
57,68830,9,0,0,50,State-gov,HS-grad,Divorced,Exec-managerial,Not-in-family,White,Female,United-States,<=50K
55,125000,9,0,0,40,Private,HS-grad,Married-civ-spouse,Machine-op-inspct,Husband,White,Male,United-States,>50K
81,132204,2,0,0,20,State-gov,1st-4th,Widowed,Other-service,Not-in-family,White,Female,United-States,<=50K
62,122246,14,0,0,32,Self-emp-not-inc,Masters,Divorced,Prof-specialty,Unmarried,White,Female,United-States,<=50K
18,139003,9,0,0,12,MISSING,HS-grad,Never-married,MISSING,Other-relative,Other,Female,United-States,<=50K
22,237498,9,0,0,40,Private,HS-grad,Never-married,Other-service,Own-child,White,Male,United-States,<=50K
21,98678,10,0,0,15,Private,Some-college,Never-married,Other-service,Own-child,White,Male,United-States,<=50K
66,427422,16,0,2377,25,Self-emp-not-inc,Doctorate,Married-civ-spouse,Sales,Husband,White,Male,United-States,>50K
43,172577,10,0,0,44,Private,Some-college,Divorced,Adm-clerical,Not-in-family,White,Female,United-States,<=50K
23,67958,10,0,0,30,Private,Some-college,Never-married,Other-service,Not-in-family,White,Female,United-States,<=50K
30,211840,10,0,0,16,Private,Some-college,Separated,Sales,Unmarried,Black,Female,United-States,<=50K
20,293136,10,0,0,35,MISSING,Some-college,Never-married,MISSING,Own-child,White,Female,United-States,<=50K
49,199326,10,0,0,50,Self-emp-not-inc,Some-college,Married-civ-spouse,Sales,Husband,White,Male,United-States,<=50K
19,63434,8,0,0,30,Private,12th,Never-married,Farming-fishing,Own-child,White,Female,United-States,<=50K
51,179010,10,0,0,60,Private,Some-college,Divorced,Sales,Not-in-family,White,Female,United-States,<=50K
41,384508,13,0,0,40,Private,Bachelors,Married-civ-spouse,Prof-specialty,Husband,White,Male,United-States,>50K
58,215245,13,0,0,37,Local-gov,Bachelors,Never-married,Prof-specialty,Not-in-family,White,Female,United-States,<=50K
37,127772,13,0,0,40,Private,Bachelors,Never-married,Craft-repair,Not-in-family,White,Male,United-States,<=50K
18,27620,9,0,0,25,Private,HS-grad,Never-married,Adm-clerical,Not-in-family,White,Female,United-States,<=50K
62,94931,11,3411,0,40,MISSING,Assoc-voc,Married-civ-spouse,MISSING,Husband,White,Male,United-States,<=50K
56,174351,8,0,0,40,Private,12th,Married-civ-spouse,Craft-repair,Husband,White,Male,Italy,<=50K
41,174491,9,0,0,40,Local-gov,HS-grad,Separated,Other-service,Unmarried,Black,Female,United-States,<=50K
25,167835,13,3325,0,40,Private,Bachelors,Never-married,Exec-managerial,Not-in-family,White,Female,United-States,<=50K
30,30063,9,0,0,32,Private,HS-grad,Divorced,Other-service,Unmarried,White,Female,United-States,<=50K
25,211424,13,0,0,40,Private,Bachelors,Never-married,Other-service,Own-child,White,Male,United-States,<=50K
33,164190,14,0,0,20,Private,Masters,Never-married,Prof-specialty,Own-child,White,Male,United-States,<=50K
28,96337,10,0,0,40,Private,Some-college,Never-married,Adm-clerical,Not-in-family,White,Female,United-States,<=50K
34,177675,10,0,0,65,Self-emp-inc,Some-college,Married-civ-spouse,Exec-managerial,Husband,White,Male,United-States,>50K
27,134813,14,0,0,52,Local-gov,Masters,Never-married,Prof-specialty,Own-child,White,Male,United-States,<=50K
52,259363,9,0,0,50,Private,HS-grad,Married-civ-spouse,Craft-repair,Husband,White,Male,United-States,>50K
33,359428,9,0,0,60,Self-emp-not-inc,HS-grad,Married-civ-spouse,Sales,Husband,White,Male,United-States,<=50K
53,95540,10,1471,0,40,Private,Some-college,Divorced,Adm-clerical,Unmarried,White,Female,United-States,<=50K
29,141185,10,0,0,55,Self-emp-not-inc,Some-college,Married-civ-spouse,Farming-fishing,Husband,White,Male,United-States,<=50K
42,319016,9,2885,0,45,Private,HS-grad,Married-civ-spouse,Transport-moving,Husband,White,Male,United-States,<=50K
42,187720,14,15024,0,50,Private,Masters,Married-civ-spouse,Sales,Husband,White,Male,MISSING,>50K
33,98145,10,0,0,30,MISSING,Some-college,Divorced,MISSING,Unmarried,Amer-Indian-Eskimo,Male,United-States,<=50K
33,104525,9,0,0,40,Private,HS-grad,Married-civ-spouse,Handlers-cleaners,Husband,White,Male,United-States,<=50K
39,188069,13,0,0,40,Private,Bachelors,Married-civ-spouse,Machine-op-inspct,Husband,White,Male,MISSING,<=50K
45,179428,10,0,0,55,Private,Some-college,Married-civ-spouse,Transport-moving,Husband,White,Male,United-States,<=50K
46,265105,13,0,0,50,Private,Bachelors,Married-civ-spouse,Prof-specialty,Husband,White,Male,United-States,>50K
53,152883,9,0,0,40,Private,HS-grad,Widowed,Adm-clerical,Not-in-family,Black,Female,United-States,<=50K
49,194895,13,0,0,40,State-gov,Bachelors,Divorced,Prof-specialty,Not-in-family,White,Male,United-States,<=50K
39,215150,5,0,0,50,Private,9th,Divorced,Handlers-cleaners,Not-in-family,White,Male,United-States,<=50K
51,137815,10,7298,0,40,Private,Some-college,Married-civ-spouse,Adm-clerical,Husband,White,Male,United-States,>50K
29,178649,9,0,0,20,Private,HS-grad,Married-spouse-absent,Other-service,Not-in-family,White,Female,France,<=50K
30,194901,9,0,0,40,Private,HS-grad,Never-married,Sales,Other-relative,White,Male,United-States,<=50K
36,167482,13,0,0,40,Private,Bachelors,Married-civ-spouse,Adm-clerical,Husband,White,Male,United-States,>50K
28,189346,9,0,0,45,Private,HS-grad,Divorced,Craft-repair,Not-in-family,White,Male,United-States,<=50K
40,346847,11,0,0,40,Private,Assoc-voc,Separated,Prof-specialty,Other-relative,White,Female,United-States,<=50K
44,277488,10,3103,0,40,Private,Some-college,Married-civ-spouse,Machine-op-inspct,Husband,White,Male,United-States,>50K
27,177072,9,0,0,40,Private,HS-grad,Never-married,Handlers-cleaners,Own-child,White,Male,United-States,<=50K
55,119751,14,0,0,40,Private,Masters,Never-married,Prof-specialty,Other-relative,Asian-Pac-Islander,Female,Thailand,<=50K
33,172664,10,0,0,70,Private,Some-college,Married-civ-spouse,Exec-managerial,Husband,White,Male,United-States,>50K
55,306164,9,0,0,40,Private,HS-grad,Married-civ-spouse,Other-service,Husband,Black,Male,United-States,<=50K
27,271243,10,0,0,40,State-gov,Some-college,Divorced,Adm-clerical,Unmarried,Black,Male,Jamaica,<=50K
21,206861,10,0,0,20,Private,Some-college,Never-married,Sales,Own-child,White,Male,MISSING,<=50K
58,131991,13,0,0,72,Self-emp-not-inc,Bachelors,Never-married,Farming-fishing,Own-child,White,Male,United-States,<=50K
37,377798,10,3103,0,40,Private,Some-college,Married-civ-spouse,Craft-repair,Husband,White,Male,United-States,>50K
28,308136,9,0,0,40,Private,HS-grad,Never-married,Other-service,Own-child,White,Male,United-States,<=50K
49,43348,14,0,0,40,Private,Masters,Never-married,Prof-specialty,Not-in-family,White,Male,United-States,>50K
36,252231,1,0,0,40,Private,Preschool,Never-married,Machine-op-inspct,Not-in-family,Black,Male,Puerto-Rico,<=50K
31,286406,9,3325,0,40,Private,HS-grad,Never-married,Exec-managerial,Not-in-family,White,Male,United-States,<=50K
68,73773,9,0,0,24,Private,HS-grad,Widowed,Sales,Not-in-family,White,Female,United-States,<=50K
17,65368,7,0,0,12,Private,11th,Never-married,Sales,Own-child,White,Female,United-States,<=50K
25,110978,12,0,0,37,Private,Assoc-acdm,Married-civ-spouse,Adm-clerical,Wife,Asian-Pac-Islander,Female,India,>50K
31,246439,10,0,0,45,Private,Some-college,Married-civ-spouse,Craft-repair,Husband,White,Male,United-States,<=50K
33,175502,13,0,0,60,Self-emp-not-inc,Bachelors,Married-civ-spouse,Prof-specialty,Husband,White,Male,United-States,<=50K
33,376483,13,0,0,30,Private,Bachelors,Married-civ-spouse,Adm-clerical,Wife,Black,Female,United-States,<=50K
63,334741,9,0,0,20,MISSING,HS-grad,Married-civ-spouse,MISSING,Husband,White,Male,United-States,<=50K
37,105044,10,0,0,42,Private,Some-college,Married-civ-spouse,Exec-managerial,Husband,White,Male,United-States,>50K
31,25955,5,0,0,35,Private,9th,Never-married,Craft-repair,Own-child,Amer-Indian-Eskimo,Male,United-States,<=50K
39,117381,10,0,0,65,Private,Some-college,Divorced,Transport-moving,Not-in-family,White,Male,United-States,<=50K
27,230885,13,0,0,45,Local-gov,Bachelors,Married-civ-spouse,Protective-serv,Husband,White,Male,United-States,>50K
40,170649,10,0,0,8,MISSING,Some-college,Married-civ-spouse,MISSING,Husband,White,Male,United-States,<=50K
52,23780,11,0,1977,45,Private,Assoc-voc,Married-civ-spouse,Exec-managerial,Husband,White,Male,United-States,>50K
46,228372,13,0,0,40,Private,Bachelors,Divorced,Sales,Unmarried,White,Male,United-States,>50K
35,346766,9,0,0,40,Private,HS-grad,Never-married,Handlers-cleaners,Not-in-family,White,Female,United-States,<=50K
26,188626,9,0,0,48,Private,HS-grad,Married-civ-spouse,Craft-repair,Husband,White,Male,United-States,<=50K
63,301611,9,0,0,20,MISSING,HS-grad,Married-civ-spouse,MISSING,Husband,White,Male,United-States,<=50K
28,69107,9,0,0,40,Private,HS-grad,Married-civ-spouse,Handlers-cleaners,Husband,Black,Male,United-States,<=50K
49,126446,10,0,0,30,Local-gov,Some-college,Never-married,Other-service,Unmarried,White,Female,United-States,<=50K
49,151107,9,0,0,40,Private,HS-grad,Never-married,Craft-repair,Not-in-family,Black,Male,United-States,<=50K
33,229051,10,0,0,52,Private,Some-college,Never-married,Prof-specialty,Not-in-family,White,Male,United-States,<=50K
31,187203,9,0,0,40,Private,HS-grad,Never-married,Sales,Other-relative,White,Male,United-States,<=50K
46,191204,11,0,0,40,Private,Assoc-voc,Never-married,Exec-managerial,Own-child,White,Female,United-States,<=50K
56,192869,14,0,1977,44,Private,Masters,Married-civ-spouse,Craft-repair,Husband,White,Male,United-States,>50K
63,181929,9,0,0,50,Private,HS-grad,Widowed,Exec-managerial,Unmarried,White,Male,United-States,>50K
29,253799,8,0,0,42,Private,12th,Never-married,Exec-managerial,Not-in-family,White,Male,England,<=50K
36,186934,13,0,1848,55,Federal-gov,Bachelors,Married-civ-spouse,Adm-clerical,Husband,White,Male,United-States,>50K
45,170871,9,15024,0,55,Self-emp-inc,HS-grad,Married-civ-spouse,Exec-managerial,Husband,White,Male,United-States,>50K
49,31267,13,0,0,50,Local-gov,Bachelors,Married-civ-spouse,Prof-specialty,Husband,White,Male,United-States,<=50K
18,108892,7,0,0,12,Private,11th,Never-married,Handlers-cleaners,Own-child,White,Male,United-States,<=50K
56,251836,3,0,0,40,Private,5th-6th,Married-civ-spouse,Other-service,Husband,White,Male,MISSING,<=50K
31,356689,13,0,0,40,Private,Bachelors,Never-married,Farming-fishing,Not-in-family,White,Male,United-States,<=50K
40,170730,9,0,0,50,Private,HS-grad,Married-civ-spouse,Craft-repair,Husband,White,Male,United-States,<=50K
73,177773,9,0,0,15,MISSING,HS-grad,Married-civ-spouse,MISSING,Husband,White,Male,United-States,<=50K
19,188618,10,0,0,25,MISSING,Some-college,Never-married,MISSING,Own-child,White,Female,United-States,<=50K
65,178931,9,3818,0,40,MISSING,HS-grad,Married-civ-spouse,MISSING,Husband,Amer-Indian-Eskimo,Male,United-States,<=50K
41,408498,9,0,0,50,Self-emp-not-inc,HS-grad,Married-civ-spouse,Exec-managerial,Husband,White,Male,United-States,<=50K
29,244395,7,0,0,40,Private,11th,Never-married,Other-service,Unmarried,Black,Female,United-States,<=50K
39,37314,14,0,0,50,Private,Masters,Never-married,Exec-managerial,Not-in-family,White,Male,United-States,>50K
20,379198,9,0,0,40,Private,HS-grad,Never-married,Other-service,Other-relative,Other,Male,Mexico,<=50K
33,150570,13,3103,0,43,Private,Bachelors,Married-civ-spouse,Prof-specialty,Husband,White,Male,United-States,>50K
59,117059,7,0,0,40,Private,11th,Married-civ-spouse,Transport-moving,Husband,Amer-Indian-Eskimo,Male,United-States,<=50K
28,153475,13,0,0,16,Private,Bachelors,Never-married,Adm-clerical,Own-child,White,Female,El-Salvador,<=50K
20,174714,10,0,0,20,Private,Some-college,Never-married,Other-service,Own-child,White,Male,United-States,<=50K
25,366796,13,0,0,40,Local-gov,Bachelors,Never-married,Prof-specialty,Not-in-family,White,Female,United-States,<=50K
18,157131,7,0,0,40,Self-emp-not-inc,11th,Never-married,Sales,Own-child,White,Female,United-States,<=50K
44,71269,10,0,0,50,Private,Some-college,Divorced,Exec-managerial,Not-in-family,White,Male,United-States,<=50K
51,163671,13,0,1902,40,Federal-gov,Bachelors,Married-civ-spouse,Exec-managerial,Husband,White,Male,United-States,<=50K
44,196545,13,7298,0,40,Private,Bachelors,Married-civ-spouse,Craft-repair,Husband,White,Male,United-States,>50K
24,200679,9,0,0,50,Private,HS-grad,Never-married,Farming-fishing,Own-child,Black,Male,United-States,<=50K
19,274830,9,0,0,15,Private,HS-grad,Never-married,Other-service,Own-child,White,Female,United-States,<=50K
47,148884,9,0,0,60,Private,HS-grad,Married-civ-spouse,Transport-moving,Husband,White,Male,United-States,<=50K
55,145214,9,0,0,40,Private,HS-grad,Divorced,Adm-clerical,Not-in-family,White,Female,United-States,<=50K
46,157991,11,0,625,40,Private,Assoc-voc,Divorced,Tech-support,Unmarried,Black,Female,United-States,<=50K
51,167065,9,0,0,40,State-gov,HS-grad,Married-civ-spouse,Exec-managerial,Husband,White,Male,United-States,<=50K
21,197583,10,0,0,20,Private,Some-college,Never-married,Adm-clerical,Own-child,White,Female,United-States,<=50K
53,150726,10,0,0,40,Private,Some-college,Divorced,Adm-clerical,Not-in-family,White,Female,United-States,<=50K
32,353994,13,0,0,40,Private,Bachelors,Married-civ-spouse,Exec-managerial,Other-relative,Asian-Pac-Islander,Female,China,>50K
61,227232,13,0,0,30,Self-emp-inc,Bachelors,Separated,Sales,Not-in-family,White,Female,United-States,<=50K
36,353263,13,0,0,45,Private,Bachelors,Never-married,Prof-specialty,Not-in-family,White,Female,United-States,>50K
51,166459,11,0,0,40,Self-emp-inc,Assoc-voc,Married-civ-spouse,Exec-managerial,Husband,White,Male,United-States,<=50K
33,101345,9,0,0,42,Private,HS-grad,Married-civ-spouse,Exec-managerial,Wife,White,Female,Canada,>50K
43,144371,9,0,0,42,Private,HS-grad,Married-civ-spouse,Handlers-cleaners,Husband,White,Male,United-States,>50K
57,319122,13,0,0,40,Private,Bachelors,Never-married,Sales,Not-in-family,White,Male,United-States,<=50K
19,292511,10,0,0,25,Private,Some-college,Never-married,Other-service,Own-child,White,Male,United-States,<=50K
31,298995,9,0,0,35,Private,HS-grad,Married-civ-spouse,Other-service,Wife,Black,Female,United-States,<=50K
41,223062,10,0,0,40,Private,Some-college,Separated,Other-service,Not-in-family,Black,Male,United-States,<=50K
56,35723,4,0,0,50,Self-emp-inc,7th-8th,Married-civ-spouse,Craft-repair,Husband,White,Male,United-States,>50K
23,201138,10,0,0,8,Private,Some-college,Never-married,Adm-clerical,Not-in-family,White,Female,United-States,<=50K
30,117570,9,0,0,60,Self-emp-inc,HS-grad,Divorced,Other-service,Not-in-family,White,Female,United-States,<=50K
22,113760,7,0,0,30,Private,11th,Never-married,Other-service,Own-child,White,Female,United-States,<=50K
55,160662,16,0,0,80,Private,Doctorate,Married-civ-spouse,Exec-managerial,Husband,White,Male,United-States,>50K
30,210851,10,0,0,40,Private,Some-college,Married-civ-spouse,Craft-repair,Husband,White,Male,United-States,<=50K
66,162945,15,20051,0,55,State-gov,Prof-school,Married-civ-spouse,Exec-managerial,Husband,Black,Male,United-States,>50K
34,117983,9,0,0,40,Private,HS-grad,Never-married,Adm-clerical,Not-in-family,White,Female,United-States,<=50K
56,128900,10,0,0,40,MISSING,Some-college,Widowed,MISSING,Not-in-family,Black,Female,United-States,<=50K
51,149770,9,0,0,44,Self-emp-not-inc,HS-grad,Divorced,Sales,Not-in-family,White,Female,United-States,<=50K
33,224185,9,0,0,40,Local-gov,HS-grad,Married-civ-spouse,Craft-repair,Husband,White,Male,United-States,<=50K
29,183639,9,0,0,97,Private,HS-grad,Married-civ-spouse,Farming-fishing,Husband,White,Male,United-States,<=50K
37,237995,11,0,0,48,Private,Assoc-voc,Divorced,Machine-op-inspct,Not-in-family,Black,Male,United-States,<=50K
24,37072,10,0,0,40,Private,Some-college,Never-married,Craft-repair,Not-in-family,White,Male,United-States,<=50K
61,192060,13,0,0,30,Local-gov,Bachelors,Separated,Prof-specialty,Not-in-family,White,Male,MISSING,<=50K
17,175024,7,2176,0,18,Private,11th,Never-married,Handlers-cleaners,Own-child,White,Male,United-States,<=50K
37,61299,10,0,0,45,Private,Some-college,Married-civ-spouse,Craft-repair,Husband,White,Male,United-States,<=50K
35,379959,9,0,0,40,Private,HS-grad,Divorced,Other-service,Not-in-family,White,Female,United-States,<=50K
37,50837,4,0,0,50,Private,7th-8th,Divorced,Exec-managerial,Not-in-family,White,Male,United-States,<=50K
62,235521,9,0,0,48,MISSING,HS-grad,Married-civ-spouse,MISSING,Husband,White,Male,United-States,<=50K
50,271262,9,0,0,40,Private,HS-grad,Married-civ-spouse,Transport-moving,Husband,White,Male,United-States,>50K
36,209609,13,0,0,38,Private,Bachelors,Married-civ-spouse,Prof-specialty,Husband,White,Male,United-States,<=50K
28,330466,13,0,0,40,Private,Bachelors,Never-married,Prof-specialty,Not-in-family,Asian-Pac-Islander,Male,Hong,<=50K
22,206815,9,0,0,40,Private,HS-grad,Never-married,Sales,Unmarried,White,Female,Peru,<=50K
35,331395,10,0,0,50,Private,Some-college,Never-married,Exec-managerial,Not-in-family,White,Male,United-States,<=50K
52,63004,14,0,0,40,Self-emp-not-inc,Masters,Married-civ-spouse,Exec-managerial,Husband,Asian-Pac-Islander,Male,Philippines,<=50K
19,214935,10,0,0,40,Private,Some-college,Never-married,Handlers-cleaners,Own-child,White,Male,United-States,<=50K
58,343957,13,0,0,50,Private,Bachelors,Divorced,Sales,Not-in-family,White,Male,United-States,<=50K
46,155489,9,0,0,58,Private,HS-grad,Married-civ-spouse,Adm-clerical,Husband,White,Male,United-States,>50K
25,149943,9,4101,0,60,Private,HS-grad,Never-married,Other-service,Other-relative,Asian-Pac-Islander,Male,MISSING,<=50K
46,219962,13,7298,0,40,Self-emp-inc,Bachelors,Married-civ-spouse,Machine-op-inspct,Husband,White,Male,MISSING,>50K
49,133669,10,0,0,40,Private,Some-college,Married-civ-spouse,Adm-clerical,Husband,White,Male,United-States,>50K
62,290754,6,0,0,40,Private,10th,Widowed,Handlers-cleaners,Not-in-family,White,Female,United-States,<=50K
28,198813,9,0,0,40,Private,HS-grad,Never-married,Handlers-cleaners,Own-child,Black,Female,United-States,<=50K
30,295010,13,0,0,60,Federal-gov,Bachelors,Never-married,Protective-serv,Not-in-family,White,Female,United-States,>50K
33,48189,9,0,0,30,Self-emp-not-inc,HS-grad,Married-civ-spouse,Protective-serv,Husband,White,Male,United-States,<=50K
35,241469,5,2635,0,30,Self-emp-not-inc,9th,Married-civ-spouse,Craft-repair,Husband,White,Male,United-States,<=50K
33,178449,10,0,0,49,Private,Some-college,Never-married,Adm-clerical,Not-in-family,White,Male,United-States,<=50K
31,176185,13,4064,0,40,Local-gov,Bachelors,Married-civ-spouse,Machine-op-inspct,Husband,White,Male,MISSING,<=50K
37,105803,9,0,0,40,Private,HS-grad,Married-civ-spouse,Handlers-cleaners,Husband,White,Male,United-States,<=50K
28,68021,10,0,0,30,Private,Some-college,Never-married,Other-service,Not-in-family,White,Female,United-States,<=50K
58,157786,9,0,0,40,Self-emp-not-inc,HS-grad,Married-civ-spouse,Exec-managerial,Husband,White,Male,United-States,<=50K
47,266860,10,0,0,65,Private,Some-college,Married-civ-spouse,Sales,Husband,White,Male,United-States,>50K
17,47425,7,0,0,15,Private,11th,Never-married,Other-service,Own-child,White,Female,United-States,<=50K
60,140544,9,0,0,40,Private,HS-grad,Never-married,Handlers-cleaners,Not-in-family,White,Male,United-States,<=50K
17,327434,6,0,0,20,Private,10th,Never-married,Sales,Own-child,White,Male,United-States,<=50K
30,70377,9,0,0,40,Private,HS-grad,Divorced,Prof-specialty,Own-child,White,Female,United-States,<=50K
28,388112,2,0,0,77,Private,1st-4th,Never-married,Farming-fishing,Unmarried,White,Male,Mexico,<=50K
22,369549,10,0,0,30,Private,Some-college,Never-married,Other-service,Not-in-family,Black,Female,United-States,<=50K
18,234648,7,0,0,15,MISSING,11th,Never-married,MISSING,Own-child,Black,Male,United-States,<=50K
28,88419,9,0,0,40,Private,HS-grad,Never-married,Exec-managerial,Not-in-family,Asian-Pac-Islander,Female,England,<=50K
70,177199,9,0,0,3,Self-emp-not-inc,HS-grad,Married-civ-spouse,Exec-managerial,Husband,White,Male,United-States,<=50K
48,93476,9,0,2001,40,Private,HS-grad,Separated,Adm-clerical,Not-in-family,White,Female,United-States,<=50K
40,109762,10,0,0,40,Private,Some-college,Divorced,Craft-repair,Unmarried,White,Male,United-States,<=50K
23,188950,11,0,0,40,Private,Assoc-voc,Never-married,Sales,Own-child,White,Male,United-States,<=50K
37,176900,9,0,0,99,Private,HS-grad,Married-civ-spouse,Craft-repair,Husband,White,Male,United-States,>50K
40,276096,9,0,0,40,Private,HS-grad,Married-civ-spouse,Machine-op-inspct,Husband,White,Male,United-States,<=50K
48,118831,9,0,0,40,Private,HS-grad,Divorced,Handlers-cleaners,Unmarried,Asian-Pac-Islander,Female,South,<=50K
26,109193,10,0,0,40,State-gov,Some-college,Never-married,Craft-repair,Not-in-family,White,Female,United-States,<=50K
35,54595,6,0,1980,40,Private,10th,Widowed,Other-service,Not-in-family,Black,Female,United-States,<=50K
30,248384,9,0,0,40,Private,HS-grad,Divorced,Other-service,Unmarried,White,Female,United-States,<=50K
32,258406,10,0,0,72,Private,Some-college,Never-married,Craft-repair,Unmarried,White,Male,Mexico,<=50K
44,185798,11,0,0,48,Private,Assoc-voc,Separated,Craft-repair,Other-relative,White,Male,United-States,>50K
39,186130,15,0,0,55,Private,Prof-school,Married-civ-spouse,Exec-managerial,Husband,White,Male,United-States,>50K
28,138692,10,0,0,50,Private,Some-college,Never-married,Craft-repair,Own-child,White,Male,United-States,<=50K
33,63184,9,0,0,40,Private,HS-grad,Never-married,Farming-fishing,Not-in-family,White,Male,United-States,<=50K
55,26683,9,0,0,60,Self-emp-not-inc,HS-grad,Married-civ-spouse,Farming-fishing,Husband,White,Male,United-States,<=50K
27,113054,9,0,0,43,Private,HS-grad,Separated,Machine-op-inspct,Not-in-family,White,Male,United-States,<=50K
36,107302,14,0,0,60,Private,Masters,Married-civ-spouse,Prof-specialty,Husband,White,Male,United-States,>50K
49,116163,13,0,0,50,Local-gov,Bachelors,Divorced,Prof-specialty,Unmarried,White,Female,France,<=50K
37,80324,9,0,0,60,Self-emp-not-inc,HS-grad,Married-civ-spouse,Exec-managerial,Husband,White,Male,United-States,>50K
30,159187,13,0,1902,55,Private,Bachelors,Married-civ-spouse,Prof-specialty,Husband,White,Male,United-States,>50K
24,300584,9,0,0,40,Private,HS-grad,Never-married,Handlers-cleaners,Unmarried,White,Male,United-States,<=50K
35,401930,9,0,1887,42,Private,HS-grad,Married-civ-spouse,Adm-clerical,Wife,White,Female,United-States,>50K
61,280088,4,0,0,40,Private,7th-8th,Divorced,Machine-op-inspct,Unmarried,White,Female,United-States,<=50K
27,508336,13,0,0,48,Federal-gov,Bachelors,Never-married,Exec-managerial,Not-in-family,Black,Male,United-States,<=50K
59,159008,10,0,0,56,Private,Some-college,Married-civ-spouse,Protective-serv,Husband,White,Male,United-States,<=50K
32,193285,9,0,0,40,Private,HS-grad,Never-married,Craft-repair,Own-child,White,Male,United-States,<=50K
29,265638,10,0,0,40,Private,Some-college,Never-married,Other-service,Unmarried,Black,Female,United-States,<=50K
26,231638,9,0,0,40,Private,HS-grad,Never-married,Exec-managerial,Own-child,White,Female,United-States,<=50K
62,77884,3,0,0,40,Private,5th-6th,Married-civ-spouse,Farming-fishing,Husband,Asian-Pac-Islander,Male,Philippines,<=50K
20,291979,9,0,0,20,Private,HS-grad,Married-civ-spouse,Sales,Other-relative,White,Male,United-States,<=50K
36,247807,11,0,0,40,Local-gov,Assoc-voc,Never-married,Protective-serv,Not-in-family,White,Male,United-States,>50K
53,58913,14,0,0,42,State-gov,Masters,Married-civ-spouse,Exec-managerial,Husband,White,Male,United-States,>50K
57,141326,9,0,0,50,Private,HS-grad,Married-civ-spouse,Sales,Husband,White,Male,United-States,>50K
58,301867,9,0,0,40,Private,HS-grad,Married-civ-spouse,Farming-fishing,Husband,White,Male,United-States,<=50K
53,156877,9,15024,0,35,State-gov,HS-grad,Married-civ-spouse,Adm-clerical,Husband,White,Male,United-States,>50K
26,473625,9,0,0,30,Private,HS-grad,Married-civ-spouse,Other-service,Wife,White,Female,United-States,<=50K
74,292915,13,0,1825,12,Self-emp-not-inc,Bachelors,Married-civ-spouse,Exec-managerial,Husband,White,Male,United-States,>50K
35,356838,10,2829,0,55,Private,Some-college,Married-civ-spouse,Tech-support,Husband,White,Male,Poland,<=50K
59,114760,10,0,0,20,Self-emp-not-inc,Some-college,Married-civ-spouse,Craft-repair,Husband,White,Male,United-States,>50K
23,120773,9,0,0,40,Private,HS-grad,Never-married,Adm-clerical,Not-in-family,White,Female,United-States,<=50K
37,167396,9,0,0,40,Private,HS-grad,Married-civ-spouse,Other-service,Husband,White,Male,Guatemala,<=50K
65,125768,10,0,0,28,Local-gov,Some-college,Divorced,Adm-clerical,Not-in-family,White,Female,United-States,<=50K
20,164574,9,0,0,30,Private,HS-grad,Never-married,Other-service,Own-child,White,Male,United-States,<=50K
26,152129,8,0,0,40,Private,12th,Never-married,Other-service,Unmarried,Black,Male,United-States,<=50K
34,42596,10,0,0,45,Private,Some-college,Married-civ-spouse,Exec-managerial,Husband,White,Male,United-States,<=50K
35,127930,9,0,0,60,Self-emp-not-inc,HS-grad,Married-spouse-absent,Farming-fishing,Not-in-family,White,Male,United-States,<=50K
42,142756,13,0,0,50,Local-gov,Bachelors,Divorced,Prof-specialty,Not-in-family,White,Female,United-States,<=50K
24,126568,13,0,0,33,Private,Bachelors,Married-civ-spouse,Other-service,Husband,White,Male,United-States,<=50K
38,107479,5,0,0,12,MISSING,9th,Never-married,MISSING,Own-child,White,Female,United-States,<=50K
23,119704,10,0,0,40,Private,Some-college,Separated,Sales,Unmarried,White,Female,United-States,<=50K
25,187540,10,0,0,40,Private,Some-college,Never-married,Craft-repair,Not-in-family,White,Male,United-States,<=50K
34,213307,9,7443,0,35,Private,HS-grad,Never-married,Handlers-cleaners,Unmarried,White,Female,United-States,<=50K
62,182687,10,0,0,45,MISSING,Some-college,Married-civ-spouse,MISSING,Wife,White,Female,United-States,>50K
25,120535,9,0,0,40,Private,HS-grad,Divorced,Sales,Unmarried,White,Female,United-States,<=50K
37,89559,9,0,0,40,Private,HS-grad,Married-civ-spouse,Adm-clerical,Wife,White,Female,United-States,<=50K
59,175290,4,0,0,32,Private,7th-8th,Never-married,Other-service,Other-relative,White,Male,United-States,<=50K
46,173243,10,5178,0,40,Private,Some-college,Married-civ-spouse,Tech-support,Husband,White,Male,United-States,>50K
37,405644,2,0,0,77,Private,1st-4th,Married-spouse-absent,Farming-fishing,Other-relative,White,Male,Mexico,<=50K
22,34747,9,0,0,35,Private,HS-grad,Never-married,Other-service,Own-child,White,Female,United-States,<=50K
68,89011,16,0,0,50,Self-emp-not-inc,Doctorate,Married-civ-spouse,Prof-specialty,Husband,White,Male,Canada,<=50K
57,180211,15,0,0,50,Self-emp-inc,Prof-school,Married-civ-spouse,Prof-specialty,Husband,Asian-Pac-Islander,Male,Taiwan,>50K
41,64506,9,0,0,50,Self-emp-inc,HS-grad,Married-civ-spouse,Farming-fishing,Husband,White,Male,United-States,<=50K
51,26832,9,0,0,40,Local-gov,HS-grad,Married-civ-spouse,Craft-repair,Husband,White,Male,United-States,>50K
38,72338,9,0,0,54,Local-gov,HS-grad,Married-civ-spouse,Protective-serv,Husband,Asian-Pac-Islander,Male,United-States,>50K
42,263608,10,0,0,40,Private,Some-college,Divorced,Craft-repair,Own-child,White,Male,United-States,<=50K
17,147339,6,0,0,15,Private,10th,Never-married,Prof-specialty,Own-child,Other,Female,United-States,<=50K
50,118058,10,0,0,50,Private,Some-college,Married-civ-spouse,Transport-moving,Husband,White,Male,United-States,<=50K
51,415287,9,0,1902,40,Private,HS-grad,Married-civ-spouse,Machine-op-inspct,Husband,Black,Male,United-States,>50K
47,229646,9,0,0,40,Federal-gov,HS-grad,Married-spouse-absent,Adm-clerical,Not-in-family,Black,Female,Puerto-Rico,<=50K
19,217418,10,0,0,38,Private,Some-college,Never-married,Adm-clerical,Other-relative,Black,Female,United-States,<=50K
28,300915,9,0,0,60,Private,HS-grad,Married-civ-spouse,Transport-moving,Husband,White,Male,United-States,<=50K
17,57324,6,0,0,30,Private,10th,Never-married,Other-service,Own-child,White,Male,United-States,<=50K
39,52187,9,0,0,40,Self-emp-not-inc,HS-grad,Married-civ-spouse,Exec-managerial,Husband,White,Male,United-States,<=50K
51,136121,11,0,0,38,Private,Assoc-voc,Divorced,Adm-clerical,Unmarried,White,Female,United-States,<=50K
28,174327,9,0,0,50,Private,HS-grad,Married-civ-spouse,Machine-op-inspct,Husband,White,Male,United-States,<=50K
58,289364,10,7688,0,45,Private,Some-college,Married-civ-spouse,Exec-managerial,Husband,White,Male,United-States,>50K
45,231013,13,0,0,40,State-gov,Bachelors,Divorced,Protective-serv,Not-in-family,White,Male,United-States,<=50K
26,256737,7,0,0,40,Private,11th,Married-civ-spouse,Transport-moving,Husband,White,Male,United-States,<=50K
45,214627,16,15020,0,40,Private,Doctorate,Widowed,Prof-specialty,Unmarried,White,Male,Iran,>50K
51,124963,14,0,0,40,Self-emp-inc,Masters,Married-civ-spouse,Sales,Husband,White,Male,United-States,>50K
37,758700,5,3781,0,50,Private,9th,Married-civ-spouse,Handlers-cleaners,Husband,White,Male,Mexico,<=50K
47,97419,13,0,0,40,Local-gov,Bachelors,Divorced,Prof-specialty,Not-in-family,Black,Female,United-States,<=50K
21,160968,10,0,0,40,Private,Some-college,Never-married,Handlers-cleaners,Own-child,White,Male,United-States,<=50K
26,59367,13,0,0,40,Private,Bachelors,Never-married,Machine-op-inspct,Other-relative,White,Male,United-States,<=50K
54,111469,10,0,0,40,Private,Some-college,Divorced,Exec-managerial,Not-in-family,White,Female,United-States,<=50K
23,50953,10,0,0,10,Private,Some-college,Never-married,Priv-house-serv,Own-child,White,Female,United-States,<=50K
36,90897,12,0,0,40,Private,Assoc-acdm,Never-married,Tech-support,Not-in-family,White,Female,United-States,<=50K
62,92178,6,0,0,40,Private,10th,Married-civ-spouse,Machine-op-inspct,Husband,White,Male,United-States,<=50K
34,56460,9,0,2179,12,Self-emp-not-inc,HS-grad,Married-civ-spouse,Farming-fishing,Wife,White,Female,United-States,<=50K
27,183802,9,0,0,40,Private,HS-grad,Married-civ-spouse,Handlers-cleaners,Husband,White,Male,United-States,<=50K
25,112835,14,0,0,40,Local-gov,Masters,Never-married,Protective-serv,Not-in-family,White,Male,United-States,<=50K
52,190333,10,0,0,40,Private,Some-college,Married-civ-spouse,Adm-clerical,Husband,White,Male,United-States,>50K
35,114366,13,0,0,40,Self-emp-not-inc,Bachelors,Married-civ-spouse,Prof-specialty,Husband,White,Male,United-States,<=50K
39,190466,9,2174,0,40,Private,HS-grad,Divorced,Craft-repair,Own-child,White,Male,United-States,<=50K
30,207668,10,0,0,30,Private,Some-college,Never-married,Sales,Own-child,White,Male,United-States,<=50K
30,285902,12,0,0,40,Private,Assoc-acdm,Married-civ-spouse,Craft-repair,Husband,White,Male,United-States,<=50K
42,196626,4,0,0,40,Private,7th-8th,Married-civ-spouse,Craft-repair,Husband,White,Male,United-States,<=50K
64,216208,10,0,0,40,Private,Some-college,Widowed,Sales,Not-in-family,White,Female,United-States,<=50K
64,31826,9,0,0,45,Self-emp-not-inc,HS-grad,Married-civ-spouse,Exec-managerial,Husband,White,Male,United-States,>50K
25,213412,10,0,0,40,Private,Some-college,Married-civ-spouse,Sales,Husband,White,Male,United-States,>50K
67,174995,10,0,2457,40,MISSING,Some-college,Married-civ-spouse,MISSING,Husband,White,Male,United-States,<=50K
19,268524,10,0,0,15,Private,Some-college,Never-married,Sales,Own-child,White,Female,United-States,<=50K
40,351161,14,0,0,60,MISSING,Masters,Married-civ-spouse,MISSING,Husband,White,Male,United-States,>50K
24,155913,13,0,0,44,Private,Bachelors,Married-civ-spouse,Prof-specialty,Husband,White,Male,United-States,<=50K
29,229656,9,0,0,50,Private,HS-grad,Divorced,Adm-clerical,Unmarried,White,Female,United-States,<=50K
43,222971,3,0,0,40,Private,5th-6th,Never-married,Machine-op-inspct,Unmarried,White,Female,Mexico,<=50K
64,270333,13,0,0,40,Private,Bachelors,Married-civ-spouse,Prof-specialty,Husband,White,Male,United-States,>50K
30,113838,11,3137,0,60,Self-emp-not-inc,Assoc-voc,Married-civ-spouse,Sales,Husband,White,Male,Germany,<=50K
30,182833,10,0,0,40,Private,Some-college,Never-married,Exec-managerial,Own-child,Black,Female,United-States,<=50K
39,176279,13,0,0,40,Private,Bachelors,Divorced,Sales,Not-in-family,White,Female,United-States,<=50K
34,342709,14,0,0,40,Private,Masters,Married-civ-spouse,Exec-managerial,Husband,White,Male,United-States,<=50K
43,60949,9,0,0,40,State-gov,HS-grad,Married-civ-spouse,Craft-repair,Husband,White,Male,United-States,<=50K
63,117681,11,0,0,40,Self-emp-not-inc,Assoc-voc,Married-civ-spouse,Farming-fishing,Husband,White,Male,United-States,<=50K
50,283281,4,0,0,40,Private,7th-8th,Married-civ-spouse,Machine-op-inspct,Husband,Black,Male,United-States,<=50K
24,241523,9,0,0,45,Private,HS-grad,Married-civ-spouse,Other-service,Husband,White,Male,United-States,>50K
31,257644,9,0,0,43,Private,HS-grad,Never-married,Prof-specialty,Not-in-family,White,Male,United-States,<=50K
58,293399,7,0,0,40,Private,11th,Widowed,Machine-op-inspct,Not-in-family,White,Female,United-States,<=50K
38,142022,9,0,0,40,State-gov,HS-grad,Married-civ-spouse,Adm-clerical,Wife,Black,Female,United-States,<=50K
63,275034,13,0,1740,35,Private,Bachelors,Married-civ-spouse,Sales,Husband,White,Male,United-States,<=50K
51,123011,13,0,2559,50,Private,Bachelors,Divorced,Exec-managerial,Not-in-family,White,Male,United-States,>50K
44,104196,14,0,0,45,Private,Masters,Married-civ-spouse,Prof-specialty,Husband,White,Male,United-States,>50K
27,330132,9,0,0,25,MISSING,HS-grad,Never-married,MISSING,Not-in-family,White,Female,United-States,<=50K
72,157593,13,1455,0,6,Private,Bachelors,Married-civ-spouse,Sales,Husband,White,Male,United-States,<=50K
18,283342,7,0,0,20,Private,11th,Never-married,Other-service,Other-relative,Black,Male,United-States,<=50K
49,81654,15,0,0,60,Private,Prof-school,Married-civ-spouse,Prof-specialty,Husband,White,Male,United-States,>50K
24,174461,13,0,0,50,Private,Bachelors,Never-married,Sales,Not-in-family,White,Female,United-States,<=50K
29,201155,5,0,0,48,Private,9th,Never-married,Sales,Not-in-family,White,Female,United-States,<=50K
52,213209,10,0,0,40,Private,Some-college,Married-civ-spouse,Craft-repair,Husband,White,Male,United-States,>50K
67,268514,13,0,0,40,Self-emp-not-inc,Bachelors,Divorced,Prof-specialty,Not-in-family,White,Male,United-States,<=50K
48,148995,14,0,0,55,Private,Masters,Married-civ-spouse,Prof-specialty,Husband,White,Male,United-States,>50K
30,260782,9,0,0,40,Private,HS-grad,Never-married,Craft-repair,Unmarried,White,Male,MISSING,<=50K
29,159788,14,0,0,80,Private,Masters,Never-married,Prof-specialty,Not-in-family,White,Female,United-States,<=50K
44,194636,9,3137,0,50,Self-emp-not-inc,HS-grad,Married-civ-spouse,Craft-repair,Husband,White,Male,United-States,<=50K
17,182158,6,0,0,30,Private,10th,Never-married,Priv-house-serv,Own-child,White,Male,United-States,<=50K
66,188842,13,0,0,24,MISSING,Bachelors,Married-civ-spouse,MISSING,Husband,White,Male,United-States,<=50K
66,168071,9,0,0,30,MISSING,HS-grad,Married-civ-spouse,MISSING,Husband,White,Male,United-States,<=50K
62,263374,11,0,0,40,MISSING,Assoc-voc,Married-civ-spouse,MISSING,Husband,White,Male,Canada,<=50K
25,126133,10,0,0,40,Private,Some-college,Never-married,Other-service,Own-child,White,Female,United-States,<=50K
32,168387,14,0,0,50,Local-gov,Masters,Married-civ-spouse,Prof-specialty,Husband,White,Male,United-States,<=50K
54,98051,10,0,0,54,Self-emp-inc,Some-college,Married-civ-spouse,Sales,Husband,White,Male,United-States,>50K
21,131620,9,0,0,40,Private,HS-grad,Married-spouse-absent,Machine-op-inspct,Own-child,White,Female,Dominican-Republic,<=50K
29,147340,10,0,0,40,Private,Some-college,Never-married,Sales,Own-child,White,Female,United-States,<=50K
43,115603,10,0,0,40,Local-gov,Some-college,Divorced,Adm-clerical,Unmarried,White,Female,United-States,<=50K
33,43959,14,7688,0,50,Local-gov,Masters,Married-civ-spouse,Prof-specialty,Husband,White,Male,United-States,>50K
36,167691,10,0,0,50,Self-emp-not-inc,Some-college,Never-married,Other-service,Unmarried,White,Female,United-States,<=50K
39,77005,14,99999,0,40,Private,Masters,Married-civ-spouse,Prof-specialty,Husband,White,Male,United-States,>50K
64,198728,10,0,0,40,Local-gov,Some-college,Never-married,Transport-moving,Unmarried,White,Male,United-States,<=50K
21,282484,10,0,0,40,Private,Some-college,Never-married,Other-service,Own-child,White,Female,United-States,<=50K
34,259705,10,0,0,40,State-gov,Some-college,Separated,Exec-managerial,Own-child,White,Female,United-States,<=50K
39,202950,13,0,0,45,Private,Bachelors,Never-married,Exec-managerial,Not-in-family,White,Male,United-States,<=50K
26,187652,12,0,0,40,Private,Assoc-acdm,Never-married,Tech-support,Own-child,White,Male,United-States,<=50K
37,143912,9,0,0,50,Private,HS-grad,Divorced,Transport-moving,Not-in-family,White,Male,United-States,<=50K
40,143327,10,0,0,40,Private,Some-college,Separated,Handlers-cleaners,Not-in-family,White,Male,United-States,<=50K
39,191161,10,0,0,40,Private,Some-college,Married-civ-spouse,Craft-repair,Husband,White,Male,United-States,<=50K
35,347491,11,0,0,40,Private,Assoc-voc,Never-married,Craft-repair,Not-in-family,White,Male,United-States,<=50K
59,247187,9,0,0,40,Private,HS-grad,Divorced,Adm-clerical,Not-in-family,White,Female,United-States,<=50K
48,45612,9,0,0,37,Private,HS-grad,Never-married,Adm-clerical,Unmarried,Black,Female,United-States,<=50K
51,94432,9,0,0,40,Private,HS-grad,Married-civ-spouse,Prof-specialty,Husband,White,Male,United-States,<=50K
19,112432,10,0,0,10,State-gov,Some-college,Never-married,Adm-clerical,Own-child,White,Male,United-States,<=50K
42,151408,14,14084,0,50,Private,Masters,Never-married,Exec-managerial,Not-in-family,White,Female,United-States,>50K
49,182211,5,0,0,45,Private,9th,Married-civ-spouse,Handlers-cleaners,Husband,White,Male,United-States,<=50K
29,190765,9,0,0,44,Private,HS-grad,Divorced,Machine-op-inspct,Not-in-family,White,Male,United-States,<=50K
32,167531,15,15024,0,50,Private,Prof-school,Married-civ-spouse,Prof-specialty,Wife,Asian-Pac-Islander,Female,United-States,>50K
37,36989,10,0,0,40,Self-emp-not-inc,Some-college,Married-civ-spouse,Farming-fishing,Husband,White,Male,United-States,<=50K
19,192773,10,0,0,35,MISSING,Some-college,Never-married,MISSING,Own-child,White,Female,United-States,<=50K
41,328447,2,0,0,35,Private,1st-4th,Married-civ-spouse,Craft-repair,Husband,White,Male,Mexico,<=50K
19,323605,4,0,0,60,Private,7th-8th,Never-married,Other-service,Not-in-family,White,Male,United-States,>50K
31,202450,9,0,1573,40,Private,HS-grad,Married-civ-spouse,Machine-op-inspct,Husband,White,Male,United-States,<=50K
37,123785,9,0,0,75,Private,HS-grad,Never-married,Other-service,Not-in-family,White,Male,United-States,<=50K
21,163911,10,0,0,3,MISSING,Some-college,Never-married,MISSING,Own-child,White,Female,United-States,<=50K
51,310774,15,0,0,50,Private,Prof-school,Married-civ-spouse,Prof-specialty,Husband,White,Male,United-States,>50K
23,33884,10,0,0,40,Private,Some-college,Separated,Sales,Unmarried,White,Female,United-States,<=50K
42,70655,9,0,0,40,Local-gov,HS-grad,Divorced,Farming-fishing,Not-in-family,White,Male,United-States,<=50K
27,194773,14,0,0,50,State-gov,Masters,Never-married,Prof-specialty,Not-in-family,White,Female,Germany,<=50K
24,174043,13,0,0,40,Private,Bachelors,Never-married,Other-service,Not-in-family,White,Male,United-States,<=50K
33,319854,13,4650,0,35,Private,Bachelors,Separated,Prof-specialty,Not-in-family,White,Male,United-States,<=50K
45,155093,6,0,0,38,Private,10th,Divorced,Other-service,Not-in-family,Black,Female,Dominican-Republic,<=50K
73,349347,4,0,0,25,Private,7th-8th,Married-civ-spouse,Handlers-cleaners,Husband,White,Male,United-States,<=50K
39,122011,14,5178,0,38,State-gov,Masters,Married-civ-spouse,Prof-specialty,Wife,White,Female,United-States,>50K
20,324469,10,0,0,40,Private,Some-college,Never-married,Machine-op-inspct,Not-in-family,White,Female,United-States,<=50K
28,249571,9,0,0,40,Private,HS-grad,Married-civ-spouse,Sales,Husband,White,Male,United-States,<=50K
36,222294,13,0,0,40,Private,Bachelors,Never-married,Exec-managerial,Not-in-family,Asian-Pac-Islander,Female,United-States,<=50K
58,51499,11,0,0,40,Private,Assoc-voc,Married-civ-spouse,Craft-repair,Husband,White,Male,United-States,<=50K
37,372525,14,0,0,48,Private,Masters,Divorced,Prof-specialty,Unmarried,White,Male,United-States,<=50K
50,301583,9,0,0,40,Private,HS-grad,Never-married,Machine-op-inspct,Not-in-family,White,Male,United-States,<=50K
31,118941,10,0,0,20,Private,Some-college,Divorced,Other-service,Own-child,White,Female,United-States,<=50K
51,40641,10,0,0,60,Private,Some-college,Married-civ-spouse,Exec-managerial,Husband,White,Male,United-States,>50K
23,22966,13,0,0,35,MISSING,Bachelors,Never-married,MISSING,Own-child,White,Male,United-States,<=50K
32,127651,13,0,0,40,Federal-gov,Bachelors,Married-civ-spouse,Prof-specialty,Husband,White,Male,United-States,>50K
17,191260,7,594,0,10,Private,11th,Never-married,Other-service,Own-child,White,Male,United-States,<=50K
52,129177,9,0,0,40,Federal-gov,HS-grad,Divorced,Adm-clerical,Not-in-family,White,Female,United-States,<=50K
29,188401,9,0,0,40,Private,HS-grad,Divorced,Farming-fishing,Not-in-family,White,Male,United-States,<=50K
30,143766,9,0,0,30,Private,HS-grad,Never-married,Other-service,Not-in-family,White,Male,United-States,<=50K
44,567788,3,0,0,40,Self-emp-not-inc,5th-6th,Married-civ-spouse,Farming-fishing,Husband,White,Male,Mexico,<=50K
17,183066,6,0,0,40,Private,10th,Never-married,Other-service,Own-child,White,Female,United-States,<=50K
25,88922,9,0,0,40,Private,HS-grad,Married-civ-spouse,Transport-moving,Husband,Black,Male,United-States,<=50K
45,55377,13,0,0,40,Local-gov,Bachelors,Married-civ-spouse,Prof-specialty,Husband,Black,Male,United-States,<=50K
67,168370,10,0,0,40,Self-emp-inc,Some-college,Married-civ-spouse,Sales,Husband,White,Male,United-States,<=50K
27,246974,11,0,0,40,Private,Assoc-voc,Married-civ-spouse,Sales,Husband,White,Male,United-States,<=50K
23,213719,12,0,0,36,Private,Assoc-acdm,Never-married,Sales,Own-child,Black,Female,United-States,<=50K
47,109921,9,0,0,32,MISSING,HS-grad,Separated,MISSING,Unmarried,Black,Female,United-States,<=50K
40,193144,9,0,0,36,Private,HS-grad,Divorced,Other-service,Unmarried,White,Female,United-States,<=50K
24,224954,10,0,0,40,Private,Some-college,Never-married,Handlers-cleaners,Own-child,White,Male,United-States,<=50K
68,270339,6,0,0,35,MISSING,10th,Married-civ-spouse,MISSING,Husband,White,Male,United-States,<=50K
73,191540,13,0,0,50,Self-emp-inc,Bachelors,Married-civ-spouse,Sales,Husband,White,Male,United-States,>50K
28,37821,10,0,0,45,Private,Some-college,Divorced,Sales,Unmarried,White,Female,United-States,<=50K
34,150154,9,0,0,40,Private,HS-grad,Never-married,Adm-clerical,Own-child,White,Male,United-States,<=50K
24,322931,4,0,1902,40,Self-emp-not-inc,7th-8th,Married-civ-spouse,Transport-moving,Husband,White,Male,United-States,>50K
34,353881,11,3103,0,60,MISSING,Assoc-voc,Married-civ-spouse,MISSING,Husband,White,Male,United-States,>50K
57,39380,9,0,0,35,State-gov,HS-grad,Separated,Other-service,Not-in-family,White,Female,United-States,<=50K
31,61308,6,0,0,40,Private,10th,Never-married,Other-service,Not-in-family,White,Male,United-States,<=50K
70,36311,13,20051,0,35,Self-emp-not-inc,Bachelors,Married-civ-spouse,Prof-specialty,Husband,White,Male,United-States,>50K
37,95855,7,0,0,40,Private,11th,Divorced,Handlers-cleaners,Not-in-family,White,Female,United-States,<=50K
24,278130,12,0,0,40,Private,Assoc-acdm,Never-married,Adm-clerical,Not-in-family,White,Male,United-States,<=50K
24,35603,10,0,0,40,Private,Some-college,Divorced,Other-service,Not-in-family,Black,Male,United-States,<=50K
24,190709,10,0,0,65,Private,Some-college,Married-civ-spouse,Transport-moving,Husband,White,Male,United-States,<=50K
30,272669,10,0,0,40,Private,Some-college,Never-married,Tech-support,Not-in-family,Asian-Pac-Islander,Male,United-States,<=50K
33,281030,9,0,0,94,Self-emp-not-inc,HS-grad,Married-civ-spouse,Farming-fishing,Husband,White,Male,United-States,<=50K
20,243178,9,0,0,40,Local-gov,HS-grad,Never-married,Handlers-cleaners,Own-child,White,Male,United-States,<=50K
47,214169,9,15024,0,40,Self-emp-inc,HS-grad,Married-civ-spouse,Farming-fishing,Husband,White,Male,United-States,>50K
39,338320,6,0,0,60,Private,10th,Married-civ-spouse,Craft-repair,Husband,White,Male,United-States,>50K
32,200323,15,0,0,60,Private,Prof-school,Never-married,Prof-specialty,Not-in-family,White,Male,United-States,<=50K
48,119199,13,0,0,44,Private,Bachelors,Divorced,Sales,Unmarried,White,Female,United-States,<=50K
40,346189,16,0,0,40,Private,Doctorate,Married-civ-spouse,Prof-specialty,Husband,White,Male,United-States,>50K
36,181382,11,3103,0,40,Private,Assoc-voc,Married-civ-spouse,Machine-op-inspct,Husband,White,Male,United-States,>50K
39,225330,13,0,0,50,Private,Bachelors,Widowed,Prof-specialty,Unmarried,White,Female,Poland,>50K
38,296317,9,0,0,40,Private,HS-grad,Married-civ-spouse,Machine-op-inspct,Husband,White,Male,Mexico,<=50K
41,287037,10,0,0,40,Private,Some-college,Never-married,Farming-fishing,Not-in-family,White,Male,United-States,<=50K
19,495982,10,0,0,10,Private,Some-college,Never-married,Adm-clerical,Own-child,White,Male,United-States,<=50K
35,269300,9,0,0,40,Private,HS-grad,Separated,Other-service,Not-in-family,Black,Female,United-States,<=50K
47,31339,10,0,0,40,Federal-gov,Some-college,Married-civ-spouse,Adm-clerical,Husband,White,Male,United-States,<=50K
55,103654,9,0,0,20,MISSING,HS-grad,Widowed,MISSING,Not-in-family,White,Female,United-States,<=50K
29,204984,9,0,0,40,Private,HS-grad,Married-civ-spouse,Craft-repair,Husband,White,Male,United-States,>50K
64,86837,12,0,0,40,Federal-gov,Assoc-acdm,Married-civ-spouse,Other-service,Husband,Asian-Pac-Islander,Male,United-States,>50K
23,207415,13,0,0,15,Private,Bachelors,Never-married,Exec-managerial,Own-child,White,Female,United-States,<=50K
35,338320,9,0,0,50,Self-emp-inc,HS-grad,Married-civ-spouse,Exec-managerial,Husband,White,Male,United-States,>50K
23,115458,9,0,0,40,Private,HS-grad,Never-married,Transport-moving,Own-child,White,Male,United-States,<=50K
47,102583,13,0,0,35,Self-emp-not-inc,Bachelors,Never-married,Sales,Not-in-family,White,Male,United-States,<=50K
50,36480,9,0,0,40,Private,HS-grad,Married-civ-spouse,Exec-managerial,Husband,White,Male,United-States,<=50K
31,192565,14,0,0,90,Local-gov,Masters,Married-civ-spouse,Prof-specialty,Husband,White,Male,United-States,>50K
60,121319,4,3137,0,40,Private,7th-8th,Married-civ-spouse,Machine-op-inspct,Husband,White,Male,Poland,<=50K
24,72143,13,0,0,20,Private,Bachelors,Never-married,Sales,Not-in-family,White,Female,United-States,<=50K
27,197380,12,0,0,40,Private,Assoc-acdm,Never-married,Prof-specialty,Not-in-family,White,Male,United-States,<=50K
40,252392,3,0,0,40,Private,5th-6th,Married-civ-spouse,Other-service,Husband,White,Male,Mexico,<=50K
49,173411,9,0,0,40,Self-emp-not-inc,HS-grad,Divorced,Sales,Not-in-family,White,Male,United-States,<=50K
51,138022,14,0,0,60,Private,Masters,Married-civ-spouse,Exec-managerial,Husband,White,Male,United-States,>50K
41,236021,13,15024,0,40,Self-emp-inc,Bachelors,Married-civ-spouse,Prof-specialty,Husband,White,Male,United-States,>50K
74,119129,9,0,2149,20,Self-emp-not-inc,HS-grad,Married-civ-spouse,Sales,Husband,White,Male,United-States,<=50K
39,24721,10,0,0,35,State-gov,Some-college,Divorced,Adm-clerical,Unmarried,White,Female,United-States,<=50K
22,182771,11,0,0,20,MISSING,Assoc-voc,Never-married,MISSING,Own-child,Asian-Pac-Islander,Male,United-States,<=50K
53,196278,10,0,0,40,Private,Some-college,Widowed,Sales,Not-in-family,White,Female,United-States,<=50K
31,241360,13,0,0,40,Private,Bachelors,Never-married,Sales,Not-in-family,White,Male,United-States,<=50K
23,233711,9,0,0,50,Private,HS-grad,Married-civ-spouse,Other-service,Husband,White,Male,United-States,<=50K
47,173271,9,0,0,40,Private,HS-grad,Divorced,Adm-clerical,Unmarried,White,Female,United-States,<=50K
30,234919,10,0,0,40,Private,Some-college,Never-married,Sales,Own-child,White,Female,El-Salvador,<=50K
22,191342,13,0,0,50,Private,Bachelors,Never-married,Sales,Own-child,Asian-Pac-Islander,Male,Taiwan,<=50K
41,317539,10,0,0,40,Private,Some-college,Married-civ-spouse,Craft-repair,Husband,Black,Male,United-States,<=50K
58,417419,4,0,0,40,Private,7th-8th,Divorced,Machine-op-inspct,Own-child,White,Male,United-States,<=50K
36,116608,9,4865,0,40,Private,HS-grad,Never-married,Adm-clerical,Not-in-family,White,Female,United-States,<=50K
25,120238,9,0,0,40,Private,HS-grad,Married-civ-spouse,Sales,Husband,White,Male,United-States,<=50K
21,27049,9,0,0,25,Private,HS-grad,Never-married,Priv-house-serv,Not-in-family,White,Female,United-States,<=50K
68,29240,9,0,0,12,MISSING,HS-grad,Widowed,MISSING,Not-in-family,White,Female,United-States,<=50K
29,112963,10,0,0,40,MISSING,Some-college,Married-civ-spouse,MISSING,Wife,White,Female,United-States,<=50K
43,178976,9,0,0,40,Private,HS-grad,Never-married,Adm-clerical,Unmarried,White,Female,United-States,<=50K
30,172403,9,0,0,30,Private,HS-grad,Divorced,Craft-repair,Not-in-family,White,Male,United-States,<=50K
28,214881,9,0,0,40,Local-gov,HS-grad,Married-civ-spouse,Craft-repair,Husband,White,Male,United-States,<=50K
27,37302,12,7688,0,70,Self-emp-not-inc,Assoc-acdm,Married-civ-spouse,Transport-moving,Husband,White,Male,United-States,>50K
56,95763,9,0,0,55,Self-emp-not-inc,HS-grad,Married-civ-spouse,Craft-repair,Husband,White,Male,United-States,<=50K
31,150324,12,0,0,40,Private,Assoc-acdm,Never-married,Machine-op-inspct,Unmarried,White,Male,United-States,<=50K
32,267161,13,0,0,30,Self-emp-not-inc,Bachelors,Divorced,Exec-managerial,Unmarried,Black,Female,United-States,<=50K
38,204501,13,0,0,55,Private,Bachelors,Married-civ-spouse,Exec-managerial,Husband,White,Male,United-States,>50K
51,104651,13,0,0,50,Private,Bachelors,Married-civ-spouse,Craft-repair,Husband,White,Male,United-States,<=50K
43,338290,10,0,0,40,Private,Some-college,Married-civ-spouse,Prof-specialty,Husband,White,Male,United-States,<=50K
58,347692,7,0,0,15,MISSING,11th,Divorced,MISSING,Not-in-family,Black,Male,United-States,<=50K
25,35854,10,0,0,40,Private,Some-college,Married-spouse-absent,Sales,Unmarried,White,Female,United-States,<=50K
23,196508,10,0,0,40,Private,Some-college,Never-married,Handlers-cleaners,Own-child,Black,Female,United-States,<=50K
25,202033,13,0,0,40,Private,Bachelors,Married-civ-spouse,Prof-specialty,Husband,White,Male,United-States,<=50K
61,222395,9,0,0,40,MISSING,HS-grad,Married-civ-spouse,MISSING,Husband,White,Male,United-States,<=50K
81,177408,9,0,2377,26,Private,HS-grad,Married-civ-spouse,Exec-managerial,Husband,White,Male,United-States,>50K
41,355918,9,0,0,40,Federal-gov,HS-grad,Married-civ-spouse,Tech-support,Husband,White,Male,United-States,>50K
23,308205,12,0,0,20,Private,Assoc-acdm,Never-married,Other-service,Own-child,White,Male,United-States,<=50K
59,359292,2,0,0,40,Private,1st-4th,Married-civ-spouse,Machine-op-inspct,Husband,White,Male,Mexico,<=50K
56,216636,8,0,1651,40,Self-emp-inc,12th,Married-civ-spouse,Exec-managerial,Husband,White,Male,United-States,<=50K
35,160192,10,0,0,40,Self-emp-not-inc,Some-college,Never-married,Craft-repair,Own-child,White,Male,United-States,<=50K
35,341102,5,0,0,40,Private,9th,Never-married,Handlers-cleaners,Not-in-family,Black,Male,United-States,<=50K
22,24008,9,0,0,40,Private,HS-grad,Never-married,Adm-clerical,Not-in-family,White,Male,United-States,<=50K
44,196456,14,0,1669,40,Local-gov,Masters,Never-married,Prof-specialty,Not-in-family,White,Female,United-States,<=50K
36,127306,9,0,0,47,Private,HS-grad,Never-married,Adm-clerical,Not-in-family,White,Female,United-States,<=50K
63,250068,8,0,0,40,Private,12th,Married-civ-spouse,Sales,Husband,White,Male,United-States,>50K
49,40666,10,0,0,50,Private,Some-college,Married-civ-spouse,Farming-fishing,Husband,White,Male,United-States,<=50K
26,262656,9,0,0,40,Private,HS-grad,Never-married,Adm-clerical,Own-child,White,Female,United-States,<=50K
30,129707,13,99999,0,35,Private,Bachelors,Married-civ-spouse,Prof-specialty,Husband,White,Male,United-States,>50K
33,169496,9,0,0,40,Private,HS-grad,Married-civ-spouse,Handlers-cleaners,Husband,White,Male,United-States,<=50K
32,53373,10,0,0,36,Private,Some-college,Married-civ-spouse,Craft-repair,Husband,White,Male,United-States,<=50K
18,469921,10,0,0,40,Private,Some-college,Never-married,Prof-specialty,Own-child,White,Female,United-States,<=50K
20,41356,10,0,0,40,Private,Some-college,Never-married,Prof-specialty,Not-in-family,White,Female,United-States,<=50K
30,337494,12,0,0,48,Private,Assoc-acdm,Never-married,Machine-op-inspct,Not-in-family,White,Male,United-States,<=50K
35,340110,10,0,0,50,Self-emp-inc,Some-college,Married-civ-spouse,Sales,Husband,White,Male,United-States,>50K
17,102726,8,0,0,16,Private,12th,Never-married,Other-service,Own-child,White,Male,United-States,<=50K
41,264663,10,0,3900,40,Private,Some-college,Separated,Prof-specialty,Own-child,White,Female,United-States,<=50K
38,180220,9,0,0,60,Self-emp-not-inc,HS-grad,Married-civ-spouse,Craft-repair,Husband,White,Male,United-States,<=50K
46,276934,13,0,0,70,Self-emp-inc,Bachelors,Married-civ-spouse,Sales,Husband,White,Male,United-States,>50K
38,70995,9,0,0,45,Private,HS-grad,Divorced,Prof-specialty,Not-in-family,White,Male,United-States,<=50K
42,55764,12,0,0,40,State-gov,Assoc-acdm,Divorced,Prof-specialty,Not-in-family,Black,Male,United-States,<=50K
17,207637,7,0,0,10,Private,11th,Never-married,Handlers-cleaners,Own-child,White,Male,United-States,<=50K
60,166386,7,0,0,30,Private,11th,Married-civ-spouse,Machine-op-inspct,Wife,Asian-Pac-Islander,Female,Hong,<=50K
22,310152,10,0,0,40,Private,Some-college,Never-married,Transport-moving,Not-in-family,White,Male,United-States,<=50K
34,375680,12,0,0,40,Private,Assoc-acdm,Never-married,Craft-repair,Own-child,Black,Female,United-States,<=50K
40,244522,14,0,1902,48,Local-gov,Masters,Married-civ-spouse,Prof-specialty,Husband,White,Male,United-States,>50K
31,177675,13,0,0,40,Private,Bachelors,Married-civ-spouse,Prof-specialty,Husband,White,Male,United-States,<=50K
30,153549,9,0,0,50,Self-emp-inc,HS-grad,Married-civ-spouse,Exec-managerial,Husband,White,Male,United-States,>50K
32,124919,13,0,0,50,Self-emp-inc,Bachelors,Married-civ-spouse,Other-service,Husband,Asian-Pac-Islander,Male,Iran,>50K
29,167716,9,0,0,99,Private,HS-grad,Divorced,Other-service,Unmarried,White,Female,United-States,<=50K
26,44308,13,0,0,40,Private,Bachelors,Never-married,Tech-support,Not-in-family,White,Male,United-States,<=50K
25,104746,10,0,0,16,Private,Some-college,Married-civ-spouse,Handlers-cleaners,Husband,White,Male,United-States,<=50K
20,451996,9,0,0,40,Private,HS-grad,Never-married,Handlers-cleaners,Own-child,White,Male,United-States,<=50K
18,205218,7,0,0,20,Private,11th,Never-married,Sales,Own-child,White,Female,United-States,<=50K
17,250541,7,0,0,8,MISSING,11th,Never-married,MISSING,Own-child,Black,Male,United-States,<=50K
46,117849,10,15024,0,40,Private,Some-college,Married-civ-spouse,Sales,Husband,White,Male,United-States,>50K
40,408229,2,0,0,45,Private,1st-4th,Never-married,Other-service,Not-in-family,White,Male,El-Salvador,<=50K
27,104917,11,0,0,40,Private,Assoc-voc,Married-civ-spouse,Craft-repair,Husband,White,Male,United-States,<=50K
48,397466,10,0,0,60,Self-emp-not-inc,Some-college,Married-civ-spouse,Exec-managerial,Husband,White,Male,United-States,<=50K
32,35595,9,0,0,50,Self-emp-not-inc,HS-grad,Married-civ-spouse,Craft-repair,Husband,White,Male,United-States,<=50K
61,183735,10,0,0,45,Private,Some-college,Married-civ-spouse,Sales,Husband,White,Male,United-States,>50K
17,186890,6,0,0,30,Private,10th,Married-civ-spouse,Sales,Own-child,White,Female,United-States,<=50K
38,218729,9,0,0,25,Private,HS-grad,Divorced,Other-service,Not-in-family,White,Female,United-States,<=50K
47,121124,3,0,0,55,Self-emp-not-inc,5th-6th,Married-civ-spouse,Sales,Husband,White,Male,Italy,>50K
46,124071,14,0,0,65,Local-gov,Masters,Divorced,Exec-managerial,Unmarried,White,Female,United-States,>50K
27,116207,5,0,0,32,Private,9th,Married-civ-spouse,Craft-repair,Husband,White,Male,United-States,<=50K
45,206459,10,0,0,40,Private,Some-college,Married-civ-spouse,Adm-clerical,Husband,White,Male,United-States,<=50K
20,50397,10,0,0,35,Private,Some-college,Married-civ-spouse,Sales,Husband,Black,Male,United-States,<=50K
23,205865,13,0,0,28,Private,Bachelors,Never-married,Exec-managerial,Own-child,White,Male,United-States,<=50K
47,102308,15,0,2415,45,Self-emp-inc,Prof-school,Married-civ-spouse,Prof-specialty,Husband,White,Male,United-States,>50K
51,205100,14,0,0,30,Self-emp-not-inc,Masters,Married-civ-spouse,Prof-specialty,Wife,White,Female,United-States,>50K
37,175759,13,0,0,40,Private,Bachelors,Married-civ-spouse,Tech-support,Husband,White,Male,United-States,>50K
43,75742,10,0,0,45,Private,Some-college,Married-civ-spouse,Transport-moving,Husband,White,Male,United-States,<=50K
31,219509,9,0,0,40,Private,HS-grad,Married-civ-spouse,Other-service,Husband,White,Male,Mexico,>50K
48,70209,10,0,0,20,Private,Some-college,Divorced,Prof-specialty,Unmarried,White,Female,United-States,<=50K
44,185057,13,3325,0,40,Self-emp-not-inc,Bachelors,Divorced,Exec-managerial,Not-in-family,White,Female,United-States,<=50K
71,100063,9,0,0,40,State-gov,HS-grad,Married-civ-spouse,Craft-repair,Husband,Black,Male,United-States,<=50K
46,192779,15,15024,0,60,Self-emp-inc,Prof-school,Married-civ-spouse,Prof-specialty,Husband,White,Male,United-States,>50K
65,115922,13,0,0,40,Self-emp-inc,Bachelors,Married-civ-spouse,Exec-managerial,Husband,White,Male,United-States,>50K
34,102858,9,0,0,40,Private,HS-grad,Separated,Adm-clerical,Unmarried,White,Male,United-States,<=50K
50,240374,14,0,0,40,Self-emp-inc,Masters,Married-civ-spouse,Sales,Husband,White,Male,United-States,>50K
37,31670,9,0,0,60,Self-emp-not-inc,HS-grad,Married-civ-spouse,Farming-fishing,Husband,White,Male,United-States,<=50K
55,138594,9,0,1977,45,Self-emp-inc,HS-grad,Married-civ-spouse,Exec-managerial,Husband,White,Male,United-States,>50K
27,257124,13,0,0,35,Federal-gov,Bachelors,Never-married,Transport-moving,Other-relative,White,Male,United-States,<=50K
50,162327,10,0,0,50,Private,Some-college,Married-civ-spouse,Handlers-cleaners,Husband,White,Male,United-States,<=50K
28,90915,13,0,0,40,Private,Bachelors,Married-spouse-absent,Tech-support,Unmarried,Black,Female,United-States,<=50K
21,265434,10,0,0,30,Private,Some-college,Never-married,Prof-specialty,Own-child,White,Female,United-States,<=50K
20,34310,10,0,0,20,Private,Some-college,Never-married,Sales,Own-child,White,Male,United-States,<=50K
29,85572,7,0,0,5,Self-emp-not-inc,11th,Married-civ-spouse,Other-service,Wife,White,Female,United-States,<=50K
26,276967,10,0,0,40,Private,Some-college,Married-civ-spouse,Sales,Husband,White,Male,United-States,<=50K
51,103824,9,0,0,40,Private,HS-grad,Never-married,Other-service,Not-in-family,Black,Male,Haiti,<=50K
40,269168,9,0,0,40,Local-gov,HS-grad,Married-civ-spouse,Other-service,Husband,Other,Male,MISSING,<=50K
55,227158,13,0,0,40,Private,Bachelors,Widowed,Adm-clerical,Unmarried,White,Female,United-States,<=50K
41,220460,12,0,0,20,Private,Assoc-acdm,Married-civ-spouse,Sales,Husband,White,Male,United-States,<=50K
37,362062,15,99999,0,50,Self-emp-not-inc,Prof-school,Married-civ-spouse,Prof-specialty,Husband,White,Male,United-States,>50K
53,167651,9,0,0,40,Private,HS-grad,Married-civ-spouse,Craft-repair,Husband,White,Male,United-States,>50K
44,483201,13,0,0,40,Self-emp-not-inc,Bachelors,Married-civ-spouse,Exec-managerial,Husband,White,Male,United-States,<=50K
23,82889,10,0,0,16,Private,Some-college,Never-married,Adm-clerical,Own-child,White,Female,United-States,<=50K
20,95918,5,0,0,40,Private,9th,Married-civ-spouse,Machine-op-inspct,Husband,White,Male,United-States,<=50K
52,222107,10,0,0,50,Private,Some-college,Divorced,Sales,Unmarried,White,Female,United-States,<=50K
42,93853,10,0,0,45,Self-emp-not-inc,Some-college,Married-civ-spouse,Craft-repair,Husband,White,Male,United-States,<=50K
25,237065,10,0,0,38,Private,Some-college,Divorced,Other-service,Own-child,Black,Male,United-States,<=50K
56,101436,9,0,0,35,Private,HS-grad,Divorced,Adm-clerical,Other-relative,Amer-Indian-Eskimo,Female,United-States,<=50K
28,56179,10,2174,0,55,Private,Some-college,Never-married,Exec-managerial,Not-in-family,White,Male,United-States,<=50K
37,126675,13,0,0,40,Self-emp-inc,Bachelors,Never-married,Exec-managerial,Own-child,White,Male,United-States,<=50K
60,96073,9,0,0,30,Self-emp-not-inc,HS-grad,Married-civ-spouse,Craft-repair,Husband,White,Male,United-States,<=50K
58,49884,9,0,0,50,Self-emp-not-inc,HS-grad,Married-civ-spouse,Farming-fishing,Husband,White,Male,United-States,<=50K
30,91145,9,0,0,40,Private,HS-grad,Married-civ-spouse,Machine-op-inspct,Husband,White,Male,United-States,<=50K
30,171876,15,0,0,45,Private,Prof-school,Never-married,Prof-specialty,Not-in-family,White,Female,United-States,<=50K
63,287277,9,0,0,40,Private,HS-grad,Divorced,Protective-serv,Not-in-family,White,Male,United-States,<=50K
40,195617,10,0,0,20,Private,Some-college,Separated,Exec-managerial,Unmarried,White,Female,United-States,<=50K
26,260614,9,0,0,40,Private,HS-grad,Married-civ-spouse,Machine-op-inspct,Husband,White,Male,United-States,<=50K
59,98350,9,0,0,40,Private,HS-grad,Divorced,Other-service,Not-in-family,Asian-Pac-Islander,Male,China,<=50K
26,300290,7,0,0,40,Private,11th,Divorced,Adm-clerical,Own-child,White,Female,United-States,<=50K
49,289707,9,0,0,45,Self-emp-inc,HS-grad,Separated,Other-service,Not-in-family,White,Male,United-States,<=50K
53,177705,13,0,0,44,Private,Bachelors,Married-civ-spouse,Craft-repair,Husband,White,Male,United-States,>50K
76,211574,6,0,0,1,MISSING,10th,Married-civ-spouse,MISSING,Husband,White,Male,United-States,<=50K
52,124993,9,0,0,55,Private,HS-grad,Never-married,Craft-repair,Own-child,White,Male,United-States,<=50K
56,176118,9,3103,0,40,Private,HS-grad,Married-civ-spouse,Craft-repair,Husband,White,Male,United-States,>50K
31,318647,7,0,0,40,Private,11th,Never-married,Craft-repair,Not-in-family,White,Male,United-States,<=50K
36,105021,10,0,0,55,Self-emp-not-inc,Some-college,Married-civ-spouse,Exec-managerial,Husband,White,Male,United-States,>50K
43,105936,11,13550,0,40,Federal-gov,Assoc-voc,Never-married,Prof-specialty,Not-in-family,White,Female,United-States,>50K
31,182539,10,0,0,45,Private,Some-college,Never-married,Adm-clerical,Not-in-family,White,Female,United-States,<=50K
22,203263,9,0,0,50,Private,HS-grad,Never-married,Craft-repair,Own-child,White,Male,United-States,<=50K
32,98656,14,0,0,40,Private,Masters,Never-married,Exec-managerial,Not-in-family,White,Female,United-States,<=50K
56,172364,9,0,0,40,Private,HS-grad,Married-civ-spouse,Machine-op-inspct,Husband,White,Male,United-States,<=50K
33,182926,13,0,0,40,Self-emp-not-inc,Bachelors,Never-married,Transport-moving,Not-in-family,White,Male,MISSING,<=50K
28,27044,12,0,0,43,Private,Assoc-acdm,Divorced,Exec-managerial,Not-in-family,White,Female,United-States,<=50K
34,209213,13,0,0,15,Local-gov,Bachelors,Never-married,Prof-specialty,Other-relative,Black,Male,United-States,<=50K
35,119098,16,7298,0,40,Private,Doctorate,Married-civ-spouse,Prof-specialty,Husband,White,Male,United-States,>50K
48,125892,13,0,0,40,Private,Bachelors,Divorced,Exec-managerial,Other-relative,White,Male,United-States,<=50K
60,31577,9,0,0,60,Private,HS-grad,Married-civ-spouse,Transport-moving,Husband,White,Male,United-States,>50K
31,1033222,10,0,0,40,State-gov,Some-college,Married-civ-spouse,Machine-op-inspct,Husband,White,Male,United-States,<=50K
38,239397,4,0,0,36,Private,7th-8th,Married-civ-spouse,Craft-repair,Husband,White,Male,Mexico,<=50K
28,175343,13,0,0,40,Private,Bachelors,Married-civ-spouse,Sales,Husband,White,Male,United-States,<=50K
53,70387,14,4386,0,40,Private,Masters,Married-civ-spouse,Prof-specialty,Husband,Asian-Pac-Islander,Male,India,>50K
42,318255,9,0,0,40,Private,HS-grad,Divorced,Adm-clerical,Unmarried,White,Female,United-States,<=50K
31,154297,9,0,0,24,Private,HS-grad,Never-married,Sales,Unmarried,Black,Female,United-States,<=50K
37,241306,9,0,0,40,Self-emp-not-inc,HS-grad,Divorced,Craft-repair,Not-in-family,White,Male,United-States,<=50K
36,143123,15,0,0,50,Private,Prof-school,Married-civ-spouse,Prof-specialty,Husband,White,Male,United-States,>50K
43,216116,14,0,0,37,Local-gov,Masters,Separated,Prof-specialty,Unmarried,Black,Female,United-States,<=50K
29,289991,14,0,0,50,Local-gov,Masters,Married-civ-spouse,Prof-specialty,Husband,White,Male,United-States,<=50K
25,169679,9,0,0,40,Private,HS-grad,Married-civ-spouse,Transport-moving,Husband,White,Male,United-States,<=50K
51,360131,3,0,0,40,Private,5th-6th,Married-civ-spouse,Craft-repair,Other-relative,White,Female,United-States,<=50K
47,49298,9,0,0,50,Private,HS-grad,Divorced,Sales,Not-in-family,White,Male,United-States,<=50K
45,50567,9,0,0,40,State-gov,HS-grad,Married-civ-spouse,Exec-managerial,Wife,White,Female,United-States,<=50K
42,76487,9,0,0,45,Private,HS-grad,Married-civ-spouse,Adm-clerical,Husband,White,Male,United-States,<=50K
20,79691,9,0,0,40,Private,HS-grad,Never-married,Machine-op-inspct,Own-child,White,Male,United-States,<=50K
45,135776,14,0,0,30,Local-gov,Masters,Divorced,Prof-specialty,Not-in-family,White,Female,United-States,<=50K
41,113823,13,0,0,40,Private,Bachelors,Divorced,Other-service,Not-in-family,White,Male,United-States,<=50K
72,402306,10,0,0,32,MISSING,Some-college,Married-civ-spouse,MISSING,Husband,White,Male,Canada,<=50K
22,255575,12,0,0,15,State-gov,Assoc-acdm,Never-married,Prof-specialty,Not-in-family,White,Female,United-States,<=50K
30,206512,13,0,0,44,Private,Bachelors,Never-married,Exec-managerial,Not-in-family,White,Male,United-States,<=50K
63,52144,10,0,0,35,Self-emp-not-inc,Some-college,Widowed,Exec-managerial,Not-in-family,White,Male,United-States,<=50K
36,115360,6,3464,0,40,Private,10th,Married-civ-spouse,Machine-op-inspct,Own-child,White,Female,United-States,<=50K
36,93225,9,0,0,40,Private,HS-grad,Divorced,Craft-repair,Not-in-family,White,Male,United-States,<=50K
26,130832,13,0,0,10,MISSING,Bachelors,Never-married,MISSING,Unmarried,White,Female,United-States,<=50K
52,366232,5,0,0,40,Private,9th,Divorced,Craft-repair,Unmarried,White,Female,Cuba,<=50K
31,222654,13,0,0,40,Private,Bachelors,Married-civ-spouse,Exec-managerial,Husband,White,Male,United-States,<=50K
60,389254,9,0,0,40,Private,HS-grad,Married-civ-spouse,Adm-clerical,Husband,White,Male,United-States,<=50K
24,216129,9,0,1408,50,Private,HS-grad,Never-married,Craft-repair,Own-child,White,Male,United-States,<=50K
25,31350,9,0,0,60,Private,HS-grad,Never-married,Handlers-cleaners,Not-in-family,White,Male,England,<=50K
22,375422,13,0,0,40,Self-emp-inc,Bachelors,Never-married,Adm-clerical,Own-child,White,Male,South,<=50K
41,51506,9,0,0,40,Private,HS-grad,Married-civ-spouse,Exec-managerial,Husband,White,Male,United-States,<=50K
33,215288,7,0,0,40,Private,11th,Never-married,Handlers-cleaners,Own-child,Black,Male,United-States,<=50K
37,108913,9,0,0,40,Private,HS-grad,Never-married,Other-service,Not-in-family,White,Male,United-States,<=50K
43,144778,9,0,0,40,Local-gov,HS-grad,Married-civ-spouse,Exec-managerial,Husband,White,Male,MISSING,<=50K
53,123011,9,0,0,40,MISSING,HS-grad,Married-civ-spouse,MISSING,Husband,White,Male,United-States,>50K
36,239415,9,0,0,35,Self-emp-not-inc,HS-grad,Married-civ-spouse,Farming-fishing,Husband,White,Male,United-States,<=50K
23,145389,10,0,0,40,Private,Some-college,Married-civ-spouse,Sales,Wife,White,Female,United-States,<=50K
76,191024,13,0,0,30,MISSING,Bachelors,Married-civ-spouse,MISSING,Husband,White,Male,United-States,<=50K
63,231777,14,0,0,30,MISSING,Masters,Married-civ-spouse,MISSING,Husband,White,Male,United-States,<=50K
24,410439,10,0,0,15,Private,Some-college,Never-married,Craft-repair,Own-child,White,Male,United-States,<=50K
55,182273,10,0,0,40,Self-emp-inc,Some-college,Married-civ-spouse,Sales,Husband,White,Male,United-States,<=50K
27,332187,13,0,0,65,Private,Bachelors,Never-married,Adm-clerical,Not-in-family,White,Female,United-States,<=50K
18,226956,9,0,0,30,Private,HS-grad,Never-married,Other-service,Own-child,White,Female,MISSING,<=50K
19,292590,10,0,0,20,Private,Some-college,Never-married,Other-service,Own-child,White,Female,United-States,<=50K
46,154083,14,0,0,25,Self-emp-not-inc,Masters,Never-married,Exec-managerial,Not-in-family,White,Male,United-States,<=50K
26,167848,9,0,0,40,Private,HS-grad,Never-married,Machine-op-inspct,Not-in-family,Black,Male,United-States,<=50K
58,267663,4,0,0,40,Private,7th-8th,Married-civ-spouse,Transport-moving,Husband,White,Male,Mexico,<=50K
46,214627,16,0,0,60,Self-emp-inc,Doctorate,Married-civ-spouse,Prof-specialty,Husband,White,Male,United-States,>50K
34,254270,13,0,0,40,Local-gov,Bachelors,Never-married,Prof-specialty,Not-in-family,White,Female,United-States,<=50K
36,22494,10,0,0,40,Private,Some-college,Divorced,Exec-managerial,Unmarried,White,Female,United-States,<=50K
73,74040,4,0,0,40,State-gov,7th-8th,Divorced,Other-service,Not-in-family,Asian-Pac-Islander,Female,United-States,<=50K
43,133584,10,0,0,40,Private,Some-college,Married-civ-spouse,Machine-op-inspct,Husband,White,Male,United-States,<=50K
36,177616,3,0,0,40,Private,5th-6th,Separated,Machine-op-inspct,Not-in-family,White,Female,United-States,<=50K
50,324506,9,0,0,48,Self-emp-not-inc,HS-grad,Widowed,Exec-managerial,Unmarried,Asian-Pac-Islander,Female,South,<=50K
34,56150,7,0,0,40,Private,11th,Never-married,Transport-moving,Unmarried,White,Male,United-States,<=50K
48,30289,6,0,0,30,Private,10th,Married-civ-spouse,Craft-repair,Husband,White,Male,United-States,<=50K
37,194630,9,0,0,50,Private,HS-grad,Divorced,Craft-repair,Not-in-family,White,Male,United-States,<=50K
26,201138,11,0,0,35,Self-emp-not-inc,Assoc-voc,Never-married,Other-service,Not-in-family,White,Female,United-States,<=50K
26,164488,13,13550,0,50,Private,Bachelors,Never-married,Prof-specialty,Not-in-family,White,Male,United-States,>50K
46,160647,13,0,0,38,Private,Bachelors,Widowed,Tech-support,Unmarried,White,Female,United-States,<=50K
19,60890,9,0,0,49,Private,HS-grad,Never-married,Craft-repair,Not-in-family,White,Male,United-States,<=50K
38,203836,3,0,0,40,Self-emp-not-inc,5th-6th,Never-married,Transport-moving,Not-in-family,White,Male,United-States,<=50K
51,118259,9,3137,0,60,Self-emp-not-inc,HS-grad,Married-civ-spouse,Craft-repair,Husband,White,Male,United-States,<=50K
47,162924,13,0,0,60,Self-emp-not-inc,Bachelors,Divorced,Exec-managerial,Not-in-family,Asian-Pac-Islander,Male,Japan,<=50K
19,119964,9,0,0,15,Private,HS-grad,Never-married,Craft-repair,Other-relative,White,Female,United-States,<=50K
58,256274,9,0,0,40,Private,HS-grad,Divorced,Adm-clerical,Not-in-family,White,Female,United-States,<=50K
50,155574,14,7298,0,50,Self-emp-inc,Masters,Married-civ-spouse,Prof-specialty,Husband,White,Male,United-States,>50K
62,225652,4,3411,0,50,MISSING,7th-8th,Married-civ-spouse,MISSING,Husband,White,Male,United-States,<=50K
42,46366,9,0,0,40,Federal-gov,HS-grad,Separated,Adm-clerical,Unmarried,Black,Female,United-States,<=50K
59,264357,6,0,0,50,Private,10th,Married-civ-spouse,Transport-moving,Husband,White,Male,United-States,<=50K
62,194167,9,2174,0,40,Private,HS-grad,Divorced,Machine-op-inspct,Not-in-family,White,Female,United-States,<=50K
34,177639,12,0,0,40,Self-emp-not-inc,Assoc-acdm,Never-married,Craft-repair,Not-in-family,White,Male,United-States,<=50K
41,648223,2,0,0,40,Private,1st-4th,Married-spouse-absent,Farming-fishing,Unmarried,White,Male,Mexico,<=50K
30,275632,9,0,0,45,Private,HS-grad,Married-civ-spouse,Machine-op-inspct,Husband,White,Male,United-States,<=50K
26,280093,10,0,0,40,Private,Some-college,Never-married,Handlers-cleaners,Own-child,White,Male,United-States,<=50K
21,219137,6,0,0,25,Private,10th,Never-married,Other-service,Own-child,Black,Male,United-States,<=50K
40,151365,9,0,0,40,Private,HS-grad,Divorced,Craft-repair,Not-in-family,White,Female,United-States,<=50K
48,213140,10,0,0,40,Self-emp-inc,Some-college,Married-civ-spouse,Exec-managerial,Husband,White,Male,United-States,>50K
34,106014,10,0,0,40,Private,Some-college,Never-married,Other-service,Not-in-family,White,Male,United-States,<=50K
19,43887,9,0,0,10,Without-pay,HS-grad,Never-married,Farming-fishing,Own-child,White,Male,United-States,<=50K
18,51255,7,0,0,15,Private,11th,Never-married,Handlers-cleaners,Own-child,White,Male,United-States,<=50K
31,83671,10,0,0,40,Local-gov,Some-college,Never-married,Adm-clerical,Not-in-family,Black,Female,United-States,<=50K
33,124052,9,0,0,40,Private,HS-grad,Married-civ-spouse,Craft-repair,Husband,White,Male,United-States,<=50K
27,57052,9,2885,0,40,Private,HS-grad,Married-civ-spouse,Craft-repair,Husband,White,Male,United-States,<=50K
20,53878,9,0,0,40,Private,HS-grad,Never-married,Craft-repair,Unmarried,White,Male,United-States,<=50K
23,190709,12,0,0,52,Local-gov,Assoc-acdm,Never-married,Protective-serv,Not-in-family,White,Male,United-States,<=50K
36,358373,9,0,0,36,Private,HS-grad,Separated,Machine-op-inspct,Not-in-family,Black,Female,United-States,<=50K
48,49595,14,0,0,72,State-gov,Masters,Divorced,Protective-serv,Not-in-family,White,Male,United-States,<=50K
43,421837,10,7298,0,50,Self-emp-not-inc,Some-college,Married-civ-spouse,Sales,Husband,White,Male,Mexico,>50K
40,174515,9,0,0,40,Private,HS-grad,Widowed,Machine-op-inspct,Unmarried,White,Female,United-States,<=50K
45,144579,13,0,0,40,Private,Bachelors,Married-civ-spouse,Prof-specialty,Husband,White,Male,United-States,>50K
25,200681,10,0,0,40,MISSING,Some-college,Never-married,MISSING,Own-child,White,Male,United-States,<=50K
22,164775,3,0,0,40,Local-gov,5th-6th,Never-married,Handlers-cleaners,Other-relative,White,Male,Guatemala,>50K
32,78530,10,15024,0,50,Self-emp-inc,Some-college,Married-civ-spouse,Exec-managerial,Husband,White,Male,United-States,>50K
46,116952,4,0,0,45,Private,7th-8th,Married-civ-spouse,Prof-specialty,Wife,White,Female,United-States,<=50K
25,315643,9,0,0,30,Private,HS-grad,Married-civ-spouse,Other-service,Husband,White,Male,United-States,<=50K
58,195835,10,0,0,45,Self-emp-not-inc,Some-college,Divorced,Craft-repair,Not-in-family,White,Male,United-States,<=50K
28,190525,14,0,0,40,Private,Masters,Never-married,Prof-specialty,Own-child,White,Male,United-States,<=50K
23,147548,9,0,0,30,Private,HS-grad,Divorced,Other-service,Unmarried,White,Female,United-States,<=50K
39,202683,13,0,0,40,Private,Bachelors,Married-civ-spouse,Adm-clerical,Husband,White,Male,United-States,<=50K
21,185948,10,0,0,35,Private,Some-college,Never-married,Sales,Own-child,White,Male,United-States,<=50K
41,242586,10,0,0,40,Local-gov,Some-college,Married-civ-spouse,Exec-managerial,Husband,White,Male,United-States,<=50K
39,99452,13,0,0,50,Private,Bachelors,Married-civ-spouse,Prof-specialty,Husband,White,Male,United-States,>50K
24,155066,7,0,0,60,Private,11th,Married-civ-spouse,Machine-op-inspct,Husband,White,Male,United-States,<=50K
30,392812,9,0,0,50,Private,HS-grad,Never-married,Handlers-cleaners,Not-in-family,White,Male,Germany,<=50K
28,356089,13,0,0,50,Local-gov,Bachelors,Never-married,Prof-specialty,Other-relative,White,Male,United-States,<=50K
42,204450,9,0,0,40,Private,HS-grad,Married-civ-spouse,Handlers-cleaners,Husband,Black,Male,United-States,<=50K
31,120461,13,0,0,40,Private,Bachelors,Never-married,Exec-managerial,Not-in-family,White,Female,United-States,<=50K
24,198914,9,0,0,25,Private,HS-grad,Never-married,Sales,Unmarried,Black,Male,United-States,<=50K
46,161508,6,0,0,40,Private,10th,Never-married,Machine-op-inspct,Not-in-family,Black,Male,United-States,<=50K
22,201490,9,0,0,20,Private,HS-grad,Never-married,Adm-clerical,Own-child,White,Male,United-States,<=50K
17,145886,7,0,0,30,MISSING,11th,Never-married,MISSING,Own-child,White,Female,United-States,<=50K
37,172571,9,0,0,40,Private,HS-grad,Divorced,Machine-op-inspct,Not-in-family,White,Male,United-States,<=50K
38,255454,13,0,0,40,Local-gov,Bachelors,Separated,Prof-specialty,Unmarried,Black,Male,United-States,<=50K
41,227644,9,0,0,50,Private,HS-grad,Married-civ-spouse,Transport-moving,Husband,White,Male,United-States,<=50K
28,233796,10,7298,0,32,Private,Some-college,Married-civ-spouse,Adm-clerical,Wife,White,Female,United-States,>50K
36,181721,6,0,0,60,Private,10th,Never-married,Farming-fishing,Own-child,Black,Male,United-States,<=50K
62,337721,9,0,0,8,MISSING,HS-grad,Married-civ-spouse,MISSING,Husband,White,Male,United-States,<=50K
58,160586,9,0,0,40,Local-gov,HS-grad,Married-civ-spouse,Farming-fishing,Husband,White,Male,United-States,<=50K
36,112847,13,0,0,40,Federal-gov,Bachelors,Married-civ-spouse,Prof-specialty,Husband,Asian-Pac-Islander,Male,United-States,<=50K
69,159522,4,2964,0,40,Private,7th-8th,Divorced,Machine-op-inspct,Unmarried,Black,Female,United-States,<=50K
52,191529,10,0,1740,60,Private,Some-college,Married-civ-spouse,Exec-managerial,Husband,White,Male,United-States,<=50K
66,185336,9,0,0,35,Private,HS-grad,Widowed,Sales,Other-relative,White,Female,United-States,<=50K
53,223696,8,0,0,56,Private,12th,Married-spouse-absent,Handlers-cleaners,Not-in-family,Other,Male,Dominican-Republic,<=50K
36,156780,9,0,0,40,Private,HS-grad,Never-married,Sales,Other-relative,Asian-Pac-Islander,Female,MISSING,<=50K
31,164190,10,0,0,50,Private,Some-college,Married-civ-spouse,Prof-specialty,Husband,White,Male,United-States,>50K
53,346253,9,0,0,35,Private,HS-grad,Divorced,Sales,Own-child,White,Female,United-States,<=50K
66,150726,5,1409,0,1,Self-emp-inc,9th,Married-civ-spouse,Exec-managerial,Husband,White,Male,MISSING,<=50K
28,130067,13,0,0,40,Private,Bachelors,Married-civ-spouse,Prof-specialty,Wife,White,Female,United-States,>50K
22,100345,13,13550,0,55,Private,Bachelors,Never-married,Craft-repair,Not-in-family,White,Male,United-States,>50K
25,247025,13,3325,0,48,Private,Bachelors,Never-married,Sales,Not-in-family,White,Male,United-States,<=50K
37,203828,5,0,0,40,Private,9th,Married-civ-spouse,Craft-repair,Husband,White,Male,United-States,<=50K
45,246431,13,0,0,30,Private,Bachelors,Never-married,Prof-specialty,Not-in-family,White,Male,United-States,<=50K
61,716416,10,0,0,44,Private,Some-college,Married-civ-spouse,Sales,Husband,White,Male,United-States,>50K
23,336010,13,0,0,32,Local-gov,Bachelors,Never-married,Adm-clerical,Not-in-family,White,Male,United-States,<=50K
32,46691,13,0,0,40,Private,Bachelors,Never-married,Adm-clerical,Not-in-family,White,Female,United-States,<=50K
28,175987,9,0,0,40,Private,HS-grad,Never-married,Exec-managerial,Not-in-family,White,Female,United-States,<=50K
18,446839,9,0,0,30,Private,HS-grad,Never-married,Sales,Not-in-family,White,Male,United-States,<=50K
45,327886,15,0,0,40,Private,Prof-school,Never-married,Prof-specialty,Not-in-family,White,Male,United-States,>50K
25,60358,10,0,0,40,Private,Some-college,Never-married,Sales,Own-child,White,Male,United-States,<=50K
43,152617,10,0,0,40,Private,Some-college,Divorced,Adm-clerical,Own-child,White,Female,United-States,<=50K
57,199934,13,0,0,40,Private,Bachelors,Married-civ-spouse,Exec-managerial,Husband,White,Male,United-States,>50K
41,211253,14,0,0,40,Private,Masters,Married-civ-spouse,Exec-managerial,Wife,White,Female,United-States,>50K
57,33725,13,0,0,50,Self-emp-inc,Bachelors,Married-civ-spouse,Craft-repair,Husband,White,Male,United-States,>50K
53,283743,9,0,2002,40,Private,HS-grad,Married-civ-spouse,Transport-moving,Husband,White,Male,United-States,<=50K
53,89400,10,0,0,40,Private,Some-college,Widowed,Exec-managerial,Unmarried,White,Female,United-States,<=50K
28,115464,9,0,0,40,Private,HS-grad,Never-married,Other-service,Own-child,Black,Female,United-States,<=50K
41,184846,10,0,0,40,Private,Some-college,Divorced,Adm-clerical,Unmarried,White,Female,United-States,<=50K
22,115244,12,0,0,40,Private,Assoc-acdm,Married-civ-spouse,Prof-specialty,Wife,White,Female,United-States,<=50K
31,130620,7,0,0,40,Private,11th,Married-spouse-absent,Sales,Own-child,Asian-Pac-Islander,Female,India,<=50K
34,164190,10,0,1902,38,Private,Some-college,Married-civ-spouse,Prof-specialty,Husband,White,Male,United-States,>50K
61,86067,12,15024,0,40,Private,Assoc-acdm,Married-civ-spouse,Sales,Husband,White,Male,United-States,>50K
22,292933,13,0,0,10,State-gov,Bachelors,Never-married,Adm-clerical,Own-child,White,Female,United-States,<=50K
34,31740,9,0,0,40,Self-emp-not-inc,HS-grad,Never-married,Farming-fishing,Not-in-family,White,Male,United-States,<=50K
18,436163,7,0,0,20,Private,11th,Never-married,Prof-specialty,Own-child,White,Male,United-States,<=50K
41,97632,10,0,0,32,Private,Some-college,Divorced,Sales,Not-in-family,Asian-Pac-Islander,Female,United-States,<=50K
29,304595,14,0,0,50,Private,Masters,Never-married,Sales,Not-in-family,White,Male,United-States,>50K
57,107443,2,0,0,40,Private,1st-4th,Married-civ-spouse,Handlers-cleaners,Husband,White,Male,Portugal,<=50K
47,192984,10,0,0,40,Private,Some-college,Widowed,Adm-clerical,Unmarried,White,Female,United-States,<=50K
40,315321,9,0,625,52,Private,HS-grad,Divorced,Exec-managerial,Unmarried,White,Female,United-States,<=50K
70,336007,3,0,0,20,MISSING,5th-6th,Married-civ-spouse,MISSING,Husband,White,Male,United-States,<=50K
37,40955,13,0,0,30,Private,Bachelors,Never-married,Prof-specialty,Not-in-family,White,Male,United-States,<=50K
49,67001,9,0,0,40,Local-gov,HS-grad,Married-civ-spouse,Transport-moving,Husband,White,Male,United-States,<=50K
26,97153,12,5178,0,40,Private,Assoc-acdm,Married-civ-spouse,Machine-op-inspct,Husband,White,Male,United-States,>50K
42,332401,13,0,0,40,Private,Bachelors,Never-married,Sales,Not-in-family,White,Male,United-States,<=50K
29,176037,11,14344,0,40,Private,Assoc-voc,Divorced,Tech-support,Not-in-family,Black,Male,United-States,>50K
22,64292,10,0,0,37,Private,Some-college,Never-married,Adm-clerical,Own-child,White,Female,United-States,<=50K
46,147640,3,0,1902,40,Private,5th-6th,Married-civ-spouse,Transport-moving,Husband,Amer-Indian-Eskimo,Male,United-States,<=50K
39,140752,9,0,0,50,Self-emp-not-inc,HS-grad,Married-civ-spouse,Sales,Husband,White,Male,United-States,>50K
33,368675,10,0,0,40,Local-gov,Some-college,Married-civ-spouse,Protective-serv,Husband,White,Male,United-States,<=50K
30,361497,13,0,0,72,State-gov,Bachelors,Married-civ-spouse,Protective-serv,Husband,White,Male,United-States,>50K
32,103078,13,0,0,40,Self-emp-inc,Bachelors,Married-civ-spouse,Sales,Husband,White,Male,United-States,<=50K
49,43479,10,0,0,40,Self-emp-not-inc,Some-college,Married-civ-spouse,Craft-repair,Husband,White,Male,United-States,<=50K
22,291386,10,0,0,40,Private,Some-college,Never-married,Adm-clerical,Not-in-family,White,Female,United-States,<=50K
62,167098,13,0,0,40,Private,Bachelors,Married-civ-spouse,Exec-managerial,Husband,White,Male,United-States,>50K
30,200246,11,0,0,40,Private,Assoc-voc,Never-married,Craft-repair,Not-in-family,White,Male,United-States,<=50K
26,181597,10,0,0,40,Private,Some-college,Married-civ-spouse,Machine-op-inspct,Husband,Black,Male,United-States,<=50K
34,316470,10,0,0,40,Private,Some-college,Never-married,Adm-clerical,Not-in-family,White,Male,United-States,<=50K
23,103064,9,0,0,40,Private,HS-grad,Never-married,Adm-clerical,Own-child,White,Female,United-States,<=50K
39,24106,10,0,0,40,Private,Some-college,Married-civ-spouse,Sales,Husband,White,Male,Philippines,>50K
26,366900,9,0,0,40,Private,HS-grad,Never-married,Craft-repair,Own-child,White,Male,United-States,<=50K
53,287192,2,0,0,32,Local-gov,1st-4th,Married-civ-spouse,Other-service,Husband,White,Male,Mexico,<=50K
47,365516,14,0,0,40,Private,Masters,Divorced,Prof-specialty,Unmarried,White,Female,United-States,<=50K
71,200418,3,0,0,40,Private,5th-6th,Married-civ-spouse,Transport-moving,Husband,White,Male,United-States,<=50K
30,114691,13,0,0,40,Private,Bachelors,Never-married,Adm-clerical,Other-relative,White,Male,United-States,<=50K
41,518030,13,0,1590,40,State-gov,Bachelors,Never-married,Protective-serv,Not-in-family,Black,Male,Puerto-Rico,<=50K
45,305739,10,0,0,40,State-gov,Some-college,Divorced,Adm-clerical,Not-in-family,White,Female,United-States,<=50K
37,259089,13,0,0,40,Private,Bachelors,Divorced,Exec-managerial,Not-in-family,White,Male,United-States,<=50K
43,27661,14,0,0,45,State-gov,Masters,Never-married,Prof-specialty,Not-in-family,White,Male,United-States,<=50K
33,93930,9,0,0,40,Self-emp-not-inc,HS-grad,Married-civ-spouse,Exec-managerial,Husband,White,Male,United-States,<=50K
45,98881,7,0,0,32,Private,11th,Married-civ-spouse,Other-service,Wife,White,Female,United-States,<=50K
31,147654,9,0,0,40,Private,HS-grad,Never-married,Exec-managerial,Own-child,White,Male,United-States,<=50K
60,210827,13,7688,0,40,Self-emp-inc,Bachelors,Married-civ-spouse,Prof-specialty,Husband,White,Male,United-States,>50K
53,108815,9,0,0,60,Self-emp-not-inc,HS-grad,Married-civ-spouse,Craft-repair,Husband,White,Male,United-States,<=50K
29,116207,9,0,0,65,Self-emp-not-inc,HS-grad,Married-civ-spouse,Prof-specialty,Husband,White,Male,United-States,>50K
26,261203,4,0,0,30,Private,7th-8th,Never-married,Other-service,Unmarried,Other,Female,MISSING,<=50K
34,362787,9,0,0,40,Private,HS-grad,Never-married,Machine-op-inspct,Unmarried,Black,Female,United-States,<=50K
61,107438,4,0,1651,40,Private,7th-8th,Married-civ-spouse,Transport-moving,Husband,Black,Male,United-States,<=50K
73,243030,13,0,0,30,MISSING,Bachelors,Married-civ-spouse,MISSING,Husband,White,Male,United-States,<=50K
17,89870,6,0,0,40,MISSING,10th,Never-married,MISSING,Own-child,White,Male,United-States,<=50K
35,152909,13,0,1887,45,Private,Bachelors,Married-civ-spouse,Exec-managerial,Husband,White,Male,United-States,>50K
40,266803,12,0,0,40,Private,Assoc-acdm,Divorced,Exec-managerial,Not-in-family,White,Female,United-States,>50K
64,167149,4,0,0,25,Self-emp-not-inc,7th-8th,Married-civ-spouse,Other-service,Husband,White,Male,United-States,<=50K
51,93193,9,0,0,40,Private,HS-grad,Divorced,Prof-specialty,Not-in-family,White,Female,United-States,<=50K
36,248708,12,0,0,40,Private,Assoc-acdm,Never-married,Craft-repair,Not-in-family,White,Male,United-States,<=50K
43,320984,10,0,0,50,Self-emp-inc,Some-college,Married-civ-spouse,Machine-op-inspct,Husband,White,Male,United-States,<=50K
46,563883,9,0,0,60,Private,HS-grad,Married-civ-spouse,Craft-repair,Husband,Black,Male,United-States,>50K
64,182979,9,0,0,40,Private,HS-grad,Married-civ-spouse,Machine-op-inspct,Husband,White,Male,United-States,<=50K
57,134286,10,0,0,35,Self-emp-not-inc,Some-college,Separated,Sales,Not-in-family,White,Male,United-States,<=50K
36,130589,10,0,0,45,Private,Some-college,Divorced,Exec-managerial,Not-in-family,White,Male,United-States,<=50K
26,176729,13,0,0,45,Private,Bachelors,Never-married,Craft-repair,Not-in-family,White,Male,United-States,>50K
17,234780,9,0,0,40,Private,HS-grad,Never-married,Farming-fishing,Own-child,Black,Male,United-States,<=50K
27,301302,13,0,0,50,Private,Bachelors,Never-married,Craft-repair,Not-in-family,White,Male,United-States,<=50K
42,169995,9,0,0,48,Private,HS-grad,Married-civ-spouse,Sales,Husband,White,Male,United-States,<=50K
33,241885,10,0,0,40,Private,Some-college,Separated,Machine-op-inspct,Not-in-family,White,Male,United-States,<=50K
43,456236,9,0,0,40,Private,HS-grad,Married-civ-spouse,Craft-repair,Husband,White,Male,United-States,>50K
30,101283,10,0,0,40,Private,Some-college,Never-married,Other-service,Not-in-family,White,Female,United-States,<=50K
27,167737,8,0,0,45,Private,12th,Never-married,Machine-op-inspct,Not-in-family,White,Male,United-States,<=50K
35,160120,13,0,0,40,Private,Bachelors,Married-civ-spouse,Adm-clerical,Husband,Asian-Pac-Islander,Male,Philippines,>50K
39,487486,9,0,0,40,Private,HS-grad,Widowed,Handlers-cleaners,Unmarried,White,Male,MISSING,<=50K
50,77905,13,0,0,8,Private,Bachelors,Divorced,Adm-clerical,Not-in-family,White,Female,United-States,<=50K
25,194342,9,0,0,40,Private,HS-grad,Never-married,Machine-op-inspct,Own-child,White,Male,United-States,<=50K
22,227626,9,0,0,40,Private,HS-grad,Divorced,Transport-moving,Not-in-family,White,Male,United-States,<=50K
62,209433,9,0,0,40,Federal-gov,HS-grad,Married-civ-spouse,Adm-clerical,Husband,Black,Male,United-States,<=50K
75,36325,9,0,0,30,Self-emp-not-inc,HS-grad,Married-civ-spouse,Farming-fishing,Husband,White,Male,United-States,<=50K
48,20296,9,0,0,37,Private,HS-grad,Divorced,Adm-clerical,Not-in-family,White,Female,United-States,>50K
51,108435,14,0,0,47,Private,Masters,Married-civ-spouse,Prof-specialty,Husband,White,Male,United-States,>50K
48,100931,10,0,0,40,Self-emp-not-inc,Some-college,Never-married,Adm-clerical,Not-in-family,White,Male,United-States,<=50K
42,169628,10,0,0,38,Private,Some-college,Divorced,Adm-clerical,Not-in-family,Black,Female,United-States,<=50K
26,158810,13,0,0,70,Private,Bachelors,Never-married,Prof-specialty,Not-in-family,White,Male,United-States,<=50K
55,153788,10,0,0,37,State-gov,Some-college,Married-civ-spouse,Adm-clerical,Wife,White,Female,United-States,<=50K
43,183273,14,15024,0,32,Private,Masters,Married-civ-spouse,Exec-managerial,Wife,White,Female,United-States,>50K
36,321733,13,0,1741,40,Private,Bachelors,Divorced,Exec-managerial,Not-in-family,White,Male,United-States,<=50K
51,183173,9,0,0,40,Self-emp-not-inc,HS-grad,Married-civ-spouse,Sales,Husband,White,Male,United-States,>50K
26,252284,10,0,0,40,State-gov,Some-college,Married-civ-spouse,Protective-serv,Husband,White,Male,United-States,<=50K
24,291979,9,0,0,40,Private,HS-grad,Never-married,Farming-fishing,Not-in-family,White,Male,United-States,<=50K
24,258120,13,0,0,55,Private,Bachelors,Never-married,Sales,Not-in-family,White,Male,Jamaica,<=50K
28,55950,13,0,0,40,MISSING,Bachelors,Never-married,MISSING,Own-child,Black,Female,Germany,<=50K
33,116508,6,0,0,40,Private,10th,Married-civ-spouse,Craft-repair,Husband,White,Male,United-States,<=50K
29,34292,9,0,0,38,Private,HS-grad,Never-married,Other-service,Own-child,White,Male,United-States,<=50K
56,204049,10,0,1848,50,Private,Some-college,Married-civ-spouse,Sales,Husband,White,Male,United-States,>50K
20,236769,10,0,0,40,Private,Some-college,Never-married,Handlers-cleaners,Own-child,White,Male,United-States,<=50K
40,104719,10,0,0,40,Private,Some-college,Married-civ-spouse,Handlers-cleaners,Husband,White,Male,United-States,<=50K
19,199495,10,0,0,60,MISSING,Some-college,Never-married,MISSING,Own-child,White,Male,United-States,<=50K
45,88265,9,0,0,40,Private,HS-grad,Never-married,Machine-op-inspct,Own-child,White,Female,United-States,<=50K
60,183162,9,0,0,40,Private,HS-grad,Widowed,Machine-op-inspct,Not-in-family,White,Female,United-States,<=50K
26,103700,10,0,0,40,Private,Some-college,Never-married,Tech-support,Own-child,White,Female,United-States,<=50K
42,185602,9,0,0,40,Private,HS-grad,Married-civ-spouse,Exec-managerial,Wife,White,Female,United-States,>50K
25,108317,13,0,0,40,Private,Bachelors,Never-married,Exec-managerial,Not-in-family,White,Male,United-States,<=50K
35,325802,12,0,0,24,Private,Assoc-acdm,Divorced,Handlers-cleaners,Unmarried,White,Female,United-States,<=50K
34,152453,8,0,0,40,Private,12th,Married-civ-spouse,Craft-repair,Husband,White,Male,Guatemala,<=50K
28,246974,9,0,0,40,Private,HS-grad,Never-married,Other-service,Not-in-family,White,Male,United-States,<=50K
21,242736,12,0,0,40,MISSING,Assoc-acdm,Never-married,MISSING,Own-child,White,Female,United-States,<=50K
35,108946,9,0,0,40,Private,HS-grad,Divorced,Tech-support,Unmarried,White,Female,United-States,<=50K
41,111891,4,0,0,40,Local-gov,7th-8th,Never-married,Other-service,Unmarried,Black,Female,United-States,<=50K
45,228570,9,0,0,35,Private,HS-grad,Married-civ-spouse,Sales,Wife,White,Female,United-States,<=50K
39,180868,7,0,0,40,MISSING,11th,Never-married,MISSING,Not-in-family,Black,Female,United-States,<=50K
30,116138,13,27828,0,60,Private,Bachelors,Never-married,Exec-managerial,Not-in-family,White,Male,United-States,>50K
20,108887,10,0,0,25,Private,Some-college,Never-married,Adm-clerical,Own-child,White,Female,United-States,<=50K
25,192149,13,0,0,40,Private,Bachelors,Never-married,Adm-clerical,Own-child,White,Female,United-States,<=50K
42,211450,14,0,0,45,Private,Masters,Never-married,Exec-managerial,Not-in-family,White,Male,United-States,>50K
42,195755,9,0,0,40,Private,HS-grad,Separated,Craft-repair,Unmarried,White,Male,United-States,<=50K
34,544268,9,0,0,50,Self-emp-inc,HS-grad,Divorced,Sales,Not-in-family,White,Female,United-States,<=50K
63,38472,10,14084,0,60,Self-emp-inc,Some-college,Widowed,Sales,Not-in-family,White,Female,United-States,>50K
56,188856,13,8614,0,55,Private,Bachelors,Never-married,Exec-managerial,Not-in-family,White,Female,United-States,>50K
48,207982,10,0,0,40,Private,Some-college,Never-married,Other-service,Unmarried,Black,Female,United-States,<=50K
21,286853,9,0,0,35,Private,HS-grad,Never-married,Other-service,Own-child,White,Male,United-States,<=50K
40,105936,9,5013,0,20,Private,HS-grad,Married-civ-spouse,Sales,Wife,White,Female,United-States,<=50K
57,98926,10,0,0,16,Private,Some-college,Widowed,Tech-support,Not-in-family,White,Female,United-States,<=50K
53,288353,13,0,0,40,Private,Bachelors,Married-civ-spouse,Exec-managerial,Husband,White,Male,United-States,>50K
24,212300,9,0,0,38,MISSING,HS-grad,Separated,MISSING,Not-in-family,White,Female,United-States,<=50K
28,61487,9,0,0,40,Private,HS-grad,Never-married,Prof-specialty,Unmarried,Black,Male,United-States,<=50K
41,488706,10,0,0,40,Local-gov,Some-college,Married-civ-spouse,Handlers-cleaners,Husband,White,Male,United-States,<=50K
52,38973,13,0,0,40,Federal-gov,Bachelors,Separated,Adm-clerical,Unmarried,Black,Female,United-States,<=50K
28,125159,10,0,0,40,Local-gov,Some-college,Never-married,Adm-clerical,Other-relative,Black,Male,Haiti,<=50K
32,34437,9,0,0,40,Private,HS-grad,Never-married,Transport-moving,Own-child,White,Male,United-States,<=50K
32,168906,12,0,0,40,Private,Assoc-acdm,Never-married,Adm-clerical,Not-in-family,White,Female,United-States,<=50K
22,175374,10,0,0,24,Private,Some-college,Married-civ-spouse,Other-service,Husband,White,Male,United-States,<=50K
29,67218,13,0,0,40,Private,Bachelors,Married-civ-spouse,Prof-specialty,Husband,White,Male,United-States,>50K
54,198546,14,0,0,38,Private,Masters,Widowed,Adm-clerical,Unmarried,White,Female,United-States,<=50K
60,106282,5,0,0,40,MISSING,9th,Widowed,MISSING,Not-in-family,White,Female,United-States,<=50K
50,204447,10,0,0,40,Self-emp-inc,Some-college,Divorced,Protective-serv,Not-in-family,White,Male,United-States,<=50K
44,195881,10,0,0,45,Private,Some-college,Divorced,Exec-managerial,Other-relative,White,Female,United-States,<=50K
40,193995,9,0,0,30,Private,HS-grad,Married-civ-spouse,Other-service,Husband,White,Male,United-States,<=50K
49,48120,9,1506,0,40,Private,HS-grad,Never-married,Transport-moving,Unmarried,Black,Female,United-States,<=50K
59,87247,6,0,0,40,MISSING,10th,Divorced,MISSING,Not-in-family,White,Female,England,<=50K
46,102359,13,0,0,40,Private,Bachelors,Divorced,Prof-specialty,Not-in-family,White,Male,United-States,<=50K
58,204021,9,0,0,40,Private,HS-grad,Never-married,Transport-moving,Own-child,White,Male,Canada,<=50K
17,133449,5,0,0,26,Private,9th,Never-married,Other-service,Own-child,Black,Male,United-States,<=50K
17,345403,6,0,0,40,Private,10th,Never-married,Other-service,Own-child,White,Male,United-States,<=50K
62,162245,15,0,1628,70,Private,Prof-school,Married-civ-spouse,Prof-specialty,Husband,White,Male,United-States,<=50K
35,196373,13,0,0,45,Self-emp-inc,Bachelors,Married-civ-spouse,Exec-managerial,Husband,White,Male,United-States,>50K
64,59145,16,0,1902,60,Self-emp-inc,Doctorate,Married-civ-spouse,Exec-managerial,Husband,White,Male,United-States,>50K
43,253759,9,0,0,45,Private,HS-grad,Divorced,Adm-clerical,Unmarried,Black,Female,United-States,<=50K
46,201865,15,0,0,60,Self-emp-inc,Prof-school,Married-civ-spouse,Prof-specialty,Husband,White,Male,United-States,>50K
45,235431,9,0,0,40,Local-gov,HS-grad,Separated,Other-service,Unmarried,Black,Female,United-States,<=50K
29,490332,10,0,0,45,Private,Some-college,Married-civ-spouse,Transport-moving,Husband,White,Male,United-States,>50K
51,290290,13,0,0,45,Self-emp-not-inc,Bachelors,Married-civ-spouse,Prof-specialty,Husband,White,Male,United-States,>50K
35,110402,7,0,0,35,Private,11th,Married-civ-spouse,Sales,Husband,White,Male,United-States,<=50K
38,214542,10,0,0,40,Federal-gov,Some-college,Divorced,Handlers-cleaners,Unmarried,Black,Female,United-States,<=50K
29,242147,9,0,0,45,Federal-gov,HS-grad,Divorced,Adm-clerical,Not-in-family,Other,Male,United-States,<=50K
34,467108,10,0,0,50,Private,Some-college,Never-married,Prof-specialty,Not-in-family,White,Male,United-States,>50K
27,232954,9,0,0,45,Private,HS-grad,Married-civ-spouse,Sales,Husband,White,Male,United-States,<=50K
47,270079,4,0,0,40,Private,7th-8th,Married-civ-spouse,Craft-repair,Husband,White,Male,United-States,<=50K
37,204145,11,0,0,45,Private,Assoc-voc,Married-civ-spouse,Craft-repair,Husband,White,Male,United-States,>50K
49,236586,9,0,0,40,Private,HS-grad,Married-civ-spouse,Adm-clerical,Husband,White,Male,United-States,>50K
53,53197,16,0,0,50,State-gov,Doctorate,Married-civ-spouse,Adm-clerical,Husband,White,Male,United-States,>50K
44,105936,12,0,0,40,Private,Assoc-acdm,Divorced,Adm-clerical,Unmarried,White,Female,United-States,<=50K
31,123397,9,5178,0,35,Private,HS-grad,Married-civ-spouse,Transport-moving,Wife,White,Female,United-States,>50K
42,106679,9,0,0,50,Private,HS-grad,Married-civ-spouse,Craft-repair,Husband,White,Male,United-States,>50K
50,146603,15,0,0,40,Self-emp-not-inc,Prof-school,Married-civ-spouse,Prof-specialty,Husband,White,Male,United-States,>50K
74,206682,10,0,1648,35,Self-emp-not-inc,Some-college,Married-civ-spouse,Prof-specialty,Husband,White,Male,United-States,<=50K
49,32212,9,0,0,43,Private,HS-grad,Married-civ-spouse,Exec-managerial,Wife,White,Female,United-States,<=50K
35,342768,9,0,0,40,Private,HS-grad,Married-civ-spouse,Craft-repair,Husband,White,Male,United-States,<=50K
50,144968,9,0,0,15,Private,HS-grad,Never-married,Tech-support,Own-child,White,Male,United-States,<=50K
43,193459,7,0,0,40,Private,11th,Married-civ-spouse,Handlers-cleaners,Husband,White,Male,United-States,<=50K
25,188767,9,0,0,40,Private,HS-grad,Never-married,Craft-repair,Own-child,White,Male,United-States,<=50K
21,38771,10,0,0,40,Local-gov,Some-college,Never-married,Adm-clerical,Own-child,White,Male,United-States,<=50K
33,288273,8,1471,0,40,Private,12th,Separated,Adm-clerical,Unmarried,White,Female,United-States,<=50K
23,60668,6,0,0,40,Private,10th,Married-civ-spouse,Craft-repair,Husband,White,Male,Portugal,<=50K
33,637222,8,0,0,40,Private,12th,Divorced,Machine-op-inspct,Unmarried,Black,Female,United-States,<=50K
45,145636,14,0,1977,43,Private,Masters,Married-civ-spouse,Exec-managerial,Husband,White,Male,United-States,>50K
58,200042,10,15024,0,40,Federal-gov,Some-college,Married-civ-spouse,Exec-managerial,Husband,White,Male,United-States,>50K
34,182714,13,0,0,55,Self-emp-not-inc,Bachelors,Never-married,Prof-specialty,Not-in-family,White,Female,United-States,>50K
38,203138,13,0,0,50,Private,Bachelors,Married-civ-spouse,Adm-clerical,Wife,White,Female,United-States,>50K
46,271828,9,0,0,40,Private,HS-grad,Married-civ-spouse,Machine-op-inspct,Husband,White,Male,United-States,>50K
35,103966,14,0,0,41,Local-gov,Masters,Divorced,Adm-clerical,Unmarried,White,Female,United-States,<=50K
32,173854,13,0,0,35,Self-emp-not-inc,Bachelors,Divorced,Prof-specialty,Other-relative,White,Male,United-States,>50K
45,238567,13,0,0,40,Private,Bachelors,Married-civ-spouse,Exec-managerial,Husband,White,Male,England,>50K
49,189462,9,0,0,40,Private,HS-grad,Married-civ-spouse,Craft-repair,Husband,White,Male,United-States,<=50K
42,236323,9,0,0,40,Private,HS-grad,Divorced,Craft-repair,Unmarried,White,Female,United-States,<=50K
19,181020,7,0,0,30,Private,11th,Never-married,Handlers-cleaners,Other-relative,White,Male,United-States,<=50K
27,29807,9,0,0,40,Private,HS-grad,Separated,Handlers-cleaners,Unmarried,White,Female,Japan,<=50K
49,340755,14,0,0,40,Private,Masters,Married-civ-spouse,Sales,Husband,White,Male,United-States,>50K
17,317702,5,0,0,40,Private,9th,Never-married,Other-service,Own-child,Black,Female,United-States,<=50K
48,345831,9,0,0,40,Private,HS-grad,Divorced,Machine-op-inspct,Not-in-family,White,Male,United-States,<=50K
35,339772,9,0,0,40,Private,HS-grad,Married-civ-spouse,Handlers-cleaners,Husband,Black,Male,United-States,<=50K
55,165695,9,0,0,40,Local-gov,HS-grad,Divorced,Adm-clerical,Unmarried,White,Male,United-States,<=50K
22,176321,4,0,0,40,Private,7th-8th,Never-married,Other-service,Unmarried,White,Female,Mexico,<=50K
17,121037,8,0,0,15,Private,12th,Never-married,Sales,Own-child,White,Female,United-States,<=50K
48,28497,9,0,0,40,Private,HS-grad,Married-civ-spouse,Craft-repair,Husband,White,Male,United-States,<=50K
51,171924,10,0,0,50,Self-emp-not-inc,Some-college,Married-civ-spouse,Sales,Husband,White,Male,United-States,<=50K
32,194981,9,0,0,36,Private,HS-grad,Married-civ-spouse,Tech-support,Wife,White,Female,United-States,<=50K
49,98092,9,0,0,40,Private,HS-grad,Married-civ-spouse,Craft-repair,Husband,White,Male,United-States,>50K
47,205712,10,0,0,38,State-gov,Some-college,Married-civ-spouse,Other-service,Husband,White,Male,United-States,<=50K
51,103529,7,0,0,30,Private,11th,Divorced,Other-service,Unmarried,Black,Female,United-States,<=50K
28,142712,9,0,0,40,Private,HS-grad,Never-married,Handlers-cleaners,Own-child,White,Male,United-States,<=50K
39,280570,13,0,0,45,Private,Bachelors,Married-civ-spouse,Exec-managerial,Husband,White,Male,United-States,<=50K
18,188476,7,0,0,20,Private,11th,Never-married,Exec-managerial,Own-child,White,Male,United-States,<=50K
40,110028,10,0,0,40,Private,Some-college,Married-civ-spouse,Craft-repair,Husband,White,Male,United-States,<=50K
52,183146,8,0,0,50,Self-emp-not-inc,12th,Married-civ-spouse,Exec-managerial,Husband,White,Male,United-States,>50K
44,260761,9,0,0,40,Private,HS-grad,Married-civ-spouse,Craft-repair,Husband,White,Male,United-States,>50K
23,262744,10,0,0,40,Private,Some-college,Never-married,Adm-clerical,Own-child,White,Male,United-States,<=50K
41,166813,10,0,0,55,Private,Some-college,Married-civ-spouse,Sales,Husband,White,Male,United-States,<=50K
22,83704,10,0,0,30,Private,Some-college,Never-married,Adm-clerical,Own-child,White,Male,United-States,<=50K
48,76017,9,0,0,25,Private,HS-grad,Widowed,Other-service,Unmarried,White,Female,United-States,<=50K
36,168826,6,0,0,40,Private,10th,Never-married,Craft-repair,Not-in-family,White,Male,United-States,<=50K
50,50178,10,4064,0,55,Local-gov,Some-college,Married-civ-spouse,Craft-repair,Husband,White,Male,United-States,<=50K
34,281852,9,0,0,80,Private,HS-grad,Never-married,Transport-moving,Not-in-family,Black,Male,United-States,<=50K
43,193494,6,0,0,40,Private,10th,Married-civ-spouse,Adm-clerical,Husband,White,Male,United-States,<=50K
34,36069,9,3908,0,46,Private,HS-grad,Married-civ-spouse,Craft-repair,Husband,White,Male,United-States,<=50K
55,487411,14,0,0,40,MISSING,Masters,Married-civ-spouse,MISSING,Husband,White,Male,United-States,>50K
40,335549,15,0,2444,45,Self-emp-not-inc,Prof-school,Never-married,Prof-specialty,Not-in-family,White,Male,United-States,>50K
56,268213,14,0,0,35,Local-gov,Masters,Married-civ-spouse,Prof-specialty,Husband,White,Male,MISSING,>50K
28,395022,11,0,0,40,Private,Assoc-voc,Divorced,Prof-specialty,Unmarried,White,Female,United-States,<=50K
50,283676,10,0,0,40,Private,Some-college,Divorced,Craft-repair,Not-in-family,White,Male,United-States,<=50K
37,319685,11,0,0,54,MISSING,Assoc-voc,Married-civ-spouse,MISSING,Husband,White,Male,United-States,>50K
44,190205,4,0,0,25,MISSING,7th-8th,Married-civ-spouse,MISSING,Husband,White,Male,United-States,<=50K
24,220426,9,0,0,40,Private,HS-grad,Never-married,Handlers-cleaners,Not-in-family,White,Male,United-States,<=50K
31,125457,9,0,0,45,Private,HS-grad,Never-married,Craft-repair,Not-in-family,White,Male,United-States,<=50K
43,197810,14,0,0,40,Private,Masters,Divorced,Other-service,Unmarried,White,Female,United-States,<=50K
17,159299,7,0,0,20,Private,11th,Never-married,Other-service,Own-child,White,Female,United-States,<=50K
22,341610,10,0,0,35,Private,Some-college,Never-married,Sales,Not-in-family,White,Male,MISSING,<=50K
52,42924,8,0,0,45,Private,12th,Married-civ-spouse,Craft-repair,Husband,White,Male,United-States,<=50K
46,133616,10,0,0,40,Private,Some-college,Divorced,Adm-clerical,Unmarried,White,Female,United-States,<=50K
33,296538,9,0,0,45,Private,HS-grad,Married-civ-spouse,Sales,Husband,White,Male,United-States,>50K
33,100154,6,0,0,40,Private,10th,Separated,Handlers-cleaners,Not-in-family,White,Male,United-States,<=50K
50,30682,14,0,0,50,Local-gov,Masters,Married-civ-spouse,Prof-specialty,Husband,White,Male,United-States,<=50K
27,84977,9,0,0,40,Private,HS-grad,Married-civ-spouse,Craft-repair,Husband,White,Male,United-States,<=50K
22,201729,5,0,0,30,Private,9th,Never-married,Handlers-cleaners,Other-relative,White,Male,United-States,<=50K
45,311080,10,0,0,40,Local-gov,Some-college,Married-civ-spouse,Adm-clerical,Husband,White,Male,United-States,>50K
34,204461,13,0,0,55,Private,Bachelors,Married-civ-spouse,Prof-specialty,Husband,White,Male,United-States,>50K
33,162312,9,0,0,45,Private,HS-grad,Divorced,Sales,Not-in-family,Asian-Pac-Islander,Male,Japan,<=50K
31,373432,13,7298,0,55,State-gov,Bachelors,Married-civ-spouse,Prof-specialty,Husband,White,Male,United-States,>50K
27,178778,9,0,0,40,Private,HS-grad,Married-civ-spouse,Transport-moving,Husband,White,Male,United-States,<=50K
51,178241,9,0,0,40,Private,HS-grad,Married-civ-spouse,Machine-op-inspct,Husband,Black,Male,United-States,>50K
48,36503,10,0,0,40,Private,Some-college,Married-civ-spouse,Exec-managerial,Husband,White,Male,United-States,>50K
19,178147,10,0,0,10,Private,Some-college,Never-married,Handlers-cleaners,Own-child,White,Male,United-States,<=50K
33,391114,9,0,0,40,Private,HS-grad,Never-married,Handlers-cleaners,Own-child,White,Male,United-States,<=50K
48,95244,10,0,0,35,Private,Some-college,Divorced,Other-service,Unmarried,Black,Female,United-States,<=50K
50,139464,13,0,0,36,Private,Bachelors,Divorced,Prof-specialty,Unmarried,White,Female,Ireland,<=50K
57,170066,9,0,0,25,Local-gov,HS-grad,Married-civ-spouse,Transport-moving,Husband,White,Male,United-States,>50K
45,256866,10,5013,0,40,Self-emp-not-inc,Some-college,Married-civ-spouse,Sales,Husband,White,Male,United-States,<=50K
47,162187,10,0,1887,40,Local-gov,Some-college,Married-civ-spouse,Transport-moving,Husband,White,Male,United-States,>50K
53,191565,2,0,0,40,Private,1st-4th,Divorced,Other-service,Unmarried,Black,Female,Dominican-Republic,<=50K
35,308691,14,0,0,48,Private,Masters,Married-civ-spouse,Machine-op-inspct,Husband,White,Male,United-States,<=50K
35,202027,13,27828,0,50,Private,Bachelors,Divorced,Exec-managerial,Not-in-family,White,Male,United-States,>50K
25,262664,13,0,0,40,State-gov,Bachelors,Married-civ-spouse,Protective-serv,Husband,White,Male,United-States,>50K
35,167735,7,6849,0,40,Private,11th,Never-married,Craft-repair,Own-child,White,Male,United-States,<=50K
49,126268,13,0,0,50,Self-emp-not-inc,Bachelors,Married-civ-spouse,Craft-repair,Husband,White,Male,United-States,<=50K
49,110172,9,0,0,40,Local-gov,HS-grad,Married-civ-spouse,Transport-moving,Husband,White,Male,United-States,<=50K
32,173730,13,7688,0,40,Private,Bachelors,Married-civ-spouse,Exec-managerial,Husband,White,Male,United-States,>50K
31,206609,9,0,0,40,Local-gov,HS-grad,Married-civ-spouse,Protective-serv,Husband,White,Male,United-States,>50K
21,143604,10,0,0,29,Private,Some-college,Never-married,Other-service,Own-child,White,Female,MISSING,<=50K
47,133758,9,0,1974,40,Private,HS-grad,Divorced,Exec-managerial,Not-in-family,White,Female,United-States,<=50K
36,127772,13,0,0,40,Local-gov,Bachelors,Divorced,Prof-specialty,Unmarried,White,Male,United-States,<=50K
26,171114,10,0,0,38,Private,Some-college,Never-married,Farming-fishing,Not-in-family,White,Female,United-States,<=50K
57,35561,9,0,0,60,Self-emp-not-inc,HS-grad,Married-civ-spouse,Farming-fishing,Husband,White,Male,United-States,>50K
42,54202,13,10520,0,50,Private,Bachelors,Never-married,Sales,Not-in-family,White,Male,United-States,>50K
37,202683,10,0,0,48,Private,Some-college,Married-civ-spouse,Sales,Husband,White,Male,United-States,>50K
49,233059,9,0,0,60,Self-emp-not-inc,HS-grad,Married-civ-spouse,Craft-repair,Husband,White,Male,United-States,<=50K
29,342989,9,0,0,40,Private,HS-grad,Never-married,Adm-clerical,Own-child,White,Female,United-States,<=50K
30,170130,9,0,0,40,Private,HS-grad,Divorced,Adm-clerical,Unmarried,White,Female,United-States,<=50K
39,126494,9,0,0,40,Private,HS-grad,Divorced,Prof-specialty,Unmarried,White,Female,United-States,<=50K
20,470875,9,0,0,32,Private,HS-grad,Married-civ-spouse,Sales,Own-child,Black,Male,United-States,<=50K
33,176711,13,0,0,40,Private,Bachelors,Married-civ-spouse,Farming-fishing,Husband,White,Male,England,<=50K
32,175878,4,0,0,35,Private,7th-8th,Married-civ-spouse,Craft-repair,Husband,White,Male,United-States,<=50K
80,101771,7,0,0,25,Self-emp-not-inc,11th,Married-civ-spouse,Exec-managerial,Husband,White,Male,United-States,<=50K
22,177107,11,0,0,35,Private,Assoc-voc,Never-married,Prof-specialty,Unmarried,Black,Female,United-States,<=50K
47,138107,13,0,2258,40,Private,Bachelors,Divorced,Exec-managerial,Not-in-family,White,Male,United-States,>50K
36,77146,13,15024,0,45,Self-emp-inc,Bachelors,Married-civ-spouse,Sales,Husband,White,Male,United-States,>50K
26,276548,9,0,0,20,Private,HS-grad,Married-civ-spouse,Sales,Wife,White,Female,United-States,<=50K
23,211160,8,0,0,40,Private,12th,Married-civ-spouse,Handlers-cleaners,Own-child,White,Male,United-States,<=50K
60,182687,12,0,0,40,Private,Assoc-acdm,Divorced,Other-service,Not-in-family,White,Female,United-States,<=50K
44,175669,7,5178,0,36,Private,11th,Married-civ-spouse,Prof-specialty,Wife,White,Female,United-States,>50K
62,72486,9,0,0,24,MISSING,HS-grad,Married-civ-spouse,MISSING,Husband,Asian-Pac-Islander,Male,China,<=50K
24,169624,9,0,0,37,MISSING,HS-grad,Divorced,MISSING,Unmarried,Black,Female,United-States,<=50K
35,210150,9,0,0,40,Private,HS-grad,Divorced,Adm-clerical,Unmarried,White,Female,United-States,<=50K
20,30035,12,0,0,40,Private,Assoc-acdm,Never-married,Sales,Own-child,White,Female,United-States,<=50K
38,364782,9,0,0,40,Private,HS-grad,Married-civ-spouse,Craft-repair,Husband,White,Male,United-States,>50K
19,203319,7,0,0,30,Private,11th,Never-married,Sales,Own-child,White,Male,United-States,<=50K
29,391867,11,0,0,40,Private,Assoc-voc,Married-civ-spouse,Craft-repair,Husband,White,Male,United-States,>50K
41,185616,9,0,1980,40,Federal-gov,HS-grad,Never-married,Adm-clerical,Not-in-family,White,Female,United-States,<=50K
40,309311,9,0,0,40,Private,HS-grad,Married-civ-spouse,Farming-fishing,Husband,White,Male,United-States,<=50K
58,40925,13,0,0,40,State-gov,Bachelors,Married-civ-spouse,Exec-managerial,Husband,White,Male,United-States,<=50K
22,303822,6,0,0,40,Private,10th,Never-married,Craft-repair,Own-child,White,Male,United-States,<=50K
51,167651,9,0,0,40,MISSING,HS-grad,Married-civ-spouse,MISSING,Husband,White,Male,United-States,<=50K
36,348728,13,0,0,35,Local-gov,Bachelors,Never-married,Prof-specialty,Not-in-family,White,Female,United-States,<=50K
47,209212,5,0,0,56,Private,9th,Married-civ-spouse,Machine-op-inspct,Husband,Black,Male,MISSING,<=50K
23,38707,10,0,0,60,Private,Some-college,Married-civ-spouse,Transport-moving,Husband,White,Male,United-States,>50K
33,112383,10,0,0,40,Private,Some-college,Married-civ-spouse,Prof-specialty,Husband,White,Male,United-States,<=50K
50,160572,9,3137,0,47,Private,HS-grad,Married-civ-spouse,Machine-op-inspct,Husband,White,Male,United-States,<=50K
30,103651,7,0,0,35,MISSING,11th,Married-civ-spouse,MISSING,Husband,White,Male,United-States,<=50K
58,290661,9,0,0,40,Private,HS-grad,Married-civ-spouse,Craft-repair,Husband,White,Male,United-States,<=50K
25,463667,9,0,0,8,Self-emp-not-inc,HS-grad,Never-married,Other-service,Not-in-family,White,Male,United-States,<=50K
20,227943,9,0,0,45,Private,HS-grad,Never-married,Handlers-cleaners,Own-child,White,Male,United-States,<=50K
90,87372,15,20051,0,72,Private,Prof-school,Married-civ-spouse,Prof-specialty,Husband,White,Male,United-States,>50K
33,189710,4,0,0,45,Private,7th-8th,Married-civ-spouse,Farming-fishing,Husband,White,Male,Mexico,<=50K
26,366219,9,0,1848,60,Private,HS-grad,Married-civ-spouse,Craft-repair,Husband,Black,Male,United-States,>50K
44,187720,11,0,0,40,Private,Assoc-voc,Never-married,Craft-repair,Unmarried,White,Male,United-States,<=50K
26,102476,13,0,0,40,Private,Bachelors,Married-civ-spouse,Exec-managerial,Husband,White,Male,United-States,<=50K
64,165479,9,0,0,5,Self-emp-not-inc,HS-grad,Married-civ-spouse,Sales,Husband,White,Male,United-States,<=50K
21,362589,13,0,0,20,Private,Bachelors,Never-married,Other-service,Own-child,White,Female,United-States,<=50K
44,167725,9,0,0,40,Private,HS-grad,Married-civ-spouse,Craft-repair,Husband,White,Male,United-States,<=50K
38,119741,14,0,0,40,Private,Masters,Married-civ-spouse,Craft-repair,Husband,Black,Male,United-States,>50K
53,177916,13,7298,0,40,Private,Bachelors,Married-civ-spouse,Adm-clerical,Husband,White,Male,United-States,>50K
46,121124,13,15024,0,40,Local-gov,Bachelors,Married-civ-spouse,Protective-serv,Husband,White,Male,United-States,>50K
35,40135,10,0,2042,40,Private,Some-college,Married-civ-spouse,Handlers-cleaners,Husband,White,Male,United-States,<=50K
65,190568,9,0,810,36,Private,HS-grad,Widowed,Adm-clerical,Not-in-family,White,Female,United-States,<=50K
25,348986,9,0,0,40,Local-gov,HS-grad,Never-married,Handlers-cleaners,Other-relative,Black,Male,United-States,<=50K
26,152855,9,0,0,40,Private,HS-grad,Never-married,Exec-managerial,Own-child,Other,Female,Mexico,<=50K
50,194231,14,0,0,40,Private,Masters,Divorced,Sales,Not-in-family,White,Female,United-States,>50K
24,293579,9,0,0,20,Private,HS-grad,Never-married,Sales,Own-child,Black,Female,United-States,<=50K
41,214838,14,0,0,60,Federal-gov,Masters,Married-civ-spouse,Exec-managerial,Husband,White,Male,United-States,>50K
42,228320,10,0,0,50,Private,Some-college,Married-civ-spouse,Tech-support,Husband,White,Male,United-States,>50K
26,166666,10,0,0,35,Private,Some-college,Never-married,Other-service,Not-in-family,White,Female,United-States,<=50K
21,240517,10,0,0,70,Private,Some-college,Never-married,Machine-op-inspct,Own-child,White,Female,United-States,<=50K
26,195994,10,0,0,15,Private,Some-college,Never-married,Sales,Not-in-family,White,Female,United-States,<=50K
21,78170,9,0,0,42,Private,HS-grad,Never-married,Craft-repair,Not-in-family,White,Male,United-States,<=50K
55,195329,9,2202,0,35,Private,HS-grad,Widowed,Other-service,Not-in-family,White,Female,Italy,<=50K
19,318822,7,0,0,35,Private,11th,Never-married,Priv-house-serv,Not-in-family,White,Female,United-States,<=50K
17,158704,6,0,0,20,Private,10th,Never-married,Sales,Own-child,White,Male,United-States,<=50K
56,425497,12,0,0,20,MISSING,Assoc-acdm,Married-civ-spouse,MISSING,Husband,White,Male,United-States,<=50K
32,236543,8,0,0,40,Private,12th,Married-civ-spouse,Craft-repair,Other-relative,White,Male,Mexico,<=50K
52,199995,14,7298,0,60,Local-gov,Masters,Married-civ-spouse,Exec-managerial,Husband,White,Male,United-States,>50K
84,155057,13,0,0,20,Self-emp-not-inc,Bachelors,Married-civ-spouse,Farming-fishing,Husband,White,Male,United-States,<=50K
50,203098,13,0,0,35,Self-emp-not-inc,Bachelors,Married-civ-spouse,Exec-managerial,Husband,White,Male,United-States,<=50K
21,241951,9,0,0,45,Private,HS-grad,Never-married,Machine-op-inspct,Not-in-family,White,Male,United-States,<=50K
52,117674,10,0,0,40,Private,Some-college,Married-civ-spouse,Exec-managerial,Husband,White,Male,United-States,>50K
45,117556,10,0,0,32,Private,Some-college,Divorced,Adm-clerical,Unmarried,Black,Female,United-States,<=50K
30,181372,13,0,0,33,Local-gov,Bachelors,Married-civ-spouse,Prof-specialty,Wife,White,Female,United-States,>50K
90,40388,13,0,0,55,Private,Bachelors,Never-married,Exec-managerial,Not-in-family,White,Male,United-States,<=50K
52,71768,10,0,0,40,Private,Some-college,Divorced,Adm-clerical,Not-in-family,White,Female,United-States,<=50K
74,228075,10,20051,0,25,Self-emp-inc,Some-college,Married-civ-spouse,Exec-managerial,Husband,White,Male,United-States,>50K
90,250832,6,0,0,40,Private,10th,Married-civ-spouse,Exec-managerial,Husband,White,Male,United-States,<=50K
45,161819,7,0,0,25,Private,11th,Separated,Adm-clerical,Unmarried,Black,Female,United-States,<=50K
55,120920,14,0,0,35,Self-emp-inc,Masters,Divorced,Prof-specialty,Not-in-family,White,Female,United-States,<=50K
17,262511,7,0,0,20,Private,11th,Never-married,Sales,Own-child,White,Male,United-States,<=50K
17,239947,7,0,0,40,Private,11th,Never-married,Adm-clerical,Own-child,White,Male,United-States,<=50K
45,112305,10,0,0,40,Private,Some-college,Divorced,Other-service,Unmarried,Black,Female,United-States,<=50K
45,190088,9,0,0,30,Private,HS-grad,Married-spouse-absent,Adm-clerical,Unmarried,White,Female,United-States,<=50K
36,255454,13,0,0,40,Local-gov,Bachelors,Never-married,Protective-serv,Not-in-family,Black,Male,United-States,<=50K
69,140176,9,0,0,24,Private,HS-grad,Married-civ-spouse,Sales,Husband,White,Male,United-States,<=50K
45,107787,11,0,0,40,Private,Assoc-voc,Married-civ-spouse,Craft-repair,Husband,White,Male,Canada,<=50K
26,117833,13,0,1669,50,Private,Bachelors,Never-married,Exec-managerial,Not-in-family,White,Female,United-States,<=50K
53,321770,9,0,0,35,Local-gov,HS-grad,Married-spouse-absent,Transport-moving,Other-relative,White,Female,United-States,<=50K
26,380674,9,0,0,52,Private,HS-grad,Never-married,Handlers-cleaners,Own-child,White,Male,United-States,<=50K
30,101345,13,3103,0,55,Private,Bachelors,Married-civ-spouse,Sales,Wife,White,Female,United-States,>50K
26,200639,10,0,0,40,Private,Some-college,Married-civ-spouse,Machine-op-inspct,Husband,White,Male,United-States,<=50K
32,27882,10,0,2205,40,Private,Some-college,Never-married,Machine-op-inspct,Other-relative,White,Female,Holand-Netherlands,<=50K
40,289309,10,0,0,48,Private,Some-college,Divorced,Other-service,Not-in-family,White,Female,United-States,<=50K
31,505438,9,0,0,30,MISSING,HS-grad,Married-civ-spouse,MISSING,Husband,White,Male,Mexico,<=50K
34,167474,9,0,0,40,Private,HS-grad,Married-civ-spouse,Exec-managerial,Husband,White,Male,United-States,<=50K
31,195136,12,0,0,32,Private,Assoc-acdm,Divorced,Other-service,Not-in-family,White,Female,United-States,<=50K
19,170800,9,0,0,60,Private,HS-grad,Never-married,Craft-repair,Own-child,White,Male,United-States,<=50K
40,193524,16,0,0,60,Private,Doctorate,Married-civ-spouse,Prof-specialty,Husband,White,Male,United-States,>50K
34,73585,14,0,0,40,Private,Masters,Married-civ-spouse,Prof-specialty,Husband,White,Male,MISSING,<=50K
29,54932,10,0,0,35,Private,Some-college,Divorced,Craft-repair,Unmarried,White,Male,United-States,>50K
47,111563,11,0,0,40,MISSING,Assoc-voc,Divorced,MISSING,Not-in-family,White,Male,United-States,<=50K
49,184986,9,0,0,40,Private,HS-grad,Divorced,Other-service,Not-in-family,White,Female,United-States,<=50K
22,235829,10,0,0,40,Private,Some-college,Never-married,Adm-clerical,Own-child,White,Female,United-States,<=50K
40,234633,10,0,0,40,Private,Some-college,Never-married,Craft-repair,Not-in-family,White,Male,United-States,<=50K
26,378322,7,0,0,40,Private,11th,Married-civ-spouse,Craft-repair,Husband,White,Male,United-States,<=50K
33,79923,14,0,0,45,Private,Masters,Married-civ-spouse,Prof-specialty,Husband,White,Male,United-States,>50K
29,169631,9,0,0,40,Private,HS-grad,Married-spouse-absent,Adm-clerical,Own-child,White,Female,United-States,<=50K
31,50276,13,0,0,60,Private,Bachelors,Divorced,Prof-specialty,Not-in-family,White,Male,United-States,<=50K
38,120074,13,0,0,50,Private,Bachelors,Married-civ-spouse,Machine-op-inspct,Husband,White,Male,United-States,>50K
35,145308,10,0,0,40,Local-gov,Some-college,Married-civ-spouse,Other-service,Husband,White,Male,United-States,<=50K
35,168817,9,0,0,40,Private,HS-grad,Never-married,Machine-op-inspct,Not-in-family,White,Male,United-States,<=50K
21,61777,10,0,0,70,Private,Some-college,Never-married,Craft-repair,Not-in-family,White,Male,United-States,<=50K
42,120837,9,0,2042,48,Self-emp-not-inc,HS-grad,Married-civ-spouse,Craft-repair,Husband,White,Male,United-States,<=50K
55,106707,12,0,0,20,MISSING,Assoc-acdm,Married-civ-spouse,MISSING,Husband,Black,Male,United-States,>50K
34,329587,6,0,0,35,Private,10th,Separated,Other-service,Not-in-family,White,Female,United-States,<=50K
39,316211,13,0,0,40,Private,Bachelors,Never-married,Prof-specialty,Not-in-family,White,Male,United-States,>50K
25,483822,9,0,0,40,Private,HS-grad,Never-married,Other-service,Own-child,White,Male,El-Salvador,<=50K
47,168232,9,0,1887,45,Private,HS-grad,Married-civ-spouse,Transport-moving,Husband,White,Male,United-States,>50K
34,255098,13,0,0,40,Local-gov,Bachelors,Divorced,Prof-specialty,Unmarried,White,Female,United-States,<=50K
41,29762,9,0,0,52,Private,HS-grad,Married-civ-spouse,Craft-repair,Husband,White,Male,United-States,>50K
29,69132,15,99999,0,60,Self-emp-not-inc,Prof-school,Divorced,Prof-specialty,Not-in-family,White,Male,United-States,>50K
40,55191,10,0,0,40,Private,Some-college,Never-married,Adm-clerical,Not-in-family,Black,Female,United-States,<=50K
40,178866,9,0,0,20,Federal-gov,HS-grad,Married-civ-spouse,Adm-clerical,Wife,White,Female,United-States,>50K
55,98361,9,0,0,35,Self-emp-not-inc,HS-grad,Never-married,Craft-repair,Own-child,White,Male,United-States,<=50K
42,203393,13,0,0,35,Private,Bachelors,Married-civ-spouse,Craft-repair,Wife,Black,Female,United-States,>50K
25,169905,11,27828,0,40,Private,Assoc-voc,Never-married,Sales,Not-in-family,White,Male,United-States,>50K
32,209691,13,0,0,42,Private,Bachelors,Married-civ-spouse,Sales,Husband,White,Male,United-States,>50K
53,290640,4,0,0,40,Private,7th-8th,Married-civ-spouse,Craft-repair,Husband,Asian-Pac-Islander,Male,Vietnam,<=50K
42,134220,11,0,0,40,Private,Assoc-voc,Divorced,Exec-managerial,Own-child,Amer-Indian-Eskimo,Female,United-States,<=50K
29,55390,12,0,0,45,Private,Assoc-acdm,Never-married,Tech-support,Not-in-family,White,Male,United-States,<=50K
26,270151,13,0,0,40,Private,Bachelors,Never-married,Sales,Not-in-family,White,Female,United-States,<=50K
73,300404,10,0,0,6,Self-emp-not-inc,Some-college,Married-civ-spouse,Sales,Husband,White,Male,United-States,>50K
42,1125613,9,0,0,40,Local-gov,HS-grad,Divorced,Other-service,Not-in-family,Black,Male,United-States,<=50K
43,972354,10,0,0,48,Private,Some-college,Married-civ-spouse,Other-service,Husband,White,Male,United-States,<=50K
41,175674,13,0,0,40,Private,Bachelors,Married-civ-spouse,Tech-support,Husband,White,Male,United-States,>50K
57,61761,10,0,1672,45,Private,Some-college,Married-civ-spouse,Craft-repair,Husband,White,Male,United-States,<=50K
50,135465,13,0,0,50,Private,Bachelors,Married-civ-spouse,Exec-managerial,Husband,White,Male,United-States,>50K
50,22428,14,0,0,40,MISSING,Masters,Never-married,MISSING,Not-in-family,White,Male,United-States,<=50K
35,200426,11,0,0,44,Private,Assoc-voc,Married-spouse-absent,Prof-specialty,Unmarried,White,Female,United-States,<=50K
27,278720,9,0,0,45,Private,HS-grad,Married-civ-spouse,Craft-repair,Husband,White,Male,United-States,>50K
35,100375,6,0,0,60,Private,10th,Divorced,Craft-repair,Not-in-family,White,Male,United-States,<=50K
63,101077,12,0,0,35,Private,Assoc-acdm,Married-spouse-absent,Adm-clerical,Other-relative,White,Female,United-States,<=50K
52,43909,9,0,0,40,Local-gov,HS-grad,Divorced,Adm-clerical,Unmarried,Black,Female,United-States,<=50K
41,107327,11,0,0,40,Local-gov,Assoc-voc,Divorced,Prof-specialty,Unmarried,White,Female,United-States,<=50K
27,258768,13,0,0,40,Private,Bachelors,Never-married,Handlers-cleaners,Not-in-family,Black,Male,United-States,<=50K
25,253267,10,0,1902,36,Private,Some-college,Married-civ-spouse,Adm-clerical,Husband,Black,Male,United-States,>50K
50,237735,3,0,0,37,Private,5th-6th,Married-civ-spouse,Transport-moving,Husband,White,Male,Mexico,<=50K
35,129305,9,0,0,40,MISSING,HS-grad,Married-civ-spouse,MISSING,Husband,White,Male,United-States,<=50K
27,263614,12,0,0,45,Private,Assoc-acdm,Married-civ-spouse,Craft-repair,Husband,White,Male,United-States,>50K
32,207668,9,0,0,50,Private,HS-grad,Married-civ-spouse,Craft-repair,Husband,White,Male,United-States,<=50K
44,184378,11,0,0,40,Private,Assoc-voc,Married-civ-spouse,Exec-managerial,Husband,White,Male,United-States,<=50K
29,156815,9,0,0,40,Self-emp-inc,HS-grad,Married-civ-spouse,Other-service,Husband,White,Male,United-States,<=50K
31,189759,12,0,0,40,Private,Assoc-acdm,Married-civ-spouse,Adm-clerical,Husband,White,Male,Italy,<=50K
54,319697,10,0,0,40,Private,Some-college,Married-civ-spouse,Prof-specialty,Wife,White,Female,United-States,<=50K
31,35378,10,0,0,45,Private,Some-college,Divorced,Adm-clerical,Not-in-family,White,Female,United-States,<=50K
19,236570,9,0,0,16,Private,HS-grad,Never-married,Adm-clerical,Own-child,White,Female,United-States,<=50K
58,123436,13,7688,0,50,Private,Bachelors,Married-civ-spouse,Exec-managerial,Husband,White,Male,United-States,>50K
52,231166,11,0,0,40,State-gov,Assoc-voc,Married-civ-spouse,Exec-managerial,Husband,White,Male,United-States,<=50K
42,177307,15,0,0,65,Self-emp-not-inc,Prof-school,Married-civ-spouse,Farming-fishing,Husband,White,Male,United-States,>50K
23,664670,9,0,0,40,Private,HS-grad,Never-married,Craft-repair,Own-child,Black,Male,United-States,<=50K
30,212064,13,0,0,40,Private,Bachelors,Never-married,Prof-specialty,Own-child,White,Female,United-States,<=50K
21,145389,10,0,0,25,Private,Some-college,Never-married,Prof-specialty,Not-in-family,White,Female,United-States,<=50K
63,180911,7,4386,0,37,Private,11th,Married-civ-spouse,Protective-serv,Husband,White,Male,United-States,>50K
67,141085,9,0,0,20,Self-emp-not-inc,HS-grad,Divorced,Prof-specialty,Not-in-family,White,Female,United-States,<=50K
31,164707,10,0,0,40,Private,Some-college,Never-married,Sales,Other-relative,White,Female,MISSING,<=50K
36,245521,4,0,0,35,Private,7th-8th,Married-civ-spouse,Farming-fishing,Husband,White,Male,Mexico,<=50K
43,200835,9,0,0,40,Private,HS-grad,Married-civ-spouse,Craft-repair,Husband,White,Male,United-States,<=50K
22,129172,10,0,0,16,Private,Some-college,Never-married,Other-service,Own-child,White,Male,United-States,<=50K
25,76978,9,0,0,35,Private,HS-grad,Never-married,Sales,Unmarried,Black,Female,United-States,<=50K
39,52978,10,0,1721,55,Private,Some-college,Divorced,Other-service,Not-in-family,White,Female,United-States,<=50K
25,74977,10,0,0,40,Private,Some-college,Married-civ-spouse,Adm-clerical,Wife,White,Female,United-States,<=50K
21,301694,9,0,0,35,Private,HS-grad,Never-married,Craft-repair,Not-in-family,White,Male,Mexico,<=50K
25,234263,13,0,0,40,Private,Bachelors,Never-married,Sales,Not-in-family,White,Male,United-States,<=50K
38,64875,9,0,0,50,Self-emp-not-inc,HS-grad,Divorced,Farming-fishing,Not-in-family,White,Male,United-States,<=50K
45,149218,13,0,0,77,Self-emp-not-inc,Bachelors,Married-civ-spouse,Farming-fishing,Husband,White,Male,United-States,<=50K
39,218490,13,0,1977,40,Private,Bachelors,Married-civ-spouse,Exec-managerial,Husband,White,Male,United-States,>50K
63,54851,9,0,0,40,MISSING,HS-grad,Married-civ-spouse,MISSING,Husband,White,Male,United-States,<=50K
36,147548,9,0,0,85,Private,HS-grad,Married-civ-spouse,Machine-op-inspct,Husband,White,Male,United-States,<=50K
52,416059,13,0,0,40,Private,Bachelors,Married-civ-spouse,Prof-specialty,Husband,Black,Male,United-States,>50K
34,238912,9,0,0,40,Private,HS-grad,Married-civ-spouse,Exec-managerial,Husband,White,Male,United-States,<=50K
62,200577,14,0,0,45,Self-emp-inc,Masters,Married-civ-spouse,Sales,Husband,White,Male,United-States,>50K
50,173224,14,0,0,40,Local-gov,Masters,Married-civ-spouse,Prof-specialty,Wife,White,Female,United-States,<=50K
47,173938,13,0,0,50,Local-gov,Bachelors,Married-civ-spouse,Craft-repair,Husband,White,Male,United-States,>50K
31,416415,9,0,0,45,Private,HS-grad,Separated,Adm-clerical,Not-in-family,White,Male,United-States,<=50K
25,262778,13,6849,0,50,Private,Bachelors,Never-married,Sales,Not-in-family,White,Female,United-States,<=50K
21,145964,8,0,0,40,Private,12th,Never-married,Farming-fishing,Not-in-family,White,Male,United-States,<=50K
18,216508,8,0,0,25,MISSING,12th,Never-married,MISSING,Not-in-family,White,Male,United-States,<=50K
30,79448,10,0,0,10,Private,Some-college,Divorced,Adm-clerical,Unmarried,White,Female,United-States,<=50K
36,175759,9,0,0,40,Private,HS-grad,Divorced,Exec-managerial,Unmarried,White,Male,United-States,<=50K
50,155118,9,99999,0,35,Self-emp-not-inc,HS-grad,Divorced,Exec-managerial,Not-in-family,White,Female,United-States,>50K
23,250630,13,0,0,40,Private,Bachelors,Never-married,Sales,Not-in-family,White,Female,United-States,<=50K
34,97723,13,0,0,40,Private,Bachelors,Married-civ-spouse,Prof-specialty,Husband,White,Male,United-States,>50K
55,147098,9,0,0,50,Private,HS-grad,Married-civ-spouse,Craft-repair,Husband,White,Male,United-States,>50K
28,66473,9,0,0,40,Private,HS-grad,Married-civ-spouse,Machine-op-inspct,Husband,White,Male,United-States,<=50K
28,163862,13,5178,0,40,Federal-gov,Bachelors,Married-civ-spouse,Exec-managerial,Husband,White,Male,United-States,>50K
23,149396,9,0,0,40,Private,HS-grad,Never-married,Adm-clerical,Own-child,Black,Female,United-States,<=50K
45,170092,10,0,0,50,Private,Some-college,Divorced,Other-service,Not-in-family,White,Female,United-States,<=50K
17,325171,6,0,0,35,Self-emp-inc,10th,Never-married,Other-service,Own-child,Black,Male,United-States,<=50K
35,230054,4,0,0,40,Private,7th-8th,Married-civ-spouse,Machine-op-inspct,Husband,White,Male,Mexico,<=50K
41,49654,9,0,0,52,Private,HS-grad,Divorced,Adm-clerical,Unmarried,White,Female,United-States,<=50K
56,134756,9,0,0,40,Private,HS-grad,Never-married,Other-service,Not-in-family,Black,Female,United-States,<=50K
35,172186,10,0,0,40,Private,Some-college,Never-married,Craft-repair,Own-child,White,Male,United-States,<=50K
53,266598,9,0,0,40,Federal-gov,HS-grad,Married-civ-spouse,Prof-specialty,Husband,White,Male,United-States,>50K
56,109015,10,7688,0,50,Private,Some-college,Married-civ-spouse,Exec-managerial,Wife,White,Female,United-States,>50K
23,184271,13,0,0,36,Private,Bachelors,Never-married,Prof-specialty,Not-in-family,White,Female,United-States,<=50K
43,88233,10,0,0,60,Private,Some-college,Married-civ-spouse,Transport-moving,Husband,White,Male,United-States,<=50K
29,125190,9,0,0,40,Self-emp-not-inc,HS-grad,Married-civ-spouse,Craft-repair,Husband,White,Male,United-States,<=50K
46,31432,9,3103,0,52,Private,HS-grad,Married-civ-spouse,Adm-clerical,Wife,White,Female,United-States,>50K
58,142326,13,0,0,50,Private,Bachelors,Divorced,Prof-specialty,Not-in-family,White,Female,United-States,<=50K
30,182714,10,0,0,40,Private,Some-college,Never-married,Exec-managerial,Not-in-family,White,Female,England,<=50K
20,154781,9,0,0,40,Private,HS-grad,Never-married,Adm-clerical,Not-in-family,White,Female,United-States,<=50K
47,296066,10,0,0,40,Private,Some-college,Married-civ-spouse,Prof-specialty,Husband,White,Male,United-States,<=50K
21,163333,10,0,0,35,Private,Some-college,Never-married,Other-service,Own-child,White,Female,United-States,<=50K
56,147989,10,0,0,40,Private,Some-college,Married-spouse-absent,Transport-moving,Not-in-family,White,Male,United-States,<=50K
40,321187,13,0,0,45,Local-gov,Bachelors,Never-married,Prof-specialty,Unmarried,White,Female,United-States,<=50K
48,184513,13,0,0,80,MISSING,Bachelors,Married-civ-spouse,MISSING,Husband,White,Male,United-States,>50K
19,258026,9,0,0,16,MISSING,HS-grad,Never-married,MISSING,Not-in-family,White,Female,United-States,<=50K
37,709445,9,0,0,40,Private,HS-grad,Separated,Craft-repair,Other-relative,Black,Male,United-States,<=50K
18,78567,10,0,0,30,MISSING,Some-college,Never-married,MISSING,Own-child,White,Male,United-States,<=50K
38,213716,11,0,0,30,Private,Assoc-voc,Divorced,Other-service,Not-in-family,White,Female,United-States,<=50K
43,91949,9,0,0,40,Private,HS-grad,Divorced,Machine-op-inspct,Not-in-family,Black,Female,United-States,<=50K
26,245880,9,0,0,60,Private,HS-grad,Never-married,Adm-clerical,Not-in-family,White,Male,United-States,<=50K
48,328606,9,0,0,40,Federal-gov,HS-grad,Divorced,Handlers-cleaners,Not-in-family,White,Male,United-States,<=50K
48,99127,12,0,0,45,Private,Assoc-acdm,Married-civ-spouse,Transport-moving,Husband,White,Male,United-States,<=50K
28,183175,10,0,0,40,Private,Some-college,Divorced,Adm-clerical,Not-in-family,White,Female,United-States,<=50K
24,200593,9,0,0,50,Private,HS-grad,Married-civ-spouse,Handlers-cleaners,Husband,White,Male,United-States,<=50K
32,223267,14,0,0,48,Local-gov,Masters,Married-civ-spouse,Prof-specialty,Husband,White,Male,United-States,<=50K
44,104196,14,0,0,45,Private,Masters,Married-civ-spouse,Exec-managerial,Husband,White,Male,United-States,>50K
30,24292,13,0,0,45,Private,Bachelors,Married-civ-spouse,Sales,Husband,White,Male,United-States,>50K
37,203828,5,0,0,65,Private,9th,Married-civ-spouse,Transport-moving,Husband,White,Male,United-States,<=50K
40,40024,15,0,0,38,State-gov,Prof-school,Married-civ-spouse,Prof-specialty,Husband,White,Male,United-States,>50K
51,45599,9,0,0,40,Private,HS-grad,Divorced,Prof-specialty,Not-in-family,White,Male,United-States,<=50K
50,128478,9,0,0,60,Private,HS-grad,Married-civ-spouse,Craft-repair,Husband,White,Male,United-States,>50K
46,56841,9,0,0,40,Private,HS-grad,Married-civ-spouse,Transport-moving,Husband,White,Male,United-States,<=50K
23,129345,10,0,0,25,Private,Some-college,Never-married,Other-service,Not-in-family,White,Male,United-States,<=50K
27,173800,14,0,0,20,MISSING,Masters,Never-married,MISSING,Unmarried,Asian-Pac-Islander,Male,Taiwan,<=50K
21,102942,10,0,2001,40,Local-gov,Some-college,Never-married,Other-service,Not-in-family,White,Female,United-States,<=50K
19,339123,10,0,0,40,Private,Some-college,Never-married,Exec-managerial,Own-child,White,Male,United-States,<=50K
57,102058,14,0,0,40,Self-emp-not-inc,Masters,Married-civ-spouse,Prof-specialty,Husband,White,Male,United-States,>50K
38,296478,11,7298,0,40,Private,Assoc-voc,Married-civ-spouse,Craft-repair,Husband,White,Male,United-States,>50K
55,190514,4,0,0,75,Private,7th-8th,Married-civ-spouse,Adm-clerical,Husband,White,Male,United-States,<=50K
39,99270,13,0,0,50,Private,Bachelors,Married-civ-spouse,Prof-specialty,Wife,White,Female,Germany,>50K
37,103986,13,7688,0,39,Private,Bachelors,Married-civ-spouse,Prof-specialty,Husband,White,Male,United-States,>50K
44,277533,10,0,0,40,Private,Some-college,Married-civ-spouse,Craft-repair,Husband,White,Male,United-States,<=50K
38,186191,13,0,0,40,Private,Bachelors,Never-married,Prof-specialty,Own-child,White,Male,United-States,<=50K
59,147989,10,0,0,50,Private,Some-college,Married-civ-spouse,Tech-support,Husband,White,Male,United-States,>50K
33,236396,13,0,1902,55,Private,Bachelors,Married-civ-spouse,Sales,Husband,White,Male,United-States,>50K
18,119655,8,0,0,12,Private,12th,Never-married,Adm-clerical,Own-child,White,Female,United-States,<=50K
56,266091,13,0,0,45,Private,Bachelors,Never-married,Prof-specialty,Not-in-family,White,Female,Mexico,<=50K
43,137722,9,0,0,40,Private,HS-grad,Married-civ-spouse,Handlers-cleaners,Husband,White,Male,United-States,<=50K
18,298860,8,0,0,20,Private,12th,Never-married,Handlers-cleaners,Own-child,White,Male,United-States,<=50K
52,189728,9,0,0,35,State-gov,HS-grad,Separated,Other-service,Not-in-family,White,Female,United-States,<=50K
39,272166,13,0,0,30,Local-gov,Bachelors,Separated,Prof-specialty,Not-in-family,Black,Male,United-States,<=50K
26,68991,9,0,0,40,Private,HS-grad,Never-married,Other-service,Unmarried,Black,Male,United-States,<=50K
20,176321,8,0,0,40,Private,12th,Never-married,Adm-clerical,Own-child,White,Female,Mexico,<=50K
35,509462,13,0,0,45,Private,Bachelors,Never-married,Exec-managerial,Not-in-family,White,Female,United-States,<=50K
54,119570,12,0,0,50,Self-emp-inc,Assoc-acdm,Married-civ-spouse,Sales,Husband,White,Male,United-States,>50K
48,355978,14,0,0,40,Private,Masters,Married-civ-spouse,Exec-managerial,Husband,White,Male,United-States,<=50K
26,350853,3,0,0,40,Private,5th-6th,Never-married,Transport-moving,Not-in-family,White,Male,MISSING,<=50K
24,279041,9,0,0,40,Private,HS-grad,Never-married,Handlers-cleaners,Own-child,Black,Male,United-States,<=50K
24,374253,9,0,0,55,Private,HS-grad,Separated,Other-service,Not-in-family,White,Female,United-States,<=50K
41,293791,11,0,0,55,Private,Assoc-voc,Married-civ-spouse,Transport-moving,Husband,White,Male,United-States,<=50K
34,192002,14,0,0,55,Private,Masters,Married-civ-spouse,Prof-specialty,Husband,White,Male,United-States,>50K
24,215712,10,0,0,35,Private,Some-college,Never-married,Other-service,Not-in-family,White,Male,United-States,<=50K
52,89028,9,0,0,40,Self-emp-not-inc,HS-grad,Married-civ-spouse,Craft-repair,Husband,Asian-Pac-Islander,Male,United-States,<=50K
27,210867,4,0,0,50,Private,7th-8th,Never-married,Farming-fishing,Own-child,White,Male,MISSING,<=50K
33,33308,10,0,0,70,Self-emp-not-inc,Some-college,Never-married,Farming-fishing,Not-in-family,White,Male,United-States,<=50K
61,162432,10,0,0,40,Private,Some-college,Divorced,Other-service,Not-in-family,White,Female,United-States,<=50K
20,374116,9,0,0,40,Private,HS-grad,Never-married,Prof-specialty,Other-relative,White,Female,United-States,<=50K
34,167781,9,0,0,50,Private,HS-grad,Married-civ-spouse,Other-service,Husband,White,Male,United-States,<=50K
31,137367,7,0,0,40,Private,11th,Married-spouse-absent,Handlers-cleaners,Not-in-family,Asian-Pac-Islander,Male,India,<=50K
33,159888,7,0,0,40,Private,11th,Married-civ-spouse,Craft-repair,Husband,White,Male,United-States,<=50K
46,174995,9,0,0,45,Private,HS-grad,Divorced,Adm-clerical,Unmarried,White,Female,United-States,<=50K
18,264924,10,0,0,40,MISSING,Some-college,Never-married,MISSING,Own-child,White,Female,United-States,<=50K
18,133055,9,0,0,30,Private,HS-grad,Never-married,Other-service,Own-child,White,Female,United-States,<=50K
42,373469,9,0,0,40,Private,HS-grad,Married-civ-spouse,Craft-repair,Husband,White,Male,United-States,>50K
20,58740,10,0,0,15,MISSING,Some-college,Never-married,MISSING,Own-child,White,Male,United-States,<=50K
39,252327,4,0,0,40,Private,7th-8th,Never-married,Other-service,Own-child,White,Male,Mexico,<=50K
28,96219,13,0,0,5,Self-emp-not-inc,Bachelors,Married-civ-spouse,Sales,Wife,White,Female,United-States,<=50K
23,166371,10,0,0,60,Private,Some-college,Never-married,Tech-support,Own-child,White,Male,United-States,<=50K
51,74784,13,0,0,60,Private,Bachelors,Divorced,Sales,Not-in-family,White,Female,United-States,<=50K
50,193374,2,0,0,40,Private,1st-4th,Married-spouse-absent,Craft-repair,Unmarried,White,Male,United-States,<=50K
33,102884,13,0,0,20,Self-emp-not-inc,Bachelors,Married-civ-spouse,Sales,Own-child,White,Male,United-States,<=50K
33,158416,9,0,0,40,Private,HS-grad,Never-married,Machine-op-inspct,Not-in-family,White,Male,United-States,<=50K
19,206599,10,0,0,16,Private,Some-college,Never-married,Adm-clerical,Own-child,White,Female,United-States,<=50K
27,89718,10,0,0,40,Self-emp-inc,Some-college,Separated,Sales,Own-child,White,Female,United-States,<=50K
42,121718,9,0,0,24,Self-emp-not-inc,HS-grad,Married-civ-spouse,Craft-repair,Husband,White,Male,United-States,<=50K
47,169180,14,0,0,35,Private,Masters,Never-married,Prof-specialty,Not-in-family,White,Female,United-States,<=50K
60,226949,9,0,0,37,Private,HS-grad,Divorced,Adm-clerical,Unmarried,White,Female,United-States,<=50K
31,255004,13,0,1741,38,Private,Bachelors,Never-married,Exec-managerial,Not-in-family,White,Male,United-States,<=50K
63,125178,13,0,0,40,Self-emp-not-inc,Bachelors,Married-civ-spouse,Prof-specialty,Husband,White,Male,United-States,>50K
23,91189,10,0,0,40,Private,Some-college,Married-civ-spouse,Tech-support,Husband,White,Male,United-States,<=50K
36,129150,10,0,0,20,Private,Some-college,Married-civ-spouse,Prof-specialty,Husband,White,Male,United-States,>50K
51,269080,4,0,0,40,Private,7th-8th,Widowed,Other-service,Unmarried,Black,Female,United-States,<=50K
36,95654,13,0,0,50,Private,Bachelors,Married-civ-spouse,Prof-specialty,Wife,White,Female,Iran,>50K
58,56392,10,0,0,40,Private,Some-college,Married-civ-spouse,Sales,Husband,White,Male,United-States,<=50K
45,140644,13,0,0,40,Local-gov,Bachelors,Divorced,Protective-serv,Not-in-family,White,Male,United-States,>50K
46,102308,15,15024,0,50,Federal-gov,Prof-school,Married-civ-spouse,Prof-specialty,Husband,White,Male,United-States,>50K
46,51618,9,0,0,40,Private,HS-grad,Married-civ-spouse,Other-service,Wife,White,Female,United-States,<=50K
35,320084,13,0,0,55,MISSING,Bachelors,Married-civ-spouse,MISSING,Wife,White,Female,United-States,>50K
26,135845,10,0,0,37,Private,Some-college,Never-married,Sales,Not-in-family,White,Female,United-States,<=50K
23,156513,9,0,0,40,Private,HS-grad,Never-married,Handlers-cleaners,Own-child,Black,Male,United-States,<=50K
31,22201,9,0,0,40,Private,HS-grad,Married-civ-spouse,Adm-clerical,Husband,Amer-Indian-Eskimo,Male,United-States,>50K
18,249857,10,0,0,20,Private,Some-college,Never-married,Other-service,Own-child,White,Male,United-States,<=50K
45,201865,16,0,0,45,Private,Doctorate,Married-civ-spouse,Exec-managerial,Husband,White,Male,United-States,>50K
50,183915,13,0,0,45,Self-emp-not-inc,Bachelors,Married-civ-spouse,Craft-repair,Husband,White,Male,United-States,>50K
28,288598,9,0,0,35,Private,HS-grad,Married-civ-spouse,Craft-repair,Husband,White,Male,United-States,<=50K
39,505119,14,0,0,40,Private,Masters,Married-civ-spouse,Exec-managerial,Husband,White,Male,Cuba,>50K
30,230224,13,0,0,55,Private,Bachelors,Never-married,Exec-managerial,Not-in-family,White,Male,United-States,>50K
40,130749,10,0,0,40,Federal-gov,Some-college,Divorced,Exec-managerial,Not-in-family,Black,Female,United-States,<=50K
45,146497,10,0,0,55,Private,Some-college,Widowed,Exec-managerial,Unmarried,White,Female,United-States,<=50K
17,161981,6,0,0,40,MISSING,10th,Never-married,MISSING,Own-child,White,Male,United-States,<=50K
47,204377,10,0,0,20,Local-gov,Some-college,Never-married,Other-service,Own-child,White,Female,United-States,<=50K
23,162945,9,0,2377,40,Private,HS-grad,Married-civ-spouse,Sales,Husband,White,Male,United-States,<=50K
17,143791,6,0,0,12,Private,10th,Never-married,Other-service,Own-child,Black,Female,United-States,<=50K
39,324420,2,0,0,45,Private,1st-4th,Married-civ-spouse,Craft-repair,Husband,White,Male,Mexico,<=50K
66,157942,9,0,0,40,Local-gov,HS-grad,Widowed,Transport-moving,Not-in-family,Black,Female,United-States,<=50K
33,174789,10,0,0,50,Private,Some-college,Never-married,Adm-clerical,Not-in-family,White,Male,United-States,<=50K
31,159123,13,0,0,60,Private,Bachelors,Married-civ-spouse,Prof-specialty,Husband,White,Male,United-States,>50K
48,497486,9,1471,0,40,Federal-gov,HS-grad,Married-spouse-absent,Adm-clerical,Unmarried,White,Female,United-States,<=50K
40,147372,10,0,2444,40,Local-gov,Some-college,Never-married,Protective-serv,Not-in-family,White,Male,United-States,>50K
22,188569,10,0,0,20,Private,Some-college,Never-married,Adm-clerical,Not-in-family,White,Female,United-States,<=50K
34,134886,10,0,0,40,Private,Some-college,Never-married,Adm-clerical,Not-in-family,White,Female,United-States,<=50K
46,148995,9,0,0,40,Private,HS-grad,Married-civ-spouse,Sales,Husband,White,Male,United-States,>50K
17,191910,7,0,0,20,Local-gov,11th,Never-married,Sales,Own-child,White,Male,United-States,<=50K
43,111483,10,7298,0,40,Private,Some-college,Married-civ-spouse,Sales,Husband,White,Male,United-States,>50K
62,232308,13,0,0,40,Private,Bachelors,Married-civ-spouse,Exec-managerial,Husband,White,Male,United-States,>50K
51,29887,9,0,0,44,Private,HS-grad,Divorced,Exec-managerial,Not-in-family,White,Male,United-States,<=50K
27,39665,9,0,0,37,Private,HS-grad,Divorced,Sales,Unmarried,White,Female,United-States,<=50K
25,421467,12,0,0,26,Private,Assoc-acdm,Never-married,Handlers-cleaners,Own-child,White,Male,United-States,<=50K
31,213750,10,0,0,45,Private,Some-college,Never-married,Sales,Not-in-family,White,Male,United-States,<=50K
33,149726,9,0,0,40,Private,HS-grad,Married-civ-spouse,Sales,Husband,White,Male,United-States,>50K
48,267912,13,0,0,50,Private,Bachelors,Never-married,Other-service,Not-in-family,White,Male,Mexico,>50K
26,222539,10,0,0,40,Private,Some-college,Married-civ-spouse,Craft-repair,Husband,White,Male,United-States,>50K
30,91145,9,0,0,55,Private,HS-grad,Never-married,Handlers-cleaners,Unmarried,White,Male,United-States,<=50K
32,151053,9,0,0,40,Private,HS-grad,Married-civ-spouse,Handlers-cleaners,Husband,White,Male,United-States,>50K
28,94880,10,0,0,43,Private,Some-college,Never-married,Craft-repair,Not-in-family,White,Male,Mexico,<=50K
48,102102,11,0,0,50,Private,Assoc-voc,Married-civ-spouse,Tech-support,Husband,White,Male,United-States,>50K
23,217961,10,0,0,15,Private,Some-college,Never-married,Handlers-cleaners,Own-child,White,Male,United-States,<=50K
45,187901,9,0,2258,44,Private,HS-grad,Divorced,Farming-fishing,Not-in-family,White,Male,United-States,>50K
62,39610,10,0,0,80,Self-emp-not-inc,Some-college,Married-civ-spouse,Farming-fishing,Husband,White,Male,United-States,<=50K
23,125106,13,0,0,40,Private,Bachelors,Never-married,Prof-specialty,Own-child,White,Female,United-States,<=50K
40,374764,10,0,0,40,Private,Some-college,Divorced,Handlers-cleaners,Not-in-family,White,Male,United-States,<=50K
23,615367,13,0,0,40,Private,Bachelors,Never-married,Sales,Not-in-family,White,Female,United-States,<=50K
62,202056,13,14084,0,40,State-gov,Bachelors,Divorced,Prof-specialty,Not-in-family,White,Male,United-States,>50K
19,129059,10,0,0,30,Private,Some-college,Never-married,Sales,Own-child,Black,Male,United-States,<=50K
56,160932,9,0,0,44,Private,HS-grad,Married-civ-spouse,Transport-moving,Husband,White,Male,United-States,>50K
54,185042,2,0,0,40,Private,1st-4th,Separated,Priv-house-serv,Other-relative,White,Female,Mexico,<=50K
56,133819,9,0,0,40,Private,HS-grad,Separated,Craft-repair,Not-in-family,White,Female,United-States,<=50K
28,118861,6,0,0,48,Private,10th,Married-civ-spouse,Craft-repair,Wife,Other,Female,Guatemala,<=50K
31,387116,10,0,0,36,Private,Some-college,Never-married,Adm-clerical,Not-in-family,Black,Female,Jamaica,<=50K
31,167725,13,15024,0,48,Private,Bachelors,Married-civ-spouse,Prof-specialty,Husband,Asian-Pac-Islander,Male,Philippines,>50K
36,186035,7,5178,0,40,Private,11th,Married-civ-spouse,Craft-repair,Husband,White,Male,United-States,>50K
34,314646,5,0,0,40,Private,9th,Married-civ-spouse,Craft-repair,Husband,White,Male,United-States,<=50K
28,185647,10,0,0,48,Local-gov,Some-college,Married-civ-spouse,Protective-serv,Husband,White,Male,United-States,<=50K
23,208598,10,0,0,45,Private,Some-college,Never-married,Sales,Not-in-family,White,Male,United-States,<=50K
54,221915,15,0,0,65,Private,Prof-school,Never-married,Prof-specialty,Other-relative,White,Female,United-States,<=50K
60,245062,9,0,0,40,Private,HS-grad,Married-civ-spouse,Craft-repair,Husband,White,Male,United-States,>50K
17,56986,8,0,0,18,Private,12th,Never-married,Sales,Own-child,White,Female,United-States,<=50K
43,38876,9,0,0,50,Self-emp-not-inc,HS-grad,Married-civ-spouse,Farming-fishing,Husband,White,Male,United-States,<=50K
28,122540,6,0,0,40,Private,10th,Divorced,Handlers-cleaners,Not-in-family,White,Male,United-States,<=50K
39,148443,9,0,0,60,Self-emp-not-inc,HS-grad,Married-civ-spouse,Farming-fishing,Husband,White,Male,United-States,<=50K
30,261677,5,0,0,40,Private,9th,Never-married,Handlers-cleaners,Unmarried,Black,Male,United-States,<=50K
44,353396,13,0,0,45,Private,Bachelors,Married-civ-spouse,Prof-specialty,Husband,White,Male,United-States,<=50K
42,255847,9,0,0,40,Local-gov,HS-grad,Married-civ-spouse,Transport-moving,Husband,White,Male,United-States,<=50K
38,254114,10,0,0,40,Private,Some-college,Married-spouse-absent,Prof-specialty,Own-child,Black,Female,United-States,<=50K
39,210991,9,0,0,40,Private,HS-grad,Married-civ-spouse,Craft-repair,Husband,White,Male,United-States,<=50K
76,316185,4,0,0,12,Private,7th-8th,Widowed,Protective-serv,Not-in-family,White,Female,United-States,<=50K
21,41356,10,0,0,35,MISSING,Some-college,Never-married,MISSING,Own-child,White,Female,United-States,<=50K
30,393965,12,0,0,25,Private,Assoc-acdm,Divorced,Adm-clerical,Not-in-family,White,Female,United-States,<=50K
35,75855,14,7298,0,40,Private,Masters,Married-civ-spouse,Prof-specialty,Husband,Black,Male,MISSING,>50K
48,99835,12,0,0,50,Private,Assoc-acdm,Married-civ-spouse,Exec-managerial,Husband,White,Male,United-States,>50K
29,367706,10,0,0,40,Private,Some-college,Never-married,Adm-clerical,Own-child,Black,Male,United-States,<=50K
54,439608,10,0,0,40,Federal-gov,Some-college,Divorced,Adm-clerical,Not-in-family,White,Female,United-States,<=50K
52,284329,10,0,0,45,Private,Some-college,Married-civ-spouse,Craft-repair,Husband,White,Male,United-States,>50K
46,551962,9,0,0,50,Private,HS-grad,Separated,Handlers-cleaners,Unmarried,White,Female,Peru,<=50K
28,133043,9,0,0,50,Private,HS-grad,Divorced,Adm-clerical,Unmarried,White,Female,United-States,<=50K
42,367533,6,0,0,43,Private,10th,Married-civ-spouse,Craft-repair,Own-child,Other,Male,United-States,>50K
32,56328,13,0,0,8,Self-emp-not-inc,Bachelors,Married-civ-spouse,Prof-specialty,Wife,White,Female,United-States,>50K
28,115579,11,0,0,38,Private,Assoc-voc,Never-married,Tech-support,Own-child,White,Female,United-States,<=50K
27,200733,9,0,0,55,Private,HS-grad,Married-civ-spouse,Machine-op-inspct,Husband,White,Male,United-States,<=50K
50,94081,9,0,0,40,Private,HS-grad,Married-civ-spouse,Exec-managerial,Husband,White,Male,United-States,>50K
35,77146,13,0,0,45,Private,Bachelors,Married-civ-spouse,Sales,Husband,White,Male,United-States,>50K
36,103323,12,2829,0,40,Private,Assoc-acdm,Married-civ-spouse,Machine-op-inspct,Husband,White,Male,United-States,<=50K
56,91262,9,0,0,45,Private,HS-grad,Married-civ-spouse,Transport-moving,Husband,Asian-Pac-Islander,Male,United-States,<=50K
26,177147,9,0,0,40,Private,HS-grad,Never-married,Handlers-cleaners,Own-child,White,Male,United-States,<=50K
24,162919,10,0,0,40,Local-gov,Some-college,Never-married,Adm-clerical,Not-in-family,White,Female,United-States,<=50K
70,77219,9,0,0,37,Private,HS-grad,Married-civ-spouse,Craft-repair,Husband,White,Male,United-States,<=50K
34,347166,10,0,0,40,Private,Some-college,Married-civ-spouse,Adm-clerical,Husband,White,Male,United-States,<=50K
35,241306,9,0,0,45,Private,HS-grad,Married-civ-spouse,Adm-clerical,Husband,White,Male,United-States,<=50K
53,320510,6,0,0,40,Private,10th,Divorced,Craft-repair,Not-in-family,White,Male,United-States,<=50K
28,87239,10,0,0,50,Private,Some-college,Married-civ-spouse,Exec-managerial,Husband,White,Male,United-States,>50K
31,168521,13,0,0,40,Private,Bachelors,Never-married,Exec-managerial,Not-in-family,White,Female,United-States,<=50K
21,174907,12,0,0,32,Private,Assoc-acdm,Never-married,Sales,Own-child,White,Female,United-States,<=50K
42,306982,13,0,0,40,Private,Bachelors,Married-civ-spouse,Adm-clerical,Husband,Asian-Pac-Islander,Male,Philippines,>50K
38,242559,9,0,0,38,Private,HS-grad,Never-married,Adm-clerical,Not-in-family,White,Female,United-States,<=50K
75,316119,10,0,0,8,Private,Some-college,Widowed,Prof-specialty,Not-in-family,White,Female,United-States,<=50K
35,385847,10,0,0,40,Private,Some-college,Married-civ-spouse,Craft-repair,Husband,White,Male,United-States,<=50K
45,255559,9,0,0,40,Local-gov,HS-grad,Never-married,Adm-clerical,Not-in-family,White,Female,United-States,<=50K
25,176729,13,0,0,60,Private,Bachelors,Married-civ-spouse,Craft-repair,Husband,White,Male,United-States,>50K
26,197292,9,0,0,50,Private,HS-grad,Never-married,Adm-clerical,Not-in-family,White,Female,United-States,<=50K
54,82566,12,0,0,45,Private,Assoc-acdm,Married-civ-spouse,Sales,Husband,White,Male,United-States,<=50K
24,235894,9,0,0,40,Private,HS-grad,Married-civ-spouse,Craft-repair,Husband,White,Male,United-States,<=50K
50,341797,15,0,0,50,Self-emp-not-inc,Prof-school,Married-civ-spouse,Prof-specialty,Husband,White,Male,United-States,>50K
27,289484,10,0,0,40,Private,Some-college,Never-married,Adm-clerical,Own-child,White,Female,United-States,<=50K
22,39236,10,594,0,25,Local-gov,Some-college,Never-married,Prof-specialty,Own-child,White,Female,United-States,<=50K
21,231573,10,0,0,40,Private,Some-college,Never-married,Other-service,Not-in-family,White,Female,United-States,<=50K
24,35448,9,0,0,50,Self-emp-not-inc,HS-grad,Separated,Other-service,Unmarried,White,Female,United-States,<=50K
46,123598,13,0,0,40,Private,Bachelors,Married-civ-spouse,Sales,Husband,White,Male,United-States,<=50K
27,97490,10,0,0,40,Private,Some-college,Divorced,Craft-repair,Unmarried,White,Female,United-States,<=50K
58,306233,13,15024,0,40,Private,Bachelors,Married-civ-spouse,Sales,Husband,White,Male,United-States,>50K
43,156745,10,0,0,40,Private,Some-college,Married-civ-spouse,Craft-repair,Husband,Black,Male,United-States,<=50K
29,149211,13,0,0,40,Private,Bachelors,Married-civ-spouse,Tech-support,Husband,White,Male,United-States,<=50K
47,224149,13,0,0,40,State-gov,Bachelors,Divorced,Exec-managerial,Not-in-family,White,Female,United-States,>50K
31,174201,12,0,0,40,Private,Assoc-acdm,Married-civ-spouse,Exec-managerial,Husband,White,Male,United-States,<=50K
42,89073,9,0,0,48,Private,HS-grad,Married-civ-spouse,Prof-specialty,Husband,White,Male,United-States,<=50K
42,37869,10,0,1590,40,Private,Some-college,Divorced,Machine-op-inspct,Not-in-family,White,Male,United-States,<=50K
19,85690,9,0,0,30,Private,HS-grad,Never-married,Machine-op-inspct,Unmarried,White,Male,United-States,<=50K
54,169785,10,0,0,40,Private,Some-college,Divorced,Exec-managerial,Not-in-family,White,Female,Italy,<=50K
46,182689,10,0,0,40,Private,Some-college,Married-civ-spouse,Sales,Husband,White,Male,United-States,<=50K
45,167523,9,0,2179,45,Private,HS-grad,Married-civ-spouse,Transport-moving,Husband,White,Male,United-States,<=50K
80,184335,4,0,0,30,Self-emp-not-inc,7th-8th,Married-civ-spouse,Farming-fishing,Husband,White,Male,United-States,<=50K
30,30290,9,0,0,40,Private,HS-grad,Never-married,Machine-op-inspct,Not-in-family,White,Female,United-States,<=50K
32,137076,10,15024,0,60,Private,Some-college,Married-civ-spouse,Exec-managerial,Husband,White,Male,United-States,>50K
24,209782,13,0,0,40,Private,Bachelors,Never-married,Sales,Own-child,White,Female,United-States,<=50K
41,282948,10,3137,0,40,Private,Some-college,Married-civ-spouse,Tech-support,Husband,Black,Male,United-States,<=50K
43,325706,15,0,0,50,Federal-gov,Prof-school,Married-civ-spouse,Prof-specialty,Husband,Asian-Pac-Islander,Male,India,>50K
40,270147,14,0,0,40,Private,Masters,Never-married,Exec-managerial,Not-in-family,White,Female,United-States,>50K
53,208570,9,0,0,26,Private,HS-grad,Married-civ-spouse,Sales,Wife,White,Female,United-States,<=50K
55,143372,9,0,0,40,Private,HS-grad,Divorced,Sales,Unmarried,Black,Female,United-States,<=50K
59,120617,10,0,0,40,MISSING,Some-college,Never-married,MISSING,Not-in-family,Black,Female,United-States,<=50K
40,111067,13,0,0,80,Private,Bachelors,Married-civ-spouse,Handlers-cleaners,Husband,White,Male,United-States,>50K
57,548256,8,0,0,40,Private,12th,Married-civ-spouse,Adm-clerical,Husband,Black,Male,United-States,<=50K
23,173535,9,0,0,40,Private,HS-grad,Never-married,Sales,Own-child,White,Male,United-States,<=50K
21,147655,9,0,0,40,Private,HS-grad,Never-married,Adm-clerical,Own-child,White,Female,United-States,<=50K
50,92811,13,0,0,40,Private,Bachelors,Married-civ-spouse,Tech-support,Husband,White,Male,United-States,<=50K
19,319889,9,0,0,25,Private,HS-grad,Never-married,Other-service,Own-child,White,Male,United-States,<=50K
38,59660,13,7298,0,40,Private,Bachelors,Married-civ-spouse,Sales,Husband,White,Male,United-States,>50K
39,87556,14,6849,0,40,Private,Masters,Never-married,Prof-specialty,Not-in-family,White,Male,United-States,<=50K
44,188331,10,0,0,38,Private,Some-college,Separated,Tech-support,Not-in-family,White,Female,United-States,<=50K
49,204057,12,0,0,40,Private,Assoc-acdm,Divorced,Exec-managerial,Not-in-family,White,Female,United-States,<=50K
37,419053,9,0,0,40,Federal-gov,HS-grad,Divorced,Craft-repair,Not-in-family,White,Male,United-States,<=50K
19,302945,10,0,0,10,Private,Some-college,Never-married,Adm-clerical,Own-child,White,Male,Thailand,<=50K
41,178002,9,0,0,40,Private,HS-grad,Married-civ-spouse,Adm-clerical,Wife,White,Female,United-States,>50K
24,51973,13,0,0,20,Private,Bachelors,Never-married,Prof-specialty,Own-child,White,Female,United-States,<=50K
45,54744,10,0,1848,40,Private,Some-college,Married-civ-spouse,Craft-repair,Husband,White,Male,United-States,>50K
47,207207,9,0,0,45,Private,HS-grad,Divorced,Sales,Unmarried,White,Female,United-States,<=50K
42,165916,13,0,0,45,Private,Bachelors,Divorced,Adm-clerical,Unmarried,White,Female,United-States,<=50K
31,32550,6,0,0,40,Private,10th,Divorced,Handlers-cleaners,Not-in-family,White,Male,United-States,<=50K
63,344128,13,0,0,50,Self-emp-not-inc,Bachelors,Married-civ-spouse,Sales,Husband,White,Male,United-States,>50K
37,277022,9,3887,0,40,Private,HS-grad,Never-married,Handlers-cleaners,Unmarried,White,Female,Nicaragua,<=50K
19,194905,10,0,0,12,Private,Some-college,Never-married,Other-service,Own-child,White,Female,United-States,<=50K
48,83444,9,7298,0,40,Private,HS-grad,Married-civ-spouse,Prof-specialty,Husband,White,Male,United-States,>50K
33,192002,14,7298,0,60,Private,Masters,Married-civ-spouse,Exec-managerial,Husband,White,Male,Canada,>50K
43,174491,9,0,0,40,Local-gov,HS-grad,Divorced,Tech-support,Not-in-family,Black,Female,United-States,<=50K
65,139960,9,10605,0,60,Self-emp-not-inc,HS-grad,Married-civ-spouse,Farming-fishing,Husband,White,Male,United-States,>50K
42,191765,9,0,2339,40,Private,HS-grad,Never-married,Adm-clerical,Other-relative,Black,Female,Trinadad&Tobago,<=50K
57,298507,13,3103,0,40,Private,Bachelors,Married-civ-spouse,Prof-specialty,Husband,White,Male,United-States,>50K
21,177711,9,0,0,40,Private,HS-grad,Never-married,Transport-moving,Own-child,Black,Male,United-States,<=50K
28,38309,11,2407,0,40,Private,Assoc-voc,Married-civ-spouse,Adm-clerical,Husband,White,Male,United-States,<=50K
35,164866,6,0,0,99,MISSING,10th,Divorced,MISSING,Not-in-family,White,Male,United-States,<=50K
65,210381,13,99999,0,65,Self-emp-inc,Bachelors,Married-civ-spouse,Exec-managerial,Husband,White,Male,United-States,>50K
25,111058,12,0,0,40,Private,Assoc-acdm,Never-married,Exec-managerial,Own-child,White,Male,United-States,<=50K
37,196338,5,0,0,16,Private,9th,Separated,Priv-house-serv,Unmarried,White,Female,Mexico,<=50K
39,284166,9,0,1564,50,Private,HS-grad,Never-married,Craft-repair,Not-in-family,White,Male,United-States,>50K
31,114639,11,0,0,50,Self-emp-not-inc,Assoc-voc,Married-civ-spouse,Craft-repair,Husband,White,Male,United-States,<=50K
29,274969,9,0,0,42,Private,HS-grad,Never-married,Craft-repair,Unmarried,White,Female,United-States,<=50K
30,220148,9,0,1848,50,Private,HS-grad,Married-civ-spouse,Craft-repair,Husband,White,Male,United-States,>50K
60,349898,9,0,0,44,Private,HS-grad,Widowed,Other-service,Not-in-family,White,Female,United-States,<=50K
60,201965,10,0,0,40,Private,Some-college,Never-married,Prof-specialty,Unmarried,White,Male,United-States,>50K
37,334314,9,0,0,40,Federal-gov,HS-grad,Divorced,Adm-clerical,Unmarried,White,Female,United-States,<=50K
30,321990,10,7298,0,48,Federal-gov,Some-college,Married-civ-spouse,Adm-clerical,Husband,White,Male,Cuba,>50K
38,115336,9,0,0,70,Private,HS-grad,Divorced,Other-service,Unmarried,White,Female,United-States,<=50K
46,57929,9,0,0,25,Private,HS-grad,Divorced,Other-service,Not-in-family,White,Male,United-States,<=50K
38,198867,7,0,0,40,Self-emp-not-inc,11th,Married-civ-spouse,Craft-repair,Husband,White,Male,United-States,<=50K
50,143953,9,0,0,65,Private,HS-grad,Married-civ-spouse,Sales,Husband,White,Male,United-States,>50K
22,234474,10,0,0,25,Private,Some-college,Never-married,Adm-clerical,Own-child,Black,Female,United-States,<=50K
30,205659,12,0,0,50,Private,Assoc-acdm,Married-civ-spouse,Exec-managerial,Wife,White,Female,Thailand,>50K
42,201466,13,0,0,45,Private,Bachelors,Married-civ-spouse,Exec-managerial,Husband,White,Male,United-States,>50K
18,387641,10,0,0,40,MISSING,Some-college,Never-married,MISSING,Own-child,White,Male,United-States,<=50K
20,89991,10,0,0,32,Private,Some-college,Never-married,Other-service,Own-child,White,Female,United-States,<=50K
39,152023,7,0,0,40,State-gov,11th,Married-civ-spouse,Craft-repair,Husband,White,Male,United-States,<=50K
35,170617,9,0,0,48,Private,HS-grad,Never-married,Machine-op-inspct,Unmarried,Black,Female,United-States,<=50K
28,249362,7,0,0,50,Private,11th,Married-civ-spouse,Transport-moving,Husband,White,Male,United-States,<=50K
51,177487,9,0,0,40,MISSING,HS-grad,Married-civ-spouse,MISSING,Husband,White,Male,United-States,<=50K
38,167440,9,0,0,20,Local-gov,HS-grad,Married-civ-spouse,Transport-moving,Husband,White,Male,United-States,<=50K
33,175479,3,0,0,40,Private,5th-6th,Never-married,Other-service,Unmarried,White,Female,Mexico,<=50K
51,59590,9,0,0,20,Private,HS-grad,Married-civ-spouse,Adm-clerical,Wife,White,Female,United-States,<=50K
33,129707,13,0,0,60,Private,Bachelors,Never-married,Adm-clerical,Not-in-family,White,Male,United-States,>50K
49,61885,7,0,0,40,Private,11th,Married-civ-spouse,Craft-repair,Husband,White,Male,United-States,<=50K
56,219426,6,0,0,40,Private,10th,Never-married,Handlers-cleaners,Not-in-family,White,Male,United-States,<=50K
23,237044,9,0,0,12,Private,HS-grad,Never-married,Other-service,Own-child,Black,Male,United-States,<=50K
57,201112,12,0,0,40,Private,Assoc-acdm,Divorced,Adm-clerical,Not-in-family,Black,Female,United-States,<=50K
59,247552,9,0,0,40,Self-emp-not-inc,HS-grad,Married-civ-spouse,Exec-managerial,Husband,White,Male,United-States,<=50K
27,205440,6,0,0,40,Private,10th,Married-civ-spouse,Machine-op-inspct,Husband,White,Male,United-States,<=50K
76,28221,9,0,0,40,MISSING,HS-grad,Married-civ-spouse,MISSING,Husband,White,Male,Canada,>50K
44,35166,13,0,0,90,Self-emp-not-inc,Bachelors,Married-civ-spouse,Farming-fishing,Husband,White,Male,United-States,<=50K
21,154835,10,0,0,40,Private,Some-college,Never-married,Adm-clerical,Own-child,Asian-Pac-Islander,Female,Vietnam,<=50K
33,273243,9,0,0,40,Private,HS-grad,Married-civ-spouse,Craft-repair,Husband,Black,Male,United-States,<=50K
60,170310,3,0,0,40,Private,5th-6th,Married-civ-spouse,Transport-moving,Husband,White,Male,United-States,<=50K
35,45607,14,0,0,60,Local-gov,Masters,Never-married,Prof-specialty,Not-in-family,White,Male,United-States,>50K
37,120130,14,0,0,60,Self-emp-not-inc,Masters,Married-civ-spouse,Exec-managerial,Husband,White,Male,United-States,>50K
54,174865,5,0,0,45,Private,9th,Married-civ-spouse,Exec-managerial,Husband,White,Male,United-States,>50K
44,182370,9,0,0,40,Private,HS-grad,Married-civ-spouse,Craft-repair,Husband,White,Male,United-States,<=50K
46,187715,10,0,0,50,Private,Some-college,Married-civ-spouse,Sales,Husband,White,Male,United-States,<=50K
43,120277,9,0,0,40,Private,HS-grad,Married-civ-spouse,Craft-repair,Husband,White,Male,United-States,>50K
23,447488,5,0,0,35,Private,9th,Never-married,Machine-op-inspct,Other-relative,White,Male,Mexico,<=50K
49,204241,13,0,0,45,Self-emp-not-inc,Bachelors,Never-married,Sales,Not-in-family,White,Male,United-States,<=50K
27,328518,11,0,0,30,Self-emp-not-inc,Assoc-voc,Never-married,Prof-specialty,Other-relative,White,Male,United-States,<=50K
23,187513,10,0,0,32,Private,Some-college,Never-married,Other-service,Own-child,White,Male,United-States,<=50K
36,225516,12,10520,0,43,Private,Assoc-acdm,Never-married,Sales,Not-in-family,Black,Male,United-States,>50K
28,125321,9,0,0,40,Private,HS-grad,Never-married,Machine-op-inspct,Not-in-family,White,Female,United-States,<=50K
38,103474,13,0,0,45,Private,Bachelors,Never-married,Tech-support,Not-in-family,White,Female,United-States,<=50K
39,138192,13,0,0,40,Private,Bachelors,Married-civ-spouse,Craft-repair,Husband,White,Male,United-States,>50K
30,609789,7,0,0,60,Private,11th,Married-civ-spouse,Farming-fishing,Husband,White,Male,Mexico,<=50K
38,338320,15,0,1977,50,Federal-gov,Prof-school,Married-civ-spouse,Prof-specialty,Husband,White,Male,United-States,>50K
75,311184,13,0,0,24,Private,Bachelors,Married-civ-spouse,Exec-managerial,Husband,White,Male,United-States,<=50K
59,254765,10,0,0,40,MISSING,Some-college,Married-civ-spouse,MISSING,Husband,White,Male,United-States,>50K
34,168906,12,0,0,35,Private,Assoc-acdm,Divorced,Adm-clerical,Own-child,White,Female,United-States,<=50K
34,240252,14,0,0,40,Local-gov,Masters,Married-civ-spouse,Exec-managerial,Husband,White,Male,United-States,>50K
35,117381,13,0,0,40,Private,Bachelors,Divorced,Sales,Not-in-family,White,Male,United-States,<=50K
32,153588,9,0,0,40,Private,HS-grad,Divorced,Craft-repair,Not-in-family,White,Male,United-States,<=50K
45,162606,9,0,0,35,Private,HS-grad,Divorced,Sales,Not-in-family,White,Female,United-States,<=50K
37,340614,14,0,0,50,Private,Masters,Married-civ-spouse,Prof-specialty,Husband,White,Male,United-States,>50K
26,340335,13,0,0,40,Private,Bachelors,Never-married,Adm-clerical,Not-in-family,White,Female,United-States,<=50K
22,249727,10,0,0,20,Private,Some-college,Never-married,Transport-moving,Own-child,White,Male,United-States,<=50K
62,69867,13,0,0,55,Private,Bachelors,Married-civ-spouse,Prof-specialty,Husband,White,Male,United-States,>50K
61,201965,9,0,0,40,Self-emp-not-inc,HS-grad,Married-civ-spouse,Exec-managerial,Husband,White,Male,United-States,<=50K
45,341762,14,0,0,65,Private,Masters,Married-civ-spouse,Exec-managerial,Husband,White,Male,United-States,>50K
32,172579,9,0,0,30,Private,HS-grad,Separated,Other-service,Not-in-family,White,Female,United-States,<=50K
42,118652,12,0,0,40,Private,Assoc-acdm,Married-civ-spouse,Tech-support,Husband,White,Male,United-States,<=50K
34,234537,12,0,0,40,Private,Assoc-acdm,Divorced,Sales,Not-in-family,White,Male,United-States,<=50K
36,138441,12,0,0,55,Private,Assoc-acdm,Married-civ-spouse,Tech-support,Husband,White,Male,United-States,<=50K
38,173968,9,0,0,45,Private,HS-grad,Married-civ-spouse,Craft-repair,Husband,White,Male,United-States,<=50K
25,156334,6,0,0,40,Private,10th,Married-civ-spouse,Machine-op-inspct,Husband,White,Male,United-States,<=50K
44,344060,13,0,0,40,Private,Bachelors,Never-married,Other-service,Not-in-family,White,Male,United-States,>50K
51,146181,5,0,0,40,Local-gov,9th,Married-civ-spouse,Transport-moving,Husband,Black,Male,United-States,<=50K
44,296326,13,0,0,40,State-gov,Bachelors,Never-married,Adm-clerical,Not-in-family,White,Male,United-States,<=50K
24,52242,9,0,0,40,Private,HS-grad,Married-civ-spouse,Sales,Wife,White,Female,United-States,>50K
43,295510,9,0,0,45,Private,HS-grad,Married-civ-spouse,Exec-managerial,Husband,White,Male,United-States,>50K
30,211654,14,0,0,40,Local-gov,Masters,Married-civ-spouse,Prof-specialty,Husband,White,Male,United-States,>50K
38,192930,9,0,0,10,Private,HS-grad,Separated,Sales,Unmarried,White,Female,United-States,<=50K
27,292472,10,0,0,40,Private,Some-college,Married-civ-spouse,Prof-specialty,Husband,Asian-Pac-Islander,Male,Cambodia,>50K
19,291509,8,0,0,28,MISSING,12th,Never-married,MISSING,Own-child,White,Male,United-States,<=50K
50,288353,13,0,0,40,State-gov,Bachelors,Married-civ-spouse,Protective-serv,Husband,White,Male,United-States,>50K
30,57651,9,0,2001,42,Private,HS-grad,Never-married,Adm-clerical,Unmarried,White,Male,United-States,<=50K
28,70240,9,0,0,40,Private,HS-grad,Married-spouse-absent,Other-service,Not-in-family,Asian-Pac-Islander,Female,Philippines,<=50K
43,351576,13,0,0,50,Private,Bachelors,Never-married,Sales,Not-in-family,White,Male,United-States,>50K
37,220314,9,0,0,40,Private,HS-grad,Divorced,Adm-clerical,Unmarried,White,Female,Mexico,<=50K
37,119929,9,0,0,40,Self-emp-not-inc,HS-grad,Married-civ-spouse,Craft-repair,Husband,White,Male,United-States,<=50K
31,400535,10,0,0,40,Private,Some-college,Married-civ-spouse,Adm-clerical,Husband,White,Male,United-States,<=50K
17,232713,6,594,0,30,Private,10th,Never-married,Craft-repair,Not-in-family,White,Male,United-States,<=50K
19,281704,10,0,0,35,Private,Some-college,Never-married,Other-service,Not-in-family,White,Male,United-States,<=50K
66,97847,13,0,0,50,Self-emp-not-inc,Bachelors,Married-civ-spouse,Sales,Husband,White,Male,United-States,<=50K
33,117963,12,0,1887,60,Self-emp-inc,Assoc-acdm,Married-civ-spouse,Exec-managerial,Husband,White,Male,United-States,>50K
43,113211,9,0,0,40,Self-emp-not-inc,HS-grad,Married-civ-spouse,Exec-managerial,Wife,White,Female,United-States,<=50K
59,102442,13,0,0,45,Local-gov,Bachelors,Married-civ-spouse,Prof-specialty,Wife,White,Female,United-States,>50K
38,257250,9,0,0,50,Self-emp-inc,HS-grad,Never-married,Farming-fishing,Not-in-family,White,Male,United-States,<=50K
34,175697,11,0,0,75,Self-emp-not-inc,Assoc-voc,Married-civ-spouse,Craft-repair,Husband,White,Male,United-States,<=50K
46,98012,11,0,0,40,Private,Assoc-voc,Divorced,Adm-clerical,Not-in-family,White,Female,United-States,<=50K
43,69333,9,0,0,48,Private,HS-grad,Married-civ-spouse,Machine-op-inspct,Husband,White,Male,United-States,<=50K
40,155767,9,0,0,40,Private,HS-grad,Separated,Machine-op-inspct,Unmarried,White,Male,United-States,<=50K
37,35309,9,0,0,40,Private,HS-grad,Married-civ-spouse,Craft-repair,Husband,White,Male,United-States,<=50K
46,278322,11,0,0,40,Private,Assoc-voc,Married-civ-spouse,Exec-managerial,Husband,White,Male,United-States,>50K
21,35424,10,0,0,25,Private,Some-college,Never-married,Sales,Own-child,White,Female,United-States,<=50K
39,78171,10,0,0,40,Private,Some-college,Married-spouse-absent,Adm-clerical,Unmarried,Amer-Indian-Eskimo,Female,United-States,<=50K
51,110458,13,0,0,40,Private,Bachelors,Separated,Prof-specialty,Not-in-family,White,Male,United-States,<=50K
45,61885,14,0,0,37,Local-gov,Masters,Married-civ-spouse,Prof-specialty,Husband,White,Male,United-States,>50K
60,33717,7,0,0,50,Self-emp-not-inc,11th,Married-civ-spouse,Farming-fishing,Husband,White,Male,United-States,<=50K
40,95226,13,0,0,50,Self-emp-not-inc,Bachelors,Never-married,Exec-managerial,Not-in-family,White,Male,United-States,<=50K
23,60331,10,0,0,40,Private,Some-college,Never-married,Craft-repair,Not-in-family,White,Male,United-States,<=50K
58,98361,9,0,0,50,Local-gov,HS-grad,Married-civ-spouse,Exec-managerial,Husband,White,Male,United-States,<=50K
31,80933,9,0,0,52,Private,HS-grad,Married-civ-spouse,Craft-repair,Husband,White,Male,United-States,<=50K
34,179378,9,0,0,40,Private,HS-grad,Married-civ-spouse,Exec-managerial,Wife,Black,Female,United-States,<=50K
28,54243,9,0,0,60,Private,HS-grad,Divorced,Transport-moving,Not-in-family,White,Male,United-States,<=50K
50,30447,11,0,0,45,Private,Assoc-voc,Married-civ-spouse,Transport-moving,Husband,White,Male,United-States,<=50K
42,282062,5,0,0,40,Private,9th,Married-civ-spouse,Transport-moving,Husband,White,Male,United-States,<=50K
35,306678,9,2885,0,40,Private,HS-grad,Married-civ-spouse,Machine-op-inspct,Husband,White,Male,United-States,<=50K
64,114994,9,0,0,18,Private,HS-grad,Married-civ-spouse,Handlers-cleaners,Husband,White,Male,United-States,<=50K
33,226267,12,0,0,40,Private,Assoc-acdm,Married-civ-spouse,Sales,Husband,White,Male,Mexico,<=50K
63,133144,9,2580,0,20,Private,HS-grad,Married-civ-spouse,Other-service,Husband,White,Male,United-States,<=50K
77,174887,10,0,0,6,MISSING,Some-college,Married-civ-spouse,MISSING,Husband,White,Male,United-States,<=50K
27,202239,9,0,0,40,Private,HS-grad,Married-civ-spouse,Handlers-cleaners,Husband,White,Male,United-States,<=50K
56,142182,11,0,0,45,Private,Assoc-voc,Married-civ-spouse,Craft-repair,Husband,White,Male,United-States,>50K
50,92969,2,0,0,40,Private,1st-4th,Separated,Prof-specialty,Unmarried,Black,Female,United-States,<=50K
52,92968,13,0,0,40,Private,Bachelors,Separated,Exec-managerial,Unmarried,White,Female,MISSING,<=50K
26,132661,9,5013,0,40,Private,HS-grad,Married-civ-spouse,Exec-managerial,Wife,White,Female,United-States,<=50K
35,261646,9,0,0,55,Private,HS-grad,Married-civ-spouse,Protective-serv,Husband,White,Male,United-States,<=50K
38,190387,9,0,0,50,Self-emp-not-inc,HS-grad,Married-civ-spouse,Craft-repair,Husband,White,Male,United-States,<=50K
39,326566,10,0,0,40,State-gov,Some-college,Never-married,Transport-moving,Own-child,Black,Male,United-States,<=50K
41,252127,10,0,0,20,MISSING,Some-college,Widowed,MISSING,Unmarried,Black,Female,United-States,<=50K
26,120268,13,0,0,24,Private,Bachelors,Never-married,Adm-clerical,Own-child,White,Male,United-States,<=50K
38,99233,15,0,0,40,Private,Prof-school,Never-married,Exec-managerial,Not-in-family,White,Male,United-States,>50K
35,248374,10,0,0,40,State-gov,Some-college,Divorced,Adm-clerical,Unmarried,Black,Female,United-States,<=50K
46,428350,9,0,0,15,Private,HS-grad,Married-civ-spouse,Other-service,Own-child,White,Female,United-States,<=50K
43,358199,10,3103,0,40,Private,Some-college,Married-civ-spouse,Sales,Husband,White,Male,United-States,>50K
33,56701,13,15024,0,75,Private,Bachelors,Married-civ-spouse,Prof-specialty,Husband,White,Male,United-States,>50K
32,74883,13,0,0,40,Private,Bachelors,Never-married,Tech-support,Not-in-family,Asian-Pac-Islander,Female,Philippines,<=50K
35,498216,13,0,0,40,Private,Bachelors,Divorced,Exec-managerial,Unmarried,White,Female,United-States,<=50K
32,160362,10,0,0,40,Private,Some-college,Divorced,Other-service,Other-relative,White,Male,Nicaragua,<=50K
40,183096,13,0,0,35,Private,Bachelors,Divorced,Adm-clerical,Not-in-family,White,Female,United-States,<=50K
20,482732,9,0,0,24,Private,HS-grad,Never-married,Adm-clerical,Other-relative,White,Male,United-States,<=50K
17,151141,8,0,0,20,Private,12th,Never-married,Sales,Own-child,White,Male,United-States,<=50K
34,112139,9,0,0,40,Private,HS-grad,Married-civ-spouse,Craft-repair,Husband,White,Male,United-States,<=50K
36,282602,11,0,0,40,Local-gov,Assoc-voc,Separated,Adm-clerical,Own-child,Black,Female,United-States,<=50K
18,120029,9,0,0,40,Private,HS-grad,Never-married,Other-service,Own-child,White,Female,United-States,<=50K
27,209801,10,0,0,45,Private,Some-college,Never-married,Adm-clerical,Not-in-family,White,Female,MISSING,<=50K
25,248990,2,0,0,24,Private,1st-4th,Never-married,Machine-op-inspct,Not-in-family,White,Male,Mexico,<=50K
35,119992,12,0,0,45,Private,Assoc-acdm,Married-civ-spouse,Craft-repair,Husband,White,Male,United-States,<=50K
45,168038,13,0,0,60,Private,Bachelors,Divorced,Sales,Not-in-family,White,Male,United-States,>50K
68,75913,8,0,0,30,Private,12th,Widowed,Sales,Not-in-family,White,Female,United-States,<=50K
44,154176,10,0,1590,40,State-gov,Some-college,Divorced,Adm-clerical,Not-in-family,Black,Female,United-States,<=50K
42,126319,13,0,0,40,Local-gov,Bachelors,Married-civ-spouse,Prof-specialty,Wife,White,Female,United-States,>50K
77,142646,4,0,0,23,Private,7th-8th,Widowed,Priv-house-serv,Unmarried,White,Female,United-States,<=50K
33,119913,11,0,0,40,Private,Assoc-voc,Married-civ-spouse,Prof-specialty,Husband,White,Male,United-States,>50K
22,46561,11,0,0,40,Private,Assoc-voc,Married-civ-spouse,Machine-op-inspct,Husband,White,Male,United-States,<=50K
39,38721,9,0,0,22,Private,HS-grad,Divorced,Priv-house-serv,Unmarried,White,Female,United-States,<=50K
31,168782,9,0,0,40,Private,HS-grad,Divorced,Handlers-cleaners,Not-in-family,White,Male,United-States,<=50K
48,113598,10,0,0,40,Private,Some-college,Separated,Adm-clerical,Other-relative,Black,Female,United-States,<=50K
33,159247,13,0,0,40,Private,Bachelors,Married-civ-spouse,Prof-specialty,Husband,White,Male,United-States,>50K
43,304906,13,0,0,45,Self-emp-inc,Bachelors,Married-civ-spouse,Sales,Husband,White,Male,United-States,>50K
39,243409,9,0,0,60,Private,HS-grad,Married-civ-spouse,Exec-managerial,Husband,White,Male,United-States,>50K
42,107276,10,0,2444,40,Private,Some-college,Never-married,Exec-managerial,Not-in-family,White,Female,United-States,>50K
40,187702,13,0,0,40,Private,Bachelors,Never-married,Tech-support,Not-in-family,White,Male,United-States,<=50K
24,183751,7,0,0,65,Private,11th,Married-civ-spouse,Craft-repair,Husband,White,Male,United-States,<=50K
32,244665,9,5178,0,45,Self-emp-inc,HS-grad,Married-civ-spouse,Craft-repair,Husband,White,Male,United-States,>50K
63,187635,9,0,0,40,Private,HS-grad,Never-married,Exec-managerial,Not-in-family,White,Male,United-States,<=50K
34,203488,9,0,0,40,Private,HS-grad,Never-married,Craft-repair,Not-in-family,White,Male,United-States,<=50K
46,112320,13,0,0,50,Self-emp-inc,Bachelors,Divorced,Exec-managerial,Not-in-family,White,Female,United-States,<=50K
42,343609,10,0,0,50,Self-emp-not-inc,Some-college,Separated,Other-service,Unmarried,Black,Female,United-States,<=50K
36,194905,13,0,0,44,Private,Bachelors,Widowed,Prof-specialty,Unmarried,White,Female,United-States,<=50K
34,248584,9,0,0,55,Private,HS-grad,Never-married,Craft-repair,Not-in-family,White,Male,United-States,<=50K
33,40681,12,0,0,40,Private,Assoc-acdm,Never-married,Adm-clerical,Not-in-family,White,Female,United-States,<=50K
60,119832,10,7298,0,40,Federal-gov,Some-college,Married-civ-spouse,Adm-clerical,Husband,White,Male,United-States,>50K
18,304169,7,0,0,35,Private,11th,Never-married,Sales,Own-child,White,Male,United-States,<=50K
34,181087,11,0,0,45,Self-emp-not-inc,Assoc-voc,Married-civ-spouse,Craft-repair,Husband,White,Male,United-States,<=50K
34,200192,10,0,0,40,Private,Some-college,Never-married,Other-service,Not-in-family,White,Female,United-States,<=50K
20,33551,9,0,0,40,Private,HS-grad,Never-married,Transport-moving,Own-child,White,Male,United-States,<=50K
18,140164,7,0,0,40,Private,11th,Never-married,Sales,Own-child,White,Female,United-States,<=50K
55,61708,9,6418,0,50,Private,HS-grad,Married-civ-spouse,Adm-clerical,Husband,White,Male,United-States,>50K
46,102542,4,0,0,52,Private,7th-8th,Never-married,Other-service,Own-child,White,Male,United-States,<=50K
27,221366,10,3103,0,50,Private,Some-college,Married-civ-spouse,Prof-specialty,Husband,White,Male,United-States,>50K
20,191878,10,0,0,20,Federal-gov,Some-college,Never-married,Adm-clerical,Own-child,Black,Female,United-States,<=50K
43,144778,13,0,0,55,Private,Bachelors,Married-civ-spouse,Prof-specialty,Husband,White,Male,Italy,>50K
29,34383,11,0,0,55,Private,Assoc-voc,Married-civ-spouse,Transport-moving,Husband,White,Male,United-States,<=50K
30,289458,13,0,0,40,Private,Bachelors,Never-married,Exec-managerial,Not-in-family,White,Female,United-States,<=50K
67,103315,14,15831,0,72,Local-gov,Masters,Never-married,Exec-managerial,Other-relative,White,Female,United-States,>50K
69,167826,13,0,0,40,MISSING,Bachelors,Married-civ-spouse,MISSING,Husband,White,Male,United-States,<=50K
36,29984,8,0,0,40,Private,12th,Married-civ-spouse,Transport-moving,Husband,White,Male,United-States,<=50K
27,188343,9,0,0,40,Federal-gov,HS-grad,Separated,Exec-managerial,Unmarried,Black,Female,United-States,<=50K
26,118523,9,0,0,40,Self-emp-not-inc,HS-grad,Married-civ-spouse,Adm-clerical,Husband,White,Male,United-States,<=50K
45,275517,9,0,0,40,Private,HS-grad,Divorced,Craft-repair,Unmarried,White,Female,United-States,<=50K
37,89718,10,0,0,45,Private,Some-college,Married-civ-spouse,Transport-moving,Husband,White,Male,United-States,<=50K
23,62507,10,0,0,12,MISSING,Some-college,Never-married,MISSING,Not-in-family,White,Female,United-States,<=50K
52,163678,9,0,0,55,Private,HS-grad,Married-civ-spouse,Transport-moving,Husband,White,Male,United-States,<=50K
51,392286,9,0,0,40,Private,HS-grad,Married-civ-spouse,Transport-moving,Husband,White,Male,United-States,>50K
42,156526,10,0,0,33,Private,Some-college,Never-married,Tech-support,Not-in-family,White,Male,United-States,<=50K
24,41838,10,2407,0,40,Private,Some-college,Married-civ-spouse,Craft-repair,Husband,White,Male,United-States,<=50K
19,45643,10,0,0,25,MISSING,Some-college,Never-married,MISSING,Own-child,White,Female,United-States,<=50K
22,214134,6,0,0,84,Private,10th,Never-married,Transport-moving,Not-in-family,Amer-Indian-Eskimo,Male,United-States,<=50K
32,47932,9,0,0,40,Private,HS-grad,Married-civ-spouse,Handlers-cleaners,Husband,White,Male,United-States,<=50K
46,149388,13,0,0,40,Private,Bachelors,Married-civ-spouse,Craft-repair,Husband,White,Male,United-States,>50K
20,250630,10,0,0,20,Private,Some-college,Never-married,Sales,Not-in-family,White,Female,United-States,<=50K
24,222993,9,0,0,40,Private,HS-grad,Never-married,Machine-op-inspct,Own-child,White,Male,United-States,<=50K
53,117847,12,0,0,40,Federal-gov,Assoc-acdm,Married-civ-spouse,Adm-clerical,Husband,White,Male,United-States,<=50K
55,168625,10,0,0,12,Self-emp-not-inc,Some-college,Divorced,Tech-support,Not-in-family,White,Female,United-States,>50K
24,185821,10,0,0,40,Private,Some-college,Never-married,Sales,Own-child,White,Female,United-States,<=50K
44,187629,12,0,0,25,Private,Assoc-acdm,Never-married,Craft-repair,Not-in-family,White,Male,United-States,<=50K
44,193755,13,0,0,50,Private,Bachelors,Divorced,Exec-managerial,Not-in-family,White,Male,United-States,>50K
23,146399,13,0,0,55,MISSING,Bachelors,Never-married,MISSING,Not-in-family,White,Male,United-States,<=50K
42,30824,14,2354,0,16,Private,Masters,Divorced,Prof-specialty,Not-in-family,White,Female,United-States,<=50K
33,276221,16,0,0,40,Private,Doctorate,Married-civ-spouse,Prof-specialty,Husband,White,Male,United-States,<=50K
42,86185,10,0,0,40,Private,Some-college,Widowed,Exec-managerial,Not-in-family,Amer-Indian-Eskimo,Female,United-States,<=50K
53,122412,13,0,0,40,Private,Bachelors,Never-married,Prof-specialty,Not-in-family,White,Female,United-States,<=50K
30,188798,9,0,0,40,Self-emp-not-inc,HS-grad,Divorced,Other-service,Unmarried,White,Female,United-States,<=50K
33,156015,13,0,0,40,State-gov,Bachelors,Married-civ-spouse,Exec-managerial,Husband,White,Male,United-States,>50K
47,481987,9,0,0,40,Private,HS-grad,Married-civ-spouse,Other-service,Husband,White,Male,United-States,>50K
36,63509,12,0,0,48,Private,Assoc-acdm,Married-civ-spouse,Prof-specialty,Husband,White,Male,United-States,>50K
35,205584,3,0,0,40,Federal-gov,5th-6th,Never-married,Craft-repair,Not-in-family,White,Male,Mexico,<=50K
28,25864,9,0,0,35,Local-gov,HS-grad,Never-married,Exec-managerial,Unmarried,Amer-Indian-Eskimo,Female,United-States,<=50K
47,30575,10,0,0,50,State-gov,Some-college,Married-civ-spouse,Prof-specialty,Husband,White,Male,United-States,<=50K
58,298643,9,0,0,40,Federal-gov,HS-grad,Divorced,Adm-clerical,Unmarried,Black,Female,United-States,<=50K
34,306215,11,0,0,40,Private,Assoc-voc,Never-married,Handlers-cleaners,Not-in-family,Black,Male,United-States,<=50K
25,175540,9,0,0,50,Private,HS-grad,Never-married,Adm-clerical,Not-in-family,White,Male,United-States,<=50K
51,204322,9,0,0,50,Self-emp-not-inc,HS-grad,Married-civ-spouse,Transport-moving,Husband,White,Male,United-States,<=50K
62,123582,6,0,0,40,Private,10th,Divorced,Other-service,Unmarried,White,Female,United-States,<=50K
22,130724,10,0,0,25,Private,Some-college,Never-married,Sales,Own-child,Black,Male,United-States,<=50K
37,108320,13,0,0,45,Local-gov,Bachelors,Married-civ-spouse,Tech-support,Husband,White,Male,United-States,>50K
44,325461,13,0,1902,50,Private,Bachelors,Married-civ-spouse,Exec-managerial,Husband,White,Male,United-States,>50K
52,276515,13,0,0,40,Private,Bachelors,Married-civ-spouse,Other-service,Husband,White,Male,Cuba,<=50K
27,50132,10,0,0,50,Private,Some-college,Divorced,Sales,Not-in-family,White,Male,United-States,<=50K
35,28572,10,4064,0,35,Private,Some-college,Married-civ-spouse,Craft-repair,Husband,White,Male,United-States,<=50K
43,99212,11,3103,0,48,Private,Assoc-voc,Married-civ-spouse,Exec-managerial,Husband,White,Male,United-States,>50K
29,109814,13,0,0,40,Private,Bachelors,Never-married,Handlers-cleaners,Own-child,White,Male,United-States,<=50K
57,124507,13,0,0,55,Private,Bachelors,Married-civ-spouse,Sales,Husband,White,Male,United-States,>50K
27,196386,12,4064,0,40,Federal-gov,Assoc-acdm,Married-civ-spouse,Adm-clerical,Husband,White,Male,El-Salvador,<=50K
20,431745,10,0,0,14,Private,Some-college,Never-married,Adm-clerical,Not-in-family,Black,Female,United-States,<=50K
47,67716,9,0,0,40,Private,HS-grad,Married-civ-spouse,Sales,Husband,White,Male,United-States,>50K
39,139743,9,0,0,20,Private,HS-grad,Separated,Adm-clerical,Not-in-family,White,Female,United-States,<=50K
41,101603,11,0,0,40,State-gov,Assoc-voc,Married-civ-spouse,Craft-repair,Husband,White,Male,United-States,<=50K
38,65706,10,0,0,38,Federal-gov,Some-college,Divorced,Exec-managerial,Unmarried,White,Female,United-States,<=50K
46,332355,10,0,0,40,Private,Some-college,Married-civ-spouse,Adm-clerical,Husband,White,Male,United-States,<=50K
43,158926,14,0,0,50,Private,Masters,Married-civ-spouse,Prof-specialty,Wife,Asian-Pac-Islander,Female,South,<=50K
33,141841,9,0,0,36,Private,HS-grad,Never-married,Other-service,Own-child,Black,Male,United-States,<=50K
34,260560,9,0,0,50,Private,HS-grad,Married-civ-spouse,Exec-managerial,Husband,White,Male,United-States,<=50K
59,202682,9,0,0,40,State-gov,HS-grad,Married-civ-spouse,Sales,Husband,White,Male,United-States,<=50K
59,238431,9,0,0,38,Local-gov,HS-grad,Divorced,Adm-clerical,Unmarried,White,Female,United-States,<=50K
31,126402,9,0,0,60,Private,HS-grad,Never-married,Farming-fishing,Not-in-family,Black,Female,United-States,<=50K
48,161187,9,2463,0,40,Private,HS-grad,Never-married,Adm-clerical,Not-in-family,White,Female,United-States,<=50K
75,164570,7,0,0,50,Self-emp-inc,11th,Never-married,Exec-managerial,Not-in-family,White,Male,United-States,<=50K
34,112650,4,0,0,40,Self-emp-not-inc,7th-8th,Never-married,Craft-repair,Own-child,White,Male,United-States,<=50K
24,437666,9,2885,0,50,Private,HS-grad,Married-civ-spouse,Craft-repair,Husband,White,Male,United-States,<=50K
36,180805,9,0,0,40,Local-gov,HS-grad,Never-married,Transport-moving,Not-in-family,Asian-Pac-Islander,Male,United-States,<=50K
66,298834,10,0,0,40,Private,Some-college,Married-civ-spouse,Protective-serv,Husband,White,Male,Canada,<=50K
36,28738,12,0,0,35,Self-emp-not-inc,Assoc-acdm,Divorced,Sales,Unmarried,White,Female,United-States,<=50K
51,128272,5,0,0,45,Private,9th,Married-civ-spouse,Machine-op-inspct,Husband,White,Male,United-States,<=50K
41,256647,9,0,0,40,Private,HS-grad,Married-civ-spouse,Machine-op-inspct,Husband,Black,Male,United-States,<=50K
25,503012,3,0,0,40,Private,5th-6th,Never-married,Craft-repair,Not-in-family,White,Male,Mexico,<=50K
44,172032,11,7298,0,51,Private,Assoc-voc,Married-civ-spouse,Adm-clerical,Husband,White,Male,United-States,>50K
67,191380,15,20051,0,25,Self-emp-not-inc,Prof-school,Married-civ-spouse,Prof-specialty,Husband,White,Male,United-States,>50K
42,103980,11,0,0,50,Self-emp-not-inc,Assoc-voc,Married-civ-spouse,Prof-specialty,Husband,White,Male,United-States,<=50K
64,161926,9,0,0,8,Federal-gov,HS-grad,Married-civ-spouse,Prof-specialty,Husband,White,Male,United-States,<=50K
66,151793,4,0,0,10,Private,7th-8th,Widowed,Other-service,Not-in-family,Black,Female,United-States,<=50K
43,247880,9,0,0,40,Private,HS-grad,Never-married,Craft-repair,Not-in-family,White,Male,United-States,<=50K
28,126129,10,0,0,40,Private,Some-college,Never-married,Adm-clerical,Not-in-family,White,Female,United-States,<=50K
22,268145,13,0,0,40,Private,Bachelors,Never-married,Sales,Not-in-family,White,Female,United-States,<=50K
43,124919,9,0,0,60,Private,HS-grad,Married-civ-spouse,Other-service,Husband,Asian-Pac-Islander,Male,Japan,<=50K
51,306790,9,0,0,40,Private,HS-grad,Divorced,Craft-repair,Not-in-family,White,Male,United-States,<=50K
60,191024,9,0,0,40,MISSING,HS-grad,Married-civ-spouse,MISSING,Husband,White,Male,United-States,<=50K
51,240358,9,0,0,40,Local-gov,HS-grad,Married-civ-spouse,Protective-serv,Husband,White,Male,United-States,>50K
51,155594,10,0,1887,40,State-gov,Some-college,Married-civ-spouse,Sales,Husband,White,Male,United-States,>50K
34,181388,9,0,0,40,Private,HS-grad,Divorced,Adm-clerical,Not-in-family,White,Female,United-States,<=50K
25,335005,10,3137,0,40,Private,Some-college,Married-civ-spouse,Protective-serv,Husband,White,Male,United-States,<=50K
45,236040,10,0,0,40,Private,Some-college,Married-civ-spouse,Prof-specialty,Husband,White,Male,United-States,>50K
32,324386,13,0,0,40,Private,Bachelors,Never-married,Prof-specialty,Own-child,White,Male,United-States,<=50K
28,416577,9,2829,0,40,Private,HS-grad,Married-civ-spouse,Craft-repair,Husband,Black,Male,United-States,<=50K
31,33124,15,0,0,99,Private,Prof-school,Never-married,Prof-specialty,Not-in-family,White,Female,United-States,<=50K
49,125892,9,0,0,40,Private,HS-grad,Married-civ-spouse,Sales,Husband,White,Male,United-States,<=50K
45,232997,10,0,0,65,Federal-gov,Some-college,Married-civ-spouse,Transport-moving,Husband,White,Male,United-States,>50K
27,225291,12,0,0,40,Local-gov,Assoc-acdm,Never-married,Prof-specialty,Not-in-family,White,Female,United-States,<=50K
36,212856,7,0,0,23,Local-gov,11th,Never-married,Other-service,Unmarried,White,Female,United-States,<=50K
25,193820,14,0,0,40,Private,Masters,Never-married,Prof-specialty,Own-child,White,Female,United-States,<=50K
44,33521,10,0,0,40,Private,Some-college,Married-civ-spouse,Exec-managerial,Husband,White,Male,United-States,>50K
48,138069,9,0,0,45,Private,HS-grad,Married-civ-spouse,Transport-moving,Husband,White,Male,United-States,<=50K
28,188278,13,0,0,50,Federal-gov,Bachelors,Never-married,Protective-serv,Not-in-family,White,Male,United-States,<=50K
25,184698,6,0,0,40,Private,10th,Never-married,Machine-op-inspct,Not-in-family,White,Male,Dominican-Republic,<=50K
23,123490,7,0,0,35,Private,11th,Divorced,Other-service,Unmarried,White,Female,United-States,<=50K
28,259840,13,0,0,60,Private,Bachelors,Married-civ-spouse,Sales,Husband,White,Male,United-States,>50K
23,186666,10,0,0,40,Private,Some-college,Never-married,Machine-op-inspct,Not-in-family,White,Male,United-States,<=50K
44,197344,9,0,0,50,Private,HS-grad,Never-married,Handlers-cleaners,Not-in-family,White,Male,United-States,<=50K
33,256211,9,0,0,40,Private,HS-grad,Married-civ-spouse,Machine-op-inspct,Husband,Asian-Pac-Islander,Male,South,<=50K
44,203897,13,0,0,40,Private,Bachelors,Married-spouse-absent,Adm-clerical,Not-in-family,White,Female,Cuba,<=50K
19,301606,10,0,0,35,Private,Some-college,Never-married,Other-service,Own-child,Black,Male,United-States,<=50K
25,282313,6,0,1602,40,Private,10th,Never-married,Handlers-cleaners,Own-child,Black,Male,United-States,<=50K
48,349151,9,0,0,40,Private,HS-grad,Married-civ-spouse,Craft-repair,Husband,White,Male,United-States,<=50K
24,109869,10,0,0,40,Private,Some-college,Never-married,Other-service,Own-child,White,Male,United-States,<=50K
20,190273,8,0,0,35,Private,12th,Never-married,Other-service,Own-child,White,Male,United-States,<=50K
71,238479,6,0,0,8,Self-emp-not-inc,10th,Married-civ-spouse,Craft-repair,Husband,White,Male,United-States,<=50K
70,158437,15,0,0,35,Self-emp-inc,Prof-school,Married-civ-spouse,Prof-specialty,Husband,White,Male,United-States,>50K
29,134566,16,0,0,50,MISSING,Doctorate,Married-civ-spouse,MISSING,Husband,White,Male,United-States,>50K
47,94809,11,0,0,45,Private,Assoc-voc,Married-civ-spouse,Exec-managerial,Wife,White,Female,United-States,>50K
34,319854,16,0,0,40,Private,Doctorate,Never-married,Prof-specialty,Not-in-family,White,Male,Taiwan,>50K
32,237478,7,0,0,40,Private,11th,Divorced,Machine-op-inspct,Unmarried,White,Female,United-States,<=50K
39,225605,9,0,0,24,Private,HS-grad,Married-civ-spouse,Farming-fishing,Husband,White,Male,United-States,<=50K
47,206947,12,0,0,67,Self-emp-inc,Assoc-acdm,Widowed,Exec-managerial,Not-in-family,White,Female,United-States,<=50K
53,355802,10,0,0,30,Private,Some-college,Widowed,Sales,Unmarried,White,Female,United-States,<=50K
17,193199,7,0,0,12,Private,11th,Never-married,Sales,Unmarried,White,Female,Poland,<=50K
36,293528,11,0,0,3,Private,Assoc-voc,Never-married,Tech-support,Not-in-family,White,Female,United-States,<=50K
33,111363,13,0,0,45,Private,Bachelors,Married-civ-spouse,Craft-repair,Husband,White,Male,United-States,<=50K
31,133861,12,0,0,40,Private,Assoc-acdm,Divorced,Exec-managerial,Not-in-family,White,Male,United-States,<=50K
26,206307,9,0,0,40,Private,HS-grad,Married-civ-spouse,Craft-repair,Husband,White,Male,United-States,>50K
63,154675,9,0,0,40,Federal-gov,HS-grad,Widowed,Exec-managerial,Not-in-family,White,Female,United-States,<=50K
37,152307,10,0,0,40,Private,Some-college,Married-civ-spouse,Machine-op-inspct,Husband,White,Male,United-States,>50K
33,170336,9,0,0,19,Private,HS-grad,Married-civ-spouse,Adm-clerical,Wife,Other,Female,United-States,<=50K
31,84130,10,0,0,50,Private,Some-college,Married-civ-spouse,Adm-clerical,Husband,White,Male,United-States,>50K
26,113571,9,0,0,70,Private,HS-grad,Never-married,Transport-moving,Not-in-family,White,Male,United-States,<=50K
24,122166,10,0,0,40,Private,Some-college,Never-married,Adm-clerical,Own-child,White,Female,Iran,<=50K
19,175507,9,0,0,30,Private,HS-grad,Never-married,Other-service,Not-in-family,White,Female,United-States,<=50K
23,1038553,9,0,0,45,Private,HS-grad,Never-married,Exec-managerial,Not-in-family,Black,Male,United-States,<=50K
41,53956,13,0,1980,56,Private,Bachelors,Divorced,Sales,Not-in-family,White,Male,United-States,<=50K
52,142757,9,0,0,40,State-gov,HS-grad,Married-civ-spouse,Protective-serv,Husband,Black,Male,United-States,>50K
50,138852,14,15024,0,50,Private,Masters,Married-civ-spouse,Exec-managerial,Husband,White,Male,United-States,>50K
50,258819,9,0,0,40,Private,HS-grad,Divorced,Craft-repair,Not-in-family,White,Male,United-States,>50K
30,340917,13,0,0,40,Private,Bachelors,Married-civ-spouse,Craft-repair,Husband,White,Male,United-States,<=50K
23,38151,7,0,0,40,Private,11th,Never-married,Other-service,Other-relative,White,Male,Philippines,<=50K
38,352628,13,0,0,40,State-gov,Bachelors,Divorced,Prof-specialty,Not-in-family,White,Female,United-States,<=50K
47,47496,9,0,0,42,Private,HS-grad,Divorced,Craft-repair,Not-in-family,White,Male,United-States,<=50K
25,217006,7,0,0,40,Private,11th,Married-civ-spouse,Machine-op-inspct,Husband,White,Male,United-States,<=50K
48,209057,13,0,0,50,Self-emp-not-inc,Bachelors,Married-spouse-absent,Sales,Own-child,White,Male,United-States,>50K
31,58582,10,0,0,46,Private,Some-college,Never-married,Craft-repair,Not-in-family,White,Male,United-States,<=50K
50,162632,9,0,0,2,Private,HS-grad,Married-civ-spouse,Craft-repair,Husband,White,Male,United-States,<=50K
58,121111,9,0,0,40,Private,HS-grad,Married-civ-spouse,Sales,Wife,White,Female,Greece,<=50K
27,96219,13,0,0,45,Private,Bachelors,Never-married,Adm-clerical,Not-in-family,White,Female,United-States,<=50K
38,478346,9,7688,0,40,Private,HS-grad,Married-civ-spouse,Exec-managerial,Wife,White,Female,United-States,>50K
41,30759,4,0,0,60,Private,7th-8th,Married-civ-spouse,Exec-managerial,Husband,White,Male,United-States,<=50K
54,138179,9,0,0,40,Private,HS-grad,Married-civ-spouse,Machine-op-inspct,Husband,White,Male,United-States,<=50K
71,133821,9,0,0,20,Self-emp-inc,HS-grad,Married-civ-spouse,Adm-clerical,Wife,White,Female,United-States,>50K
41,262038,3,0,0,35,Private,5th-6th,Married-spouse-absent,Farming-fishing,Not-in-family,White,Male,Mexico,<=50K
51,123703,9,4386,0,40,Private,HS-grad,Married-civ-spouse,Machine-op-inspct,Husband,White,Male,United-States,>50K
30,189265,12,0,0,40,Self-emp-not-inc,Assoc-acdm,Divorced,Adm-clerical,Not-in-family,White,Female,United-States,<=50K
52,187356,6,0,0,41,Private,10th,Married-civ-spouse,Machine-op-inspct,Husband,White,Male,United-States,<=50K
38,357962,5,0,0,40,Self-emp-not-inc,9th,Divorced,Craft-repair,Not-in-family,White,Male,United-States,<=50K
23,217961,9,0,0,45,Private,HS-grad,Never-married,Craft-repair,Unmarried,White,Male,Outlying-US(Guam-USVI-etc),<=50K
38,296999,13,0,0,70,Private,Bachelors,Never-married,Exec-managerial,Not-in-family,White,Female,United-States,<=50K
23,174754,10,0,0,30,Private,Some-college,Never-married,Sales,Not-in-family,White,Female,United-States,<=50K
31,197672,13,0,0,40,Private,Bachelors,Married-civ-spouse,Prof-specialty,Husband,White,Male,United-States,<=50K
44,189956,13,15024,0,40,Local-gov,Bachelors,Married-civ-spouse,Protective-serv,Wife,Black,Female,United-States,>50K
25,242700,10,10520,0,50,Private,Some-college,Never-married,Transport-moving,Not-in-family,White,Male,United-States,>50K
48,81154,11,0,0,48,Local-gov,Assoc-voc,Never-married,Protective-serv,Unmarried,White,Male,United-States,<=50K
24,203518,13,0,0,40,Private,Bachelors,Never-married,Prof-specialty,Not-in-family,White,Female,United-States,<=50K
45,242552,8,0,0,35,Self-emp-not-inc,12th,Divorced,Craft-repair,Other-relative,Black,Male,United-States,<=50K
32,132601,13,0,0,50,Private,Bachelors,Married-civ-spouse,Prof-specialty,Husband,White,Male,United-States,<=50K
23,170070,8,0,0,38,Private,12th,Never-married,Other-service,Not-in-family,White,Female,United-States,<=50K
45,51164,10,0,0,40,MISSING,Some-college,Married-civ-spouse,MISSING,Wife,Black,Female,United-States,<=50K
34,248795,9,0,0,45,Private,HS-grad,Never-married,Machine-op-inspct,Not-in-family,White,Female,United-States,<=50K
60,166153,10,0,0,50,Self-emp-not-inc,Some-college,Married-civ-spouse,Sales,Husband,White,Male,United-States,<=50K
70,221603,10,0,0,34,Private,Some-college,Widowed,Sales,Not-in-family,White,Female,United-States,<=50K
35,195516,9,0,0,40,Local-gov,HS-grad,Divorced,Exec-managerial,Not-in-family,White,Male,United-States,<=50K
28,215211,9,0,0,50,Private,HS-grad,Married-civ-spouse,Sales,Husband,White,Male,United-States,<=50K
33,201763,13,0,0,50,Self-emp-inc,Bachelors,Married-civ-spouse,Sales,Husband,White,Male,United-States,>50K
37,175643,9,0,0,30,Private,HS-grad,Married-civ-spouse,Farming-fishing,Husband,White,Male,United-States,<=50K
31,204829,9,0,0,40,Private,HS-grad,Divorced,Machine-op-inspct,Not-in-family,White,Male,United-States,<=50K
27,219863,9,0,0,40,Private,HS-grad,Married-civ-spouse,Transport-moving,Husband,White,Male,United-States,<=50K
34,213722,9,0,0,57,Local-gov,HS-grad,Married-civ-spouse,Protective-serv,Husband,White,Male,United-States,>50K
34,172579,11,0,0,40,Private,Assoc-voc,Divorced,Tech-support,Unmarried,White,Female,United-States,<=50K
27,249463,11,0,0,20,MISSING,Assoc-voc,Married-civ-spouse,MISSING,Husband,White,Male,United-States,<=50K
38,391040,11,0,0,20,Private,Assoc-voc,Separated,Tech-support,Unmarried,White,Female,United-States,<=50K
18,90230,9,0,0,20,MISSING,HS-grad,Never-married,MISSING,Own-child,White,Male,United-States,<=50K
42,53727,9,0,0,40,Federal-gov,HS-grad,Married-civ-spouse,Transport-moving,Husband,White,Male,MISSING,<=50K
62,123992,9,0,0,40,MISSING,HS-grad,Married-civ-spouse,MISSING,Husband,White,Male,United-States,<=50K
42,144002,9,0,0,50,Private,HS-grad,Divorced,Transport-moving,Not-in-family,White,Male,United-States,<=50K
47,185673,9,0,0,50,Self-emp-not-inc,HS-grad,Married-civ-spouse,Exec-managerial,Husband,White,Male,United-States,>50K
28,411587,10,0,0,40,Private,Some-college,Never-married,Protective-serv,Own-child,White,Male,Honduras,<=50K
42,27242,7,0,0,60,Self-emp-not-inc,11th,Married-civ-spouse,Farming-fishing,Husband,White,Male,United-States,<=50K
35,272019,7,0,2057,40,Private,11th,Married-civ-spouse,Craft-repair,Husband,White,Male,United-States,<=50K
66,54826,11,0,0,20,Local-gov,Assoc-voc,Widowed,Prof-specialty,Not-in-family,White,Female,United-States,<=50K
30,263150,9,0,0,20,Private,HS-grad,Divorced,Machine-op-inspct,Unmarried,White,Female,United-States,<=50K
37,225504,14,0,0,50,Private,Masters,Never-married,Sales,Not-in-family,White,Male,United-States,<=50K
28,157624,13,0,0,40,Private,Bachelors,Never-married,Adm-clerical,Not-in-family,White,Female,United-States,<=50K
41,56795,14,0,0,45,Private,Masters,Married-civ-spouse,Prof-specialty,Wife,White,Female,England,<=50K
28,210867,7,0,0,40,Private,11th,Divorced,Sales,Own-child,White,Male,United-States,<=50K
37,171968,11,0,0,40,Private,Assoc-voc,Married-civ-spouse,Adm-clerical,Husband,White,Male,United-States,<=50K
36,167440,10,0,0,44,Private,Some-college,Married-civ-spouse,Machine-op-inspct,Husband,White,Male,United-States,<=50K
42,136996,10,0,0,48,State-gov,Some-college,Married-civ-spouse,Protective-serv,Husband,Black,Male,United-States,<=50K
30,199539,9,0,1902,40,State-gov,HS-grad,Married-civ-spouse,Adm-clerical,Husband,White,Male,United-States,<=50K
46,238648,9,7298,0,40,State-gov,HS-grad,Married-civ-spouse,Other-service,Husband,Black,Male,United-States,>50K
45,287190,12,0,0,35,Private,Assoc-acdm,Divorced,Adm-clerical,Unmarried,Black,Male,United-States,<=50K
51,282744,13,0,0,40,Private,Bachelors,Married-civ-spouse,Farming-fishing,Husband,White,Male,Canada,<=50K
45,149640,10,0,0,40,Private,Some-college,Married-civ-spouse,Craft-repair,Husband,White,Male,United-States,<=50K
21,460835,9,0,0,45,Private,HS-grad,Never-married,Sales,Other-relative,White,Male,United-States,<=50K
29,79387,13,0,0,50,Private,Bachelors,Never-married,Exec-managerial,Not-in-family,White,Male,United-States,>50K
45,149640,15,0,0,30,Self-emp-not-inc,Prof-school,Never-married,Prof-specialty,Not-in-family,White,Male,United-States,>50K
61,203445,10,0,0,40,Private,Some-college,Widowed,Adm-clerical,Other-relative,White,Female,United-States,<=50K
41,102332,9,0,0,40,Private,HS-grad,Divorced,Sales,Unmarried,Black,Female,United-States,<=50K
21,190761,6,0,0,70,Private,10th,Married-civ-spouse,Farming-fishing,Husband,White,Male,United-States,<=50K
19,100999,7,0,0,30,Self-emp-not-inc,11th,Never-married,Adm-clerical,Own-child,White,Female,United-States,<=50K
21,221480,10,0,0,25,Private,Some-college,Never-married,Tech-support,Own-child,White,Female,Ecuador,<=50K
26,167835,13,0,0,20,MISSING,Bachelors,Married-civ-spouse,MISSING,Wife,White,Female,United-States,<=50K
51,162327,7,0,0,40,Self-emp-inc,11th,Divorced,Sales,Not-in-family,White,Male,United-States,<=50K
51,120914,6,0,0,40,Private,10th,Never-married,Farming-fishing,Own-child,White,Male,United-States,<=50K
44,56236,10,2202,0,45,Self-emp-inc,Some-college,Never-married,Exec-managerial,Not-in-family,Black,Male,United-States,<=50K
23,175183,10,0,0,40,Private,Some-college,Never-married,Adm-clerical,Not-in-family,White,Female,United-States,<=50K
49,214169,10,0,0,40,Private,Some-college,Married-civ-spouse,Craft-repair,Husband,White,Male,United-States,>50K
25,122999,9,0,0,40,Private,HS-grad,Never-married,Craft-repair,Other-relative,White,Male,United-States,<=50K
44,35910,13,0,1902,56,Private,Bachelors,Married-civ-spouse,Exec-managerial,Husband,White,Male,United-States,>50K
55,141807,13,0,0,40,Self-emp-not-inc,Bachelors,Married-civ-spouse,Exec-managerial,Husband,White,Male,United-States,>50K
78,82815,10,0,0,3,Self-emp-not-inc,Some-college,Married-civ-spouse,Craft-repair,Husband,White,Male,United-States,>50K
35,107160,8,0,0,30,Private,12th,Separated,Other-service,Not-in-family,White,Female,United-States,<=50K
22,29444,8,0,0,50,Private,12th,Never-married,Farming-fishing,Not-in-family,Amer-Indian-Eskimo,Male,United-States,<=50K
49,24712,13,0,0,35,Private,Bachelors,Never-married,Other-service,Not-in-family,Asian-Pac-Islander,Female,Philippines,<=50K
23,107882,13,0,0,40,Private,Bachelors,Never-married,Adm-clerical,Own-child,White,Female,United-States,<=50K
32,100662,5,0,0,40,Private,9th,Separated,Machine-op-inspct,Unmarried,White,Female,Columbia,<=50K
28,95566,2,0,0,35,Private,1st-4th,Married-spouse-absent,Other-service,Own-child,Other,Female,Dominican-Republic,<=50K
41,138907,9,0,0,40,Private,HS-grad,Divorced,Priv-house-serv,Other-relative,Black,Female,United-States,<=50K
30,315640,16,0,1977,40,Private,Doctorate,Married-civ-spouse,Prof-specialty,Husband,Asian-Pac-Islander,Male,China,>50K
50,188186,14,0,1590,45,Private,Masters,Divorced,Sales,Not-in-family,White,Female,United-States,<=50K
19,376240,9,0,0,42,Private,HS-grad,Never-married,Machine-op-inspct,Own-child,White,Male,United-States,<=50K
34,293703,10,0,0,40,Private,Some-college,Married-civ-spouse,Craft-repair,Husband,Asian-Pac-Islander,Male,Philippines,<=50K
29,84560,9,0,0,40,Private,HS-grad,Never-married,Handlers-cleaners,Own-child,White,Male,United-States,<=50K
18,132652,7,0,0,20,Private,11th,Never-married,Other-service,Own-child,White,Male,United-States,<=50K
33,206280,9,0,0,40,Private,HS-grad,Never-married,Adm-clerical,Not-in-family,Black,Male,United-States,<=50K
22,126613,10,0,0,20,Private,Some-college,Never-married,Sales,Own-child,White,Female,United-States,<=50K
17,206010,8,0,0,8,Private,12th,Never-married,Other-service,Own-child,White,Female,United-States,<=50K
40,157240,13,0,0,70,Local-gov,Bachelors,Divorced,Prof-specialty,Unmarried,White,Female,United-States,<=50K
25,182866,9,0,0,40,Private,HS-grad,Never-married,Handlers-cleaners,Own-child,White,Male,United-States,<=50K
53,470368,12,0,0,48,Private,Assoc-acdm,Divorced,Adm-clerical,Unmarried,White,Female,United-States,<=50K
35,182570,12,0,0,40,Local-gov,Assoc-acdm,Married-civ-spouse,Protective-serv,Husband,White,Male,United-States,>50K
59,279232,6,0,0,40,Private,10th,Married-civ-spouse,Transport-moving,Husband,White,Male,Puerto-Rico,<=50K
32,199529,10,0,1980,40,Private,Some-college,Separated,Tech-support,Not-in-family,Amer-Indian-Eskimo,Male,United-States,<=50K
56,212864,13,0,0,40,Private,Bachelors,Married-civ-spouse,Prof-specialty,Husband,White,Male,United-States,>50K
27,305647,12,0,0,40,Private,Assoc-acdm,Married-civ-spouse,Adm-clerical,Husband,White,Male,United-States,>50K
54,138852,9,0,0,40,State-gov,HS-grad,Married-civ-spouse,Prof-specialty,Husband,White,Male,United-States,<=50K
26,218782,9,0,0,40,Federal-gov,HS-grad,Married-civ-spouse,Adm-clerical,Husband,Other,Male,United-States,<=50K
21,131230,9,0,0,37,Private,HS-grad,Married-civ-spouse,Craft-repair,Husband,White,Male,United-States,<=50K
60,101110,11,0,0,40,Local-gov,Assoc-voc,Divorced,Prof-specialty,Unmarried,White,Male,United-States,>50K
29,168873,10,0,0,30,MISSING,Some-college,Divorced,MISSING,Unmarried,White,Female,United-States,<=50K
47,293623,7,0,0,40,Private,11th,Married-civ-spouse,Craft-repair,Husband,White,Male,Dominican-Republic,<=50K
19,35865,10,0,0,30,Private,Some-college,Never-married,Other-service,Not-in-family,White,Female,United-States,<=50K
29,389713,11,0,0,40,Private,Assoc-voc,Married-civ-spouse,Craft-repair,Husband,White,Male,United-States,>50K
29,188729,13,0,0,45,Private,Bachelors,Never-married,Adm-clerical,Not-in-family,White,Female,United-States,<=50K
44,182629,14,0,0,24,Private,Masters,Divorced,Sales,Not-in-family,White,Male,Iran,<=50K
67,192916,9,3818,0,11,MISSING,HS-grad,Married-civ-spouse,MISSING,Husband,White,Male,United-States,<=50K
26,195105,9,0,0,40,Private,HS-grad,Never-married,Sales,Not-in-family,Other,Male,United-States,<=50K
36,74791,13,0,0,60,Private,Bachelors,Married-civ-spouse,Sales,Wife,White,Male,MISSING,<=50K
43,33331,13,0,0,55,Private,Bachelors,Married-civ-spouse,Sales,Husband,White,Male,United-States,<=50K
49,188515,10,0,0,40,Private,Some-college,Divorced,Adm-clerical,Unmarried,White,Female,United-States,<=50K
37,291518,13,15024,0,55,Self-emp-inc,Bachelors,Married-civ-spouse,Craft-repair,Husband,White,Male,United-States,>50K
37,188774,7,0,0,60,Self-emp-inc,11th,Married-spouse-absent,Sales,Not-in-family,White,Male,MISSING,<=50K
29,116394,13,0,0,50,Federal-gov,Bachelors,Married-AF-spouse,Prof-specialty,Husband,White,Male,United-States,>50K
50,145166,14,7298,0,40,Local-gov,Masters,Married-civ-spouse,Prof-specialty,Husband,White,Male,United-States,>50K
50,30008,13,0,0,45,Local-gov,Bachelors,Married-civ-spouse,Prof-specialty,Husband,White,Male,United-States,>50K
43,180138,9,0,0,45,Private,HS-grad,Never-married,Craft-repair,Not-in-family,White,Male,United-States,<=50K
52,145271,13,0,0,40,Private,Bachelors,Married-civ-spouse,Craft-repair,Husband,Asian-Pac-Islander,Male,United-States,<=50K
19,184710,10,0,0,30,Private,Some-college,Never-married,Tech-support,Own-child,White,Male,United-States,<=50K
19,69927,9,0,0,16,Private,HS-grad,Married-civ-spouse,Other-service,Wife,Black,Female,United-States,<=50K
39,209397,9,0,0,40,Private,HS-grad,Divorced,Adm-clerical,Unmarried,White,Female,United-States,<=50K
28,173944,14,0,0,40,Private,Masters,Married-civ-spouse,Prof-specialty,Husband,White,Male,United-States,>50K
38,243872,13,0,0,70,Private,Bachelors,Married-civ-spouse,Sales,Husband,White,Male,United-States,>50K
75,128224,3,0,0,25,MISSING,5th-6th,Married-civ-spouse,MISSING,Husband,White,Male,United-States,<=50K
53,29658,9,0,0,40,Private,HS-grad,Married-civ-spouse,Craft-repair,Husband,White,Male,United-States,>50K
46,324655,14,0,1902,40,Private,Masters,Married-civ-spouse,Tech-support,Husband,White,Male,MISSING,>50K
35,223242,13,0,0,40,Local-gov,Bachelors,Divorced,Prof-specialty,Not-in-family,White,Male,United-States,<=50K
25,476334,9,0,0,48,Private,HS-grad,Married-civ-spouse,Sales,Husband,White,Male,United-States,<=50K
32,185732,7,0,0,40,Private,11th,Divorced,Other-service,Unmarried,White,Female,United-States,<=50K
31,323069,9,0,0,20,Private,HS-grad,Separated,Adm-clerical,Unmarried,White,Female,MISSING,<=50K
21,65038,9,0,0,40,Private,HS-grad,Never-married,Machine-op-inspct,Own-child,White,Male,United-States,<=50K
66,236879,1,0,0,40,Private,Preschool,Widowed,Priv-house-serv,Other-relative,White,Female,Guatemala,<=50K
27,169662,13,0,0,42,Private,Bachelors,Married-civ-spouse,Prof-specialty,Husband,White,Male,United-States,>50K
21,204641,10,0,0,40,Private,Some-college,Never-married,Other-service,Own-child,White,Male,United-States,<=50K
41,197093,13,0,0,40,Private,Bachelors,Divorced,Prof-specialty,Not-in-family,Black,Male,United-States,<=50K
57,437727,14,0,1977,45,Private,Masters,Married-civ-spouse,Prof-specialty,Husband,White,Male,United-States,>50K
58,239523,9,0,0,45,Private,HS-grad,Married-civ-spouse,Exec-managerial,Husband,White,Male,United-States,>50K
57,79830,9,0,0,40,Private,HS-grad,Married-civ-spouse,Craft-repair,Husband,Asian-Pac-Islander,Male,United-States,<=50K
66,117746,13,0,0,50,Private,Bachelors,Married-civ-spouse,Sales,Husband,White,Male,United-States,>50K
52,150812,10,0,0,35,Private,Some-college,Divorced,Adm-clerical,Unmarried,White,Female,United-States,<=50K
26,287233,13,0,0,40,Local-gov,Bachelors,Married-civ-spouse,Prof-specialty,Wife,Black,Female,United-States,>50K
27,280618,14,0,0,40,State-gov,Masters,Never-married,Prof-specialty,Not-in-family,White,Male,United-States,<=50K
39,336880,9,0,0,40,Private,HS-grad,Married-civ-spouse,Machine-op-inspct,Husband,White,Male,United-States,>50K
56,145574,9,0,0,40,Private,HS-grad,Married-civ-spouse,Craft-repair,Husband,White,Male,United-States,>50K
17,183784,6,0,0,15,Self-emp-inc,10th,Never-married,Sales,Own-child,White,Male,United-States,<=50K
23,227070,10,0,0,48,Private,Some-college,Never-married,Other-service,Unmarried,White,Female,El-Salvador,<=50K
33,288840,9,0,0,38,Private,HS-grad,Married-spouse-absent,Other-service,Unmarried,Black,Female,United-States,<=50K
20,218215,10,0,0,30,Private,Some-college,Never-married,Sales,Own-child,White,Female,United-States,<=50K
18,329054,7,0,0,15,Private,11th,Never-married,Adm-clerical,Own-child,White,Female,United-States,<=50K
45,128378,9,0,0,40,Private,HS-grad,Married-civ-spouse,Machine-op-inspct,Husband,Black,Male,United-States,<=50K
38,150057,9,0,0,40,Private,HS-grad,Never-married,Handlers-cleaners,Not-in-family,White,Male,United-States,<=50K
29,222249,9,0,0,40,Private,HS-grad,Never-married,Adm-clerical,Other-relative,White,Female,United-States,<=50K
42,238188,14,0,0,35,Local-gov,Masters,Married-civ-spouse,Prof-specialty,Husband,White,Male,United-States,>50K
47,306183,10,0,0,44,Private,Some-college,Divorced,Other-service,Own-child,White,Female,United-States,<=50K
42,70240,10,0,0,40,Federal-gov,Some-college,Divorced,Exec-managerial,Unmarried,Asian-Pac-Islander,Female,United-States,<=50K
38,129150,6,0,0,35,MISSING,10th,Separated,MISSING,Own-child,White,Male,United-States,<=50K
43,187702,10,2174,0,45,Private,Some-college,Never-married,Other-service,Not-in-family,White,Male,United-States,<=50K
39,49020,13,3103,0,48,Private,Bachelors,Married-civ-spouse,Sales,Husband,White,Male,United-States,>50K
41,140886,9,0,0,40,Private,HS-grad,Married-civ-spouse,Farming-fishing,Husband,White,Male,United-States,<=50K
30,188398,9,0,0,30,Private,HS-grad,Married-spouse-absent,Adm-clerical,Not-in-family,White,Female,United-States,<=50K
18,152641,6,0,0,40,MISSING,10th,Never-married,MISSING,Own-child,White,Male,United-States,<=50K
20,225811,9,0,0,23,Private,HS-grad,Never-married,Sales,Own-child,White,Female,United-States,<=50K
54,118108,9,0,0,40,Private,HS-grad,Married-civ-spouse,Craft-repair,Husband,Black,Male,United-States,<=50K
36,361888,10,0,0,40,Private,Some-college,Married-civ-spouse,Craft-repair,Husband,White,Male,MISSING,>50K
43,598606,5,0,0,50,Private,9th,Separated,Handlers-cleaners,Unmarried,Black,Female,United-States,<=50K
52,221936,9,0,0,40,Private,HS-grad,Married-civ-spouse,Sales,Husband,White,Male,United-States,<=50K
36,148581,9,0,0,55,Private,HS-grad,Married-civ-spouse,Craft-repair,Husband,White,Male,United-States,>50K
50,410186,9,0,0,40,Private,HS-grad,Married-civ-spouse,Craft-repair,Husband,White,Male,United-States,<=50K
35,63921,3,0,0,40,Private,5th-6th,Married-civ-spouse,Handlers-cleaners,Husband,White,Male,Mexico,<=50K
38,69306,10,0,0,40,Private,Some-college,Divorced,Craft-repair,Unmarried,White,Female,United-States,<=50K
26,85482,9,0,0,40,Federal-gov,HS-grad,Never-married,Adm-clerical,Not-in-family,Asian-Pac-Islander,Male,United-States,<=50K
28,410351,10,0,0,30,Private,Some-college,Never-married,Craft-repair,Not-in-family,White,Male,United-States,<=50K
59,99131,14,0,0,40,Private,Masters,Widowed,Exec-managerial,Not-in-family,White,Female,United-States,>50K
28,419146,4,0,0,40,Private,7th-8th,Separated,Handlers-cleaners,Not-in-family,White,Male,Mexico,<=50K
47,189123,9,0,0,40,State-gov,HS-grad,Married-civ-spouse,Other-service,Husband,White,Male,United-States,<=50K
50,75472,9,4386,0,40,Private,HS-grad,Married-civ-spouse,Craft-repair,Husband,White,Male,MISSING,<=50K
51,338836,10,0,0,40,Self-emp-inc,Some-college,Married-civ-spouse,Exec-managerial,Husband,White,Male,United-States,>50K
55,436861,14,14084,0,40,Private,Masters,Divorced,Prof-specialty,Not-in-family,White,Female,United-States,>50K
34,190385,14,0,0,40,Private,Masters,Never-married,Prof-specialty,Not-in-family,White,Female,United-States,>50K
48,31264,10,5178,0,40,Local-gov,Some-college,Married-civ-spouse,Exec-managerial,Wife,White,Female,United-States,>50K
47,53498,9,0,0,40,Federal-gov,HS-grad,Divorced,Other-service,Unmarried,Black,Female,United-States,<=50K
57,109015,10,0,0,48,Private,Some-college,Divorced,Sales,Not-in-family,White,Female,United-States,<=50K
28,472580,10,0,0,40,Private,Some-college,Never-married,Sales,Own-child,Black,Male,United-States,<=50K
61,71209,9,0,0,45,Private,HS-grad,Married-civ-spouse,Craft-repair,Husband,White,Male,United-States,>50K
32,115745,10,0,0,40,MISSING,Some-college,Married-civ-spouse,MISSING,Husband,White,Male,United-States,<=50K
69,204645,10,9386,0,72,Self-emp-not-inc,Some-college,Married-civ-spouse,Craft-repair,Husband,White,Male,United-States,>50K
58,48433,9,0,0,40,State-gov,HS-grad,Married-civ-spouse,Exec-managerial,Husband,White,Male,United-States,<=50K
33,169496,13,0,0,50,Private,Bachelors,Married-civ-spouse,Exec-managerial,Husband,White,Male,United-States,>50K
57,199114,6,0,0,30,MISSING,10th,Separated,MISSING,Not-in-family,White,Male,United-States,<=50K
35,372525,13,0,0,40,Self-emp-not-inc,Bachelors,Never-married,Exec-managerial,Not-in-family,White,Male,United-States,<=50K
47,264052,10,0,0,50,Private,Some-college,Married-civ-spouse,Prof-specialty,Husband,White,Male,United-States,>50K
31,574005,13,0,0,44,Private,Bachelors,Married-civ-spouse,Craft-repair,Husband,White,Male,United-States,>50K
31,216827,9,0,0,40,Private,HS-grad,Separated,Other-service,Unmarried,Black,Female,United-States,<=50K
32,156464,9,0,1902,50,Private,HS-grad,Married-civ-spouse,Sales,Husband,White,Male,United-States,>50K
42,96321,10,0,0,50,Private,Some-college,Married-civ-spouse,Sales,Husband,White,Male,United-States,>50K
33,53373,9,0,0,35,Private,HS-grad,Married-civ-spouse,Craft-repair,Husband,White,Male,United-States,<=50K
22,195143,10,0,0,29,MISSING,Some-college,Never-married,MISSING,Own-child,White,Female,United-States,<=50K
27,369522,9,0,0,45,Private,HS-grad,Never-married,Machine-op-inspct,Own-child,White,Male,United-States,<=50K
43,186188,10,0,0,40,Private,Some-college,Divorced,Adm-clerical,Unmarried,White,Female,United-States,<=50K
22,335453,10,0,0,16,MISSING,Some-college,Never-married,MISSING,Own-child,White,Female,United-States,<=50K
80,173488,10,0,0,20,Private,Some-college,Widowed,Adm-clerical,Not-in-family,White,Female,United-States,<=50K
45,61751,9,0,0,35,Private,HS-grad,Married-civ-spouse,Other-service,Wife,White,Female,United-States,<=50K
26,102264,10,0,0,40,Private,Some-college,Never-married,Craft-repair,Not-in-family,White,Male,United-States,<=50K
61,42938,13,0,0,7,MISSING,Bachelors,Never-married,MISSING,Not-in-family,White,Male,United-States,>50K
45,154430,13,10520,0,50,Private,Bachelors,Widowed,Prof-specialty,Not-in-family,White,Female,United-States,>50K
56,357118,13,0,0,60,Self-emp-not-inc,Bachelors,Never-married,Exec-managerial,Not-in-family,White,Female,United-States,<=50K
66,167687,9,1409,0,50,Self-emp-not-inc,HS-grad,Married-civ-spouse,Farming-fishing,Husband,White,Male,United-States,<=50K
23,143003,14,0,1887,50,Private,Masters,Married-civ-spouse,Prof-specialty,Husband,Asian-Pac-Islander,Male,India,>50K
19,249787,9,0,0,40,Private,HS-grad,Never-married,Other-service,Other-relative,Black,Male,United-States,<=50K
31,234387,9,0,0,40,Private,HS-grad,Divorced,Exec-managerial,Unmarried,Black,Female,United-States,<=50K
38,226357,9,0,0,40,Private,HS-grad,Married-civ-spouse,Craft-repair,Husband,White,Male,United-States,<=50K
41,233130,10,0,0,40,Private,Some-college,Married-civ-spouse,Craft-repair,Husband,White,Male,United-States,>50K
47,173938,13,0,0,57,Private,Bachelors,Married-civ-spouse,Exec-managerial,Husband,White,Male,United-States,>50K
37,160120,14,0,0,40,Private,Masters,Never-married,Prof-specialty,Unmarried,Asian-Pac-Islander,Male,South,<=50K
24,254293,13,2174,0,45,Private,Bachelors,Never-married,Exec-managerial,Not-in-family,White,Male,United-States,<=50K
35,25955,7,0,0,40,Private,11th,Never-married,Other-service,Unmarried,Amer-Indian-Eskimo,Male,United-States,<=50K
24,236696,10,0,0,30,Private,Some-college,Never-married,Other-service,Not-in-family,White,Male,United-States,<=50K
52,35092,16,0,0,40,Local-gov,Doctorate,Married-civ-spouse,Exec-managerial,Husband,White,Male,United-States,>50K
45,106910,9,0,0,40,Federal-gov,HS-grad,Never-married,Transport-moving,Unmarried,Asian-Pac-Islander,Female,United-States,<=50K
45,189792,14,0,0,40,Private,Masters,Married-civ-spouse,Sales,Husband,White,Male,United-States,>50K
29,164040,9,0,0,40,Private,HS-grad,Married-civ-spouse,Other-service,Husband,White,Male,United-States,<=50K
34,191930,10,0,0,40,Private,Some-college,Married-civ-spouse,Machine-op-inspct,Husband,Black,Male,United-States,<=50K
24,1085515,9,0,0,30,Private,HS-grad,Never-married,Other-service,Not-in-family,White,Female,United-States,<=50K
27,214695,9,0,0,60,Private,HS-grad,Never-married,Sales,Own-child,Black,Male,United-States,<=50K
50,150876,9,0,1887,55,Private,HS-grad,Married-civ-spouse,Exec-managerial,Husband,Black,Male,United-States,>50K
43,343061,4,4508,0,40,Self-emp-not-inc,7th-8th,Married-civ-spouse,Farming-fishing,Husband,White,Male,Cuba,<=50K
39,103925,13,7688,0,32,Private,Bachelors,Married-civ-spouse,Prof-specialty,Wife,White,Female,United-States,>50K
43,331894,10,0,0,60,Private,Some-college,Married-civ-spouse,Transport-moving,Husband,White,Male,United-States,>50K
30,100734,13,0,0,38,Private,Bachelors,Married-civ-spouse,Prof-specialty,Wife,White,Female,United-States,<=50K
48,353824,10,0,0,40,MISSING,Some-college,Married-civ-spouse,MISSING,Husband,White,Male,MISSING,>50K
37,249720,13,0,0,27,Private,Bachelors,Never-married,Adm-clerical,Unmarried,Black,Female,United-States,<=50K
23,128604,9,0,0,48,Private,HS-grad,Never-married,Sales,Own-child,Asian-Pac-Islander,Male,South,<=50K
47,114459,14,7688,0,45,Local-gov,Masters,Married-civ-spouse,Prof-specialty,Husband,White,Male,United-States,>50K
39,184117,13,7688,0,20,Private,Bachelors,Married-civ-spouse,Prof-specialty,Wife,White,Female,United-States,>50K
45,297884,13,0,0,40,Private,Bachelors,Divorced,Exec-managerial,Not-in-family,White,Male,United-States,>50K
38,187934,9,0,0,20,Self-emp-inc,HS-grad,Married-civ-spouse,Other-service,Wife,White,Female,Poland,<=50K
19,174732,10,0,0,25,Private,Some-college,Never-married,Other-service,Own-child,Black,Male,United-States,<=50K
32,299635,10,0,0,50,Private,Some-college,Married-civ-spouse,Exec-managerial,Husband,White,Male,Germany,<=50K
46,207022,13,7688,0,40,Federal-gov,Bachelors,Married-civ-spouse,Exec-managerial,Husband,White,Male,United-States,>50K
20,371089,9,0,0,40,MISSING,HS-grad,Never-married,MISSING,Own-child,White,Female,United-States,<=50K
31,84154,10,0,0,38,Private,Some-college,Married-civ-spouse,Sales,Husband,White,Male,MISSING,>50K
60,114060,10,0,0,40,State-gov,Some-college,Married-civ-spouse,Protective-serv,Husband,White,Male,United-States,<=50K
29,169544,10,0,0,48,Local-gov,Some-college,Never-married,Protective-serv,Own-child,White,Male,United-States,<=50K
20,204641,9,0,0,20,Private,HS-grad,Never-married,Adm-clerical,Own-child,White,Male,United-States,<=50K
38,172571,10,0,0,40,Federal-gov,Some-college,Divorced,Adm-clerical,Not-in-family,White,Male,United-States,>50K
19,192453,10,0,0,25,Private,Some-college,Never-married,Other-service,Other-relative,White,Female,United-States,<=50K
22,109815,10,0,0,40,Private,Some-college,Never-married,Adm-clerical,Not-in-family,White,Female,United-States,<=50K
57,145189,10,0,0,40,Private,Some-college,Never-married,Adm-clerical,Not-in-family,White,Female,United-States,<=50K
26,154785,10,0,0,35,Private,Some-college,Married-spouse-absent,Adm-clerical,Own-child,Other,Female,United-States,<=50K
25,12285,10,0,0,20,MISSING,Some-college,Never-married,MISSING,Not-in-family,Amer-Indian-Eskimo,Female,United-States,<=50K
59,98418,9,0,0,20,Self-emp-not-inc,HS-grad,Married-civ-spouse,Farming-fishing,Husband,White,Male,United-States,<=50K
60,181200,8,0,0,40,Private,12th,Married-civ-spouse,Adm-clerical,Husband,White,Male,United-States,<=50K
37,328301,13,0,0,36,Local-gov,Bachelors,Divorced,Prof-specialty,Not-in-family,White,Female,United-States,<=50K
62,77884,9,0,0,40,Private,HS-grad,Married-civ-spouse,Sales,Husband,Asian-Pac-Islander,Male,Philippines,<=50K
26,159732,10,0,0,60,Private,Some-college,Married-civ-spouse,Exec-managerial,Husband,White,Male,United-States,<=50K
49,194189,4,0,0,40,Private,7th-8th,Married-civ-spouse,Handlers-cleaners,Husband,White,Male,United-States,<=50K
42,203554,14,0,0,60,Private,Masters,Married-civ-spouse,Exec-managerial,Husband,White,Male,United-States,>50K
29,106179,13,0,0,35,Private,Bachelors,Never-married,Adm-clerical,Not-in-family,White,Female,Canada,<=50K
20,256240,9,0,0,30,Private,HS-grad,Never-married,Other-service,Own-child,White,Male,United-States,<=50K
20,258430,10,0,0,19,Private,Some-college,Never-married,Other-service,Own-child,White,Female,United-States,<=50K
50,183390,13,0,0,40,Local-gov,Bachelors,Separated,Prof-specialty,Not-in-family,White,Male,United-States,>50K
40,153799,2,0,0,40,Private,1st-4th,Married-spouse-absent,Machine-op-inspct,Unmarried,White,Female,Dominican-Republic,<=50K
32,123971,7,0,0,49,MISSING,11th,Divorced,MISSING,Not-in-family,White,Female,United-States,<=50K
19,37085,10,0,0,30,MISSING,Some-college,Never-married,MISSING,Own-child,White,Female,United-States,<=50K
49,99179,13,0,0,40,Private,Bachelors,Never-married,Prof-specialty,Not-in-family,White,Female,United-States,<=50K
19,198668,4,0,0,40,Private,7th-8th,Never-married,Other-service,Not-in-family,White,Female,United-States,<=50K
44,86298,9,0,0,40,Private,HS-grad,Divorced,Craft-repair,Not-in-family,White,Male,United-States,<=50K
53,71417,16,0,0,40,State-gov,Doctorate,Married-civ-spouse,Prof-specialty,Husband,White,Male,United-States,<=50K
31,225779,9,0,0,40,Private,HS-grad,Never-married,Machine-op-inspct,Not-in-family,White,Female,United-States,<=50K
27,198346,13,0,0,35,Private,Bachelors,Divorced,Adm-clerical,Not-in-family,White,Female,United-States,<=50K
26,221626,13,0,0,40,MISSING,Bachelors,Married-civ-spouse,MISSING,Wife,White,Female,United-States,<=50K
39,103986,9,0,1590,40,MISSING,HS-grad,Never-married,MISSING,Not-in-family,White,Male,United-States,<=50K
34,50276,13,27828,0,40,Private,Bachelors,Never-married,Sales,Not-in-family,White,Male,United-States,>50K
19,237848,10,0,0,3,Private,Some-college,Never-married,Other-service,Own-child,White,Male,United-States,<=50K
38,174717,13,0,0,50,Private,Bachelors,Married-civ-spouse,Sales,Husband,White,Male,United-States,>50K
52,99736,14,15020,0,50,Private,Masters,Divorced,Prof-specialty,Unmarried,White,Male,United-States,>50K
60,218085,9,0,0,50,Self-emp-not-inc,HS-grad,Married-civ-spouse,Other-service,Wife,Black,Female,United-States,<=50K
47,168191,10,0,0,40,Self-emp-inc,Some-college,Married-civ-spouse,Craft-repair,Husband,White,Male,United-States,<=50K
71,137499,9,0,0,16,Private,HS-grad,Widowed,Sales,Other-relative,White,Female,United-States,<=50K
23,171705,9,0,0,48,Private,HS-grad,Never-married,Sales,Unmarried,White,Female,United-States,<=50K
21,203894,11,0,0,40,Private,Assoc-voc,Never-married,Adm-clerical,Own-child,White,Female,United-States,<=50K
40,112362,14,0,0,40,Local-gov,Masters,Married-civ-spouse,Prof-specialty,Husband,White,Male,United-States,<=50K
30,217296,11,0,0,35,Private,Assoc-voc,Married-civ-spouse,Adm-clerical,Wife,White,Female,United-States,<=50K
23,449432,10,0,0,40,Private,Some-college,Never-married,Adm-clerical,Own-child,White,Male,United-States,<=50K
34,288486,7,0,0,40,Self-emp-not-inc,11th,Married-civ-spouse,Craft-repair,Husband,White,Male,United-States,<=50K
46,315423,10,0,2042,50,Private,Some-college,Married-civ-spouse,Sales,Husband,White,Male,United-States,<=50K
29,308136,10,0,0,40,Private,Some-college,Married-civ-spouse,Craft-repair,Husband,White,Male,United-States,<=50K
30,138744,9,0,0,40,MISSING,HS-grad,Never-married,MISSING,Own-child,White,Male,United-States,<=50K
51,204304,10,0,0,50,Private,Some-college,Divorced,Exec-managerial,Not-in-family,White,Female,United-States,>50K
29,142519,9,0,0,40,Private,HS-grad,Never-married,Handlers-cleaners,Own-child,White,Male,United-States,<=50K
19,570002,10,0,0,25,Private,Some-college,Never-married,Sales,Own-child,White,Female,United-States,<=50K
46,268358,7,0,0,40,Private,11th,Separated,Machine-op-inspct,Not-in-family,White,Female,United-States,<=50K
59,197290,5,0,0,40,Local-gov,9th,Married-civ-spouse,Other-service,Husband,White,Male,United-States,<=50K
21,119156,10,0,0,20,Private,Some-college,Never-married,Machine-op-inspct,Own-child,White,Male,United-States,<=50K
43,148998,9,0,0,40,Private,HS-grad,Divorced,Adm-clerical,Unmarried,White,Female,United-States,<=50K
22,216867,4,0,0,40,Private,7th-8th,Married-civ-spouse,Machine-op-inspct,Husband,White,Male,Mexico,<=50K
49,165468,9,7688,0,55,Private,HS-grad,Married-civ-spouse,Exec-managerial,Husband,White,Male,United-States,>50K
21,154422,10,0,0,40,Private,Some-college,Never-married,Adm-clerical,Own-child,Asian-Pac-Islander,Female,United-States,<=50K
41,203451,10,0,0,15,Self-emp-not-inc,Some-college,Divorced,Prof-specialty,Not-in-family,White,Female,United-States,<=50K
28,204734,10,0,0,40,Private,Some-college,Married-civ-spouse,Tech-support,Wife,White,Female,United-States,<=50K
31,166343,9,0,0,50,Private,HS-grad,Never-married,Machine-op-inspct,Own-child,Black,Male,MISSING,<=50K
35,237873,9,0,0,40,State-gov,HS-grad,Never-married,Other-service,Unmarried,Black,Female,United-States,<=50K
37,198841,7,0,0,40,Self-emp-not-inc,11th,Married-civ-spouse,Transport-moving,Husband,White,Male,United-States,<=50K
30,257796,10,0,0,40,Local-gov,Some-college,Divorced,Adm-clerical,Not-in-family,White,Female,United-States,<=50K
59,201263,13,15024,0,55,Self-emp-not-inc,Bachelors,Married-civ-spouse,Sales,Husband,White,Male,United-States,>50K
54,169785,14,0,0,38,Local-gov,Masters,Widowed,Prof-specialty,Unmarried,White,Female,United-States,<=50K
42,177989,9,0,0,40,Private,HS-grad,Married-civ-spouse,Craft-repair,Husband,White,Male,United-States,<=50K
36,224531,13,0,0,50,Private,Bachelors,Married-civ-spouse,Sales,Husband,White,Male,United-States,>50K
17,228253,6,0,0,10,Private,10th,Never-married,Handlers-cleaners,Own-child,White,Male,United-States,<=50K
30,488720,5,0,0,40,Private,9th,Married-civ-spouse,Handlers-cleaners,Other-relative,White,Male,Mexico,<=50K
35,149347,9,0,0,70,Private,HS-grad,Never-married,Craft-repair,Not-in-family,White,Male,United-States,<=50K
34,172928,9,0,0,65,Private,HS-grad,Married-civ-spouse,Sales,Husband,White,Male,United-States,<=50K
20,104443,10,0,0,20,Self-emp-inc,Some-college,Never-married,Adm-clerical,Own-child,White,Female,United-States,<=50K
48,181758,10,0,0,40,Private,Some-college,Divorced,Adm-clerical,Unmarried,White,Female,United-States,<=50K
51,90363,10,15024,0,40,Private,Some-college,Married-civ-spouse,Adm-clerical,Husband,White,Male,United-States,>50K
42,191712,13,0,1590,40,Private,Bachelors,Divorced,Sales,Not-in-family,White,Male,United-States,<=50K
30,46712,9,0,0,40,Private,HS-grad,Divorced,Other-service,Not-in-family,White,Female,United-States,<=50K
25,265618,9,0,0,40,Private,HS-grad,Separated,Protective-serv,Own-child,Black,Male,United-States,<=50K
18,252046,9,0,0,30,MISSING,HS-grad,Never-married,MISSING,Own-child,White,Female,United-States,<=50K
51,146574,14,0,0,50,Private,Masters,Married-civ-spouse,Exec-managerial,Husband,White,Male,United-States,>50K
36,28572,10,0,0,50,Private,Some-college,Married-civ-spouse,Craft-repair,Husband,White,Male,United-States,<=50K
46,202560,10,0,0,40,Private,Some-college,Married-civ-spouse,Adm-clerical,Wife,White,Female,United-States,>50K
50,175029,9,0,0,40,Private,HS-grad,Married-civ-spouse,Handlers-cleaners,Husband,White,Male,United-States,>50K
28,113987,9,0,0,40,Private,HS-grad,Married-civ-spouse,Machine-op-inspct,Wife,White,Female,United-States,<=50K
56,183169,14,0,0,40,Local-gov,Masters,Widowed,Prof-specialty,Not-in-family,White,Female,United-States,<=50K
25,197036,6,0,0,40,Private,10th,Never-married,Craft-repair,Own-child,White,Male,United-States,<=50K
23,235894,7,0,0,55,Private,11th,Married-civ-spouse,Exec-managerial,Husband,White,Male,United-States,<=50K
25,312338,11,0,0,40,Private,Assoc-voc,Never-married,Craft-repair,Unmarried,Amer-Indian-Eskimo,Male,United-States,<=50K
22,379778,9,0,0,40,Private,HS-grad,Never-married,Other-service,Not-in-family,White,Male,United-States,<=50K
35,241153,11,0,0,40,Private,Assoc-voc,Never-married,Tech-support,Not-in-family,White,Male,United-States,<=50K
37,87076,9,0,0,40,Private,HS-grad,Never-married,Machine-op-inspct,Own-child,White,Male,United-States,<=50K
25,141876,9,0,0,45,Private,HS-grad,Married-spouse-absent,Exec-managerial,Not-in-family,White,Male,United-States,<=50K
23,126550,9,0,0,40,Private,HS-grad,Never-married,Craft-repair,Other-relative,White,Male,United-States,<=50K
18,123714,7,0,0,40,Private,11th,Never-married,Handlers-cleaners,Not-in-family,Black,Male,United-States,<=50K
33,49795,13,0,0,45,Self-emp-inc,Bachelors,Never-married,Prof-specialty,Not-in-family,White,Male,United-States,<=50K
46,44671,13,0,0,40,Private,Bachelors,Married-civ-spouse,Protective-serv,Husband,White,Male,United-States,<=50K
30,231826,10,0,0,40,Private,Some-college,Married-civ-spouse,Sales,Husband,White,Male,United-States,>50K
24,166851,14,0,0,13,State-gov,Masters,Never-married,Prof-specialty,Not-in-family,White,Male,United-States,<=50K
37,212826,9,0,0,40,Private,HS-grad,Married-civ-spouse,Other-service,Husband,Black,Male,United-States,<=50K
19,172582,10,0,0,30,Private,Some-college,Never-married,Sales,Own-child,White,Male,United-States,<=50K
44,139161,12,0,1741,40,Federal-gov,Assoc-acdm,Divorced,Adm-clerical,Not-in-family,Black,Female,United-States,<=50K
56,182273,9,0,0,40,Private,HS-grad,Married-civ-spouse,Machine-op-inspct,Husband,White,Male,United-States,<=50K
64,159938,9,8614,0,40,MISSING,HS-grad,Divorced,MISSING,Not-in-family,White,Male,United-States,>50K
69,164102,9,0,0,40,MISSING,HS-grad,Divorced,MISSING,Not-in-family,White,Female,United-States,>50K
33,43716,10,0,0,4,State-gov,Some-college,Married-civ-spouse,Craft-repair,Husband,White,Male,United-States,<=50K
31,407930,4,0,0,40,Private,7th-8th,Married-civ-spouse,Handlers-cleaners,Husband,White,Male,United-States,<=50K
30,87418,13,0,0,45,Private,Bachelors,Married-civ-spouse,Exec-managerial,Husband,White,Male,United-States,>50K
20,115057,10,0,0,40,Private,Some-college,Never-married,Other-service,Not-in-family,White,Male,United-States,<=50K
42,190543,10,0,0,40,Private,Some-college,Married-civ-spouse,Tech-support,Wife,White,Female,United-States,>50K
55,67450,16,0,0,40,Private,Doctorate,Never-married,Prof-specialty,Not-in-family,White,Male,England,<=50K
25,1484705,10,0,0,25,Private,Some-college,Divorced,Exec-managerial,Unmarried,White,Female,United-States,<=50K
19,213024,8,0,0,40,Private,12th,Never-married,Handlers-cleaners,Own-child,White,Male,United-States,<=50K
44,210525,13,0,0,40,Private,Bachelors,Married-civ-spouse,Prof-specialty,Husband,White,Male,United-States,>50K
21,235442,9,0,0,40,Private,HS-grad,Married-civ-spouse,Adm-clerical,Husband,White,Male,United-States,<=50K
50,177705,13,0,0,40,Private,Bachelors,Divorced,Other-service,Not-in-family,White,Male,United-States,<=50K
31,256362,13,3908,0,50,Self-emp-inc,Bachelors,Married-civ-spouse,Sales,Husband,White,Male,United-States,<=50K
36,298717,9,0,0,40,Local-gov,HS-grad,Married-civ-spouse,Exec-managerial,Husband,White,Male,United-States,<=50K
26,94392,7,0,0,20,Private,11th,Separated,Other-service,Unmarried,White,Female,United-States,<=50K
42,170649,10,0,0,60,Self-emp-not-inc,Some-college,Married-civ-spouse,Farming-fishing,Husband,White,Male,United-States,<=50K
31,243605,13,0,1380,40,Private,Bachelors,Widowed,Sales,Unmarried,White,Female,Cuba,<=50K
42,248476,10,0,0,65,Local-gov,Some-college,Divorced,Transport-moving,Not-in-family,White,Male,United-States,>50K
23,41721,11,0,0,55,Private,Assoc-voc,Married-civ-spouse,Craft-repair,Husband,White,Male,United-States,>50K
21,189203,11,0,0,40,Private,Assoc-voc,Never-married,Protective-serv,Not-in-family,White,Male,United-States,<=50K
56,205601,16,99999,0,70,Self-emp-inc,Doctorate,Married-civ-spouse,Prof-specialty,Husband,White,Male,United-States,>50K
42,143342,10,0,0,40,Private,Some-college,Divorced,Machine-op-inspct,Not-in-family,White,Female,United-States,<=50K
40,181265,10,0,0,52,Private,Some-college,Married-civ-spouse,Craft-repair,Husband,White,Male,United-States,<=50K
37,220585,9,0,0,40,Private,HS-grad,Never-married,Adm-clerical,Not-in-family,White,Male,United-States,<=50K
20,179423,10,0,0,40,Private,Some-college,Never-married,Transport-moving,Own-child,White,Female,United-States,<=50K
27,302406,10,0,0,40,Private,Some-college,Married-civ-spouse,Sales,Husband,White,Male,United-States,>50K
23,276568,10,0,0,40,Private,Some-college,Never-married,Sales,Own-child,White,Female,United-States,<=50K
25,255004,6,0,0,40,Private,10th,Never-married,Craft-repair,Not-in-family,White,Male,United-States,<=50K
40,76625,9,0,0,40,Private,HS-grad,Divorced,Craft-repair,Unmarried,White,Male,United-States,<=50K
45,110171,9,0,0,40,Private,HS-grad,Never-married,Handlers-cleaners,Not-in-family,White,Male,United-States,<=50K
29,307812,9,0,0,60,Private,HS-grad,Married-civ-spouse,Craft-repair,Husband,White,Male,United-States,<=50K
30,255279,9,0,0,20,Private,HS-grad,Divorced,Adm-clerical,Unmarried,White,Female,United-States,<=50K
21,83033,10,2176,0,20,Private,Some-college,Never-married,Adm-clerical,Own-child,White,Female,United-States,<=50K
35,140752,9,0,0,25,Private,HS-grad,Never-married,Sales,Not-in-family,White,Male,United-States,<=50K
43,55294,10,0,0,40,Private,Some-college,Married-civ-spouse,Craft-repair,Husband,White,Male,United-States,<=50K
56,159724,10,0,0,40,Private,Some-college,Married-civ-spouse,Transport-moving,Husband,White,Male,United-States,>50K
48,38819,9,0,0,36,Self-emp-inc,HS-grad,Married-civ-spouse,Craft-repair,Husband,White,Male,United-States,<=50K
20,172047,10,0,0,10,Private,Some-college,Never-married,Farming-fishing,Own-child,White,Male,United-States,<=50K
46,283037,13,0,0,50,Private,Bachelors,Married-civ-spouse,Exec-managerial,Husband,White,Male,United-States,>50K
17,114798,7,0,0,18,MISSING,11th,Never-married,MISSING,Own-child,White,Female,United-States,<=50K
30,523095,10,0,0,45,Self-emp-not-inc,Some-college,Never-married,Craft-repair,Not-in-family,White,Male,United-States,<=50K
29,152503,10,0,0,45,Private,Some-college,Never-married,Handlers-cleaners,Not-in-family,Black,Male,United-States,<=50K
79,124744,10,0,0,20,Private,Some-college,Married-civ-spouse,Prof-specialty,Other-relative,White,Male,United-States,<=50K
53,250034,13,0,0,50,Private,Bachelors,Married-civ-spouse,Exec-managerial,Husband,Black,Male,United-States,>50K
24,257621,13,0,0,20,State-gov,Bachelors,Never-married,Prof-specialty,Not-in-family,White,Female,United-States,<=50K
33,348491,10,0,0,40,Federal-gov,Some-college,Married-civ-spouse,Exec-managerial,Wife,Black,Female,United-States,>50K
24,278107,9,0,0,60,Private,HS-grad,Never-married,Craft-repair,Own-child,White,Male,United-States,<=50K
39,32312,13,0,0,60,Federal-gov,Bachelors,Never-married,Prof-specialty,Not-in-family,White,Female,United-States,<=50K
31,128493,9,0,0,25,Private,HS-grad,Divorced,Other-service,Not-in-family,White,Female,United-States,<=50K
45,102096,13,0,0,40,Private,Bachelors,Married-civ-spouse,Exec-managerial,Husband,White,Male,MISSING,>50K
40,230961,10,0,0,40,Private,Some-college,Married-civ-spouse,Sales,Husband,White,Male,United-States,<=50K
33,206051,9,0,0,40,Private,HS-grad,Married-civ-spouse,Craft-repair,Husband,White,Male,United-States,<=50K
54,311020,9,0,0,50,Private,HS-grad,Married-civ-spouse,Other-service,Husband,White,Male,United-States,<=50K
48,97883,9,0,0,25,Self-emp-not-inc,HS-grad,Separated,Other-service,Other-relative,White,Female,United-States,<=50K
26,114483,9,0,0,40,Private,HS-grad,Married-civ-spouse,Machine-op-inspct,Husband,White,Male,United-States,<=50K
33,112952,10,0,0,48,Self-emp-not-inc,Some-college,Never-married,Craft-repair,Own-child,White,Male,United-States,<=50K
43,191712,13,0,1741,40,Private,Bachelors,Never-married,Adm-clerical,Not-in-family,White,Male,United-States,<=50K
57,20953,10,0,1902,40,Private,Some-college,Married-civ-spouse,Sales,Husband,White,Male,United-States,>50K
32,180303,13,0,0,47,Self-emp-not-inc,Bachelors,Divorced,Craft-repair,Unmarried,Asian-Pac-Islander,Male,Iran,<=50K
32,163604,14,0,0,20,Private,Masters,Never-married,Prof-specialty,Not-in-family,White,Female,United-States,<=50K
31,467579,13,0,1887,40,Private,Bachelors,Married-civ-spouse,Exec-managerial,Husband,Black,Male,United-States,>50K
35,86648,15,7688,0,50,Private,Prof-school,Married-civ-spouse,Prof-specialty,Husband,White,Male,United-States,>50K
56,92444,10,0,0,50,Private,Some-college,Married-civ-spouse,Exec-managerial,Husband,Black,Male,United-States,>50K
22,59184,12,0,0,45,Private,Assoc-acdm,Never-married,Adm-clerical,Not-in-family,White,Male,United-States,<=50K
60,178050,9,0,0,38,Private,HS-grad,Divorced,Other-service,Unmarried,Black,Female,United-States,<=50K
23,80680,10,0,0,16,Private,Some-college,Married-civ-spouse,Sales,Own-child,White,Female,United-States,<=50K
56,267763,9,0,0,40,Self-emp-inc,HS-grad,Married-civ-spouse,Exec-managerial,Husband,White,Male,MISSING,<=50K
35,30916,9,0,0,50,Private,HS-grad,Married-civ-spouse,Transport-moving,Husband,White,Male,United-States,>50K
30,173854,9,0,0,60,Self-emp-not-inc,HS-grad,Married-civ-spouse,Craft-repair,Husband,White,Male,United-States,<=50K
40,51290,14,0,0,50,Private,Masters,Married-civ-spouse,Prof-specialty,Husband,White,Male,United-States,>50K
47,192894,9,0,0,50,Federal-gov,HS-grad,Married-civ-spouse,Transport-moving,Husband,Black,Male,United-States,>50K
51,215404,13,15024,0,40,Private,Bachelors,Married-civ-spouse,Prof-specialty,Husband,Amer-Indian-Eskimo,Male,United-States,>50K
48,83444,11,0,0,43,Private,Assoc-voc,Married-civ-spouse,Exec-managerial,Husband,White,Male,United-States,>50K
49,145290,3,0,0,40,Local-gov,5th-6th,Married-civ-spouse,Other-service,Husband,White,Male,United-States,<=50K
64,219661,15,0,0,9,Self-emp-not-inc,Prof-school,Married-civ-spouse,Prof-specialty,Husband,White,Male,United-States,>50K
22,229987,10,0,0,32,Private,Some-college,Never-married,Tech-support,Other-relative,Asian-Pac-Islander,Female,United-States,<=50K
19,48393,10,0,0,84,MISSING,Some-college,Never-married,MISSING,Own-child,White,Male,United-States,<=50K
35,103605,7,0,0,40,Private,11th,Married-civ-spouse,Farming-fishing,Husband,White,Male,United-States,<=50K
31,455995,10,0,0,65,Self-emp-inc,Some-college,Never-married,Exec-managerial,Not-in-family,White,Male,United-States,>50K
29,46987,9,0,0,55,Private,HS-grad,Never-married,Adm-clerical,Not-in-family,White,Female,United-States,<=50K
24,113466,9,0,0,40,Private,HS-grad,Never-married,Sales,Not-in-family,White,Male,United-States,<=50K
27,233421,10,0,0,20,Private,Some-college,Never-married,Adm-clerical,Own-child,White,Male,United-States,<=50K
39,286789,16,0,0,45,Private,Doctorate,Married-civ-spouse,Exec-managerial,Husband,White,Male,United-States,>50K
40,349405,11,0,0,36,Private,Assoc-voc,Married-civ-spouse,Prof-specialty,Wife,White,Female,United-States,<=50K
35,46385,9,5178,0,90,Private,HS-grad,Married-civ-spouse,Transport-moving,Husband,White,Male,United-States,>50K
46,120902,13,3103,0,37,Self-emp-inc,Bachelors,Married-civ-spouse,Exec-managerial,Husband,White,Male,United-States,>50K
46,165937,11,0,0,40,Private,Assoc-voc,Divorced,Machine-op-inspct,Unmarried,White,Male,United-States,<=50K
39,191342,13,0,0,40,Private,Bachelors,Married-civ-spouse,Craft-repair,Husband,Asian-Pac-Islander,Male,Philippines,>50K
31,175509,13,0,0,50,Private,Bachelors,Never-married,Prof-specialty,Not-in-family,White,Male,United-States,<=50K
26,343506,9,0,0,40,Private,HS-grad,Never-married,Other-service,Own-child,Black,Female,United-States,<=50K
45,36228,13,4386,0,35,Self-emp-inc,Bachelors,Married-civ-spouse,Farming-fishing,Husband,White,Male,United-States,>50K
36,116358,14,0,0,40,Private,Masters,Married-civ-spouse,Exec-managerial,Husband,Asian-Pac-Islander,Male,Taiwan,>50K
61,243283,9,0,0,40,Private,HS-grad,Married-civ-spouse,Machine-op-inspct,Husband,White,Male,United-States,<=50K
45,119199,12,0,0,48,Local-gov,Assoc-acdm,Divorced,Prof-specialty,Unmarried,White,Female,United-States,<=50K
28,132078,13,0,0,40,Private,Bachelors,Never-married,Prof-specialty,Not-in-family,White,Female,United-States,<=50K
35,37314,10,5013,0,40,Private,Some-college,Married-civ-spouse,Craft-repair,Husband,White,Male,United-States,<=50K
24,148709,9,0,0,40,Private,HS-grad,Never-married,Other-service,Not-in-family,White,Female,United-States,<=50K
44,160829,13,0,0,20,Private,Bachelors,Married-civ-spouse,Tech-support,Wife,White,Female,United-States,>50K
28,175710,13,0,0,30,Private,Bachelors,Never-married,Adm-clerical,Not-in-family,White,Female,MISSING,<=50K
41,99212,9,0,0,40,Self-emp-inc,HS-grad,Separated,Exec-managerial,Unmarried,White,Male,United-States,<=50K
30,154120,13,0,0,65,Private,Bachelors,Never-married,Sales,Not-in-family,White,Male,United-States,<=50K
53,77651,9,0,0,40,State-gov,HS-grad,Married-civ-spouse,Craft-repair,Husband,White,Male,United-States,<=50K
24,220993,9,0,0,50,Private,HS-grad,Never-married,Craft-repair,Not-in-family,White,Male,United-States,<=50K
57,61474,10,7688,0,45,Private,Some-college,Married-civ-spouse,Exec-managerial,Husband,White,Male,United-States,>50K
31,269654,13,0,0,48,Private,Bachelors,Never-married,Sales,Not-in-family,White,Male,United-States,<=50K
23,160398,10,0,0,40,Private,Some-college,Married-spouse-absent,Handlers-cleaners,Unmarried,White,Male,United-States,<=50K
70,163057,9,2009,0,40,MISSING,HS-grad,Widowed,MISSING,Not-in-family,White,Female,United-States,<=50K
79,333230,9,0,0,6,Private,HS-grad,Married-spouse-absent,Prof-specialty,Not-in-family,White,Male,United-States,<=50K
18,215190,8,0,0,20,Private,12th,Never-married,Sales,Own-child,White,Female,United-States,<=50K
50,124793,9,0,0,30,Self-emp-not-inc,HS-grad,Married-civ-spouse,Craft-repair,Husband,White,Male,United-States,<=50K
72,39110,7,0,0,8,Federal-gov,11th,Divorced,Adm-clerical,Not-in-family,White,Female,Canada,<=50K
44,230478,13,0,0,40,Private,Bachelors,Married-civ-spouse,Exec-managerial,Husband,White,Male,United-States,>50K
49,296892,9,0,0,40,MISSING,HS-grad,Married-civ-spouse,MISSING,Husband,White,Male,Puerto-Rico,<=50K
37,45937,12,0,0,40,Federal-gov,Assoc-acdm,Married-civ-spouse,Exec-managerial,Wife,White,Female,United-States,>50K
29,250679,9,0,0,40,Private,HS-grad,Never-married,Craft-repair,Not-in-family,White,Male,United-States,<=50K
26,147638,13,0,0,40,Private,Bachelors,Never-married,Adm-clerical,Other-relative,Asian-Pac-Islander,Female,Hong,<=50K
51,136322,9,0,1579,40,Self-emp-not-inc,HS-grad,Married-civ-spouse,Farming-fishing,Husband,White,Male,United-States,<=50K
37,254202,13,0,0,50,Private,Bachelors,Married-civ-spouse,Sales,Husband,White,Male,United-States,<=50K
23,55890,13,0,0,40,Local-gov,Bachelors,Never-married,Prof-specialty,Not-in-family,White,Female,United-States,<=50K
33,113364,9,0,0,40,Private,HS-grad,Divorced,Adm-clerical,Own-child,White,Male,United-States,<=50K
25,50053,9,0,0,40,Private,HS-grad,Never-married,Other-service,Not-in-family,Black,Male,Japan,<=50K
19,250249,10,0,0,10,Private,Some-college,Never-married,Adm-clerical,Own-child,White,Female,United-States,<=50K
50,57758,11,0,0,60,Self-emp-not-inc,Assoc-voc,Married-civ-spouse,Sales,Husband,White,Male,United-States,>50K
35,257042,10,0,0,50,Private,Some-college,Married-civ-spouse,Prof-specialty,Husband,White,Male,United-States,<=50K
31,259531,11,0,0,40,Private,Assoc-voc,Never-married,Adm-clerical,Not-in-family,White,Female,United-States,<=50K
52,137658,7,0,0,40,Private,11th,Married-civ-spouse,Machine-op-inspct,Husband,Other,Male,Dominican-Republic,<=50K
29,202878,4,0,2042,40,Private,7th-8th,Married-civ-spouse,Farming-fishing,Husband,White,Male,United-States,<=50K
30,170154,13,0,0,40,Private,Bachelors,Never-married,Tech-support,Not-in-family,White,Female,United-States,>50K
36,343721,16,0,0,30,Self-emp-not-inc,Doctorate,Never-married,Prof-specialty,Not-in-family,White,Male,MISSING,>50K
30,39386,10,0,0,99,Private,Some-college,Married-civ-spouse,Exec-managerial,Husband,Black,Male,United-States,<=50K
48,36228,9,0,0,44,Private,HS-grad,Divorced,Transport-moving,Not-in-family,White,Male,United-States,<=50K
61,227468,9,0,0,40,Private,HS-grad,Divorced,Adm-clerical,Unmarried,Black,Female,United-States,<=50K
59,314149,11,0,1740,50,Private,Assoc-voc,Married-civ-spouse,Sales,Husband,White,Male,United-States,<=50K
30,423770,10,0,0,40,Private,Some-college,Never-married,Prof-specialty,Own-child,White,Male,Mexico,<=50K
24,249046,13,0,0,40,Private,Bachelors,Never-married,Tech-support,Own-child,White,Male,United-States,<=50K
19,27382,10,0,0,40,Local-gov,Some-college,Never-married,Adm-clerical,Own-child,White,Male,United-States,<=50K
47,185041,10,7298,0,40,Private,Some-college,Married-civ-spouse,Craft-repair,Husband,White,Male,United-States,>50K
49,105614,6,0,0,50,Private,10th,Married-civ-spouse,Machine-op-inspct,Husband,White,Male,United-States,<=50K
35,79586,14,0,0,40,Self-emp-inc,Masters,Married-civ-spouse,Prof-specialty,Husband,Asian-Pac-Islander,Male,India,>50K
19,188568,10,0,0,40,Private,Some-college,Never-married,Priv-house-serv,Not-in-family,White,Female,United-States,<=50K
78,111189,4,0,0,35,Private,7th-8th,Never-married,Machine-op-inspct,Not-in-family,White,Female,Dominican-Republic,<=50K
24,376474,9,0,0,40,MISSING,HS-grad,Married-civ-spouse,MISSING,Husband,White,Male,United-States,<=50K
48,39986,9,0,0,40,Private,HS-grad,Never-married,Handlers-cleaners,Not-in-family,White,Male,United-States,<=50K
58,95763,10,0,0,60,Self-emp-not-inc,Some-college,Married-civ-spouse,Farming-fishing,Husband,White,Male,United-States,<=50K
46,188293,9,0,0,40,Private,HS-grad,Divorced,Adm-clerical,Not-in-family,White,Female,United-States,<=50K
37,299090,9,0,0,30,MISSING,HS-grad,Divorced,MISSING,Not-in-family,White,Female,United-States,<=50K
45,229516,9,0,0,72,Private,HS-grad,Married-spouse-absent,Craft-repair,Not-in-family,White,Male,Mexico,<=50K
43,227065,9,4650,0,40,Private,HS-grad,Never-married,Prof-specialty,Not-in-family,White,Male,United-States,<=50K
31,60229,9,0,0,40,Private,HS-grad,Married-civ-spouse,Machine-op-inspct,Husband,White,Male,United-States,<=50K
36,61299,10,0,0,40,Local-gov,Some-college,Married-civ-spouse,Craft-repair,Husband,White,Male,United-States,<=50K
28,221317,10,0,0,40,Private,Some-college,Married-civ-spouse,Handlers-cleaners,Husband,White,Male,Mexico,<=50K
54,162439,9,0,0,98,Self-emp-inc,HS-grad,Married-civ-spouse,Exec-managerial,Husband,White,Male,United-States,>50K
46,191978,14,0,2392,50,Self-emp-inc,Masters,Married-civ-spouse,Exec-managerial,Husband,White,Male,United-States,>50K
31,451744,9,0,0,50,Private,HS-grad,Never-married,Craft-repair,Not-in-family,White,Male,United-States,<=50K
25,248990,3,0,0,40,Private,5th-6th,Never-married,Machine-op-inspct,Not-in-family,White,Male,Mexico,<=50K
43,145441,13,0,0,50,Private,Bachelors,Married-civ-spouse,Exec-managerial,Husband,White,Male,United-States,>50K
41,156566,10,0,0,40,Private,Some-college,Married-civ-spouse,Craft-repair,Husband,White,Male,United-States,>50K
57,141570,14,0,1977,40,Private,Masters,Married-civ-spouse,Exec-managerial,Husband,Black,Male,United-States,>50K
40,165815,10,0,0,40,Self-emp-not-inc,Some-college,Never-married,Craft-repair,Own-child,White,Male,United-States,<=50K
22,190429,10,0,0,20,Private,Some-college,Never-married,Sales,Not-in-family,White,Female,United-States,<=50K
79,172220,4,2964,0,30,Private,7th-8th,Widowed,Priv-house-serv,Not-in-family,White,Female,United-States,<=50K
53,228500,9,0,0,40,Private,HS-grad,Married-civ-spouse,Machine-op-inspct,Husband,White,Male,United-States,>50K
56,210731,4,0,0,20,Self-emp-not-inc,7th-8th,Divorced,Sales,Other-relative,White,Male,Mexico,<=50K
28,229223,11,7688,0,36,Local-gov,Assoc-voc,Married-civ-spouse,Prof-specialty,Wife,White,Female,United-States,>50K
20,214387,9,0,0,40,Private,HS-grad,Never-married,Machine-op-inspct,Own-child,White,Male,United-States,<=50K
20,406641,10,0,0,35,Private,Some-college,Never-married,Adm-clerical,Own-child,White,Female,United-States,<=50K
29,181466,9,0,0,35,Self-emp-not-inc,HS-grad,Married-civ-spouse,Sales,Husband,White,Male,United-States,<=50K
34,94235,13,0,0,40,Private,Bachelors,Never-married,Craft-repair,Unmarried,White,Male,United-States,<=50K
45,178341,14,0,0,50,Private,Masters,Married-civ-spouse,Prof-specialty,Husband,White,Male,United-States,<=50K
22,110946,10,0,0,40,Private,Some-college,Never-married,Other-service,Not-in-family,White,Female,United-States,<=50K
55,200497,14,0,0,45,State-gov,Masters,Married-civ-spouse,Exec-managerial,Husband,White,Male,United-States,>50K
27,47907,13,0,0,40,Federal-gov,Bachelors,Never-married,Adm-clerical,Not-in-family,White,Female,United-States,<=50K
46,155489,14,0,0,50,Private,Masters,Married-civ-spouse,Exec-managerial,Husband,White,Male,United-States,>50K
34,198103,9,0,1980,40,Private,HS-grad,Never-married,Transport-moving,Own-child,White,Male,United-States,<=50K
50,175070,15,0,0,45,Self-emp-inc,Prof-school,Married-civ-spouse,Prof-specialty,Husband,White,Male,United-States,>50K
20,190963,10,0,0,30,Private,Some-college,Never-married,Exec-managerial,Not-in-family,White,Female,United-States,<=50K
22,289982,13,0,0,35,Local-gov,Bachelors,Never-married,Prof-specialty,Own-child,White,Female,United-States,<=50K
32,80058,7,0,0,43,Private,11th,Divorced,Sales,Not-in-family,White,Male,United-States,>50K
30,101345,9,0,0,26,Local-gov,HS-grad,Separated,Other-service,Unmarried,White,Female,United-States,<=50K
39,286026,13,0,0,40,Private,Bachelors,Married-civ-spouse,Adm-clerical,Husband,White,Male,United-States,>50K
64,218490,13,27828,0,55,Private,Bachelors,Divorced,Exec-managerial,Not-in-family,White,Male,United-States,>50K
43,350387,9,0,0,60,Self-emp-not-inc,HS-grad,Married-civ-spouse,Craft-repair,Husband,White,Male,United-States,<=50K
25,441591,13,0,0,40,Private,Bachelors,Never-married,Tech-support,Own-child,White,Male,United-States,<=50K
29,211482,13,0,0,40,Private,Bachelors,Married-civ-spouse,Sales,Husband,White,Male,United-States,<=50K
21,57298,10,0,0,15,Self-emp-not-inc,Some-college,Never-married,Adm-clerical,Own-child,White,Female,United-States,<=50K
46,278322,13,0,0,45,Self-emp-inc,Bachelors,Married-civ-spouse,Sales,Husband,White,Male,United-States,<=50K
39,224531,9,7298,0,40,Private,HS-grad,Married-civ-spouse,Craft-repair,Husband,White,Male,United-States,>50K
44,156815,9,0,0,40,Private,HS-grad,Divorced,Adm-clerical,Not-in-family,White,Female,United-States,<=50K
56,131608,10,0,0,40,Private,Some-college,Married-civ-spouse,Sales,Husband,White,Male,United-States,>50K
24,420779,9,0,0,35,Private,HS-grad,Married-civ-spouse,Farming-fishing,Husband,Black,Male,United-States,<=50K
44,145178,9,0,0,38,Local-gov,HS-grad,Married-civ-spouse,Other-service,Wife,Black,Female,Jamaica,>50K
38,60355,9,0,0,40,Private,HS-grad,Never-married,Adm-clerical,Unmarried,White,Female,United-States,<=50K
28,107236,8,0,0,40,Self-emp-not-inc,12th,Married-civ-spouse,Craft-repair,Not-in-family,White,Male,United-States,<=50K
24,191269,13,0,0,65,State-gov,Bachelors,Never-married,Adm-clerical,Not-in-family,White,Female,United-States,<=50K
32,151053,10,0,0,40,Private,Some-college,Never-married,Craft-repair,Unmarried,White,Male,United-States,<=50K
32,116539,13,0,1887,55,Private,Bachelors,Married-civ-spouse,Exec-managerial,Husband,White,Male,United-States,>50K
73,123345,9,0,0,65,MISSING,HS-grad,Widowed,MISSING,Not-in-family,White,Female,United-States,<=50K
24,33616,9,0,0,35,Private,HS-grad,Never-married,Other-service,Unmarried,White,Female,United-States,<=50K
37,120590,9,0,0,45,Private,HS-grad,Married-civ-spouse,Craft-repair,Husband,White,Male,United-States,>50K
34,100950,11,0,0,40,Private,Assoc-voc,Never-married,Prof-specialty,Unmarried,White,Female,Germany,<=50K
31,283531,9,0,0,20,MISSING,HS-grad,Divorced,MISSING,Unmarried,Black,Female,United-States,<=50K
25,288519,13,0,0,40,Private,Bachelors,Never-married,Adm-clerical,Not-in-family,White,Female,United-States,<=50K
45,140664,12,0,0,55,Private,Assoc-acdm,Divorced,Transport-moving,Not-in-family,White,Male,United-States,<=50K
30,175931,9,0,0,40,Private,HS-grad,Married-civ-spouse,Craft-repair,Husband,White,Male,United-States,<=50K
28,287268,10,0,0,35,Private,Some-college,Never-married,Other-service,Not-in-family,White,Male,United-States,<=50K
35,317780,10,0,0,40,MISSING,Some-college,Never-married,MISSING,Unmarried,Black,Female,United-States,<=50K
66,174486,16,20051,0,35,Local-gov,Doctorate,Married-civ-spouse,Prof-specialty,Husband,Black,Male,Jamaica,>50K
25,204536,9,0,0,35,Private,HS-grad,Never-married,Craft-repair,Not-in-family,White,Male,United-States,<=50K
74,39890,10,0,0,18,Federal-gov,Some-college,Widowed,Transport-moving,Not-in-family,White,Female,United-States,<=50K
42,219553,14,0,0,38,State-gov,Masters,Divorced,Prof-specialty,Not-in-family,White,Female,United-States,<=50K
28,160786,9,0,0,40,Self-emp-not-inc,HS-grad,Never-married,Craft-repair,Own-child,White,Male,United-States,<=50K
36,28160,9,0,0,40,MISSING,HS-grad,Divorced,MISSING,Not-in-family,White,Female,United-States,<=50K
28,183597,16,594,0,50,Private,Doctorate,Never-married,Prof-specialty,Not-in-family,White,Male,Germany,<=50K
58,205410,9,0,0,40,Private,HS-grad,Married-civ-spouse,Machine-op-inspct,Husband,White,Male,United-States,<=50K
38,32916,11,0,0,55,Private,Assoc-voc,Married-civ-spouse,Craft-repair,Husband,White,Male,United-States,>50K
27,68037,10,0,0,45,Private,Some-college,Never-married,Exec-managerial,Not-in-family,White,Male,United-States,<=50K
29,181282,13,0,0,50,Local-gov,Bachelors,Divorced,Prof-specialty,Not-in-family,White,Male,United-States,<=50K
33,107248,11,0,0,45,Private,Assoc-voc,Never-married,Adm-clerical,Not-in-family,White,Male,United-States,<=50K
36,111128,10,0,0,45,Private,Some-college,Married-civ-spouse,Craft-repair,Husband,White,Male,United-States,<=50K
55,35551,9,0,0,40,Private,HS-grad,Divorced,Craft-repair,Not-in-family,White,Male,United-States,<=50K
30,345705,10,0,0,40,Private,Some-college,Married-civ-spouse,Exec-managerial,Other-relative,White,Male,United-States,<=50K
48,69586,10,0,0,40,Private,Some-college,Divorced,Adm-clerical,Not-in-family,Black,Male,United-States,<=50K
20,39234,9,0,0,30,Private,HS-grad,Never-married,Other-service,Own-child,White,Male,United-States,<=50K
47,225065,3,0,0,40,Private,5th-6th,Separated,Sales,Unmarried,White,Female,Mexico,<=50K
28,303440,13,0,0,50,Private,Bachelors,Separated,Exec-managerial,Not-in-family,White,Female,United-States,>50K
29,245310,10,0,0,35,State-gov,Some-college,Never-married,Prof-specialty,Not-in-family,White,Male,United-States,<=50K
48,370119,10,0,0,40,Self-emp-not-inc,Some-college,Married-civ-spouse,Exec-managerial,Husband,White,Male,United-States,>50K
23,193586,9,3908,0,40,Private,HS-grad,Married-civ-spouse,Adm-clerical,Wife,White,Female,United-States,<=50K
26,98155,9,0,0,55,Private,HS-grad,Married-AF-spouse,Sales,Husband,White,Male,United-States,<=50K
23,224424,13,0,0,40,Private,Bachelors,Never-married,Other-service,Own-child,White,Male,United-States,<=50K
19,418324,10,0,0,36,Private,Some-college,Never-married,Sales,Own-child,White,Male,United-States,<=50K
27,85918,13,0,0,68,Local-gov,Bachelors,Married-civ-spouse,Protective-serv,Husband,White,Male,United-States,<=50K
20,122166,10,0,0,40,Private,Some-college,Never-married,Adm-clerical,Not-in-family,White,Female,United-States,<=50K
54,457237,14,0,0,40,Private,Masters,Married-civ-spouse,Sales,Husband,White,Male,United-States,<=50K
31,225053,9,0,0,45,Private,HS-grad,Divorced,Transport-moving,Not-in-family,White,Male,United-States,<=50K
22,199698,10,0,0,15,Private,Some-college,Never-married,Sales,Own-child,White,Male,United-States,<=50K
28,148645,9,0,0,40,Private,HS-grad,Never-married,Machine-op-inspct,Own-child,White,Female,United-States,<=50K
46,39606,14,0,0,40,Federal-gov,Masters,Married-civ-spouse,Exec-managerial,Husband,White,Male,England,>50K
18,152545,9,0,0,8,Private,HS-grad,Never-married,Other-service,Own-child,White,Female,United-States,<=50K
26,157249,7,0,0,40,Private,11th,Never-married,Transport-moving,Not-in-family,White,Male,United-States,<=50K
39,188540,9,0,0,45,Private,HS-grad,Divorced,Exec-managerial,Not-in-family,White,Male,United-States,<=50K
33,101345,13,0,0,40,Federal-gov,Bachelors,Never-married,Prof-specialty,Not-in-family,White,Female,United-States,<=50K
25,136450,12,0,0,35,Self-emp-not-inc,Assoc-acdm,Married-civ-spouse,Adm-clerical,Wife,White,Female,United-States,>50K
33,176992,14,0,0,40,Private,Masters,Married-civ-spouse,Prof-specialty,Husband,White,Male,United-States,>50K
41,99870,13,0,0,55,Private,Bachelors,Married-civ-spouse,Sales,Husband,White,Male,United-States,<=50K
23,149204,13,0,0,40,Private,Bachelors,Never-married,Exec-managerial,Own-child,White,Male,United-States,<=50K
38,106838,9,0,0,40,Private,HS-grad,Married-civ-spouse,Transport-moving,Husband,White,Male,United-States,<=50K
39,179481,9,4650,0,44,Private,HS-grad,Never-married,Tech-support,Not-in-family,White,Male,United-States,<=50K
41,204235,15,0,0,50,Self-emp-not-inc,Prof-school,Married-civ-spouse,Prof-specialty,Husband,White,Male,United-States,>50K
31,595000,9,0,0,35,Private,HS-grad,Never-married,Handlers-cleaners,Other-relative,Black,Female,United-States,<=50K
35,79050,9,0,0,72,Private,HS-grad,Never-married,Transport-moving,Unmarried,Black,Male,United-States,<=50K
41,284086,11,0,0,60,Self-emp-not-inc,Assoc-voc,Divorced,Sales,Not-in-family,White,Male,United-States,<=50K
37,221740,13,0,0,30,Local-gov,Bachelors,Married-civ-spouse,Prof-specialty,Wife,White,Female,United-States,>50K
23,314894,9,0,0,45,Private,HS-grad,Never-married,Exec-managerial,Own-child,White,Female,United-States,<=50K
29,82393,9,0,0,40,Private,HS-grad,Never-married,Machine-op-inspct,Own-child,Asian-Pac-Islander,Male,Germany,<=50K
43,163215,13,0,0,35,Private,Bachelors,Married-civ-spouse,Other-service,Wife,White,Female,MISSING,>50K
26,247025,11,0,0,40,Private,Assoc-voc,Divorced,Craft-repair,Own-child,White,Male,United-States,<=50K
22,39615,10,0,0,45,Private,Some-college,Never-married,Prof-specialty,Not-in-family,White,Male,United-States,<=50K
59,182836,9,0,0,40,MISSING,HS-grad,Married-civ-spouse,MISSING,Wife,White,Female,United-States,>50K
32,209103,9,0,0,20,Private,HS-grad,Married-civ-spouse,Transport-moving,Husband,White,Male,United-States,>50K
36,162256,9,0,0,40,Private,HS-grad,Divorced,Exec-managerial,Unmarried,White,Female,United-States,<=50K
32,180296,10,0,0,40,Private,Some-college,Divorced,Adm-clerical,Unmarried,White,Female,United-States,<=50K
17,144114,6,0,0,40,MISSING,10th,Never-married,MISSING,Own-child,White,Male,United-States,<=50K
22,113703,10,0,0,20,Private,Some-college,Never-married,Sales,Other-relative,White,Male,United-States,<=50K
59,197148,9,0,0,24,Private,HS-grad,Married-civ-spouse,Protective-serv,Husband,White,Male,United-States,>50K
56,87584,9,0,0,40,Private,HS-grad,Widowed,Other-service,Unmarried,White,Female,United-States,<=50K
20,232799,9,0,0,25,MISSING,HS-grad,Never-married,MISSING,Own-child,Black,Female,United-States,<=50K
53,167170,9,0,0,40,Private,HS-grad,Widowed,Machine-op-inspct,Not-in-family,Black,Female,United-States,<=50K
68,165017,9,0,0,40,Private,HS-grad,Married-civ-spouse,Prof-specialty,Husband,White,Male,Italy,>50K
32,87643,13,0,0,40,Private,Bachelors,Married-civ-spouse,Sales,Husband,White,Male,United-States,<=50K
46,211226,12,0,0,36,Private,Assoc-acdm,Married-civ-spouse,Transport-moving,Husband,Other,Male,United-States,<=50K
24,32950,13,0,0,35,Local-gov,Bachelors,Never-married,Prof-specialty,Not-in-family,White,Male,United-States,<=50K
51,174824,9,8614,0,40,Self-emp-not-inc,HS-grad,Never-married,Farming-fishing,Not-in-family,White,Male,United-States,>50K
30,377017,10,0,0,32,Private,Some-college,Married-civ-spouse,Handlers-cleaners,Husband,White,Male,United-States,<=50K
47,287828,13,0,0,40,Private,Bachelors,Married-civ-spouse,Exec-managerial,Wife,White,Female,United-States,>50K
42,71458,10,0,0,50,Private,Some-college,Married-civ-spouse,Exec-managerial,Husband,White,Male,United-States,<=50K
28,138054,12,0,0,40,Private,Assoc-acdm,Never-married,Other-service,Not-in-family,Other,Male,United-States,<=50K
52,224198,9,0,0,48,Private,HS-grad,Divorced,Sales,Not-in-family,White,Female,United-States,<=50K
22,291979,7,0,0,40,Private,11th,Separated,Craft-repair,Not-in-family,White,Male,United-States,<=50K
21,170272,10,0,0,25,MISSING,Some-college,Never-married,MISSING,Own-child,White,Female,United-States,<=50K
19,41609,10,0,0,10,MISSING,Some-college,Never-married,MISSING,Own-child,White,Male,United-States,<=50K
40,190044,12,0,0,40,Private,Assoc-acdm,Married-civ-spouse,Other-service,Husband,White,Male,United-States,<=50K
39,409189,3,0,0,40,Private,5th-6th,Married-civ-spouse,Other-service,Husband,White,Male,Mexico,<=50K
55,105582,9,3103,0,40,Private,HS-grad,Married-civ-spouse,Handlers-cleaners,Husband,White,Male,United-States,>50K
20,189888,8,0,0,40,Private,12th,Never-married,Other-service,Not-in-family,White,Male,United-States,<=50K
49,110243,13,0,0,45,Private,Bachelors,Married-civ-spouse,Exec-managerial,Husband,White,Male,United-States,>50K
64,200017,9,0,0,20,MISSING,HS-grad,Widowed,MISSING,Not-in-family,White,Female,United-States,<=50K
40,406811,10,0,0,40,Self-emp-not-inc,Some-college,Married-civ-spouse,Prof-specialty,Wife,White,Female,United-States,>50K
51,194908,9,0,0,40,Private,HS-grad,Never-married,Adm-clerical,Not-in-family,White,Female,United-States,<=50K
40,30759,11,0,0,60,Self-emp-not-inc,Assoc-voc,Married-civ-spouse,Farming-fishing,Husband,White,Male,United-States,<=50K
34,114639,10,0,0,20,Private,Some-college,Never-married,Handlers-cleaners,Other-relative,White,Male,United-States,<=50K
18,201901,7,0,0,10,Private,11th,Never-married,Sales,Own-child,White,Female,United-States,<=50K
38,104094,10,0,0,15,MISSING,Some-college,Married-civ-spouse,MISSING,Husband,White,Male,United-States,<=50K
35,85548,10,0,0,40,Local-gov,Some-college,Separated,Adm-clerical,Unmarried,Amer-Indian-Eskimo,Female,United-States,<=50K
32,127610,13,0,1902,32,Private,Bachelors,Married-civ-spouse,Prof-specialty,Wife,White,Female,United-States,>50K
36,386726,14,0,1977,44,Private,Masters,Married-civ-spouse,Prof-specialty,Wife,White,Female,United-States,>50K
58,227800,2,0,0,50,Private,1st-4th,Separated,Farming-fishing,Not-in-family,Black,Male,United-States,<=50K
22,205604,3,0,0,30,Private,5th-6th,Never-married,Machine-op-inspct,Not-in-family,White,Male,Mexico,<=50K
20,350845,10,0,0,10,Local-gov,Some-college,Never-married,Adm-clerical,Own-child,White,Female,United-States,<=50K
27,81540,9,0,0,40,Private,HS-grad,Married-civ-spouse,Craft-repair,Husband,White,Male,United-States,>50K
47,21906,14,0,0,25,Private,Masters,Never-married,Prof-specialty,Not-in-family,White,Female,United-States,<=50K
51,147200,9,0,0,40,Private,HS-grad,Never-married,Adm-clerical,Not-in-family,Black,Female,United-States,<=50K
17,80077,7,0,0,20,MISSING,11th,Never-married,MISSING,Own-child,White,Female,United-States,<=50K
67,73559,9,9386,0,50,Self-emp-inc,HS-grad,Married-civ-spouse,Exec-managerial,Husband,White,Male,United-States,>50K
40,259307,14,0,0,50,Private,Masters,Married-civ-spouse,Exec-managerial,Husband,White,Male,United-States,>50K
28,136077,6,0,0,40,Private,10th,Never-married,Handlers-cleaners,Not-in-family,White,Male,United-States,<=50K
37,48976,13,4865,0,45,Local-gov,Bachelors,Never-married,Prof-specialty,Not-in-family,White,Female,United-States,<=50K
26,485117,13,0,0,20,Private,Bachelors,Never-married,Transport-moving,Own-child,White,Male,United-States,<=50K
31,183043,14,0,1977,48,Private,Masters,Married-civ-spouse,Exec-managerial,Husband,White,Male,United-States,>50K
41,188307,9,0,0,40,Private,HS-grad,Divorced,Craft-repair,Unmarried,White,Female,United-States,<=50K
53,268545,9,0,0,40,Private,HS-grad,Married-civ-spouse,Craft-repair,Husband,Black,Male,Jamaica,<=50K
20,96862,10,0,0,8,MISSING,Some-college,Never-married,MISSING,Own-child,White,Female,United-States,<=50K
18,266681,7,0,0,20,Private,11th,Never-married,Other-service,Own-child,White,Male,United-States,<=50K
60,27886,4,0,0,40,Private,7th-8th,Divorced,Other-service,Not-in-family,White,Male,United-States,<=50K
47,159869,9,0,0,56,Self-emp-not-inc,HS-grad,Married-civ-spouse,Farming-fishing,Husband,White,Male,United-States,>50K
28,207473,10,0,0,40,Private,Some-college,Married-civ-spouse,Transport-moving,Husband,White,Male,El-Salvador,<=50K
58,357788,9,0,0,40,Private,HS-grad,Married-civ-spouse,Craft-repair,Husband,Black,Male,United-States,<=50K
25,130513,12,0,0,40,Private,Assoc-acdm,Never-married,Sales,Own-child,White,Female,Peru,<=50K
42,33795,9,0,0,45,Self-emp-not-inc,HS-grad,Married-civ-spouse,Craft-repair,Husband,White,Male,United-States,<=50K
29,51944,9,4386,0,40,Private,HS-grad,Married-civ-spouse,Other-service,Wife,White,Female,United-States,>50K
37,160910,16,0,0,45,State-gov,Doctorate,Married-civ-spouse,Prof-specialty,Husband,White,Male,United-States,<=50K
45,338105,13,0,0,40,Private,Bachelors,Married-civ-spouse,Adm-clerical,Husband,Asian-Pac-Islander,Male,Philippines,<=50K
68,141181,5,0,0,2,MISSING,9th,Married-civ-spouse,MISSING,Husband,White,Male,United-States,<=50K
49,166789,9,0,0,40,Private,HS-grad,Married-civ-spouse,Adm-clerical,Husband,White,Male,United-States,<=50K
41,406603,9,0,0,6,Private,HS-grad,Never-married,Other-service,Not-in-family,White,Male,Iran,<=50K
35,87556,14,0,0,45,Private,Masters,Never-married,Prof-specialty,Not-in-family,White,Male,United-States,>50K
54,219737,9,0,0,37,Private,HS-grad,Widowed,Sales,Not-in-family,White,Female,United-States,<=50K
34,591711,10,0,0,48,Private,Some-college,Never-married,Handlers-cleaners,Not-in-family,Black,Male,MISSING,<=50K
42,263871,9,0,0,8,Local-gov,HS-grad,Married-civ-spouse,Adm-clerical,Husband,White,Male,United-States,<=50K
51,193374,2,0,0,40,Private,1st-4th,Married-civ-spouse,Craft-repair,Husband,White,Male,Mexico,<=50K
29,115677,13,0,0,40,Private,Bachelors,Never-married,Tech-support,Not-in-family,White,Male,United-States,<=50K
33,186824,11,0,0,40,Private,Assoc-voc,Married-civ-spouse,Sales,Husband,White,Male,United-States,<=50K
46,189763,9,0,0,30,Private,HS-grad,Divorced,Sales,Not-in-family,White,Female,United-States,<=50K
