age,fnlwgt,education-num,capital-gain,capital-loss,hours-per-week,workclass,education,marital-status,occupation,relationship,race,sex,native-country,income
58,208640,13,0,0,40,Federal-gov,Bachelors,Married-civ-spouse,Exec-managerial,Husband,White,Male,United-States,>50K
42,169383,14,0,0,40,Private,Masters,Married-civ-spouse,Prof-specialty,Husband,White,Male,United-States,>50K
61,79827,9,0,0,50,Private,HS-grad,Married-civ-spouse,Exec-managerial,Husband,White,Male,United-States,<=50K
40,141537,6,0,0,40,Private,10th,Divorced,Machine-op-inspct,Not-in-family,Black,Female,United-States,<=50K
21,186648,10,0,0,20,Private,Some-college,Never-married,Other-service,Own-child,White,Male,United-States,<=50K
45,168262,9,0,1887,40,Private,HS-grad,Married-civ-spouse,Machine-op-inspct,Husband,White,Male,United-States,>50K
61,56009,10,0,0,40,Private,Some-college,Married-civ-spouse,Sales,Husband,White,Male,United-States,<=50K
41,121718,10,0,0,40,Private,Some-college,Married-civ-spouse,Craft-repair,Husband,White,Male,Italy,<=50K
64,150121,16,0,0,25,Self-emp-not-inc,Doctorate,Married-civ-spouse,Exec-managerial,Husband,White,Male,United-States,>50K
55,35723,14,0,0,60,Federal-gov,Masters,Married-civ-spouse,Exec-managerial,Husband,White,Male,United-States,>50K
67,132057,9,0,0,20,MISSING,HS-grad,Married-civ-spouse,MISSING,Husband,Black,Male,United-States,<=50K
28,129882,10,0,0,40,Private,Some-college,Never-married,Adm-clerical,Unmarried,Black,Female,United-States,<=50K
73,242769,9,3471,0,40,Private,HS-grad,Married-civ-spouse,Machine-op-inspct,Husband,White,Male,England,<=50K
20,278155,10,0,0,40,Private,Some-college,Never-married,Adm-clerical,Own-child,White,Male,United-States,<=50K
40,177083,14,0,0,35,State-gov,Masters,Never-married,Exec-managerial,Not-in-family,White,Female,United-States,<=50K
21,277530,9,0,0,40,Private,HS-grad,Never-married,Exec-managerial,Own-child,White,Female,United-States,<=50K
38,506830,10,0,0,40,Federal-gov,Some-college,Divorced,Tech-support,Unmarried,Black,Female,United-States,<=50K
63,391121,4,0,0,30,Self-emp-not-inc,7th-8th,Married-civ-spouse,Farming-fishing,Husband,White,Male,United-States,<=50K
39,257942,9,0,0,40,Private,HS-grad,Never-married,Exec-managerial,Not-in-family,White,Male,United-States,<=50K
46,164427,9,0,0,45,Private,HS-grad,Divorced,Adm-clerical,Own-child,White,Female,United-States,<=50K
47,265275,10,0,0,40,Private,Some-college,Never-married,Other-service,Own-child,White,Male,United-States,<=50K
55,182460,9,15024,0,35,Private,HS-grad,Married-civ-spouse,Craft-repair,Husband,White,Male,United-States,>50K
27,306747,13,0,0,40,Private,Bachelors,Divorced,Handlers-cleaners,Own-child,Black,Male,United-States,<=50K
62,186611,9,0,0,40,MISSING,HS-grad,Never-married,MISSING,Not-in-family,White,Male,United-States,<=50K
20,227411,10,0,0,20,Private,Some-college,Never-married,Other-service,Own-child,White,Female,United-States,<=50K
36,150548,9,0,0,30,Private,HS-grad,Never-married,Machine-op-inspct,Not-in-family,White,Female,United-States,<=50K
62,71467,13,0,0,55,Self-emp-not-inc,Bachelors,Married-civ-spouse,Craft-repair,Husband,White,Male,United-States,>50K
37,167415,15,0,0,60,Private,Prof-school,Married-civ-spouse,Prof-specialty,Husband,White,Male,United-States,>50K
23,217961,10,0,0,40,Private,Some-college,Married-civ-spouse,Other-service,Husband,White,Male,United-States,<=50K
59,119344,6,0,0,36,Self-emp-not-inc,10th,Married-civ-spouse,Exec-managerial,Wife,White,Female,United-States,<=50K
55,102058,8,0,0,30,MISSING,12th,Widowed,MISSING,Not-in-family,White,Male,United-States,<=50K
62,201928,9,0,0,40,Private,HS-grad,Widowed,Craft-repair,Unmarried,Black,Female,United-States,<=50K
62,192236,13,0,0,40,Self-emp-not-inc,Bachelors,Divorced,Prof-specialty,Not-in-family,White,Female,United-States,>50K
30,193598,1,0,0,40,Private,Preschool,Never-married,Farming-fishing,Not-in-family,White,Male,Mexico,<=50K
25,157900,10,0,0,40,Private,Some-college,Separated,Adm-clerical,Unmarried,White,Female,United-States,<=50K
28,104617,4,0,0,99,Self-emp-not-inc,7th-8th,Never-married,Other-service,Other-relative,White,Female,Mexico,<=50K
38,200904,13,0,0,30,State-gov,Bachelors,Married-civ-spouse,Exec-managerial,Wife,Black,Female,United-States,>50K
35,335704,10,0,0,40,Self-emp-not-inc,Some-college,Married-civ-spouse,Exec-managerial,Husband,White,Male,United-States,<=50K
51,313702,9,0,0,40,Self-emp-not-inc,HS-grad,Never-married,Sales,Not-in-family,White,Male,United-States,<=50K
21,301199,10,0,0,40,Private,Some-college,Never-married,Machine-op-inspct,Own-child,White,Female,United-States,<=50K
21,180339,11,0,1602,30,Private,Assoc-voc,Never-married,Farming-fishing,Not-in-family,White,Female,United-States,<=50K
31,218322,10,0,0,30,Private,Some-college,Never-married,Other-service,Not-in-family,White,Male,United-States,<=50K
26,359543,13,0,0,40,Private,Bachelors,Never-married,Adm-clerical,Own-child,White,Female,Mexico,<=50K
68,40956,13,0,0,25,MISSING,Bachelors,Married-civ-spouse,MISSING,Husband,White,Male,United-States,<=50K
21,109952,9,0,0,40,Private,HS-grad,Married-civ-spouse,Craft-repair,Husband,White,Male,United-States,<=50K
28,199600,9,0,0,40,Private,HS-grad,Married-civ-spouse,Machine-op-inspct,Husband,Black,Male,United-States,<=50K
45,103406,13,0,1977,60,State-gov,Bachelors,Married-civ-spouse,Exec-managerial,Husband,White,Male,United-States,>50K
41,190368,13,0,0,70,Local-gov,Bachelors,Never-married,Prof-specialty,Not-in-family,White,Female,United-States,<=50K
59,175942,9,0,0,45,Private,HS-grad,Married-civ-spouse,Transport-moving,Husband,White,Male,United-States,>50K
44,174373,12,0,0,40,Private,Assoc-acdm,Married-civ-spouse,Craft-repair,Husband,White,Male,United-States,>50K
18,148644,9,0,0,28,Private,HS-grad,Never-married,Sales,Own-child,White,Female,United-States,<=50K
38,52738,10,0,0,40,Private,Some-college,Married-civ-spouse,Craft-repair,Husband,White,Male,United-States,<=50K
46,185291,7,0,0,45,Private,11th,Married-civ-spouse,Handlers-cleaners,Husband,White,Male,United-States,>50K
50,124793,10,0,0,55,Self-emp-not-inc,Some-college,Married-civ-spouse,Craft-repair,Husband,White,Male,United-States,<=50K
36,166606,9,0,0,40,State-gov,HS-grad,Married-civ-spouse,Protective-serv,Husband,White,Male,United-States,<=50K
28,37821,11,0,0,55,Private,Assoc-voc,Never-married,Sales,Unmarried,White,Female,MISSING,<=50K
59,31137,9,0,0,40,Private,HS-grad,Married-civ-spouse,Craft-repair,Husband,White,Male,United-States,>50K
31,54318,13,0,0,50,Private,Bachelors,Married-civ-spouse,Exec-managerial,Husband,White,Male,United-States,>50K
49,123088,10,0,0,46,Local-gov,Some-college,Married-civ-spouse,Exec-managerial,Husband,White,Male,United-States,<=50K
49,184428,13,0,0,40,Private,Bachelors,Divorced,Adm-clerical,Not-in-family,White,Male,United-States,<=50K
38,109133,14,0,0,70,Self-emp-not-inc,Masters,Married-civ-spouse,Exec-managerial,Husband,White,Male,United-States,>50K
48,172709,9,0,0,40,Private,HS-grad,Divorced,Other-service,Unmarried,Black,Female,United-States,<=50K
61,229062,10,0,1887,40,Federal-gov,Some-college,Married-civ-spouse,Adm-clerical,Husband,White,Male,United-States,>50K
31,133770,12,0,0,50,Private,Assoc-acdm,Married-civ-spouse,Craft-repair,Not-in-family,Asian-Pac-Islander,Male,United-States,>50K
49,173115,6,4416,0,99,Private,10th,Separated,Exec-managerial,Not-in-family,Black,Male,United-States,<=50K
41,106900,14,7298,0,60,State-gov,Masters,Married-civ-spouse,Prof-specialty,Husband,White,Male,United-States,>50K
37,29145,13,0,0,50,State-gov,Bachelors,Married-civ-spouse,Exec-managerial,Husband,White,Male,United-States,>50K
45,180239,15,7688,0,40,Self-emp-inc,Prof-school,Married-civ-spouse,Exec-managerial,Husband,Asian-Pac-Islander,Male,MISSING,>50K
21,250647,10,0,0,30,Private,Some-college,Never-married,Adm-clerical,Other-relative,White,Male,Nicaragua,<=50K
45,297676,12,0,0,40,Private,Assoc-acdm,Widowed,Sales,Unmarried,White,Female,Cuba,<=50K
30,188146,9,5013,0,40,Private,HS-grad,Married-civ-spouse,Machine-op-inspct,Husband,White,Male,United-States,<=50K
49,349633,14,0,0,50,Local-gov,Masters,Married-civ-spouse,Prof-specialty,Wife,White,Female,United-States,>50K
19,109938,7,0,0,40,MISSING,11th,Married-civ-spouse,MISSING,Wife,Asian-Pac-Islander,Female,Laos,<=50K
35,322171,10,0,0,40,Private,Some-college,Married-civ-spouse,Other-service,Wife,White,Female,United-States,>50K
32,283268,6,0,0,42,Private,10th,Separated,Other-service,Unmarried,White,Female,United-States,<=50K
36,83893,10,0,0,40,Private,Some-college,Married-civ-spouse,Exec-managerial,Husband,White,Male,United-States,>50K
69,69306,10,0,0,15,Self-emp-not-inc,Some-college,Married-civ-spouse,Other-service,Wife,White,Female,United-States,<=50K
49,136455,13,0,0,45,Private,Bachelors,Never-married,Prof-specialty,Not-in-family,White,Female,United-States,<=50K
35,22463,9,0,0,40,Private,HS-grad,Married-civ-spouse,Craft-repair,Husband,White,Male,United-States,<=50K
70,410980,10,0,0,10,MISSING,Some-college,Married-civ-spouse,MISSING,Husband,White,Male,United-States,>50K
53,30244,12,15024,0,40,Private,Assoc-acdm,Married-civ-spouse,Exec-managerial,Husband,White,Male,United-States,>50K
44,129100,7,0,0,60,Private,11th,Separated,Other-service,Unmarried,Black,Female,United-States,<=50K
46,235320,14,0,0,60,Self-emp-inc,Masters,Divorced,Sales,Not-in-family,White,Male,United-States,>50K
24,39615,13,0,0,45,Private,Bachelors,Never-married,Sales,Not-in-family,White,Male,United-States,<=50K
24,92609,13,0,0,45,Private,Bachelors,Never-married,Exec-managerial,Own-child,White,Male,United-States,<=50K
52,101752,11,0,0,56,Private,Assoc-voc,Married-civ-spouse,Transport-moving,Husband,White,Male,United-States,<=50K
53,311350,13,0,0,50,Private,Bachelors,Married-civ-spouse,Exec-managerial,Husband,White,Male,United-States,>50K
40,209547,13,0,0,60,Private,Bachelors,Married-civ-spouse,Prof-specialty,Husband,White,Male,United-States,>50K
56,101128,12,0,0,25,Private,Assoc-acdm,Married-spouse-absent,Other-service,Not-in-family,White,Male,Iran,<=50K
64,175534,16,0,0,40,Federal-gov,Doctorate,Married-civ-spouse,Prof-specialty,Husband,Asian-Pac-Islander,Male,China,>50K
21,341410,10,0,0,15,State-gov,Some-college,Never-married,Adm-clerical,Not-in-family,White,Female,United-States,<=50K
46,216934,13,0,0,40,Private,Bachelors,Divorced,Adm-clerical,Not-in-family,White,Male,Portugal,<=50K
42,339346,14,0,0,25,Private,Masters,Divorced,Adm-clerical,Not-in-family,White,Female,United-States,<=50K
50,192654,6,0,0,25,Self-emp-not-inc,10th,Never-married,Craft-repair,Not-in-family,White,Male,United-States,<=50K
41,225892,10,0,0,48,Private,Some-college,Married-civ-spouse,Craft-repair,Husband,White,Male,United-States,>50K
35,33975,14,0,0,45,Private,Masters,Never-married,Prof-specialty,Not-in-family,White,Male,United-States,>50K
27,372500,3,0,0,45,Private,5th-6th,Married-civ-spouse,Handlers-cleaners,Husband,White,Male,Mexico,<=50K
45,48271,10,0,0,40,Private,Some-college,Married-civ-spouse,Adm-clerical,Wife,White,Female,United-States,>50K
40,33155,9,0,0,40,Local-gov,HS-grad,Never-married,Other-service,Own-child,White,Male,United-States,<=50K
62,173601,13,0,0,40,Private,Bachelors,Married-civ-spouse,Machine-op-inspct,Husband,White,Male,United-States,<=50K
23,188535,4,0,0,35,Never-worked,7th-8th,Divorced,MISSING,Not-in-family,White,Male,United-States,<=50K
29,243660,9,0,0,50,Private,HS-grad,Married-civ-spouse,Machine-op-inspct,Husband,White,Male,United-States,>50K
45,94754,14,0,0,40,State-gov,Masters,Married-civ-spouse,Adm-clerical,Husband,White,Male,India,<=50K
65,111916,9,0,0,40,MISSING,HS-grad,Married-civ-spouse,MISSING,Husband,White,Male,United-States,<=50K
41,106982,10,0,0,40,Federal-gov,Some-college,Divorced,Prof-specialty,Unmarried,White,Female,United-States,>50K
19,168601,7,0,0,30,Private,11th,Never-married,Other-service,Other-relative,White,Male,United-States,<=50K
22,290504,9,0,0,40,Private,HS-grad,Married-civ-spouse,Craft-repair,Husband,White,Male,United-States,<=50K
22,169188,9,0,0,20,Private,HS-grad,Never-married,Exec-managerial,Own-child,White,Female,United-States,<=50K
26,58371,9,0,0,40,Private,HS-grad,Never-married,Adm-clerical,Own-child,White,Male,United-States,<=50K
20,122971,10,0,0,35,Private,Some-college,Never-married,Sales,Own-child,White,Male,United-States,<=50K
43,124692,13,0,0,40,Private,Bachelors,Married-civ-spouse,Sales,Husband,White,Male,United-States,>50K
23,101885,6,0,0,40,Private,10th,Never-married,Craft-repair,Not-in-family,White,Female,United-States,<=50K
22,71379,10,0,0,35,Private,Some-college,Never-married,Prof-specialty,Not-in-family,White,Female,United-States,<=50K
20,216811,10,0,0,40,Private,Some-college,Never-married,Sales,Own-child,White,Female,United-States,<=50K
38,100295,4,0,0,50,Private,7th-8th,Married-civ-spouse,Machine-op-inspct,Wife,White,Female,Canada,>50K
29,280344,10,0,0,40,Local-gov,Some-college,Married-civ-spouse,Transport-moving,Husband,White,Male,United-States,<=50K
42,99373,9,0,0,40,Private,HS-grad,Divorced,Machine-op-inspct,Not-in-family,White,Female,United-States,<=50K
24,117779,13,0,0,10,Private,Bachelors,Never-married,Prof-specialty,Not-in-family,White,Male,Hungary,<=50K
29,215504,9,0,0,40,Private,HS-grad,Married-civ-spouse,Machine-op-inspct,Husband,White,Male,United-States,<=50K
23,199452,10,0,0,40,Private,Some-college,Never-married,Other-service,Own-child,White,Female,United-States,<=50K
19,97261,8,0,0,40,Private,12th,Never-married,Handlers-cleaners,Not-in-family,White,Male,United-States,<=50K
36,177285,11,0,0,38,Private,Assoc-voc,Never-married,Prof-specialty,Unmarried,Black,Female,United-States,<=50K
56,233312,14,0,0,50,Self-emp-not-inc,Masters,Married-civ-spouse,Craft-repair,Husband,White,Male,United-States,>50K
25,189897,9,0,0,40,Private,HS-grad,Married-civ-spouse,Craft-repair,Own-child,White,Male,United-States,<=50K
35,287658,10,0,0,40,Federal-gov,Some-college,Married-civ-spouse,Protective-serv,Husband,Black,Male,United-States,>50K
47,205730,9,0,0,56,Private,HS-grad,Married-civ-spouse,Craft-repair,Husband,White,Male,United-States,>50K
40,507086,9,0,0,32,MISSING,HS-grad,Divorced,MISSING,Not-in-family,Black,Female,United-States,<=50K
29,178778,10,0,0,40,Private,Some-college,Never-married,Other-service,Not-in-family,White,Male,United-States,<=50K
56,208431,10,0,0,32,Private,Some-college,Widowed,Exec-managerial,Not-in-family,Black,Female,United-States,<=50K
32,273241,13,0,0,40,Private,Bachelors,Married-civ-spouse,Exec-managerial,Wife,White,Female,United-States,>50K
37,186191,9,0,0,46,Private,HS-grad,Married-civ-spouse,Machine-op-inspct,Husband,White,Male,United-States,<=50K
25,181528,14,0,0,43,Private,Masters,Never-married,Exec-managerial,Not-in-family,White,Female,United-States,<=50K
20,24008,10,0,0,24,Private,Some-college,Never-married,Handlers-cleaners,Not-in-family,White,Male,United-States,<=50K
29,1268339,9,0,0,40,Private,HS-grad,Married-spouse-absent,Tech-support,Own-child,Black,Male,United-States,<=50K
20,373935,9,0,0,35,Private,HS-grad,Never-married,Handlers-cleaners,Own-child,White,Male,United-States,<=50K
36,94954,11,0,0,20,MISSING,Assoc-voc,Widowed,MISSING,Not-in-family,White,Female,United-States,<=50K
37,39606,11,0,0,40,Private,Assoc-voc,Divorced,Sales,Unmarried,White,Female,United-States,<=50K
29,107411,10,0,0,40,Federal-gov,Some-college,Married-spouse-absent,Adm-clerical,Own-child,White,Female,United-States,<=50K
39,188069,5,0,0,25,Private,9th,Married-civ-spouse,Transport-moving,Husband,White,Male,United-States,<=50K
39,189623,13,0,0,60,Private,Bachelors,Divorced,Sales,Unmarried,White,Male,United-States,<=50K
59,165695,10,0,0,40,Local-gov,Some-college,Married-civ-spouse,Craft-repair,Husband,White,Male,United-States,<=50K
41,185057,9,0,0,40,Local-gov,HS-grad,Divorced,Exec-managerial,Unmarried,White,Female,United-States,<=50K
41,230020,3,0,0,40,MISSING,5th-6th,Married-civ-spouse,MISSING,Husband,Other,Male,United-States,<=50K
46,144351,14,0,0,40,Private,Masters,Married-civ-spouse,Prof-specialty,Husband,White,Male,United-States,>50K
41,118853,10,0,0,40,Private,Some-college,Married-civ-spouse,Sales,Husband,White,Male,United-States,<=50K
18,205894,7,0,0,15,Private,11th,Never-married,Sales,Own-child,White,Male,United-States,<=50K
19,304643,10,0,0,20,Private,Some-college,Never-married,Sales,Own-child,White,Male,United-States,<=50K
28,82531,10,0,0,40,Private,Some-college,Never-married,Other-service,Not-in-family,Black,Male,United-States,<=50K
51,204447,10,0,0,45,Private,Some-college,Married-civ-spouse,Prof-specialty,Husband,White,Male,United-States,>50K
30,72630,13,0,0,50,Private,Bachelors,Never-married,Prof-specialty,Not-in-family,White,Male,United-States,<=50K
37,179468,9,0,0,40,Private,HS-grad,Married-civ-spouse,Craft-repair,Husband,White,Male,United-States,<=50K
52,174752,9,0,0,60,Private,HS-grad,Married-civ-spouse,Sales,Husband,White,Male,United-States,>50K
31,264864,9,0,0,40,Private,HS-grad,Married-civ-spouse,Machine-op-inspct,Wife,Amer-Indian-Eskimo,Female,United-States,<=50K
18,126021,9,0,0,20,Private,HS-grad,Never-married,Craft-repair,Own-child,White,Female,United-States,<=50K
44,174051,10,0,0,35,Private,Some-college,Never-married,Other-service,Not-in-family,White,Male,United-States,<=50K
35,108907,9,0,0,40,Private,HS-grad,Separated,Machine-op-inspct,Unmarried,White,Male,United-States,<=50K
28,33895,13,0,0,45,Private,Bachelors,Never-married,Sales,Not-in-family,White,Male,United-States,<=50K
37,249208,11,0,0,48,Private,Assoc-voc,Married-civ-spouse,Prof-specialty,Husband,White,Male,United-States,>50K
41,340148,10,0,0,45,Private,Some-college,Never-married,Prof-specialty,Not-in-family,White,Female,United-States,<=50K
30,111415,13,0,0,45,Private,Bachelors,Married-civ-spouse,Exec-managerial,Husband,White,Male,United-States,>50K
23,543028,9,0,0,40,Private,HS-grad,Never-married,Sales,Own-child,Black,Male,United-States,<=50K
28,373698,8,0,0,45,Private,12th,Married-civ-spouse,Prof-specialty,Husband,White,Male,MISSING,<=50K
31,252210,3,0,0,40,Private,5th-6th,Never-married,Other-service,Own-child,White,Male,Mexico,<=50K
30,180283,9,0,0,40,State-gov,HS-grad,Never-married,Other-service,Not-in-family,Black,Female,United-States,<=50K
38,52596,10,0,0,40,Private,Some-college,Never-married,Adm-clerical,Own-child,Black,Female,United-States,<=50K
34,48935,13,0,0,40,Private,Bachelors,Married-civ-spouse,Prof-specialty,Wife,White,Female,United-States,<=50K
30,370990,14,0,0,40,Local-gov,Masters,Never-married,Prof-specialty,Not-in-family,White,Female,United-States,<=50K
53,240914,10,0,0,40,Private,Some-college,Married-civ-spouse,Craft-repair,Husband,White,Male,United-States,<=50K
26,196899,12,0,0,40,Private,Assoc-acdm,Separated,Craft-repair,Not-in-family,Other,Female,United-States,<=50K
63,221592,9,0,0,40,MISSING,HS-grad,Married-civ-spouse,MISSING,Husband,White,Male,United-States,>50K
50,222020,9,0,0,48,Federal-gov,HS-grad,Married-civ-spouse,Adm-clerical,Husband,White,Male,United-States,<=50K
43,112131,10,0,0,40,Private,Some-college,Married-civ-spouse,Exec-managerial,Husband,White,Male,United-States,<=50K
39,248445,3,0,0,40,Private,5th-6th,Married-civ-spouse,Handlers-cleaners,Husband,White,Male,Mexico,<=50K
32,102858,12,0,2002,42,Private,Assoc-acdm,Married-civ-spouse,Prof-specialty,Husband,White,Male,United-States,<=50K
35,107991,7,0,0,45,Private,11th,Never-married,Sales,Not-in-family,White,Male,United-States,<=50K
26,258306,6,0,0,99,Self-emp-not-inc,10th,Married-civ-spouse,Farming-fishing,Husband,White,Male,United-States,<=50K
25,310864,13,0,0,40,Private,Bachelors,Never-married,Tech-support,Not-in-family,Black,Male,MISSING,<=50K
43,115005,9,0,0,40,State-gov,HS-grad,Divorced,Tech-support,Not-in-family,White,Female,United-States,<=50K
44,77313,9,0,0,40,Private,HS-grad,Divorced,Adm-clerical,Unmarried,White,Female,United-States,<=50K
54,28518,9,0,0,50,Private,HS-grad,Married-civ-spouse,Sales,Husband,White,Male,United-States,>50K
28,129460,11,0,0,30,Private,Assoc-voc,Married-civ-spouse,Handlers-cleaners,Wife,White,Female,Ecuador,<=50K
39,74163,8,0,0,40,Private,12th,Divorced,Sales,Not-in-family,White,Female,United-States,<=50K
58,151910,9,0,0,40,Private,HS-grad,Widowed,Adm-clerical,Unmarried,White,Female,United-States,<=50K
19,100999,13,0,0,30,Private,Bachelors,Never-married,Prof-specialty,Own-child,White,Female,United-States,<=50K
21,26842,10,0,0,20,Private,Some-college,Never-married,Sales,Not-in-family,White,Female,United-States,<=50K
29,133327,10,0,0,40,Local-gov,Some-college,Never-married,Farming-fishing,Not-in-family,White,Male,United-States,<=50K
47,252079,13,7688,0,44,Private,Bachelors,Married-civ-spouse,Machine-op-inspct,Husband,White,Male,United-States,>50K
46,501671,6,0,0,40,Private,10th,Divorced,Machine-op-inspct,Unmarried,Black,Male,United-States,<=50K
45,199590,3,0,0,40,Private,5th-6th,Married-civ-spouse,Machine-op-inspct,Husband,White,Male,MISSING,<=50K
25,193051,13,0,0,35,Private,Bachelors,Married-civ-spouse,Tech-support,Husband,White,Male,United-States,<=50K
45,67716,10,0,0,60,Self-emp-not-inc,Some-college,Married-civ-spouse,Exec-managerial,Husband,White,Male,United-States,<=50K
31,99483,9,0,0,40,MISSING,HS-grad,Never-married,MISSING,Own-child,Amer-Indian-Eskimo,Male,United-States,<=50K
37,35330,9,0,1669,55,Private,HS-grad,Divorced,Craft-repair,Not-in-family,White,Male,United-States,<=50K
84,132806,9,0,0,13,Private,HS-grad,Widowed,Other-service,Not-in-family,White,Female,United-States,<=50K
49,195949,9,0,0,40,Federal-gov,HS-grad,Married-civ-spouse,Machine-op-inspct,Husband,White,Male,United-States,<=50K
36,174887,10,0,0,40,Private,Some-college,Never-married,Tech-support,Not-in-family,White,Female,United-States,<=50K
28,153546,7,0,0,40,Private,11th,Divorced,Other-service,Unmarried,White,Female,United-States,<=50K
75,35724,9,0,0,8,MISSING,HS-grad,Widowed,MISSING,Not-in-family,White,Female,United-States,<=50K
33,60567,9,3411,0,40,Private,HS-grad,Married-civ-spouse,Craft-repair,Husband,White,Male,United-States,<=50K
39,174242,13,15024,0,60,Private,Bachelors,Married-civ-spouse,Exec-managerial,Husband,White,Male,United-States,>50K
37,265266,15,0,0,40,Self-emp-not-inc,Prof-school,Married-civ-spouse,Prof-specialty,Husband,White,Male,Cuba,>50K
60,21876,10,0,0,40,Federal-gov,Some-college,Divorced,Prof-specialty,Not-in-family,Amer-Indian-Eskimo,Female,United-States,<=50K
42,385591,9,0,0,50,Private,HS-grad,Married-civ-spouse,Exec-managerial,Husband,White,Male,United-States,>50K
22,22966,10,0,0,20,State-gov,Some-college,Married-spouse-absent,Tech-support,Unmarried,White,Male,United-States,<=50K
40,299813,7,0,0,37,Private,11th,Never-married,Machine-op-inspct,Not-in-family,White,Female,Dominican-Republic,<=50K
23,120046,12,0,0,40,Private,Assoc-acdm,Never-married,Adm-clerical,Own-child,White,Male,United-States,<=50K
35,92440,8,0,0,50,Private,12th,Divorced,Craft-repair,Not-in-family,White,Male,United-States,>50K
33,220066,16,0,0,48,State-gov,Doctorate,Married-civ-spouse,Prof-specialty,Wife,White,Female,United-States,>50K
25,383306,13,0,0,40,Private,Bachelors,Never-married,Sales,Not-in-family,White,Male,United-States,<=50K
48,171807,13,0,0,56,Private,Bachelors,Divorced,Other-service,Unmarried,White,Female,United-States,>50K
20,68358,10,0,0,12,Private,Some-college,Never-married,Adm-clerical,Own-child,White,Female,United-States,<=50K
36,111499,14,14084,0,40,Private,Masters,Never-married,Exec-managerial,Not-in-family,White,Female,United-States,>50K
24,90046,10,0,0,40,State-gov,Some-college,Never-married,Other-service,Not-in-family,White,Female,Canada,<=50K
66,193132,5,0,0,30,Private,9th,Separated,Other-service,Not-in-family,Black,Female,United-States,<=50K
35,190728,9,0,0,40,Private,HS-grad,Divorced,Prof-specialty,Unmarried,White,Female,United-States,<=50K
48,31141,10,0,1902,40,State-gov,Some-college,Married-civ-spouse,Protective-serv,Husband,White,Male,United-States,>50K
40,168936,11,0,0,32,Private,Assoc-voc,Divorced,Other-service,Not-in-family,White,Female,United-States,<=50K
31,156743,14,0,0,76,Private,Masters,Married-civ-spouse,Sales,Husband,White,Male,United-States,>50K
25,38090,13,0,0,44,Private,Bachelors,Never-married,Sales,Not-in-family,White,Male,United-States,<=50K
40,206049,10,0,0,40,Private,Some-college,Married-civ-spouse,Transport-moving,Husband,White,Male,United-States,<=50K
51,183709,11,0,0,40,Private,Assoc-voc,Separated,Prof-specialty,Unmarried,White,Female,United-States,<=50K
29,19793,10,0,0,8,MISSING,Some-college,Divorced,MISSING,Unmarried,White,Female,United-States,<=50K
60,63526,13,0,0,40,Federal-gov,Bachelors,Married-civ-spouse,Adm-clerical,Husband,Black,Male,United-States,>50K
59,147989,9,0,0,40,Private,HS-grad,Married-civ-spouse,Machine-op-inspct,Husband,White,Male,MISSING,<=50K
43,94937,13,0,0,40,Federal-gov,Bachelors,Divorced,Adm-clerical,Unmarried,White,Female,United-States,<=50K
50,231725,9,0,0,40,Local-gov,HS-grad,Married-civ-spouse,Handlers-cleaners,Husband,White,Male,United-States,<=50K
45,178215,5,0,0,40,Private,9th,Married-civ-spouse,Machine-op-inspct,Wife,White,Female,United-States,>50K
46,423222,10,3103,0,60,Private,Some-college,Married-civ-spouse,Craft-repair,Husband,White,Male,United-States,>50K
36,91275,10,0,0,40,Private,Some-college,Never-married,Adm-clerical,Unmarried,Asian-Pac-Islander,Female,United-States,<=50K
37,148015,13,15024,0,40,Private,Bachelors,Married-civ-spouse,Prof-specialty,Wife,Black,Female,United-States,>50K
27,187981,9,0,0,40,Private,HS-grad,Never-married,Handlers-cleaners,Own-child,White,Male,United-States,<=50K
38,207202,9,0,0,48,Private,HS-grad,Married-civ-spouse,Machine-op-inspct,Husband,White,Male,United-States,>50K
34,39609,11,0,0,40,Private,Assoc-voc,Divorced,Adm-clerical,Unmarried,White,Female,United-States,<=50K
18,343161,7,0,0,16,MISSING,11th,Never-married,MISSING,Own-child,White,Male,United-States,<=50K
45,27184,9,0,0,38,MISSING,HS-grad,Widowed,MISSING,Unmarried,White,Female,United-States,<=50K
18,256191,9,0,0,25,MISSING,HS-grad,Never-married,MISSING,Own-child,Black,Female,United-States,<=50K
46,585361,5,0,0,40,Private,9th,Divorced,Exec-managerial,Unmarried,White,Female,United-States,<=50K
35,160910,10,0,0,50,Private,Some-college,Married-civ-spouse,Sales,Husband,White,Male,United-States,<=50K
24,88676,9,0,0,35,Private,HS-grad,Never-married,Other-service,Own-child,White,Male,United-States,<=50K
19,125591,10,0,0,40,Private,Some-college,Never-married,Other-service,Own-child,White,Female,United-States,<=50K
31,37030,12,0,0,25,MISSING,Assoc-acdm,Never-married,MISSING,Own-child,White,Female,United-States,<=50K
37,50862,9,0,0,55,MISSING,HS-grad,Married-civ-spouse,MISSING,Husband,White,Male,United-States,<=50K
48,193047,9,0,0,40,MISSING,HS-grad,Married-civ-spouse,MISSING,Husband,White,Male,United-States,>50K
24,200089,9,0,0,60,Private,HS-grad,Married-civ-spouse,Craft-repair,Husband,White,Male,Mexico,>50K
61,379885,16,0,1902,40,State-gov,Doctorate,Married-civ-spouse,Prof-specialty,Husband,White,Male,United-States,>50K
54,174102,10,0,0,40,Private,Some-college,Never-married,Exec-managerial,Not-in-family,White,Male,United-States,>50K
21,27049,10,0,0,20,Private,Some-college,Never-married,Sales,Own-child,White,Female,United-States,<=50K
17,112795,6,0,0,15,Private,10th,Never-married,Other-service,Own-child,White,Female,United-States,<=50K
44,286750,13,0,0,50,Private,Bachelors,Married-civ-spouse,Exec-managerial,Husband,Black,Male,United-States,>50K
41,227734,9,3464,0,40,State-gov,HS-grad,Married-civ-spouse,Adm-clerical,Husband,White,Male,United-States,<=50K
52,176134,9,0,0,48,Private,HS-grad,Married-civ-spouse,Machine-op-inspct,Husband,Black,Male,United-States,<=50K
55,209535,14,0,0,40,Local-gov,Masters,Married-civ-spouse,Prof-specialty,Husband,White,Male,United-States,>50K
32,137076,10,0,0,40,Private,Some-college,Married-civ-spouse,Sales,Husband,White,Male,United-States,<=50K
90,88991,13,0,0,40,Private,Bachelors,Married-civ-spouse,Exec-managerial,Wife,White,Female,England,>50K
33,181372,14,0,0,50,Private,Masters,Married-civ-spouse,Exec-managerial,Wife,White,Female,United-States,>50K
55,143266,9,0,0,25,Private,HS-grad,Divorced,Adm-clerical,Unmarried,White,Male,United-States,<=50K
45,139268,9,0,0,50,Self-emp-inc,HS-grad,Married-civ-spouse,Sales,Husband,White,Male,United-States,>50K
37,51264,11,0,0,40,Self-emp-inc,Assoc-voc,Married-civ-spouse,Sales,Husband,White,Male,United-States,>50K
64,286732,4,0,0,40,MISSING,7th-8th,Widowed,MISSING,Not-in-family,White,Female,United-States,<=50K
39,111499,13,0,0,40,Private,Bachelors,Never-married,Exec-managerial,Not-in-family,White,Female,United-States,<=50K
50,111700,14,0,0,50,Federal-gov,Masters,Never-married,Exec-managerial,Not-in-family,White,Female,United-States,<=50K
51,63685,9,0,0,50,Private,HS-grad,Married-civ-spouse,Sales,Husband,Asian-Pac-Islander,Male,Cambodia,<=50K
39,111275,9,0,0,40,Private,HS-grad,Married-civ-spouse,Craft-repair,Husband,White,Male,United-States,<=50K
20,242077,9,0,0,40,Private,HS-grad,Divorced,Sales,Not-in-family,Black,Female,United-States,<=50K
31,86143,9,0,0,40,State-gov,HS-grad,Never-married,Protective-serv,Other-relative,Asian-Pac-Islander,Male,United-States,<=50K
73,267408,9,0,0,15,Private,HS-grad,Widowed,Sales,Other-relative,White,Female,United-States,<=50K
21,77759,10,0,0,15,Private,Some-college,Never-married,Sales,Own-child,White,Female,United-States,<=50K
35,40135,9,0,0,30,Private,HS-grad,Never-married,Other-service,Own-child,White,Male,United-States,<=50K
48,169324,9,0,0,32,Private,HS-grad,Never-married,Other-service,Unmarried,Black,Female,Haiti,<=50K
52,343440,10,0,0,40,Private,Some-college,Married-civ-spouse,Prof-specialty,Husband,White,Male,United-States,<=50K
47,102308,13,0,0,50,Private,Bachelors,Married-civ-spouse,Prof-specialty,Husband,White,Male,United-States,>50K
40,225432,10,0,0,45,Private,Some-college,Married-civ-spouse,Machine-op-inspct,Husband,White,Male,United-States,<=50K
27,130807,12,0,0,40,Private,Assoc-acdm,Married-civ-spouse,Tech-support,Husband,White,Male,United-States,<=50K
37,295949,9,0,0,40,Private,HS-grad,Never-married,Machine-op-inspct,Not-in-family,White,Male,United-States,<=50K
24,211391,6,0,0,15,Private,10th,Never-married,Sales,Not-in-family,White,Female,United-States,<=50K
37,151835,15,0,0,45,Private,Prof-school,Married-civ-spouse,Sales,Husband,White,Male,United-States,>50K
48,144122,14,0,0,40,Local-gov,Masters,Divorced,Prof-specialty,Not-in-family,White,Female,United-States,>50K
44,194924,9,0,0,35,Private,HS-grad,Married-civ-spouse,Sales,Husband,White,Male,United-States,>50K
46,74895,12,0,1485,55,Private,Assoc-acdm,Married-civ-spouse,Craft-repair,Husband,White,Male,United-States,<=50K
28,100270,13,0,0,40,Local-gov,Bachelors,Divorced,Prof-specialty,Not-in-family,White,Male,United-States,<=50K
34,230420,13,0,0,40,Local-gov,Bachelors,Married-civ-spouse,Prof-specialty,Husband,White,Male,United-States,>50K
35,102268,13,0,0,45,Private,Bachelors,Married-civ-spouse,Exec-managerial,Husband,White,Male,United-States,<=50K
40,242619,13,4650,0,40,Private,Bachelors,Never-married,Prof-specialty,Not-in-family,White,Male,United-States,<=50K
41,154374,10,0,0,45,Self-emp-not-inc,Some-college,Divorced,Other-service,Unmarried,White,Male,United-States,<=50K
30,287986,10,0,0,40,Private,Some-college,Never-married,Handlers-cleaners,Not-in-family,White,Male,United-States,<=50K
18,186909,9,1055,0,30,Private,HS-grad,Never-married,Sales,Other-relative,White,Female,United-States,<=50K
31,340880,15,0,0,60,Private,Prof-school,Married-civ-spouse,Prof-specialty,Husband,White,Male,United-States,>50K
55,208640,9,0,0,30,MISSING,HS-grad,Married-civ-spouse,MISSING,Husband,White,Male,United-States,>50K
37,301070,9,0,0,45,Private,HS-grad,Divorced,Farming-fishing,Unmarried,White,Male,United-States,<=50K
35,268292,10,0,0,40,Local-gov,Some-college,Married-civ-spouse,Craft-repair,Husband,White,Male,United-States,<=50K
39,382859,9,0,0,40,Federal-gov,HS-grad,Married-civ-spouse,Craft-repair,Husband,White,Male,United-States,>50K
22,351952,10,0,0,20,Private,Some-college,Never-married,Prof-specialty,Unmarried,White,Female,United-States,<=50K
32,240888,12,0,0,40,Private,Assoc-acdm,Divorced,Adm-clerical,Unmarried,White,Female,United-States,<=50K
32,131534,9,0,0,40,Federal-gov,HS-grad,Never-married,Exec-managerial,Not-in-family,Black,Female,United-States,<=50K
42,30759,9,0,0,35,Self-emp-not-inc,HS-grad,Married-civ-spouse,Craft-repair,Husband,White,Male,United-States,<=50K
25,306908,13,0,0,50,Private,Bachelors,Married-civ-spouse,Prof-specialty,Husband,White,Male,United-States,<=50K
26,239043,7,0,0,40,Private,11th,Never-married,Other-service,Not-in-family,White,Male,United-States,<=50K
28,38309,13,6849,0,40,State-gov,Bachelors,Never-married,Prof-specialty,Own-child,White,Male,United-States,<=50K
25,28520,9,0,0,40,Private,HS-grad,Never-married,Other-service,Not-in-family,White,Female,United-States,<=50K
55,124137,10,0,0,40,Self-emp-inc,Some-college,Married-civ-spouse,Sales,Husband,White,Male,United-States,>50K
20,183594,10,0,0,50,Private,Some-college,Never-married,Handlers-cleaners,Own-child,White,Male,United-States,<=50K
21,191444,7,0,0,40,Private,11th,Never-married,Farming-fishing,Unmarried,White,Male,United-States,<=50K
44,173704,13,0,0,40,Private,Bachelors,Married-civ-spouse,Exec-managerial,Husband,White,Male,United-States,>50K
38,155222,10,0,0,28,Private,Some-college,Divorced,Machine-op-inspct,Not-in-family,Black,Female,United-States,<=50K
33,97939,12,0,0,42,Private,Assoc-acdm,Divorced,Machine-op-inspct,Not-in-family,White,Female,United-States,<=50K
54,288825,9,0,0,40,Local-gov,HS-grad,Married-civ-spouse,Transport-moving,Husband,Black,Male,United-States,<=50K
26,456618,10,2597,0,40,Private,Some-college,Never-married,Adm-clerical,Own-child,White,Male,United-States,<=50K
49,298130,4,0,0,40,Private,7th-8th,Married-civ-spouse,Machine-op-inspct,Husband,White,Male,United-States,<=50K
22,236907,10,0,0,20,Private,Some-college,Never-married,Handlers-cleaners,Own-child,White,Male,United-States,<=50K
25,114345,5,914,0,40,Private,9th,Never-married,Craft-repair,Unmarried,White,Male,United-States,<=50K
36,336595,9,0,0,50,Private,HS-grad,Married-civ-spouse,Exec-managerial,Husband,White,Male,United-States,>50K
38,185330,10,0,0,25,Private,Some-college,Never-married,Craft-repair,Own-child,White,Female,United-States,<=50K
44,377018,11,0,0,40,Private,Assoc-voc,Married-civ-spouse,Craft-repair,Husband,White,Male,United-States,>50K
55,750972,4,0,0,41,Private,7th-8th,Married-civ-spouse,Craft-repair,Husband,White,Male,United-States,<=50K
58,193568,7,0,0,40,Private,11th,Widowed,Other-service,Not-in-family,White,Female,United-States,<=50K
31,80058,9,0,0,64,Local-gov,HS-grad,Never-married,Machine-op-inspct,Own-child,White,Male,United-States,<=50K
23,119665,9,0,0,60,Private,HS-grad,Never-married,Adm-clerical,Not-in-family,White,Male,United-States,<=50K
23,132300,13,0,0,40,Private,Bachelors,Never-married,Sales,Not-in-family,White,Female,United-States,<=50K
56,157525,10,0,0,48,Local-gov,Some-college,Divorced,Protective-serv,Not-in-family,Black,Male,United-States,<=50K
20,138938,10,0,0,10,Private,Some-college,Never-married,Prof-specialty,Own-child,White,Female,United-States,<=50K
53,98791,10,0,0,40,Private,Some-college,Married-civ-spouse,Tech-support,Husband,White,Male,United-States,<=50K
67,244122,11,0,0,1,MISSING,Assoc-voc,Widowed,MISSING,Not-in-family,White,Female,United-States,<=50K
52,132178,13,0,0,50,Self-emp-inc,Bachelors,Married-civ-spouse,Exec-managerial,Husband,White,Male,United-States,>50K
65,178771,9,0,0,40,Self-emp-inc,HS-grad,Married-civ-spouse,Exec-managerial,Husband,White,Male,United-States,<=50K
43,178866,9,0,0,25,Private,HS-grad,Married-civ-spouse,Adm-clerical,Wife,White,Female,United-States,>50K
24,170070,13,0,0,20,Private,Bachelors,Never-married,Tech-support,Not-in-family,White,Female,United-States,<=50K
48,254291,13,7298,0,50,Self-emp-inc,Bachelors,Married-civ-spouse,Exec-managerial,Husband,White,Male,United-States,>50K
46,117313,5,0,0,40,Private,9th,Separated,Machine-op-inspct,Not-in-family,White,Female,Ireland,<=50K
45,252079,10,0,0,50,Private,Some-college,Married-civ-spouse,Prof-specialty,Husband,White,Male,United-States,>50K
24,142227,13,0,0,30,Private,Bachelors,Never-married,Adm-clerical,Not-in-family,White,Female,United-States,<=50K
50,386397,13,0,0,60,Self-emp-not-inc,Bachelors,Married-civ-spouse,Sales,Husband,White,Male,United-States,<=50K
33,173248,9,0,0,35,Private,HS-grad,Married-civ-spouse,Other-service,Husband,Black,Male,United-States,<=50K
22,279802,10,0,0,3,Self-emp-not-inc,Some-college,Never-married,Prof-specialty,Own-child,White,Female,United-States,<=50K
75,92792,9,0,0,35,Self-emp-not-inc,HS-grad,Married-civ-spouse,Sales,Husband,White,Male,United-States,<=50K
44,174491,9,0,0,30,Private,HS-grad,Widowed,Other-service,Unmarried,Black,Female,United-States,<=50K
44,63042,13,0,0,50,Private,Bachelors,Divorced,Exec-managerial,Own-child,White,Female,United-States,>50K
49,34446,10,0,0,40,Private,Some-college,Married-civ-spouse,Transport-moving,Husband,White,Male,United-States,<=50K
50,401118,9,99999,0,50,Self-emp-not-inc,HS-grad,Married-civ-spouse,Craft-repair,Husband,White,Male,United-States,>50K
66,189834,4,0,0,20,Local-gov,7th-8th,Widowed,Other-service,Not-in-family,White,Female,United-States,<=50K
62,75478,13,0,0,40,Self-emp-not-inc,Bachelors,Married-civ-spouse,Exec-managerial,Husband,White,Male,United-States,<=50K
32,372692,9,0,0,40,Private,HS-grad,Married-civ-spouse,Craft-repair,Husband,White,Male,United-States,<=50K
49,148398,9,0,0,40,Private,HS-grad,Divorced,Machine-op-inspct,Not-in-family,Black,Female,United-States,<=50K
17,216086,7,0,0,30,Private,11th,Never-married,Other-service,Own-child,White,Female,United-States,<=50K
42,345969,13,0,0,48,State-gov,Bachelors,Married-civ-spouse,Exec-managerial,Husband,White,Male,United-States,>50K
47,185254,3,0,0,40,Private,5th-6th,Never-married,Priv-house-serv,Own-child,White,Female,El-Salvador,<=50K
59,340591,6,3942,0,40,Private,10th,Married-civ-spouse,Handlers-cleaners,Husband,White,Male,United-States,<=50K
33,117983,9,0,0,41,Private,HS-grad,Never-married,Adm-clerical,Not-in-family,White,Female,United-States,<=50K
71,216608,11,0,0,40,Private,Assoc-voc,Never-married,Adm-clerical,Not-in-family,White,Female,United-States,<=50K
32,153963,9,0,0,35,Private,HS-grad,Divorced,Other-service,Unmarried,White,Female,United-States,<=50K
28,216481,13,0,0,40,Local-gov,Bachelors,Never-married,Prof-specialty,Not-in-family,White,Female,United-States,<=50K
58,218724,4,0,0,50,Private,7th-8th,Married-civ-spouse,Farming-fishing,Husband,White,Male,United-States,<=50K
31,57781,9,0,0,50,Private,HS-grad,Divorced,Adm-clerical,Unmarried,White,Female,United-States,<=50K
56,385632,4,0,0,40,Self-emp-not-inc,7th-8th,Divorced,Other-service,Unmarried,White,Female,United-States,<=50K
43,194360,14,0,0,38,Local-gov,Masters,Never-married,Prof-specialty,Not-in-family,White,Male,United-States,<=50K
53,271544,9,0,1977,40,Federal-gov,HS-grad,Married-civ-spouse,Adm-clerical,Husband,Black,Male,United-States,>50K
26,132572,13,0,0,40,Private,Bachelors,Never-married,Adm-clerical,Own-child,Black,Female,United-States,<=50K
56,52953,16,0,1669,38,Local-gov,Doctorate,Divorced,Prof-specialty,Not-in-family,White,Female,United-States,<=50K
32,207113,6,0,0,40,Private,10th,Divorced,Craft-repair,Unmarried,White,Male,United-States,<=50K
30,269723,9,0,0,40,Private,HS-grad,Never-married,Exec-managerial,Not-in-family,White,Female,United-States,<=50K
50,196193,13,0,0,40,Private,Bachelors,Married-civ-spouse,Craft-repair,Husband,White,Male,MISSING,<=50K
44,219591,10,0,0,40,Self-emp-not-inc,Some-college,Married-civ-spouse,Craft-repair,Husband,White,Male,United-States,<=50K
30,156718,9,0,0,40,Private,HS-grad,Never-married,Tech-support,Not-in-family,White,Female,United-States,<=50K
29,277788,10,0,0,25,Private,Some-college,Married-civ-spouse,Sales,Wife,White,Female,United-States,<=50K
68,136218,9,0,0,15,Self-emp-inc,HS-grad,Widowed,Other-service,Unmarried,White,Female,United-States,<=50K
36,143486,13,0,0,40,Private,Bachelors,Married-civ-spouse,Sales,Husband,White,Male,United-States,>50K
33,202642,13,0,0,40,Private,Bachelors,Separated,Prof-specialty,Other-relative,Black,Female,Jamaica,<=50K
42,136986,13,0,0,40,Private,Bachelors,Married-civ-spouse,Exec-managerial,Husband,White,Male,United-States,>50K
45,337825,9,0,0,45,Private,HS-grad,Married-civ-spouse,Craft-repair,Husband,White,Male,United-States,<=50K
52,119111,9,0,0,40,Private,HS-grad,Married-civ-spouse,Machine-op-inspct,Husband,White,Male,United-States,<=50K
25,235795,12,0,0,48,Private,Assoc-acdm,Never-married,Sales,Not-in-family,White,Male,United-States,<=50K
37,298444,14,0,0,40,Self-emp-not-inc,Masters,Married-civ-spouse,Prof-specialty,Husband,White,Male,United-States,<=50K
35,275364,13,7430,0,40,Private,Bachelors,Divorced,Tech-support,Unmarried,White,Male,Germany,>50K
30,87561,10,0,0,60,Self-emp-not-inc,Some-college,Never-married,Adm-clerical,Not-in-family,White,Female,United-States,<=50K
29,131714,6,0,0,25,Private,10th,Divorced,Machine-op-inspct,Not-in-family,Black,Female,United-States,<=50K
37,103925,9,0,0,68,Private,HS-grad,Widowed,Adm-clerical,Unmarried,White,Female,United-States,<=50K
52,248113,1,0,0,40,MISSING,Preschool,Married-spouse-absent,MISSING,Other-relative,White,Male,Mexico,<=50K
35,86648,14,0,1977,45,Private,Masters,Married-civ-spouse,Prof-specialty,Husband,White,Male,United-States,>50K
20,235442,10,0,0,35,Private,Some-college,Never-married,Other-service,Not-in-family,White,Male,United-States,<=50K
18,128538,10,0,0,6,MISSING,Some-college,Never-married,MISSING,Own-child,White,Female,United-States,<=50K
54,158948,9,0,0,15,Self-emp-not-inc,HS-grad,Married-civ-spouse,Transport-moving,Husband,White,Male,United-States,<=50K
50,177896,16,0,0,40,Private,Doctorate,Married-civ-spouse,Prof-specialty,Husband,White,Male,United-States,>50K
38,259019,9,0,0,44,Private,HS-grad,Married-civ-spouse,Craft-repair,Husband,White,Male,United-States,<=50K
42,180985,6,99999,0,40,Local-gov,10th,Married-civ-spouse,Handlers-cleaners,Husband,White,Male,United-States,>50K
22,157332,9,0,0,35,Private,HS-grad,Never-married,Other-service,Own-child,White,Female,United-States,<=50K
21,329530,7,0,0,40,Private,11th,Married-civ-spouse,Craft-repair,Husband,White,Male,Mexico,<=50K
24,284317,13,0,0,32,Private,Bachelors,Never-married,Machine-op-inspct,Not-in-family,White,Female,United-States,<=50K
39,191227,13,13550,0,50,Private,Bachelors,Divorced,Exec-managerial,Not-in-family,White,Female,United-States,>50K
26,189502,13,0,0,80,Self-emp-inc,Bachelors,Married-civ-spouse,Sales,Husband,White,Male,United-States,>50K
17,140117,6,0,0,12,Private,10th,Never-married,Sales,Own-child,White,Female,United-States,<=50K
55,231738,9,0,0,40,Private,HS-grad,Divorced,Sales,Not-in-family,White,Female,England,<=50K
20,29810,10,0,0,40,MISSING,Some-college,Never-married,MISSING,Own-child,White,Female,United-States,<=50K
40,218558,13,0,0,45,Self-emp-inc,Bachelors,Married-civ-spouse,Exec-managerial,Husband,White,Male,United-States,>50K
41,173370,13,0,0,30,Private,Bachelors,Separated,Sales,Unmarried,White,Female,United-States,<=50K
41,222434,12,0,0,40,State-gov,Assoc-acdm,Married-civ-spouse,Protective-serv,Husband,White,Male,United-States,<=50K
39,357962,12,0,0,48,Local-gov,Assoc-acdm,Never-married,Transport-moving,Not-in-family,White,Male,United-States,<=50K
23,520775,8,0,0,30,Private,12th,Never-married,Priv-house-serv,Own-child,White,Male,United-States,<=50K
28,203776,6,0,0,50,Private,10th,Married-civ-spouse,Craft-repair,Husband,White,Male,United-States,<=50K
55,146326,14,7688,0,45,State-gov,Masters,Married-civ-spouse,Prof-specialty,Husband,White,Male,United-States,>50K
30,243165,9,0,0,40,Private,HS-grad,Married-civ-spouse,Exec-managerial,Husband,White,Male,United-States,<=50K
27,230922,14,0,0,40,State-gov,Masters,Never-married,Exec-managerial,Not-in-family,White,Male,Scotland,<=50K
62,141218,14,0,0,30,MISSING,Masters,Married-civ-spouse,MISSING,Husband,White,Male,United-States,>50K
28,183445,9,0,0,70,Federal-gov,HS-grad,Never-married,Exec-managerial,Unmarried,White,Female,Puerto-Rico,<=50K
44,242861,9,0,0,40,Private,HS-grad,Married-civ-spouse,Transport-moving,Husband,White,Male,United-States,<=50K
21,89154,7,0,0,42,Private,11th,Never-married,Other-service,Own-child,White,Male,El-Salvador,<=50K
59,122390,10,0,1977,48,Self-emp-inc,Some-college,Married-civ-spouse,Exec-managerial,Husband,White,Male,United-States,>50K
34,191834,11,0,0,48,Private,Assoc-voc,Married-civ-spouse,Craft-repair,Husband,White,Male,United-States,<=50K
48,120131,9,8614,0,40,State-gov,HS-grad,Divorced,Craft-repair,Own-child,White,Male,United-States,>50K
20,37783,10,0,0,25,Private,Some-college,Never-married,Other-service,Not-in-family,White,Female,United-States,<=50K
55,176012,5,0,0,23,Private,9th,Married-civ-spouse,Tech-support,Wife,White,Female,United-States,<=50K
30,271933,9,0,0,40,Private,HS-grad,Divorced,Adm-clerical,Not-in-family,White,Female,United-States,<=50K
32,30497,11,0,0,40,Private,Assoc-voc,Married-civ-spouse,Tech-support,Husband,White,Male,United-States,<=50K
33,249249,3,0,0,50,Self-emp-not-inc,5th-6th,Married-civ-spouse,Craft-repair,Husband,White,Male,United-States,>50K
63,188914,9,0,0,40,Private,HS-grad,Widowed,Machine-op-inspct,Other-relative,Black,Female,Haiti,<=50K
33,136331,9,0,0,50,Private,HS-grad,Married-spouse-absent,Craft-repair,Unmarried,White,Male,United-States,<=50K
54,57101,9,0,0,35,Self-emp-not-inc,HS-grad,Married-civ-spouse,Craft-repair,Husband,White,Male,United-States,<=50K
44,181762,10,0,0,50,Self-emp-inc,Some-college,Married-civ-spouse,Exec-managerial,Husband,White,Male,United-States,<=50K
35,244803,9,0,0,40,Private,HS-grad,Never-married,Handlers-cleaners,Other-relative,White,Male,Peru,<=50K
51,166461,16,0,0,40,Local-gov,Doctorate,Married-civ-spouse,Prof-specialty,Wife,Black,Female,United-States,>50K
32,95530,10,0,0,40,Local-gov,Some-college,Married-civ-spouse,Other-service,Husband,White,Male,United-States,<=50K
23,114357,9,0,0,50,Private,HS-grad,Never-married,Tech-support,Own-child,White,Male,United-States,<=50K
29,241431,9,0,0,45,Self-emp-not-inc,HS-grad,Never-married,Craft-repair,Not-in-family,White,Male,United-States,<=50K
31,144064,10,0,0,40,Private,Some-college,Married-civ-spouse,Exec-managerial,Husband,White,Male,United-States,<=50K
35,139647,10,0,0,40,Private,Some-college,Divorced,Exec-managerial,Not-in-family,White,Female,United-States,>50K
24,122348,13,0,0,40,Private,Bachelors,Married-civ-spouse,Exec-managerial,Wife,White,Female,United-States,<=50K
31,226696,9,0,0,50,Private,HS-grad,Never-married,Craft-repair,Not-in-family,White,Male,United-States,>50K
48,100067,10,0,0,40,Federal-gov,Some-college,Widowed,Other-service,Unmarried,Black,Female,United-States,<=50K
46,136162,11,0,0,40,Private,Assoc-voc,Divorced,Sales,Unmarried,White,Female,United-States,<=50K
61,92691,9,0,0,3,Private,HS-grad,Married-civ-spouse,Adm-clerical,Husband,White,Male,United-States,<=50K
36,192614,9,0,0,56,Private,HS-grad,Divorced,Machine-op-inspct,Not-in-family,White,Male,United-States,<=50K
36,37931,9,0,0,48,State-gov,HS-grad,Married-civ-spouse,Protective-serv,Husband,White,Male,United-States,>50K
56,367984,11,15024,0,40,Private,Assoc-voc,Married-civ-spouse,Exec-managerial,Husband,White,Male,United-States,>50K
46,53893,10,0,0,40,Private,Some-college,Married-civ-spouse,Tech-support,Husband,White,Male,United-States,>50K
32,316589,13,0,0,40,Private,Bachelors,Married-civ-spouse,Exec-managerial,Husband,White,Male,United-States,>50K
43,233865,9,0,0,40,Local-gov,HS-grad,Married-civ-spouse,Exec-managerial,Husband,White,Male,United-States,>50K
30,312767,9,0,0,40,State-gov,HS-grad,Never-married,Sales,Unmarried,Black,Female,United-States,<=50K
21,212661,6,0,0,39,Private,10th,Never-married,Adm-clerical,Not-in-family,White,Female,United-States,<=50K
27,229803,9,0,0,40,Private,HS-grad,Never-married,Craft-repair,Own-child,Black,Male,United-States,<=50K
46,192835,10,0,0,48,Private,Some-college,Married-civ-spouse,Transport-moving,Husband,White,Male,United-States,<=50K
42,144995,1,0,0,25,Private,Preschool,Never-married,Handlers-cleaners,Not-in-family,White,Male,United-States,<=50K
32,293936,4,0,0,40,MISSING,7th-8th,Married-spouse-absent,MISSING,Not-in-family,White,Male,MISSING,<=50K
42,303155,13,0,0,50,Private,Bachelors,Married-civ-spouse,Exec-managerial,Husband,White,Male,United-States,>50K
28,791084,10,0,0,50,Private,Some-college,Never-married,Craft-repair,Own-child,White,Male,United-States,<=50K
40,280433,13,0,0,50,Self-emp-not-inc,Bachelors,Married-civ-spouse,Craft-repair,Husband,White,Male,United-States,<=50K
47,329205,13,0,0,40,Federal-gov,Bachelors,Divorced,Prof-specialty,Unmarried,White,Male,United-States,<=50K
33,322873,9,0,0,50,Private,HS-grad,Divorced,Sales,Not-in-family,White,Female,United-States,<=50K
21,156980,9,0,0,60,Private,HS-grad,Never-married,Machine-op-inspct,Own-child,White,Male,United-States,<=50K
36,185325,9,0,0,37,Private,HS-grad,Never-married,Other-service,Own-child,White,Male,United-States,<=50K
35,233533,13,0,0,65,Self-emp-not-inc,Bachelors,Separated,Craft-repair,Not-in-family,White,Male,United-States,<=50K
38,103925,9,0,0,35,Private,HS-grad,Never-married,Adm-clerical,Unmarried,White,Female,United-States,<=50K
27,188519,9,0,0,40,Private,HS-grad,Divorced,Sales,Own-child,White,Female,United-States,<=50K
59,32954,11,0,0,36,Private,Assoc-voc,Divorced,Prof-specialty,Not-in-family,White,Female,United-States,<=50K
22,208946,10,0,0,25,Private,Some-college,Never-married,Adm-clerical,Own-child,White,Male,United-States,<=50K
51,172493,10,0,0,12,Private,Some-college,Never-married,Exec-managerial,Not-in-family,White,Female,United-States,<=50K
51,177669,10,0,0,60,Private,Some-college,Married-civ-spouse,Sales,Husband,White,Male,United-States,<=50K
48,145041,9,0,0,40,Private,HS-grad,Never-married,Machine-op-inspct,Other-relative,White,Male,Dominican-Republic,<=50K
45,127678,11,0,0,60,Local-gov,Assoc-voc,Married-civ-spouse,Protective-serv,Husband,White,Male,United-States,>50K
17,317681,7,0,0,10,Private,11th,Never-married,Craft-repair,Own-child,White,Male,United-States,<=50K
24,191073,9,0,0,40,Federal-gov,HS-grad,Never-married,Armed-Forces,Own-child,White,Male,United-States,<=50K
21,138816,9,0,0,20,Private,HS-grad,Never-married,Handlers-cleaners,Own-child,Black,Male,United-States,<=50K
61,315977,9,0,0,40,Self-emp-not-inc,HS-grad,Married-civ-spouse,Transport-moving,Husband,Black,Male,United-States,<=50K
42,152676,4,0,0,40,Private,7th-8th,Divorced,Craft-repair,Unmarried,White,Male,Puerto-Rico,<=50K
41,356934,10,0,0,44,Federal-gov,Some-college,Married-civ-spouse,Prof-specialty,Husband,White,Male,United-States,>50K
27,42734,10,0,0,25,Private,Some-college,Never-married,Other-service,Not-in-family,White,Male,United-States,<=50K
38,130007,13,0,0,40,Private,Bachelors,Never-married,Other-service,Not-in-family,White,Male,United-States,<=50K
19,201743,10,0,0,20,Private,Some-college,Never-married,Other-service,Own-child,White,Female,United-States,<=50K
24,312017,10,0,0,40,Federal-gov,Some-college,Never-married,Exec-managerial,Own-child,White,Male,United-States,<=50K
39,155961,9,0,0,38,Private,HS-grad,Divorced,Adm-clerical,Unmarried,Black,Female,United-States,<=50K
51,146813,10,0,0,40,Private,Some-college,Married-civ-spouse,Prof-specialty,Husband,White,Male,United-States,>50K
45,188386,9,0,1628,45,Private,HS-grad,Married-civ-spouse,Handlers-cleaners,Husband,White,Male,United-States,<=50K
24,175069,13,0,0,50,MISSING,Bachelors,Never-married,MISSING,Not-in-family,White,Male,United-States,<=50K
19,156294,10,0,0,25,State-gov,Some-college,Never-married,Prof-specialty,Own-child,White,Male,United-States,<=50K
32,131425,13,0,0,50,Private,Bachelors,Married-civ-spouse,Machine-op-inspct,Husband,White,Male,United-States,<=50K
34,483777,9,0,0,40,Private,HS-grad,Never-married,Handlers-cleaners,Not-in-family,Black,Male,United-States,<=50K
38,227945,14,99999,0,65,Private,Masters,Married-civ-spouse,Prof-specialty,Husband,White,Male,United-States,>50K
34,111985,9,0,0,45,Private,HS-grad,Married-civ-spouse,Craft-repair,Husband,White,Male,United-States,<=50K
20,182661,10,0,0,20,Private,Some-college,Never-married,Sales,Own-child,Black,Male,United-States,<=50K
44,317535,2,0,0,40,Private,1st-4th,Married-civ-spouse,Protective-serv,Other-relative,White,Male,Mexico,<=50K
39,206190,9,0,0,45,Federal-gov,HS-grad,Never-married,Exec-managerial,Unmarried,White,Female,United-States,<=50K
63,331527,9,0,0,14,MISSING,HS-grad,Married-civ-spouse,MISSING,Husband,White,Male,United-States,<=50K
58,92141,12,0,0,40,Local-gov,Assoc-acdm,Widowed,Adm-clerical,Not-in-family,Black,Female,United-States,<=50K
26,226288,13,0,0,40,Private,Bachelors,Never-married,Adm-clerical,Not-in-family,White,Male,United-States,<=50K
34,134737,13,0,0,40,Private,Bachelors,Never-married,Sales,Own-child,White,Male,United-States,>50K
68,422013,9,0,3683,40,Federal-gov,HS-grad,Divorced,Prof-specialty,Not-in-family,White,Female,United-States,<=50K
52,308764,10,0,0,40,Private,Some-college,Divorced,Exec-managerial,Unmarried,White,Female,United-States,<=50K
23,35633,10,0,0,50,State-gov,Some-college,Never-married,Other-service,Not-in-family,White,Male,United-States,<=50K
30,131584,11,0,0,60,Self-emp-not-inc,Assoc-voc,Never-married,Craft-repair,Own-child,White,Male,United-States,<=50K
51,152810,9,0,0,40,Private,HS-grad,Married-civ-spouse,Prof-specialty,Husband,White,Male,United-States,>50K
23,434894,9,0,0,40,Private,HS-grad,Married-civ-spouse,Handlers-cleaners,Husband,Black,Male,United-States,<=50K
27,328981,9,0,0,40,Private,HS-grad,Never-married,Machine-op-inspct,Unmarried,Black,Male,United-States,<=50K
36,197202,9,0,0,40,Private,HS-grad,Married-civ-spouse,Other-service,Husband,Black,Male,United-States,<=50K
53,188644,3,0,0,40,Local-gov,5th-6th,Married-civ-spouse,Other-service,Husband,White,Male,Mexico,<=50K
18,186954,7,0,0,20,Private,11th,Never-married,Other-service,Own-child,White,Female,United-States,<=50K
46,192360,13,0,0,35,Private,Bachelors,Married-civ-spouse,Exec-managerial,Husband,White,Male,United-States,>50K
19,100999,10,0,0,20,Private,Some-college,Never-married,Other-service,Own-child,White,Female,United-States,<=50K
30,75167,13,0,0,55,Private,Bachelors,Married-civ-spouse,Exec-managerial,Husband,White,Male,United-States,<=50K
40,188942,10,0,0,40,Private,Some-college,Married-civ-spouse,Sales,Wife,Black,Female,Puerto-Rico,<=50K
28,113870,13,0,0,60,Self-emp-inc,Bachelors,Married-civ-spouse,Exec-managerial,Husband,White,Male,United-States,>50K
18,401051,6,0,0,35,Private,10th,Never-married,Sales,Own-child,White,Female,United-States,<=50K
38,33975,9,0,0,40,Private,HS-grad,Married-civ-spouse,Exec-managerial,Other-relative,White,Male,United-States,>50K
37,218490,14,0,0,55,Private,Masters,Married-civ-spouse,Exec-managerial,Husband,White,Male,El-Salvador,>50K
23,200967,9,0,0,10,Private,HS-grad,Divorced,Other-service,Own-child,White,Female,United-States,<=50K
42,245317,9,0,0,50,Private,HS-grad,Married-civ-spouse,Sales,Husband,White,Male,United-States,<=50K
19,28790,10,0,0,40,Private,Some-college,Never-married,Other-service,Not-in-family,White,Female,United-States,<=50K
41,139916,11,0,2179,84,Self-emp-inc,Assoc-voc,Married-civ-spouse,Sales,Husband,Other,Male,Mexico,<=50K
19,97189,10,0,0,22,Private,Some-college,Never-married,Sales,Own-child,White,Female,United-States,<=50K
22,514033,9,0,0,80,Private,HS-grad,Never-married,Other-service,Not-in-family,Black,Male,United-States,<=50K
38,248919,9,0,2051,40,Federal-gov,HS-grad,Married-civ-spouse,Transport-moving,Husband,White,Male,United-States,<=50K
32,37232,15,7688,0,45,Self-emp-not-inc,Prof-school,Married-civ-spouse,Prof-specialty,Husband,White,Male,United-States,>50K
55,389479,14,0,0,50,MISSING,Masters,Married-civ-spouse,MISSING,Husband,White,Male,United-States,>50K
69,111238,5,0,0,20,MISSING,9th,Married-civ-spouse,MISSING,Husband,White,Male,United-States,<=50K
52,180195,13,0,0,40,Private,Bachelors,Married-civ-spouse,Sales,Husband,White,Male,United-States,>50K
58,280519,9,0,0,40,State-gov,HS-grad,Divorced,Other-service,Own-child,Black,Male,United-States,<=50K
42,79036,13,0,0,65,Self-emp-not-inc,Bachelors,Married-civ-spouse,Farming-fishing,Husband,White,Male,United-States,<=50K
60,160339,10,0,0,40,Private,Some-college,Married-civ-spouse,Craft-repair,Husband,White,Male,Columbia,<=50K
27,214858,6,0,0,55,Private,10th,Married-civ-spouse,Craft-repair,Other-relative,White,Male,United-States,<=50K
53,162381,2,0,0,50,Private,1st-4th,Married-civ-spouse,Transport-moving,Husband,White,Male,United-States,<=50K
66,86010,6,0,0,11,Private,10th,Widowed,Transport-moving,Not-in-family,White,Female,United-States,<=50K
37,140713,10,0,0,40,Private,Some-college,Married-civ-spouse,Adm-clerical,Husband,Black,Male,Jamaica,>50K
38,167140,15,99999,0,70,Private,Prof-school,Married-civ-spouse,Prof-specialty,Husband,White,Male,United-States,>50K
58,349910,9,7688,0,40,Private,HS-grad,Married-civ-spouse,Exec-managerial,Husband,White,Male,United-States,>50K
27,99897,10,0,0,40,Private,Some-college,Married-civ-spouse,Tech-support,Husband,White,Male,United-States,<=50K
26,31143,10,0,0,40,Private,Some-college,Never-married,Craft-repair,Not-in-family,White,Male,United-States,<=50K
34,33442,11,0,0,40,Self-emp-not-inc,Assoc-voc,Never-married,Other-service,Other-relative,White,Female,United-States,<=50K
33,220430,13,0,0,70,Local-gov,Bachelors,Married-civ-spouse,Protective-serv,Husband,Black,Male,United-States,>50K
23,207415,12,0,0,25,Private,Assoc-acdm,Married-civ-spouse,Sales,Wife,White,Female,United-States,<=50K
20,41103,10,0,0,20,State-gov,Some-college,Never-married,Other-service,Own-child,White,Female,United-States,<=50K
25,51498,8,0,0,40,Private,12th,Never-married,Other-service,Other-relative,White,Male,United-States,<=50K
18,168288,9,0,0,40,Private,HS-grad,Never-married,Handlers-cleaners,Own-child,White,Male,United-States,<=50K
32,123291,8,0,0,40,Private,12th,Married-civ-spouse,Machine-op-inspct,Husband,White,Male,United-States,<=50K
17,240143,7,0,0,30,Private,11th,Never-married,Craft-repair,Own-child,White,Male,United-States,<=50K
58,223400,13,0,0,20,State-gov,Bachelors,Married-civ-spouse,Prof-specialty,Wife,White,Female,United-States,>50K
25,206343,9,0,0,40,Private,HS-grad,Never-married,Protective-serv,Other-relative,White,Male,United-States,<=50K
44,262241,9,0,0,40,Local-gov,HS-grad,Married-civ-spouse,Adm-clerical,Other-relative,White,Female,United-States,<=50K
57,73051,13,0,0,40,Private,Bachelors,Married-civ-spouse,Exec-managerial,Husband,White,Male,United-States,<=50K
44,54507,9,0,0,40,Private,HS-grad,Never-married,Machine-op-inspct,Not-in-family,White,Female,United-States,<=50K
35,123606,10,0,0,40,Private,Some-college,Married-civ-spouse,Handlers-cleaners,Husband,White,Male,United-States,<=50K
34,386370,10,0,0,50,Private,Some-college,Married-civ-spouse,Craft-repair,Husband,White,Male,United-States,<=50K
51,172022,14,0,0,40,State-gov,Masters,Never-married,Prof-specialty,Not-in-family,White,Male,United-States,>50K
31,124827,9,0,0,40,Private,HS-grad,Never-married,Other-service,Not-in-family,White,Male,United-States,<=50K
49,227800,4,0,0,32,Private,7th-8th,Married-civ-spouse,Prof-specialty,Husband,White,Male,United-States,<=50K
29,87905,9,10520,0,40,Private,HS-grad,Divorced,Other-service,Not-in-family,White,Male,United-States,>50K
43,212847,10,0,0,40,Private,Some-college,Divorced,Machine-op-inspct,Not-in-family,White,Male,United-States,<=50K
35,302149,13,7298,0,40,Local-gov,Bachelors,Married-civ-spouse,Sales,Husband,Asian-Pac-Islander,Male,Philippines,>50K
17,176017,6,0,0,15,Private,10th,Never-married,Other-service,Other-relative,White,Male,United-States,<=50K
52,108211,4,0,0,40,MISSING,7th-8th,Married-civ-spouse,MISSING,Husband,White,Male,United-States,<=50K
29,136277,6,0,0,32,Private,10th,Never-married,Other-service,Own-child,Black,Female,United-States,<=50K
25,114150,9,0,0,40,Private,HS-grad,Never-married,Handlers-cleaners,Other-relative,White,Male,United-States,<=50K
45,387074,11,0,0,40,Private,Assoc-voc,Married-civ-spouse,Craft-repair,Husband,White,Male,United-States,<=50K
20,41356,12,0,0,32,MISSING,Assoc-acdm,Never-married,MISSING,Not-in-family,White,Female,United-States,<=50K
26,192213,14,0,0,40,Local-gov,Masters,Never-married,Prof-specialty,Not-in-family,White,Female,Canada,<=50K
21,197997,10,0,0,30,Private,Some-college,Never-married,Adm-clerical,Own-child,White,Male,United-States,<=50K
46,128796,13,0,0,44,Private,Bachelors,Married-civ-spouse,Exec-managerial,Husband,White,Male,United-States,>50K
55,199763,9,0,0,81,Private,HS-grad,Separated,Protective-serv,Not-in-family,White,Male,United-States,<=50K
25,204338,9,0,0,30,Private,HS-grad,Never-married,Farming-fishing,Unmarried,White,Male,MISSING,<=50K
47,140644,9,0,0,40,Private,HS-grad,Married-civ-spouse,Exec-managerial,Husband,White,Male,United-States,>50K
61,133164,4,0,0,48,Private,7th-8th,Never-married,Other-service,Not-in-family,White,Male,United-States,<=50K
47,171095,12,0,0,35,Local-gov,Assoc-acdm,Married-civ-spouse,Adm-clerical,Wife,White,Female,United-States,>50K
35,319831,10,0,0,60,Self-emp-not-inc,Some-college,Married-civ-spouse,Farming-fishing,Husband,White,Male,United-States,<=50K
39,146091,13,0,0,20,Private,Bachelors,Married-civ-spouse,Prof-specialty,Wife,White,Female,United-States,>50K
50,185846,9,0,0,55,Private,HS-grad,Married-civ-spouse,Sales,Husband,White,Male,United-States,>50K
51,99987,6,0,0,40,Private,10th,Separated,Machine-op-inspct,Unmarried,Black,Female,United-States,<=50K
39,33983,10,15024,0,40,Private,Some-college,Married-civ-spouse,Adm-clerical,Husband,White,Male,United-States,>50K
42,74334,14,0,0,40,State-gov,Masters,Married-civ-spouse,Adm-clerical,Husband,Amer-Indian-Eskimo,Male,United-States,>50K
20,216825,9,0,0,25,Private,HS-grad,Never-married,Sales,Own-child,White,Female,Mexico,<=50K
24,462820,13,0,0,40,Private,Bachelors,Never-married,Farming-fishing,Not-in-family,White,Male,United-States,<=50K
50,124076,13,0,0,40,Local-gov,Bachelors,Married-civ-spouse,Prof-specialty,Wife,White,Female,United-States,>50K
45,184285,13,0,0,45,Self-emp-not-inc,Bachelors,Divorced,Prof-specialty,Not-in-family,White,Male,United-States,<=50K
50,116211,15,0,0,52,State-gov,Prof-school,Married-civ-spouse,Exec-managerial,Husband,White,Male,United-States,>50K
26,181666,9,0,0,40,Private,HS-grad,Never-married,Handlers-cleaners,Own-child,White,Female,United-States,<=50K
69,254834,13,10605,0,10,MISSING,Bachelors,Married-civ-spouse,MISSING,Husband,White,Male,United-States,>50K
49,142856,9,0,0,40,State-gov,HS-grad,Married-civ-spouse,Prof-specialty,Husband,White,Male,United-States,>50K
41,112763,9,0,0,40,Private,HS-grad,Widowed,Sales,Not-in-family,White,Female,United-States,<=50K
32,53260,9,0,0,28,Private,HS-grad,Divorced,Other-service,Unmarried,Other,Female,United-States,<=50K
50,127315,13,15024,0,60,Self-emp-inc,Bachelors,Married-civ-spouse,Exec-managerial,Husband,White,Male,United-States,>50K
38,245090,9,0,0,40,Private,HS-grad,Married-civ-spouse,Craft-repair,Husband,White,Male,Nicaragua,<=50K
22,362309,10,0,0,35,Private,Some-college,Never-married,Other-service,Own-child,White,Male,United-States,<=50K
25,308144,13,0,0,40,Private,Bachelors,Never-married,Craft-repair,Not-in-family,White,Male,Mexico,<=50K
35,170797,13,0,0,40,Private,Bachelors,Divorced,Other-service,Not-in-family,White,Female,United-States,<=50K
49,160187,5,0,0,16,Private,9th,Married-spouse-absent,Other-service,Not-in-family,Black,Female,Jamaica,<=50K
46,56482,10,0,0,40,Private,Some-college,Never-married,Exec-managerial,Not-in-family,Black,Male,United-States,<=50K
47,188330,9,0,0,25,Private,HS-grad,Married-civ-spouse,Transport-moving,Husband,White,Male,United-States,<=50K
52,138497,13,0,0,45,Private,Bachelors,Married-civ-spouse,Sales,Husband,White,Male,United-States,>50K
25,84224,13,0,0,40,Local-gov,Bachelors,Never-married,Prof-specialty,Not-in-family,White,Female,United-States,<=50K
35,99357,14,15024,0,50,Private,Masters,Married-civ-spouse,Prof-specialty,Wife,White,Female,United-States,>50K
24,186452,9,0,0,50,Private,HS-grad,Never-married,Exec-managerial,Not-in-family,White,Male,United-States,<=50K
26,219897,14,0,0,50,Self-emp-not-inc,Masters,Never-married,Prof-specialty,Not-in-family,White,Female,United-States,<=50K
47,172034,9,0,0,75,Self-emp-not-inc,HS-grad,Married-civ-spouse,Sales,Husband,White,Male,United-States,>50K
56,68658,10,0,0,40,State-gov,Some-college,Married-civ-spouse,Exec-managerial,Husband,White,Male,United-States,>50K
29,53271,13,0,0,40,Private,Bachelors,Married-civ-spouse,Exec-managerial,Husband,White,Male,United-States,>50K
40,150533,13,0,0,40,State-gov,Bachelors,Married-civ-spouse,Prof-specialty,Other-relative,White,Male,United-States,<=50K
65,113323,12,3818,0,40,Private,Assoc-acdm,Married-civ-spouse,Exec-managerial,Husband,White,Male,United-States,<=50K
18,391585,9,0,0,40,Private,HS-grad,Never-married,Machine-op-inspct,Other-relative,White,Female,United-States,<=50K
31,37546,13,0,1902,35,Private,Bachelors,Married-civ-spouse,Exec-managerial,Wife,White,Female,United-States,>50K
40,126701,13,0,0,40,Private,Bachelors,Married-spouse-absent,Exec-managerial,Not-in-family,White,Male,United-States,>50K
54,32778,9,0,0,30,Self-emp-not-inc,HS-grad,Married-civ-spouse,Sales,Wife,White,Female,United-States,<=50K
36,271767,13,0,0,40,Private,Bachelors,Separated,Prof-specialty,Not-in-family,White,Male,MISSING,<=50K
47,151584,15,7688,0,60,Private,Prof-school,Married-civ-spouse,Exec-managerial,Husband,White,Male,United-States,>50K
17,117549,6,0,0,12,Private,10th,Never-married,Sales,Other-relative,Black,Female,United-States,<=50K
38,125933,13,0,0,40,Private,Bachelors,Married-civ-spouse,Exec-managerial,Husband,White,Male,MISSING,>50K
54,143804,6,0,0,40,Private,10th,Married-civ-spouse,Machine-op-inspct,Husband,White,Male,United-States,<=50K
36,313853,13,0,0,45,Self-emp-not-inc,Bachelors,Divorced,Other-service,Unmarried,Black,Male,United-States,>50K
43,198330,14,0,0,37,Private,Masters,Widowed,Prof-specialty,Unmarried,Black,Female,United-States,<=50K
21,337766,10,0,0,20,State-gov,Some-college,Never-married,Prof-specialty,Own-child,White,Male,United-States,<=50K
52,186272,9,0,0,40,Private,HS-grad,Divorced,Sales,Not-in-family,White,Male,United-States,<=50K
34,154874,9,4416,0,30,Private,HS-grad,Never-married,Machine-op-inspct,Not-in-family,White,Male,United-States,<=50K
53,137250,14,0,1669,35,Local-gov,Masters,Widowed,Prof-specialty,Unmarried,Black,Female,United-States,<=50K
32,193380,9,0,0,40,Private,HS-grad,Never-married,Transport-moving,Own-child,White,Male,United-States,<=50K
41,185057,11,0,0,40,Private,Assoc-voc,Never-married,Craft-repair,Not-in-family,White,Female,MISSING,<=50K
34,331126,9,0,0,30,Private,HS-grad,Never-married,Other-service,Unmarried,Black,Male,United-States,<=50K
28,200515,10,0,0,40,Self-emp-not-inc,Some-college,Married-civ-spouse,Craft-repair,Husband,White,Male,United-States,<=50K
23,482082,8,0,0,21,Private,12th,Never-married,Machine-op-inspct,Own-child,White,Male,Mexico,<=50K
30,176410,11,7298,0,16,Private,Assoc-voc,Married-civ-spouse,Prof-specialty,Own-child,White,Female,United-States,>50K
21,126613,9,0,0,40,Private,HS-grad,Never-married,Sales,Not-in-family,White,Female,United-States,<=50K
37,217054,13,0,0,35,Self-emp-inc,Bachelors,Married-civ-spouse,Prof-specialty,Husband,White,Male,United-States,>50K
42,212894,13,0,1887,40,Private,Bachelors,Married-civ-spouse,Sales,Husband,White,Male,United-States,>50K
50,237819,9,0,0,40,Private,HS-grad,Married-civ-spouse,Transport-moving,Husband,White,Male,United-States,>50K
57,127779,9,0,0,40,Private,HS-grad,Married-civ-spouse,Exec-managerial,Husband,White,Male,United-States,<=50K
61,166124,9,0,0,40,Private,HS-grad,Married-civ-spouse,Craft-repair,Husband,White,Male,United-States,>50K
50,301024,13,0,0,40,Private,Bachelors,Separated,Sales,Not-in-family,White,Male,United-States,>50K
22,436798,10,0,0,40,Private,Some-college,Married-civ-spouse,Tech-support,Husband,White,Male,United-States,<=50K
38,414791,13,0,0,42,Local-gov,Bachelors,Married-civ-spouse,Exec-managerial,Husband,White,Male,United-States,>50K
33,133278,9,0,0,40,Private,HS-grad,Never-married,Adm-clerical,Own-child,Black,Female,United-States,<=50K
40,205987,15,0,0,40,Private,Prof-school,Never-married,Exec-managerial,Not-in-family,White,Female,Cuba,<=50K
40,188436,9,0,0,40,Self-emp-not-inc,HS-grad,Separated,Exec-managerial,Other-relative,White,Male,United-States,<=50K
55,90414,13,0,0,55,Private,Bachelors,Married-spouse-absent,Craft-repair,Unmarried,White,Female,Ireland,<=50K
50,113290,9,0,0,15,Private,HS-grad,Married-civ-spouse,Sales,Wife,White,Female,United-States,<=50K
52,346668,14,0,0,40,Local-gov,Masters,Never-married,Prof-specialty,Own-child,White,Female,United-States,<=50K
44,323790,13,0,0,40,Local-gov,Bachelors,Married-civ-spouse,Protective-serv,Husband,White,Male,United-States,>50K
52,169549,10,0,0,40,Private,Some-college,Divorced,Exec-managerial,Unmarried,White,Female,United-States,<=50K
39,151023,10,114,0,45,Private,Some-college,Divorced,Adm-clerical,Unmarried,White,Female,United-States,<=50K
42,211915,10,0,0,40,State-gov,Some-college,Separated,Tech-support,Unmarried,White,Female,United-States,<=50K
40,143069,9,0,0,40,Private,HS-grad,Married-civ-spouse,Machine-op-inspct,Husband,White,Male,United-States,<=50K
32,76773,10,0,0,40,Private,Some-college,Divorced,Machine-op-inspct,Unmarried,White,Female,United-States,<=50K
77,149912,13,0,0,10,Private,Bachelors,Never-married,Prof-specialty,Not-in-family,White,Female,United-States,<=50K
31,403468,10,0,0,50,Private,Some-college,Separated,Other-service,Unmarried,White,Female,Mexico,<=50K
64,178556,6,0,0,56,MISSING,10th,Married-civ-spouse,MISSING,Husband,White,Male,United-States,>50K
42,307638,9,0,0,40,Private,HS-grad,Divorced,Adm-clerical,Own-child,White,Female,United-States,<=50K
52,185407,11,0,0,48,Private,Assoc-voc,Married-civ-spouse,Craft-repair,Husband,White,Male,Poland,>50K
55,151474,13,0,1590,38,Private,Bachelors,Never-married,Tech-support,Other-relative,White,Female,United-States,<=50K
53,164300,13,0,0,38,Local-gov,Bachelors,Divorced,Adm-clerical,Unmarried,White,Female,Dominican-Republic,<=50K
31,157886,10,0,0,40,Private,Some-college,Married-civ-spouse,Other-service,Wife,White,Female,United-States,<=50K
37,218955,9,0,0,40,Private,HS-grad,Married-civ-spouse,Other-service,Husband,White,Male,United-States,<=50K
51,82504,10,0,0,40,State-gov,Some-college,Married-civ-spouse,Exec-managerial,Husband,White,Male,United-States,<=50K
44,175485,13,0,0,12,Private,Bachelors,Married-civ-spouse,Craft-repair,Husband,White,Male,United-States,<=50K
28,144063,9,0,0,40,Private,HS-grad,Married-civ-spouse,Exec-managerial,Husband,White,Male,United-States,<=50K
49,377622,12,0,0,50,Self-emp-not-inc,Assoc-acdm,Divorced,Sales,Not-in-family,White,Male,United-States,<=50K
25,108542,13,0,0,35,Private,Bachelors,Never-married,Exec-managerial,Own-child,White,Male,United-States,<=50K
51,192973,13,0,0,40,Self-emp-inc,Bachelors,Married-civ-spouse,Protective-serv,Husband,Black,Male,United-States,>50K
49,126754,13,0,0,45,Private,Bachelors,Never-married,Exec-managerial,Not-in-family,White,Male,United-States,>50K
47,95680,10,0,0,40,Private,Some-college,Married-civ-spouse,Exec-managerial,Husband,Asian-Pac-Islander,Male,United-States,<=50K
44,300528,7,0,0,40,Private,11th,Married-civ-spouse,Adm-clerical,Husband,White,Male,United-States,>50K
42,185145,10,0,0,57,Private,Some-college,Married-civ-spouse,Transport-moving,Husband,White,Male,United-States,<=50K
39,125550,9,0,0,40,Private,HS-grad,Married-civ-spouse,Adm-clerical,Wife,White,Female,United-States,>50K
57,425161,14,15024,0,40,Federal-gov,Masters,Married-civ-spouse,Sales,Husband,White,Male,United-States,>50K
58,97562,9,0,0,38,Private,HS-grad,Married-civ-spouse,Sales,Wife,White,Female,United-States,<=50K
46,110015,4,0,0,75,Self-emp-not-inc,7th-8th,Married-civ-spouse,Exec-managerial,Husband,White,Male,Greece,<=50K
44,107845,12,0,0,56,Local-gov,Assoc-acdm,Divorced,Protective-serv,Not-in-family,White,Female,United-States,>50K
18,123343,7,0,0,30,Private,11th,Never-married,Sales,Not-in-family,White,Female,United-States,<=50K
20,262749,10,0,0,35,Private,Some-college,Never-married,Other-service,Own-child,White,Male,United-States,<=50K
48,110457,10,0,0,40,Federal-gov,Some-college,Divorced,Exec-managerial,Not-in-family,White,Male,United-States,<=50K
24,303296,10,0,0,40,Private,Some-college,Married-civ-spouse,Adm-clerical,Wife,Asian-Pac-Islander,Female,Laos,<=50K
36,153066,14,0,0,40,Federal-gov,Masters,Married-civ-spouse,Prof-specialty,Husband,White,Male,United-States,>50K
40,73883,10,0,0,40,Federal-gov,Some-college,Married-civ-spouse,Tech-support,Husband,White,Male,United-States,>50K
50,126592,9,0,0,40,Private,HS-grad,Separated,Craft-repair,Not-in-family,Black,Male,United-States,<=50K
61,390472,9,0,0,40,Self-emp-not-inc,HS-grad,Married-civ-spouse,Farming-fishing,Husband,White,Male,United-States,<=50K
21,190805,9,0,0,32,Private,HS-grad,Married-civ-spouse,Handlers-cleaners,Husband,White,Male,United-States,<=50K
33,211699,10,0,0,40,MISSING,Some-college,Divorced,MISSING,Unmarried,White,Female,United-States,<=50K
51,112310,10,0,0,40,Private,Some-college,Divorced,Exec-managerial,Unmarried,White,Female,United-States,<=50K
43,185057,9,0,0,30,Private,HS-grad,Divorced,Exec-managerial,Not-in-family,White,Female,United-States,>50K
22,216181,7,0,0,45,Private,11th,Never-married,Craft-repair,Own-child,White,Male,United-States,<=50K
57,79539,9,0,0,40,Self-emp-not-inc,HS-grad,Married-civ-spouse,Farming-fishing,Husband,Asian-Pac-Islander,Male,United-States,<=50K
31,204752,8,0,0,32,Private,12th,Never-married,Sales,Own-child,White,Male,United-States,<=50K
46,471990,9,0,0,46,Private,HS-grad,Married-civ-spouse,Transport-moving,Husband,Black,Male,United-States,>50K
42,328239,10,0,0,40,Private,Some-college,Never-married,Other-service,Not-in-family,White,Male,United-States,<=50K
37,126675,9,0,0,60,Self-emp-not-inc,HS-grad,Married-civ-spouse,Farming-fishing,Husband,White,Male,United-States,>50K
50,137253,13,0,0,40,Private,Bachelors,Married-civ-spouse,Adm-clerical,Wife,White,Female,United-States,>50K
56,37394,14,0,0,40,Private,Masters,Married-civ-spouse,Exec-managerial,Husband,White,Male,United-States,<=50K
45,119835,4,0,0,48,MISSING,7th-8th,Divorced,MISSING,Not-in-family,Amer-Indian-Eskimo,Male,United-States,<=50K
35,179171,9,0,0,38,Self-emp-not-inc,HS-grad,Never-married,Sales,Unmarried,Black,Female,Germany,<=50K
21,145119,10,0,0,20,Private,Some-college,Never-married,Other-service,Own-child,Asian-Pac-Islander,Male,United-States,<=50K
40,273425,13,0,0,50,Private,Bachelors,Married-civ-spouse,Exec-managerial,Husband,White,Male,United-States,>50K
28,46868,14,0,0,40,Private,Masters,Never-married,Tech-support,Not-in-family,White,Female,United-States,<=50K
42,173590,10,0,1628,40,Private,Some-college,Married-civ-spouse,Adm-clerical,Husband,White,Male,United-States,<=50K
45,102308,10,0,0,40,State-gov,Some-college,Married-civ-spouse,Exec-managerial,Husband,White,Male,United-States,<=50K
40,271393,12,0,0,40,Private,Assoc-acdm,Divorced,Exec-managerial,Not-in-family,White,Female,United-States,<=50K
36,177907,13,2176,0,20,Private,Bachelors,Never-married,Other-service,Not-in-family,White,Male,MISSING,<=50K
54,310774,13,0,0,40,Self-emp-not-inc,Bachelors,Married-civ-spouse,Sales,Husband,White,Male,United-States,<=50K
37,117760,11,4650,0,40,Local-gov,Assoc-voc,Never-married,Protective-serv,Not-in-family,White,Male,United-States,<=50K
46,216414,14,0,1977,60,Self-emp-inc,Masters,Married-civ-spouse,Sales,Husband,White,Male,United-States,>50K
39,301867,13,0,0,24,Private,Bachelors,Divorced,Adm-clerical,Not-in-family,Asian-Pac-Islander,Female,Philippines,<=50K
34,251421,9,0,0,40,Private,HS-grad,Married-civ-spouse,Craft-repair,Husband,White,Male,United-States,<=50K
36,220585,12,0,0,50,Private,Assoc-acdm,Married-civ-spouse,Exec-managerial,Husband,White,Male,United-States,>50K
29,280618,10,0,0,40,Private,Some-college,Married-civ-spouse,Handlers-cleaners,Husband,White,Male,United-States,<=50K
33,199170,10,0,0,40,Private,Some-college,Never-married,Craft-repair,Not-in-family,Black,Male,United-States,<=50K
38,124665,13,0,0,20,Self-emp-inc,Bachelors,Never-married,Craft-repair,Not-in-family,White,Female,United-States,<=50K
49,154451,7,0,0,35,Private,11th,Divorced,Machine-op-inspct,Unmarried,Black,Female,United-States,<=50K
27,188189,10,0,0,30,Private,Some-college,Never-married,Tech-support,Not-in-family,White,Female,United-States,<=50K
41,327606,8,0,0,40,Private,12th,Separated,Craft-repair,Not-in-family,Black,Male,United-States,<=50K
42,436107,12,0,0,50,Self-emp-not-inc,Assoc-acdm,Married-civ-spouse,Transport-moving,Husband,White,Male,United-States,<=50K
22,60783,6,0,0,15,Private,10th,Never-married,Craft-repair,Own-child,White,Male,United-States,<=50K
41,76625,9,0,0,40,Private,HS-grad,Married-civ-spouse,Craft-repair,Husband,White,Male,United-States,<=50K
23,335067,13,0,0,50,Private,Bachelors,Never-married,Sales,Not-in-family,White,Male,United-States,<=50K
21,322144,10,0,0,40,Private,Some-college,Never-married,Other-service,Not-in-family,White,Male,United-States,<=50K
42,119207,9,0,0,48,Self-emp-not-inc,HS-grad,Never-married,Exec-managerial,Not-in-family,White,Male,United-States,<=50K
33,83671,9,0,0,40,Private,HS-grad,Never-married,Sales,Own-child,Black,Female,United-States,<=50K
50,185354,14,0,0,35,Private,Masters,Divorced,Exec-managerial,Not-in-family,White,Female,United-States,<=50K
30,189759,13,4865,0,40,Private,Bachelors,Never-married,Transport-moving,Not-in-family,White,Male,United-States,<=50K
28,158834,14,0,0,50,State-gov,Masters,Married-civ-spouse,Exec-managerial,Husband,White,Male,United-States,>50K
33,115488,13,0,0,50,Local-gov,Bachelors,Married-civ-spouse,Prof-specialty,Husband,White,Male,United-States,<=50K
31,36592,9,0,0,91,Self-emp-not-inc,HS-grad,Married-civ-spouse,Farming-fishing,Husband,White,Male,United-States,<=50K
23,234460,4,0,0,40,Private,7th-8th,Never-married,Machine-op-inspct,Own-child,Black,Female,Dominican-Republic,<=50K
31,262024,9,0,0,40,Private,HS-grad,Married-civ-spouse,Machine-op-inspct,Husband,Black,Male,United-States,<=50K
40,82465,10,2580,0,40,Private,Some-college,Married-civ-spouse,Machine-op-inspct,Husband,White,Male,United-States,<=50K
48,238959,14,9562,0,40,Local-gov,Masters,Divorced,Exec-managerial,Unmarried,Black,Female,United-States,>50K
23,419554,9,0,0,54,Private,HS-grad,Married-civ-spouse,Exec-managerial,Husband,White,Male,United-States,<=50K
24,326587,10,0,0,40,Private,Some-college,Never-married,Sales,Not-in-family,White,Male,United-States,<=50K
34,188245,9,0,0,35,Local-gov,HS-grad,Never-married,Prof-specialty,Unmarried,Black,Female,United-States,<=50K
51,129525,9,0,0,40,Self-emp-inc,HS-grad,Never-married,Sales,Other-relative,White,Male,MISSING,<=50K
49,102110,9,0,0,30,Self-emp-not-inc,HS-grad,Married-civ-spouse,Tech-support,Husband,White,Male,United-States,>50K
20,380544,12,0,0,20,Private,Assoc-acdm,Never-married,Transport-moving,Own-child,White,Male,United-States,<=50K
27,101364,9,0,0,40,Private,HS-grad,Married-civ-spouse,Handlers-cleaners,Husband,White,Male,Mexico,<=50K
24,204935,14,0,0,56,Private,Masters,Never-married,Adm-clerical,Not-in-family,White,Male,United-States,<=50K
45,350440,9,0,0,40,Private,HS-grad,Married-civ-spouse,Exec-managerial,Husband,Asian-Pac-Islander,Male,United-States,>50K
39,160916,12,0,0,45,Private,Assoc-acdm,Married-civ-spouse,Tech-support,Wife,White,Female,United-States,<=50K
27,203776,12,0,0,55,Private,Assoc-acdm,Married-civ-spouse,Exec-managerial,Husband,White,Male,United-States,<=50K
44,204235,9,0,0,40,Private,HS-grad,Married-civ-spouse,Transport-moving,Husband,White,Male,United-States,<=50K
43,133584,9,0,0,40,Private,HS-grad,Divorced,Craft-repair,Not-in-family,White,Male,United-States,<=50K
27,420054,9,9562,0,50,Self-emp-not-inc,HS-grad,Never-married,Craft-repair,Unmarried,White,Male,United-States,>50K
55,163083,13,14084,0,45,Private,Bachelors,Separated,Exec-managerial,Not-in-family,White,Male,United-States,>50K
38,107513,9,0,0,40,Local-gov,HS-grad,Married-civ-spouse,Transport-moving,Husband,White,Male,United-States,<=50K
34,286020,9,0,0,45,Private,HS-grad,Married-civ-spouse,Machine-op-inspct,Husband,White,Male,United-States,<=50K
25,371987,13,0,0,40,Private,Bachelors,Never-married,Exec-managerial,Not-in-family,White,Female,United-States,<=50K
27,146764,10,0,0,40,Private,Some-college,Married-civ-spouse,Exec-managerial,Wife,White,Female,United-States,>50K
32,229732,13,0,0,45,Private,Bachelors,Married-civ-spouse,Sales,Husband,White,Male,United-States,<=50K
29,100219,12,0,0,45,Private,Assoc-acdm,Never-married,Machine-op-inspct,Unmarried,White,Male,United-States,<=50K
43,248094,9,0,0,40,Private,HS-grad,Divorced,Craft-repair,Unmarried,White,Male,United-States,<=50K
22,228411,10,0,0,35,Private,Some-college,Never-married,Exec-managerial,Not-in-family,White,Male,United-States,<=50K
46,123598,10,0,0,48,Private,Some-college,Married-civ-spouse,Sales,Husband,White,Male,United-States,>50K
21,198431,9,0,0,40,Private,HS-grad,Never-married,Handlers-cleaners,Not-in-family,White,Female,United-States,<=50K
31,33308,11,0,0,40,State-gov,Assoc-voc,Married-civ-spouse,Craft-repair,Husband,White,Male,United-States,<=50K
19,182590,6,0,0,38,MISSING,10th,Never-married,MISSING,Not-in-family,White,Female,United-States,<=50K
52,169182,5,0,0,25,Private,9th,Widowed,Other-service,Not-in-family,White,Female,Puerto-Rico,<=50K
57,148509,13,0,0,35,Local-gov,Bachelors,Married-civ-spouse,Prof-specialty,Husband,Asian-Pac-Islander,Male,India,<=50K
41,196344,2,0,0,50,Private,1st-4th,Married-civ-spouse,Sales,Husband,White,Male,Mexico,<=50K
60,36077,4,0,0,40,Private,7th-8th,Married-spouse-absent,Machine-op-inspct,Not-in-family,White,Male,United-States,<=50K
23,393248,10,0,0,40,Private,Some-college,Never-married,Adm-clerical,Own-child,White,Male,United-States,<=50K
30,145231,12,0,1762,40,Private,Assoc-acdm,Divorced,Adm-clerical,Own-child,White,Female,United-States,<=50K
63,96930,12,0,0,40,Self-emp-inc,Assoc-acdm,Married-civ-spouse,Sales,Husband,White,Male,United-States,>50K
28,187479,10,0,0,55,Private,Some-college,Married-civ-spouse,Exec-managerial,Husband,White,Male,United-States,<=50K
61,179761,9,0,0,40,MISSING,HS-grad,Married-civ-spouse,MISSING,Husband,White,Male,United-States,>50K
29,126060,9,0,0,40,Private,HS-grad,Married-civ-spouse,Sales,Wife,White,Female,United-States,>50K
34,201122,10,0,0,48,Private,Some-college,Married-civ-spouse,Craft-repair,Husband,White,Male,United-States,>50K
65,172815,10,0,0,40,Private,Some-college,Married-civ-spouse,Farming-fishing,Husband,White,Male,United-States,<=50K
29,146343,9,0,0,25,Private,HS-grad,Never-married,Other-service,Unmarried,Black,Female,United-States,<=50K
38,129102,9,0,0,50,Private,HS-grad,Married-civ-spouse,Exec-managerial,Husband,White,Male,United-States,<=50K
21,82847,10,0,0,50,Private,Some-college,Never-married,Tech-support,Not-in-family,White,Female,United-States,<=50K
64,143716,14,0,0,2,MISSING,Masters,Married-civ-spouse,MISSING,Husband,White,Male,United-States,<=50K
44,135056,14,0,0,16,Local-gov,Masters,Divorced,Prof-specialty,Unmarried,White,Female,MISSING,<=50K
31,30290,9,0,0,40,Self-emp-not-inc,HS-grad,Never-married,Other-service,Unmarried,White,Female,United-States,<=50K
40,316820,10,0,1485,40,Private,Some-college,Married-civ-spouse,Other-service,Husband,White,Male,United-States,<=50K
32,191856,14,0,0,45,Private,Masters,Married-civ-spouse,Sales,Wife,White,Female,United-States,>50K
55,272656,13,0,0,55,Private,Bachelors,Married-civ-spouse,Tech-support,Husband,White,Male,United-States,>50K
19,62534,13,0,0,40,MISSING,Bachelors,Never-married,MISSING,Own-child,Black,Female,Jamaica,<=50K
27,216013,9,0,0,40,Local-gov,HS-grad,Married-civ-spouse,Handlers-cleaners,Husband,White,Male,United-States,<=50K
53,126368,10,0,0,50,Private,Some-college,Never-married,Adm-clerical,Not-in-family,White,Female,United-States,>50K
35,219902,11,0,0,40,Private,Assoc-voc,Never-married,Adm-clerical,Not-in-family,Black,Female,United-States,<=50K
35,179668,10,0,0,40,Private,Some-college,Married-civ-spouse,Prof-specialty,Husband,White,Male,United-States,>50K
17,193748,7,0,0,15,Private,11th,Never-married,Sales,Own-child,White,Male,United-States,<=50K
52,302847,7,0,0,40,Private,11th,Married-civ-spouse,Machine-op-inspct,Husband,White,Male,United-States,<=50K
35,374716,5,0,0,35,MISSING,9th,Married-civ-spouse,MISSING,Wife,White,Female,United-States,<=50K
54,124865,10,0,0,35,Self-emp-not-inc,Some-college,Divorced,Sales,Not-in-family,White,Female,United-States,<=50K
42,99254,12,0,0,40,Private,Assoc-acdm,Married-civ-spouse,Adm-clerical,Wife,Black,Female,United-States,>50K
32,226267,10,0,0,40,Private,Some-college,Married-civ-spouse,Adm-clerical,Husband,White,Male,Mexico,<=50K
33,31449,12,0,0,40,Private,Assoc-acdm,Divorced,Machine-op-inspct,Unmarried,Amer-Indian-Eskimo,Female,United-States,<=50K
51,169112,14,0,0,40,Private,Masters,Married-civ-spouse,Sales,Husband,White,Male,United-States,>50K
23,196827,10,0,1902,40,Private,Some-college,Married-civ-spouse,Machine-op-inspct,Husband,White,Male,United-States,<=50K
32,222205,10,0,0,40,Private,Some-college,Married-civ-spouse,Prof-specialty,Wife,White,Female,United-States,>50K
38,200153,9,0,0,60,Self-emp-not-inc,HS-grad,Married-civ-spouse,Craft-repair,Husband,White,Male,United-States,<=50K
38,116358,10,0,0,40,Private,Some-college,Married-civ-spouse,Other-service,Husband,Asian-Pac-Islander,Male,Philippines,<=50K
23,182494,4,0,0,40,Private,7th-8th,Never-married,Machine-op-inspct,Own-child,White,Male,United-States,<=50K
32,123253,12,0,0,42,Private,Assoc-acdm,Married-civ-spouse,Craft-repair,Husband,White,Male,United-States,<=50K
50,276241,13,0,0,40,State-gov,Bachelors,Married-civ-spouse,Exec-managerial,Husband,White,Male,United-States,>50K
18,195372,7,0,0,20,Private,11th,Never-married,Other-service,Own-child,White,Female,United-States,<=50K
20,227554,10,0,0,18,Private,Some-college,Married-spouse-absent,Sales,Own-child,Black,Female,United-States,<=50K
32,27051,13,0,0,44,Private,Bachelors,Married-civ-spouse,Adm-clerical,Husband,White,Male,United-States,<=50K
43,277647,9,0,0,35,Self-emp-not-inc,HS-grad,Married-civ-spouse,Exec-managerial,Husband,White,Male,United-States,<=50K
22,244773,9,0,0,15,Private,HS-grad,Never-married,Sales,Own-child,Black,Female,United-States,<=50K
27,209205,13,0,0,40,Private,Bachelors,Never-married,Tech-support,Own-child,White,Male,United-States,<=50K
21,166517,9,0,0,40,Private,HS-grad,Never-married,Craft-repair,Own-child,White,Male,United-States,<=50K
38,102350,10,0,0,40,Private,Some-college,Divorced,Craft-repair,Unmarried,White,Male,United-States,<=50K
24,106085,9,0,1721,30,Private,HS-grad,Never-married,Other-service,Own-child,Black,Male,United-States,<=50K
47,97176,10,0,0,40,Private,Some-college,Divorced,Exec-managerial,Unmarried,White,Female,United-States,<=50K
28,22422,9,0,0,40,Private,HS-grad,Never-married,Exec-managerial,Not-in-family,White,Male,United-States,<=50K
23,230824,13,0,0,40,Private,Bachelors,Never-married,Prof-specialty,Not-in-family,White,Male,United-States,<=50K
22,88126,10,0,0,40,MISSING,Some-college,Never-married,MISSING,Own-child,White,Male,United-States,<=50K
36,185099,9,0,0,70,Private,HS-grad,Married-civ-spouse,Transport-moving,Husband,White,Male,United-States,>50K
46,208872,11,0,0,40,Private,Assoc-voc,Married-civ-spouse,Prof-specialty,Husband,White,Male,United-States,>50K
66,142624,12,5556,0,40,Private,Assoc-acdm,Married-civ-spouse,Machine-op-inspct,Husband,White,Male,Yugoslavia,>50K
32,169841,10,0,0,55,Private,Some-college,Divorced,Sales,Not-in-family,White,Female,United-States,<=50K
28,138269,9,0,0,40,Private,HS-grad,Never-married,Craft-repair,Not-in-family,White,Male,United-States,<=50K
39,203070,11,0,0,49,Private,Assoc-voc,Married-civ-spouse,Handlers-cleaners,Husband,White,Male,United-States,<=50K
41,266530,9,0,0,45,Private,HS-grad,Married-civ-spouse,Other-service,Husband,Amer-Indian-Eskimo,Male,United-States,<=50K
32,311524,9,0,0,38,Private,HS-grad,Never-married,Craft-repair,Own-child,Black,Male,United-States,<=50K
39,236136,11,0,0,40,Private,Assoc-voc,Divorced,Adm-clerical,Unmarried,Black,Female,United-States,<=50K
20,210781,10,0,0,10,MISSING,Some-college,Never-married,MISSING,Own-child,White,Female,United-States,<=50K
72,89299,9,0,0,16,Private,HS-grad,Divorced,Other-service,Not-in-family,White,Female,United-States,<=50K
27,189530,10,0,0,35,Private,Some-college,Never-married,Sales,Own-child,White,Male,United-States,<=50K
68,351711,10,0,0,40,Private,Some-college,Married-civ-spouse,Adm-clerical,Husband,White,Male,United-States,<=50K
49,53893,9,0,0,40,Private,HS-grad,Divorced,Transport-moving,Not-in-family,White,Male,United-States,<=50K
41,355918,10,0,0,65,Private,Some-college,Married-civ-spouse,Transport-moving,Husband,White,Male,United-States,>50K
34,90614,12,0,2042,10,Private,Assoc-acdm,Married-civ-spouse,Tech-support,Husband,White,Male,United-States,<=50K
24,172496,13,0,0,30,Private,Bachelors,Never-married,Sales,Not-in-family,White,Male,United-States,<=50K
27,31659,13,0,1887,60,Private,Bachelors,Married-civ-spouse,Machine-op-inspct,Husband,White,Male,United-States,>50K
33,154120,9,0,0,45,Private,HS-grad,Divorced,Handlers-cleaners,Own-child,White,Male,United-States,<=50K
48,326048,12,0,0,44,Private,Assoc-acdm,Divorced,Other-service,Not-in-family,White,Male,United-States,<=50K
36,531055,9,0,1902,48,Private,HS-grad,Married-civ-spouse,Craft-repair,Husband,White,Male,United-States,>50K
45,40666,11,0,0,60,Self-emp-not-inc,Assoc-voc,Married-civ-spouse,Farming-fishing,Husband,White,Male,United-States,<=50K
44,106698,9,0,0,40,Private,HS-grad,Divorced,Other-service,Unmarried,White,Female,United-States,<=50K
34,188736,9,0,0,20,Private,HS-grad,Married-civ-spouse,Machine-op-inspct,Other-relative,Other,Female,Columbia,<=50K
50,225772,16,0,0,60,Self-emp-not-inc,Doctorate,Divorced,Prof-specialty,Not-in-family,White,Female,United-States,>50K
46,216666,3,0,0,40,Private,5th-6th,Married-civ-spouse,Machine-op-inspct,Husband,White,Male,Mexico,<=50K
50,201513,9,0,0,40,State-gov,HS-grad,Divorced,Adm-clerical,Own-child,White,Female,United-States,<=50K
38,169104,13,0,0,40,Local-gov,Bachelors,Married-civ-spouse,Protective-serv,Husband,Asian-Pac-Islander,Male,Philippines,>50K
34,321709,12,0,0,25,Self-emp-not-inc,Assoc-acdm,Never-married,Prof-specialty,Not-in-family,White,Female,United-States,<=50K
40,95639,9,0,0,40,Private,HS-grad,Never-married,Craft-repair,Not-in-family,Amer-Indian-Eskimo,Male,United-States,<=50K
40,266324,10,0,1564,70,Self-emp-not-inc,Some-college,Divorced,Exec-managerial,Other-relative,White,Male,Iran,>50K
42,44402,13,0,0,60,Private,Bachelors,Married-civ-spouse,Sales,Husband,White,Male,United-States,<=50K
36,120760,14,0,0,40,Private,Masters,Married-civ-spouse,Prof-specialty,Husband,Asian-Pac-Islander,Male,China,<=50K
61,166855,13,0,0,10,MISSING,Bachelors,Married-civ-spouse,MISSING,Husband,White,Male,United-States,<=50K
35,184117,13,0,0,40,Private,Bachelors,Never-married,Adm-clerical,Own-child,White,Female,United-States,<=50K
54,302146,9,0,0,20,Private,HS-grad,Separated,Other-service,Unmarried,Black,Female,United-States,<=50K
46,187370,13,0,1504,40,Private,Bachelors,Never-married,Sales,Not-in-family,White,Male,United-States,<=50K
42,105804,7,0,0,40,State-gov,11th,Married-civ-spouse,Farming-fishing,Husband,White,Male,United-States,<=50K
24,161092,13,0,0,40,Private,Bachelors,Never-married,Exec-managerial,Own-child,White,Male,United-States,<=50K
39,509060,10,0,0,40,Private,Some-college,Divorced,Other-service,Not-in-family,White,Male,United-States,<=50K
49,130206,9,0,0,40,Self-emp-not-inc,HS-grad,Divorced,Other-service,Not-in-family,White,Female,United-States,<=50K
20,190227,14,0,0,25,Private,Masters,Never-married,Exec-managerial,Own-child,White,Male,United-States,<=50K
43,191547,9,0,0,40,Private,HS-grad,Married-civ-spouse,Farming-fishing,Husband,White,Male,Mexico,<=50K
32,96016,13,0,0,45,Private,Bachelors,Never-married,Prof-specialty,Not-in-family,White,Male,United-States,<=50K
44,162108,13,0,0,45,Private,Bachelors,Never-married,Prof-specialty,Not-in-family,White,Female,United-States,<=50K
25,122756,7,0,0,35,Private,11th,Separated,Machine-op-inspct,Not-in-family,Black,Male,United-States,<=50K
24,275691,7,0,0,39,Private,11th,Never-married,Transport-moving,Own-child,White,Male,United-States,<=50K
21,518530,10,0,0,40,Private,Some-college,Never-married,Adm-clerical,Own-child,White,Female,United-States,<=50K
50,163671,9,0,0,40,Private,HS-grad,Married-civ-spouse,Craft-repair,Husband,White,Male,United-States,<=50K
21,262241,9,0,0,40,MISSING,HS-grad,Never-married,MISSING,Other-relative,White,Male,United-States,<=50K
62,116812,10,0,0,40,Private,Some-college,Divorced,Adm-clerical,Not-in-family,White,Female,United-States,<=50K
29,122112,13,0,0,50,Private,Bachelors,Married-civ-spouse,Sales,Wife,White,Female,United-States,<=50K
39,110622,13,0,0,40,Federal-gov,Bachelors,Married-civ-spouse,Adm-clerical,Wife,Asian-Pac-Islander,Female,Philippines,<=50K
30,173858,10,0,1902,40,Self-emp-inc,Some-college,Married-civ-spouse,Exec-managerial,Husband,Asian-Pac-Islander,Male,South,>50K
19,208366,9,0,0,40,Private,HS-grad,Never-married,Handlers-cleaners,Not-in-family,White,Male,United-States,<=50K
33,102130,10,0,0,40,MISSING,Some-college,Never-married,MISSING,Own-child,White,Male,United-States,<=50K
27,162343,13,0,0,40,Private,Bachelors,Married-civ-spouse,Exec-managerial,Husband,White,Male,Dominican-Republic,<=50K
26,266912,9,0,0,50,Private,HS-grad,Married-civ-spouse,Sales,Husband,White,Male,United-States,>50K
38,20308,9,0,0,40,Private,HS-grad,Never-married,Other-service,Own-child,White,Male,United-States,<=50K
32,231413,9,0,0,40,Private,HS-grad,Married-civ-spouse,Machine-op-inspct,Husband,White,Male,United-States,>50K
45,200363,11,0,0,44,Private,Assoc-voc,Divorced,Exec-managerial,Not-in-family,White,Female,United-States,<=50K
37,117567,13,0,0,60,Private,Bachelors,Married-civ-spouse,Exec-managerial,Husband,White,Male,United-States,>50K
20,250037,10,0,0,18,MISSING,Some-college,Never-married,MISSING,Own-child,White,Female,MISSING,<=50K
55,183869,15,0,0,50,Self-emp-inc,Prof-school,Married-civ-spouse,Exec-managerial,Husband,White,Male,MISSING,>50K
34,340880,9,0,0,60,Private,HS-grad,Married-civ-spouse,Prof-specialty,Husband,White,Male,Philippines,>50K
36,99374,10,0,0,40,Private,Some-college,Divorced,Craft-repair,Not-in-family,White,Male,United-States,<=50K
63,203783,9,0,0,72,Private,HS-grad,Divorced,Prof-specialty,Not-in-family,White,Female,United-States,<=50K
27,213152,10,0,0,40,Private,Some-college,Never-married,Sales,Not-in-family,White,Male,United-States,<=50K
50,313546,9,0,0,40,Private,HS-grad,Separated,Other-service,Unmarried,Black,Female,United-States,<=50K
25,113436,10,0,0,15,Private,Some-college,Never-married,Adm-clerical,Own-child,White,Male,United-States,<=50K
39,280570,13,3103,0,50,Private,Bachelors,Married-civ-spouse,Exec-managerial,Husband,White,Male,United-States,>50K
46,192793,10,0,0,40,Private,Some-college,Divorced,Exec-managerial,Not-in-family,White,Male,United-States,<=50K
47,362654,9,0,0,40,Private,HS-grad,Married-civ-spouse,Machine-op-inspct,Husband,White,Male,United-States,<=50K
38,140854,13,0,0,50,Self-emp-inc,Bachelors,Married-civ-spouse,Craft-repair,Husband,White,Male,United-States,>50K
19,365871,4,0,0,40,MISSING,7th-8th,Never-married,MISSING,Not-in-family,White,Male,Mexico,<=50K
50,89534,9,0,0,40,Private,HS-grad,Married-civ-spouse,Machine-op-inspct,Husband,White,Male,United-States,<=50K
58,194068,14,0,1977,50,State-gov,Masters,Married-civ-spouse,Prof-specialty,Husband,White,Male,United-States,>50K
45,44489,9,0,0,45,Private,HS-grad,Married-civ-spouse,Transport-moving,Husband,White,Male,United-States,<=50K
21,104981,10,0,0,48,Private,Some-college,Never-married,Prof-specialty,Own-child,White,Male,United-States,<=50K
31,357954,12,0,0,20,Local-gov,Assoc-acdm,Never-married,Tech-support,Not-in-family,White,Male,United-States,<=50K
33,243674,9,0,0,46,Private,HS-grad,Separated,Tech-support,Not-in-family,White,Male,United-States,<=50K
38,185394,13,7688,0,40,Local-gov,Bachelors,Married-civ-spouse,Prof-specialty,Wife,White,Female,United-States,>50K
48,101299,12,0,0,45,Private,Assoc-acdm,Married-civ-spouse,Prof-specialty,Husband,White,Male,United-States,<=50K
54,260052,14,0,0,40,Private,Masters,Married-civ-spouse,Prof-specialty,Husband,White,Male,United-States,>50K
51,96609,10,0,0,40,Private,Some-college,Married-civ-spouse,Craft-repair,Husband,White,Male,United-States,<=50K
54,177927,14,0,0,60,Private,Masters,Married-civ-spouse,Prof-specialty,Husband,White,Male,United-States,<=50K
32,56026,13,0,0,45,Self-emp-not-inc,Bachelors,Married-civ-spouse,Sales,Other-relative,White,Male,United-States,<=50K
32,182926,14,0,0,40,Self-emp-not-inc,Masters,Never-married,Prof-specialty,Not-in-family,White,Male,United-States,<=50K
47,57534,10,0,0,40,Private,Some-college,Married-civ-spouse,Craft-repair,Husband,White,Male,United-States,>50K
55,141549,9,0,0,40,Private,HS-grad,Married-civ-spouse,Craft-repair,Husband,White,Male,United-States,<=50K
38,179579,9,0,0,40,Private,HS-grad,Never-married,Prof-specialty,Not-in-family,White,Male,United-States,<=50K
31,446358,10,0,0,40,Private,Some-college,Married-civ-spouse,Machine-op-inspct,Husband,White,Male,Mexico,<=50K
36,191161,10,0,0,57,Local-gov,Some-college,Married-civ-spouse,Protective-serv,Husband,White,Male,United-States,>50K
26,122575,13,0,0,60,Private,Bachelors,Never-married,Exec-managerial,Unmarried,Asian-Pac-Islander,Male,Vietnam,<=50K
31,142675,10,0,0,40,Private,Some-college,Never-married,Exec-managerial,Own-child,White,Male,United-States,<=50K
25,125159,12,0,0,40,Private,Assoc-acdm,Married-civ-spouse,Handlers-cleaners,Husband,Black,Male,Jamaica,<=50K
40,442045,10,0,0,40,Private,Some-college,Married-civ-spouse,Prof-specialty,Husband,White,Male,United-States,>50K
32,370160,10,0,0,40,Private,Some-college,Separated,Exec-managerial,Unmarried,Black,Female,United-States,<=50K
40,213821,14,0,0,40,Private,Masters,Never-married,Prof-specialty,Not-in-family,White,Male,United-States,>50K
21,169699,9,0,0,40,Private,HS-grad,Never-married,Adm-clerical,Not-in-family,White,Female,United-States,<=50K
47,284871,13,0,1887,40,Private,Bachelors,Married-civ-spouse,Exec-managerial,Husband,White,Male,United-States,>50K
37,327164,10,0,0,70,Self-emp-not-inc,Some-college,Married-civ-spouse,Craft-repair,Husband,White,Male,MISSING,<=50K
48,185041,4,0,1672,55,Private,7th-8th,Married-civ-spouse,Transport-moving,Husband,White,Male,United-States,<=50K
30,165503,13,0,0,65,Private,Bachelors,Never-married,Sales,Own-child,White,Female,United-States,<=50K
17,60116,6,0,0,10,Self-emp-not-inc,10th,Never-married,Adm-clerical,Own-child,White,Male,United-States,<=50K
31,87891,10,0,0,40,Private,Some-college,Married-civ-spouse,Adm-clerical,Husband,White,Male,United-States,<=50K
21,216181,10,0,0,35,Private,Some-college,Never-married,Sales,Own-child,White,Male,United-States,<=50K
34,243165,13,0,0,30,Private,Bachelors,Married-civ-spouse,Other-service,Husband,White,Male,United-States,>50K
22,131230,13,0,0,40,Private,Bachelors,Never-married,Sales,Own-child,White,Male,United-States,<=50K
20,388811,10,0,0,40,MISSING,Some-college,Never-married,MISSING,Own-child,White,Female,United-States,<=50K
19,189574,9,0,0,30,Private,HS-grad,Never-married,Other-service,Not-in-family,White,Female,United-States,<=50K
19,181265,10,0,0,30,MISSING,Some-college,Never-married,MISSING,Own-child,White,Female,United-States,<=50K
34,190228,13,0,1902,48,Federal-gov,Bachelors,Married-civ-spouse,Protective-serv,Husband,White,Male,United-States,>50K
38,247111,9,0,0,40,Private,HS-grad,Married-civ-spouse,Tech-support,Husband,White,Male,United-States,>50K
59,236731,4,0,0,40,Private,7th-8th,Married-civ-spouse,Protective-serv,Husband,White,Male,Puerto-Rico,<=50K
62,162678,13,0,0,40,State-gov,Bachelors,Married-civ-spouse,Exec-managerial,Husband,White,Male,United-States,<=50K
30,54318,7,0,0,40,State-gov,11th,Married-civ-spouse,Transport-moving,Husband,White,Male,United-States,<=50K
64,100722,13,0,0,5,Self-emp-not-inc,Bachelors,Married-civ-spouse,Adm-clerical,Husband,White,Male,United-States,<=50K
22,205970,6,0,0,35,Private,10th,Separated,Other-service,Unmarried,White,Female,United-States,<=50K
40,206066,9,0,0,50,Private,HS-grad,Married-civ-spouse,Craft-repair,Husband,White,Male,United-States,<=50K
41,214985,9,0,0,40,State-gov,HS-grad,Divorced,Exec-managerial,Not-in-family,White,Female,United-States,<=50K
24,357028,10,0,0,40,Private,Some-college,Never-married,Exec-managerial,Own-child,White,Male,United-States,<=50K
55,153451,9,0,1887,40,State-gov,HS-grad,Married-civ-spouse,Tech-support,Wife,White,Female,United-States,>50K
33,190511,9,0,0,30,Private,HS-grad,Never-married,Craft-repair,Not-in-family,White,Male,United-States,<=50K
35,228493,10,0,0,48,Private,Some-college,Never-married,Sales,Own-child,White,Male,United-States,<=50K
42,341204,12,8614,0,40,Private,Assoc-acdm,Divorced,Prof-specialty,Unmarried,White,Female,United-States,>50K
53,89534,9,0,0,48,Private,HS-grad,Married-civ-spouse,Transport-moving,Husband,White,Male,United-States,>50K
40,282678,14,0,0,20,Self-emp-not-inc,Masters,Separated,Exec-managerial,Unmarried,White,Female,United-States,<=50K
33,34102,9,0,0,35,Self-emp-not-inc,HS-grad,Never-married,Other-service,Not-in-family,White,Female,United-States,<=50K
50,207246,10,0,0,75,Self-emp-inc,Some-college,Separated,Exec-managerial,Unmarried,White,Female,United-States,<=50K
52,192390,9,0,0,40,Private,HS-grad,Married-civ-spouse,Machine-op-inspct,Husband,White,Male,United-States,>50K
29,146719,9,0,0,45,Private,HS-grad,Never-married,Transport-moving,Not-in-family,White,Female,United-States,<=50K
50,116933,9,0,0,33,Private,HS-grad,Divorced,Sales,Not-in-family,White,Female,United-States,<=50K
59,69884,15,0,0,50,Private,Prof-school,Married-spouse-absent,Prof-specialty,Unmarried,White,Male,United-States,<=50K
24,433330,9,0,0,40,Private,HS-grad,Divorced,Machine-op-inspct,Not-in-family,White,Male,United-States,<=50K
27,199343,9,0,0,38,Local-gov,HS-grad,Married-civ-spouse,Adm-clerical,Husband,White,Male,United-States,<=50K
44,160323,9,0,0,40,Private,HS-grad,Never-married,Craft-repair,Not-in-family,Black,Male,United-States,<=50K
39,42186,9,3464,0,20,State-gov,HS-grad,Married-civ-spouse,Adm-clerical,Wife,Asian-Pac-Islander,Female,United-States,<=50K
40,260696,9,0,0,40,Private,HS-grad,Never-married,Adm-clerical,Not-in-family,White,Female,United-States,<=50K
34,312197,9,0,0,75,Self-emp-not-inc,HS-grad,Married-civ-spouse,Transport-moving,Husband,White,Male,Mexico,>50K
35,33397,9,0,0,35,Private,HS-grad,Divorced,Other-service,Not-in-family,White,Female,United-States,<=50K
31,459465,10,0,0,50,Private,Some-college,Never-married,Craft-repair,Not-in-family,White,Male,United-States,<=50K
18,189487,10,0,0,35,Private,Some-college,Never-married,Sales,Own-child,White,Female,United-States,<=50K
28,184831,10,0,0,40,Private,Some-college,Married-civ-spouse,Exec-managerial,Husband,White,Male,United-States,<=50K
71,422149,10,20051,0,40,Federal-gov,Some-college,Married-civ-spouse,Exec-managerial,Husband,White,Male,United-States,>50K
54,155433,9,0,0,35,Private,HS-grad,Married-civ-spouse,Other-service,Wife,White,Female,United-States,<=50K
17,316929,8,0,0,20,Private,12th,Never-married,Handlers-cleaners,Own-child,White,Male,United-States,<=50K
23,42706,10,0,0,45,Private,Some-college,Never-married,Prof-specialty,Not-in-family,White,Male,United-States,<=50K
21,99199,9,0,0,40,Self-emp-not-inc,HS-grad,Married-civ-spouse,Craft-repair,Husband,White,Male,United-States,<=50K
53,374588,9,0,0,60,Private,HS-grad,Married-civ-spouse,Transport-moving,Husband,Black,Male,United-States,<=50K
30,167309,13,0,1902,40,Private,Bachelors,Married-civ-spouse,Adm-clerical,Husband,White,Male,United-States,>50K
35,103986,11,0,0,40,Private,Assoc-voc,Married-civ-spouse,Tech-support,Husband,White,Male,United-States,>50K
32,163530,9,0,0,40,Private,HS-grad,Divorced,Other-service,Unmarried,Amer-Indian-Eskimo,Female,United-States,<=50K
67,105252,10,7978,0,35,Private,Some-college,Divorced,Adm-clerical,Not-in-family,White,Male,United-States,<=50K
71,93202,9,0,0,16,Private,HS-grad,Divorced,Other-service,Not-in-family,White,Female,United-States,<=50K
23,27776,11,0,0,40,Private,Assoc-voc,Never-married,Machine-op-inspct,Not-in-family,White,Male,United-States,<=50K
60,184183,9,4650,0,40,Private,HS-grad,Divorced,Machine-op-inspct,Not-in-family,White,Male,United-States,<=50K
36,153205,13,0,0,45,Private,Bachelors,Married-civ-spouse,Prof-specialty,Husband,Asian-Pac-Islander,Male,MISSING,<=50K
44,49249,10,0,0,80,Self-emp-inc,Some-college,Divorced,Other-service,Unmarried,White,Male,United-States,<=50K
43,315971,13,0,0,45,Private,Bachelors,Divorced,Exec-managerial,Not-in-family,White,Female,United-States,>50K
48,345006,13,0,0,45,Private,Bachelors,Never-married,Prof-specialty,Not-in-family,White,Female,Mexico,<=50K
41,116797,9,7298,0,50,Private,HS-grad,Married-civ-spouse,Sales,Husband,White,Male,United-States,>50K
35,115618,9,0,0,50,Self-emp-not-inc,HS-grad,Divorced,Sales,Not-in-family,White,Male,United-States,>50K
38,161141,10,0,0,48,Private,Some-college,Married-civ-spouse,Craft-repair,Husband,White,Male,United-States,>50K
37,125933,12,7688,0,50,Private,Assoc-acdm,Married-civ-spouse,Exec-managerial,Husband,White,Male,United-States,>50K
47,173783,13,15024,0,60,Self-emp-inc,Bachelors,Married-civ-spouse,Sales,Husband,White,Male,United-States,>50K
57,73309,9,0,0,55,Self-emp-not-inc,HS-grad,Widowed,Craft-repair,Not-in-family,White,Male,United-States,>50K
36,265881,9,0,0,40,Private,HS-grad,Divorced,Machine-op-inspct,Unmarried,White,Female,United-States,<=50K
32,228265,9,0,0,30,Private,HS-grad,Never-married,Handlers-cleaners,Own-child,White,Female,United-States,<=50K
38,34378,9,0,0,55,Private,HS-grad,Married-civ-spouse,Sales,Husband,White,Male,United-States,<=50K
52,195462,9,0,0,98,Self-emp-not-inc,HS-grad,Married-civ-spouse,Farming-fishing,Husband,White,Male,United-States,>50K
30,133602,13,0,0,40,Private,Bachelors,Divorced,Exec-managerial,Not-in-family,White,Male,United-States,<=50K
48,166634,13,7688,0,40,Federal-gov,Bachelors,Married-civ-spouse,Adm-clerical,Wife,White,Female,United-States,>50K
42,74949,10,0,0,40,Private,Some-college,Divorced,Prof-specialty,Not-in-family,White,Male,United-States,<=50K
68,351402,16,0,0,70,MISSING,Doctorate,Married-civ-spouse,MISSING,Husband,White,Male,United-States,<=50K
35,38905,10,0,0,50,Federal-gov,Some-college,Divorced,Adm-clerical,Not-in-family,White,Female,United-States,<=50K
45,348854,10,0,0,27,Private,Some-college,Separated,Adm-clerical,Unmarried,White,Female,United-States,<=50K
65,225580,9,0,0,20,Private,HS-grad,Divorced,Sales,Not-in-family,White,Female,United-States,<=50K
23,240160,12,0,0,40,Private,Assoc-acdm,Never-married,Prof-specialty,Own-child,White,Male,United-States,<=50K
31,172865,3,0,0,25,Private,5th-6th,Never-married,Farming-fishing,Own-child,White,Male,Mexico,<=50K
33,67482,11,0,0,99,Self-emp-not-inc,Assoc-voc,Divorced,Other-service,Unmarried,White,Female,United-States,<=50K
50,165050,6,0,0,40,Private,10th,Married-civ-spouse,Craft-repair,Husband,White,Male,United-States,>50K
40,331651,10,0,0,40,Private,Some-college,Separated,Other-service,Not-in-family,White,Female,United-States,<=50K
24,64167,11,0,0,40,Private,Assoc-voc,Never-married,Tech-support,Unmarried,Black,Female,United-States,<=50K
60,83850,9,0,0,40,Private,HS-grad,Married-civ-spouse,Sales,Husband,White,Male,United-States,<=50K
39,271521,13,0,0,48,Private,Bachelors,Married-civ-spouse,Prof-specialty,Husband,Asian-Pac-Islander,Male,Philippines,>50K
21,96483,10,0,0,12,State-gov,Some-college,Never-married,Adm-clerical,Own-child,Asian-Pac-Islander,Female,United-States,<=50K
72,96867,3,0,0,40,MISSING,5th-6th,Widowed,MISSING,Not-in-family,White,Female,United-States,<=50K
74,167537,10,0,0,35,Self-emp-inc,Some-college,Married-civ-spouse,Exec-managerial,Husband,White,Male,United-States,>50K
36,89508,15,0,0,40,State-gov,Prof-school,Never-married,Prof-specialty,Not-in-family,White,Male,United-States,<=50K
21,99199,14,0,0,15,State-gov,Masters,Never-married,Transport-moving,Own-child,White,Male,United-States,<=50K
73,143833,8,0,0,18,Self-emp-not-inc,12th,Married-civ-spouse,Farming-fishing,Husband,White,Male,United-States,<=50K
45,36032,9,0,0,40,State-gov,HS-grad,Divorced,Protective-serv,Unmarried,Black,Female,United-States,<=50K
35,162651,13,0,0,40,Local-gov,Bachelors,Divorced,Prof-specialty,Not-in-family,White,Male,Puerto-Rico,<=50K
29,383745,9,0,1887,30,Private,HS-grad,Married-civ-spouse,Machine-op-inspct,Husband,White,Male,United-States,>50K
55,98746,10,0,0,50,Private,Some-college,Married-civ-spouse,Tech-support,Husband,White,Male,Canada,>50K
31,162160,9,0,0,47,Private,HS-grad,Married-civ-spouse,Craft-repair,Husband,White,Male,United-States,<=50K
25,35829,10,0,0,50,MISSING,Some-college,Divorced,MISSING,Unmarried,White,Female,United-States,<=50K
23,182117,10,0,0,40,Private,Some-college,Never-married,Adm-clerical,Own-child,White,Male,United-States,<=50K
36,350783,9,0,0,38,Private,HS-grad,Never-married,Prof-specialty,Not-in-family,White,Female,United-States,<=50K
39,65738,10,0,0,15,Self-emp-not-inc,Some-college,Married-civ-spouse,Other-service,Wife,White,Female,United-States,>50K
20,119215,10,0,0,40,Private,Some-college,Never-married,Transport-moving,Own-child,White,Male,United-States,<=50K
47,169388,7,0,0,15,Private,11th,Divorced,Other-service,Unmarried,White,Female,United-States,<=50K
28,65171,10,0,0,40,Private,Some-college,Married-civ-spouse,Adm-clerical,Husband,White,Male,United-States,<=50K
46,695411,9,0,0,44,Private,HS-grad,Divorced,Adm-clerical,Not-in-family,White,Female,United-States,<=50K
36,288103,7,0,0,40,Private,11th,Separated,Machine-op-inspct,Not-in-family,Black,Male,United-States,<=50K
34,189759,13,0,1977,45,Private,Bachelors,Married-civ-spouse,Exec-managerial,Husband,White,Male,United-States,>50K
36,287658,9,0,0,40,Private,HS-grad,Never-married,Adm-clerical,Own-child,Black,Male,United-States,<=50K
61,197286,4,0,0,40,Private,7th-8th,Married-civ-spouse,Machine-op-inspct,Husband,White,Male,United-States,<=50K
22,138575,9,0,0,56,Local-gov,HS-grad,Never-married,Protective-serv,Unmarried,White,Male,United-States,<=50K
19,198663,9,0,0,40,Private,HS-grad,Never-married,Machine-op-inspct,Other-relative,White,Male,United-States,<=50K
19,142219,10,0,0,30,Private,Some-college,Never-married,Adm-clerical,Own-child,White,Female,United-States,<=50K
38,65624,9,0,0,40,Private,HS-grad,Divorced,Exec-managerial,Not-in-family,White,Male,United-States,<=50K
18,115443,7,0,0,40,Private,11th,Married-civ-spouse,Craft-repair,Husband,White,Male,United-States,<=50K
42,352196,9,0,0,22,Self-emp-not-inc,HS-grad,Separated,Other-service,Not-in-family,White,Female,United-States,<=50K
54,88019,10,0,0,55,Private,Some-college,Divorced,Transport-moving,Not-in-family,White,Male,United-States,<=50K
57,348430,2,0,0,40,Private,1st-4th,Divorced,Craft-repair,Unmarried,White,Male,Portugal,<=50K
35,409200,12,0,0,40,Private,Assoc-acdm,Never-married,Protective-serv,Not-in-family,White,Male,United-States,<=50K
28,149652,6,0,0,30,Private,10th,Never-married,Other-service,Own-child,Black,Female,United-States,<=50K
21,155818,9,0,0,20,Private,HS-grad,Never-married,Other-service,Own-child,White,Female,United-States,<=50K
25,60828,10,0,0,50,Self-emp-not-inc,Some-college,Never-married,Farming-fishing,Own-child,White,Female,United-States,<=50K
54,185407,10,0,0,40,Private,Some-college,Married-civ-spouse,Farming-fishing,Husband,White,Male,United-States,<=50K
52,236497,13,0,0,40,Local-gov,Bachelors,Married-civ-spouse,Tech-support,Husband,White,Male,United-States,<=50K
36,152621,10,0,0,40,Private,Some-college,Married-civ-spouse,Craft-repair,Husband,White,Male,Canada,>50K
62,73091,4,0,0,40,MISSING,7th-8th,Widowed,MISSING,Not-in-family,Black,Male,United-States,<=50K
43,149909,9,0,0,42,Private,HS-grad,Married-civ-spouse,Craft-repair,Husband,White,Male,United-States,>50K
59,91384,13,0,0,40,Private,Bachelors,Married-civ-spouse,Adm-clerical,Husband,White,Male,United-States,<=50K
26,205036,9,0,0,42,Private,HS-grad,Never-married,Handlers-cleaners,Not-in-family,White,Male,United-States,<=50K
55,147989,10,5013,0,52,Private,Some-college,Married-civ-spouse,Craft-repair,Husband,White,Male,United-States,<=50K
51,190333,10,0,0,40,Federal-gov,Some-college,Married-civ-spouse,Craft-repair,Husband,White,Male,United-States,<=50K
55,271795,9,0,0,40,Self-emp-not-inc,HS-grad,Married-civ-spouse,Other-service,Husband,White,Male,United-States,<=50K
41,304906,13,0,0,40,Private,Bachelors,Married-civ-spouse,Exec-managerial,Husband,White,Male,United-States,>50K
31,87560,10,0,0,50,Private,Some-college,Never-married,Machine-op-inspct,Not-in-family,White,Female,United-States,<=50K
48,217019,9,0,0,28,Private,HS-grad,Never-married,Prof-specialty,Unmarried,Black,Female,United-States,<=50K
51,55507,9,0,0,40,Private,HS-grad,Married-civ-spouse,Craft-repair,Husband,Black,Male,United-States,<=50K
22,60552,10,0,0,40,Private,Some-college,Never-married,Sales,Own-child,White,Female,United-States,<=50K
36,258102,9,0,0,40,Private,HS-grad,Never-married,Handlers-cleaners,Not-in-family,White,Male,United-States,<=50K
37,170408,11,0,0,30,Private,Assoc-voc,Divorced,Machine-op-inspct,Not-in-family,White,Female,United-States,<=50K
56,257555,10,0,0,40,Private,Some-college,Married-civ-spouse,Sales,Husband,White,Male,United-States,<=50K
27,160972,9,0,0,50,Private,HS-grad,Married-civ-spouse,Craft-repair,Husband,White,Male,United-States,<=50K
47,280798,10,0,0,40,Private,Some-college,Married-civ-spouse,Exec-managerial,Husband,White,Male,United-States,>50K
20,117222,10,0,0,40,MISSING,Some-college,Never-married,MISSING,Own-child,White,Male,United-States,<=50K
27,130067,10,0,0,65,Private,Some-college,Never-married,Exec-managerial,Not-in-family,White,Female,United-States,<=50K
17,132636,7,0,0,15,Private,11th,Never-married,Sales,Own-child,White,Female,United-States,<=50K
43,198096,14,0,0,60,Self-emp-not-inc,Masters,Married-civ-spouse,Sales,Husband,White,Male,United-States,<=50K
44,83286,14,0,0,40,Local-gov,Masters,Married-civ-spouse,Prof-specialty,Wife,White,Female,United-States,>50K
36,166509,9,0,0,40,Private,HS-grad,Divorced,Craft-repair,Not-in-family,White,Female,United-States,<=50K
60,89884,9,0,0,50,Self-emp-not-inc,HS-grad,Married-civ-spouse,Sales,Husband,White,Male,United-States,<=50K
25,201413,10,0,0,40,Private,Some-college,Never-married,Other-service,Unmarried,Black,Female,United-States,<=50K
22,221480,9,0,0,40,Private,HS-grad,Never-married,Adm-clerical,Own-child,White,Female,United-States,<=50K
37,48063,13,0,0,55,Self-emp-not-inc,Bachelors,Married-civ-spouse,Prof-specialty,Husband,White,Male,United-States,>50K
38,103474,11,0,0,40,Private,Assoc-voc,Divorced,Adm-clerical,Unmarried,White,Female,United-States,<=50K
25,264055,13,0,0,40,Private,Bachelors,Never-married,Adm-clerical,Own-child,White,Male,United-States,<=50K
66,376028,9,0,0,20,MISSING,HS-grad,Married-civ-spouse,MISSING,Wife,White,Female,United-States,<=50K
57,437281,10,0,0,38,Self-emp-not-inc,Some-college,Married-civ-spouse,Tech-support,Husband,White,Male,United-States,>50K
50,178596,9,0,1408,50,Private,HS-grad,Divorced,Craft-repair,Unmarried,White,Male,United-States,<=50K
39,34028,13,0,0,48,Private,Bachelors,Divorced,Exec-managerial,Unmarried,White,Female,United-States,<=50K
28,211032,10,0,0,40,Private,Some-college,Never-married,Adm-clerical,Own-child,White,Male,United-States,<=50K
35,127306,11,14344,0,40,Private,Assoc-voc,Never-married,Adm-clerical,Own-child,White,Female,United-States,>50K
39,279490,10,0,0,40,Private,Some-college,Divorced,Exec-managerial,Unmarried,White,Female,Mexico,<=50K
25,39901,13,0,0,60,MISSING,Bachelors,Married-civ-spouse,MISSING,Husband,White,Male,United-States,<=50K
59,189664,10,0,0,40,Private,Some-college,Married-civ-spouse,Sales,Husband,White,Male,United-States,<=50K
33,857532,8,0,0,40,Private,12th,Never-married,Protective-serv,Own-child,Black,Male,United-States,<=50K
63,64544,13,0,0,40,Private,Bachelors,Never-married,Tech-support,Not-in-family,White,Male,United-States,>50K
18,236262,7,0,0,12,Private,11th,Never-married,Handlers-cleaners,Own-child,White,Male,United-States,<=50K
28,346406,9,0,1672,50,Private,HS-grad,Married-civ-spouse,Machine-op-inspct,Husband,White,Male,United-States,<=50K
17,98005,7,0,0,16,Private,11th,Never-married,Sales,Own-child,White,Female,United-States,<=50K
34,286689,14,4650,0,30,MISSING,Masters,Never-married,MISSING,Not-in-family,White,Male,United-States,<=50K
31,185528,10,0,0,35,Private,Some-college,Divorced,Sales,Own-child,White,Female,United-States,<=50K
71,183678,15,0,0,16,Private,Prof-school,Married-civ-spouse,Prof-specialty,Husband,White,Male,United-States,<=50K
45,213140,6,2829,0,40,Private,10th,Married-civ-spouse,Craft-repair,Husband,White,Male,United-States,<=50K
30,63861,12,0,0,40,Private,Assoc-acdm,Never-married,Tech-support,Not-in-family,White,Female,United-States,<=50K
33,285131,9,0,0,40,Private,HS-grad,Married-civ-spouse,Craft-repair,Husband,White,Male,United-States,<=50K
28,52636,14,0,0,40,State-gov,Masters,Married-civ-spouse,Exec-managerial,Husband,White,Male,United-States,<=50K
28,295163,8,0,0,40,Private,12th,Divorced,Farming-fishing,Not-in-family,White,Male,United-States,<=50K
32,249409,9,0,0,40,Federal-gov,HS-grad,Never-married,Other-service,Own-child,Black,Male,United-States,<=50K
19,57145,9,0,0,25,Private,HS-grad,Never-married,Other-service,Own-child,White,Female,United-States,<=50K
36,76845,9,0,0,35,Private,HS-grad,Never-married,Other-service,Own-child,Black,Male,United-States,<=50K
28,196690,9,0,0,40,Private,HS-grad,Never-married,Machine-op-inspct,Not-in-family,White,Female,United-States,<=50K
47,170850,13,0,0,48,Private,Bachelors,Married-civ-spouse,Tech-support,Husband,White,Male,United-States,<=50K
28,239539,9,0,0,40,Private,HS-grad,Married-spouse-absent,Machine-op-inspct,Own-child,Asian-Pac-Islander,Male,Philippines,<=50K
20,190231,5,0,0,11,Private,9th,Never-married,Machine-op-inspct,Own-child,White,Female,Nicaragua,<=50K
25,44861,9,0,0,40,Private,HS-grad,Never-married,Other-service,Not-in-family,White,Male,United-States,<=50K
37,29814,9,0,0,85,Self-emp-not-inc,HS-grad,Never-married,Farming-fishing,Own-child,White,Male,United-States,<=50K
27,157624,9,0,0,40,MISSING,HS-grad,Separated,MISSING,Other-relative,White,Female,United-States,<=50K
22,139190,9,0,0,50,Private,HS-grad,Never-married,Craft-repair,Own-child,White,Male,United-States,<=50K
47,26994,10,0,0,35,Private,Some-college,Divorced,Adm-clerical,Not-in-family,White,Female,United-States,<=50K
53,276369,9,0,0,45,Private,HS-grad,Married-civ-spouse,Exec-managerial,Husband,White,Male,United-States,<=50K
27,506436,10,0,0,40,Private,Some-college,Divorced,Sales,Unmarried,White,Female,Peru,<=50K
38,179117,12,10520,0,50,Private,Assoc-acdm,Never-married,Machine-op-inspct,Not-in-family,Black,Female,United-States,>50K
22,385077,9,2907,0,40,Private,HS-grad,Never-married,Craft-repair,Own-child,White,Male,United-States,<=50K
41,26892,13,0,0,40,State-gov,Bachelors,Never-married,Adm-clerical,Not-in-family,White,Male,United-States,<=50K
67,44774,13,0,0,40,Federal-gov,Bachelors,Widowed,Adm-clerical,Not-in-family,White,Female,United-States,<=50K
35,208378,8,0,0,40,Private,12th,Separated,Machine-op-inspct,Unmarried,White,Female,United-States,<=50K
47,436770,11,0,0,40,Private,Assoc-voc,Never-married,Prof-specialty,Not-in-family,White,Female,United-States,<=50K
19,89397,9,0,0,40,Private,HS-grad,Never-married,Other-service,Own-child,White,Male,United-States,<=50K
27,132963,9,0,0,40,Private,HS-grad,Married-civ-spouse,Handlers-cleaners,Husband,Black,Male,United-States,<=50K
58,81973,10,0,1485,40,Federal-gov,Some-college,Married-civ-spouse,Tech-support,Husband,Asian-Pac-Islander,Male,United-States,>50K
18,183315,7,0,0,10,Private,11th,Never-married,Sales,Own-child,Black,Female,United-States,<=50K
49,102945,4,0,0,40,Private,7th-8th,Widowed,Machine-op-inspct,Not-in-family,White,Female,United-States,<=50K
19,223648,7,0,0,20,Private,11th,Never-married,Sales,Own-child,White,Male,MISSING,<=50K
32,209900,13,0,0,65,Local-gov,Bachelors,Married-civ-spouse,Prof-specialty,Husband,White,Male,United-States,>50K
50,125417,15,0,0,52,Local-gov,Prof-school,Never-married,Exec-managerial,Not-in-family,Black,Female,United-States,>50K
22,255252,9,0,0,40,Private,HS-grad,Never-married,Craft-repair,Own-child,White,Male,United-States,<=50K
48,179337,9,0,0,60,Self-emp-not-inc,HS-grad,Married-civ-spouse,Craft-repair,Husband,White,Male,England,<=50K
52,74784,14,0,0,40,Local-gov,Masters,Married-civ-spouse,Prof-specialty,Wife,White,Female,United-States,>50K
25,268222,9,0,0,40,Private,HS-grad,Separated,Handlers-cleaners,Unmarried,Black,Female,United-States,<=50K
40,197462,13,0,0,40,Private,Bachelors,Married-civ-spouse,Tech-support,Husband,White,Male,United-States,>50K
90,175444,4,0,0,15,MISSING,7th-8th,Separated,MISSING,Not-in-family,White,Female,United-States,<=50K
28,216178,9,0,0,40,Private,HS-grad,Married-civ-spouse,Sales,Husband,White,Male,United-States,<=50K
36,255191,14,0,1408,40,Federal-gov,Masters,Never-married,Prof-specialty,Not-in-family,White,Male,United-States,<=50K
35,42044,12,0,0,40,Self-emp-not-inc,Assoc-acdm,Married-civ-spouse,Craft-repair,Husband,White,Male,United-States,<=50K
25,476599,13,0,0,40,Local-gov,Bachelors,Never-married,Prof-specialty,Not-in-family,White,Female,United-States,<=50K
33,167474,12,0,0,40,Local-gov,Assoc-acdm,Married-civ-spouse,Adm-clerical,Husband,White,Male,United-States,<=50K
39,172700,9,0,0,40,State-gov,HS-grad,Never-married,Other-service,Unmarried,Black,Female,United-States,<=50K
41,34037,9,0,0,40,Private,HS-grad,Never-married,Handlers-cleaners,Not-in-family,White,Male,United-States,<=50K
18,266287,10,0,0,25,MISSING,Some-college,Never-married,MISSING,Own-child,White,Female,United-States,<=50K
30,33811,13,0,0,40,MISSING,Bachelors,Married-civ-spouse,MISSING,Wife,Other,Female,Taiwan,>50K
22,57216,10,0,0,20,Federal-gov,Some-college,Never-married,Adm-clerical,Own-child,Black,Male,United-States,<=50K
52,194788,14,4787,0,60,Local-gov,Masters,Divorced,Exec-managerial,Not-in-family,White,Female,United-States,>50K
60,131681,13,0,0,50,Private,Bachelors,Married-civ-spouse,Exec-managerial,Husband,White,Male,United-States,>50K
60,358893,13,0,2339,40,State-gov,Bachelors,Divorced,Prof-specialty,Not-in-family,White,Female,United-States,<=50K
26,177929,13,0,0,48,Private,Bachelors,Never-married,Sales,Not-in-family,White,Male,United-States,<=50K
43,150528,9,0,0,30,Self-emp-not-inc,HS-grad,Married-civ-spouse,Craft-repair,Husband,White,Male,United-States,<=50K
42,433170,10,0,0,60,Private,Some-college,Married-civ-spouse,Craft-repair,Husband,White,Male,United-States,>50K
31,235237,10,0,0,60,Self-emp-not-inc,Some-college,Married-civ-spouse,Sales,Husband,Black,Male,United-States,>50K
38,414991,9,0,0,70,Self-emp-not-inc,HS-grad,Married-civ-spouse,Machine-op-inspct,Husband,White,Male,MISSING,<=50K
30,137606,9,5013,0,40,Private,HS-grad,Married-civ-spouse,Transport-moving,Husband,White,Male,United-States,<=50K
32,106014,10,5178,0,50,Private,Some-college,Married-civ-spouse,Sales,Husband,White,Male,United-States,>50K
88,206291,15,0,0,40,Self-emp-not-inc,Prof-school,Married-civ-spouse,Prof-specialty,Husband,White,Male,United-States,<=50K
37,161226,9,0,0,30,Private,HS-grad,Married-civ-spouse,Other-service,Wife,White,Female,United-States,>50K
40,303212,13,0,0,40,Local-gov,Bachelors,Married-civ-spouse,Prof-specialty,Husband,White,Male,United-States,>50K
42,152071,15,0,0,60,Self-emp-inc,Prof-school,Married-civ-spouse,Prof-specialty,Husband,White,Male,Cuba,>50K
23,99399,10,0,0,25,MISSING,Some-college,Never-married,MISSING,Unmarried,Amer-Indian-Eskimo,Female,United-States,<=50K
28,401886,9,0,0,20,Local-gov,HS-grad,Never-married,Adm-clerical,Other-relative,White,Male,United-States,<=50K
18,309634,7,0,0,22,Private,11th,Never-married,Other-service,Own-child,White,Female,United-States,<=50K
30,226943,9,0,0,35,Private,HS-grad,Divorced,Adm-clerical,Unmarried,White,Female,United-States,<=50K
78,184759,4,1797,0,15,Private,7th-8th,Married-civ-spouse,Handlers-cleaners,Husband,White,Male,United-States,<=50K
56,110238,13,0,0,40,Self-emp-not-inc,Bachelors,Married-spouse-absent,Prof-specialty,Not-in-family,White,Female,United-States,>50K
25,98756,10,0,0,50,Self-emp-inc,Some-college,Divorced,Adm-clerical,Own-child,White,Female,United-States,<=50K
39,203482,14,7298,0,40,Local-gov,Masters,Married-civ-spouse,Prof-specialty,Husband,White,Male,United-States,>50K
50,153931,9,0,0,40,Private,HS-grad,Divorced,Adm-clerical,Not-in-family,White,Female,United-States,<=50K
30,298577,9,0,0,30,MISSING,HS-grad,Never-married,MISSING,Own-child,White,Male,United-States,<=50K
38,125499,13,7688,0,60,State-gov,Bachelors,Married-civ-spouse,Prof-specialty,Husband,Asian-Pac-Islander,Male,India,>50K
35,119272,13,0,0,55,Private,Bachelors,Married-civ-spouse,Exec-managerial,Husband,White,Male,United-States,>50K
25,90752,13,0,0,50,Self-emp-inc,Bachelors,Never-married,Sales,Not-in-family,White,Female,United-States,<=50K
39,189092,13,0,0,45,Self-emp-inc,Bachelors,Married-civ-spouse,Exec-managerial,Husband,White,Male,United-States,<=50K
29,190525,13,0,1848,60,Local-gov,Bachelors,Married-civ-spouse,Prof-specialty,Husband,White,Male,Germany,>50K
45,51744,13,0,0,42,Private,Bachelors,Never-married,Exec-managerial,Not-in-family,White,Female,United-States,<=50K
32,239824,13,0,0,40,Private,Bachelors,Never-married,Tech-support,Not-in-family,White,Male,United-States,<=50K
34,35644,10,0,0,40,Private,Some-college,Married-civ-spouse,Craft-repair,Husband,White,Male,United-States,>50K
36,289190,9,0,0,40,Private,HS-grad,Divorced,Craft-repair,Unmarried,White,Male,United-States,<=50K
44,178134,15,0,0,40,Private,Prof-school,Never-married,Prof-specialty,Not-in-family,White,Female,United-States,>50K
17,168203,4,0,0,40,Private,7th-8th,Never-married,Farming-fishing,Other-relative,Other,Male,Mexico,<=50K
47,176319,9,0,0,38,Private,HS-grad,Married-civ-spouse,Sales,Own-child,White,Female,United-States,>50K
41,173858,4,0,0,40,Private,7th-8th,Married-civ-spouse,Craft-repair,Husband,Asian-Pac-Islander,Male,China,<=50K
25,99126,11,7688,0,40,Private,Assoc-voc,Married-civ-spouse,Prof-specialty,Wife,White,Female,United-States,>50K
32,169583,16,0,0,70,State-gov,Doctorate,Never-married,Prof-specialty,Not-in-family,White,Female,United-States,<=50K
46,155489,12,0,0,44,Private,Assoc-acdm,Married-civ-spouse,Craft-repair,Husband,White,Male,United-States,>50K
41,149102,13,0,0,35,Self-emp-inc,Bachelors,Married-civ-spouse,Exec-managerial,Husband,White,Male,United-States,>50K
23,259301,9,0,0,40,Private,HS-grad,Divorced,Exec-managerial,Unmarried,White,Female,United-States,<=50K
25,212522,9,0,0,40,Private,HS-grad,Never-married,Craft-repair,Other-relative,White,Male,United-States,<=50K
38,32916,10,0,0,45,Private,Some-college,Married-civ-spouse,Exec-managerial,Husband,White,Male,United-States,<=50K
46,227310,10,0,0,40,Federal-gov,Some-college,Never-married,Adm-clerical,Unmarried,Black,Female,United-States,<=50K
51,34361,10,0,0,20,Private,Some-college,Married-civ-spouse,Exec-managerial,Wife,White,Female,United-States,>50K
44,102085,10,0,0,40,Private,Some-college,Divorced,Adm-clerical,Other-relative,White,Female,United-States,<=50K
44,376072,9,0,0,45,Private,HS-grad,Married-civ-spouse,Tech-support,Husband,White,Male,United-States,>50K
21,178255,10,0,0,30,Private,Some-college,Never-married,Adm-clerical,Not-in-family,White,Female,Columbia,<=50K
47,104521,11,0,0,40,Private,Assoc-voc,Married-civ-spouse,Prof-specialty,Husband,White,Male,United-States,>50K
33,403552,9,0,0,32,Private,HS-grad,Never-married,Other-service,Not-in-family,Black,Male,United-States,<=50K
68,407338,10,0,0,20,MISSING,Some-college,Married-civ-spouse,MISSING,Husband,White,Male,United-States,<=50K
42,154374,13,0,0,58,Private,Bachelors,Married-civ-spouse,Transport-moving,Husband,White,Male,United-States,<=50K
40,343068,10,0,0,40,Private,Some-college,Divorced,Exec-managerial,Not-in-family,White,Female,United-States,<=50K
17,98675,5,0,0,20,Private,9th,Never-married,Other-service,Unmarried,White,Female,United-States,<=50K
46,105327,9,0,0,40,Private,HS-grad,Divorced,Craft-repair,Not-in-family,White,Male,United-States,<=50K
47,108510,6,0,0,65,Private,10th,Married-civ-spouse,Sales,Husband,White,Male,United-States,<=50K
42,94600,9,5178,0,40,Private,HS-grad,Married-civ-spouse,Craft-repair,Husband,White,Male,United-States,>50K
75,248833,9,2653,0,14,MISSING,HS-grad,Married-AF-spouse,MISSING,Wife,White,Female,United-States,<=50K
53,148532,13,0,0,60,Self-emp-inc,Bachelors,Married-civ-spouse,Sales,Husband,White,Male,United-States,>50K
26,198163,14,0,0,40,Private,Masters,Married-civ-spouse,Sales,Wife,White,Female,United-States,<=50K
21,175374,9,0,0,40,Private,HS-grad,Never-married,Adm-clerical,Own-child,White,Male,United-States,<=50K
34,170769,9,0,0,50,Private,HS-grad,Married-civ-spouse,Adm-clerical,Husband,White,Male,United-States,>50K
29,351324,10,0,0,40,Private,Some-college,Never-married,Sales,Unmarried,White,Female,United-States,<=50K
38,203763,9,0,0,40,Private,HS-grad,Divorced,Adm-clerical,Not-in-family,White,Female,United-States,<=50K
26,35917,9,0,0,40,Private,HS-grad,Married-civ-spouse,Sales,Husband,White,Male,United-States,<=50K
19,164938,10,0,0,25,Private,Some-college,Never-married,Other-service,Own-child,White,Female,United-States,<=50K
19,184121,9,0,0,20,Private,HS-grad,Never-married,Other-service,Own-child,White,Male,United-States,<=50K
39,274683,10,7688,0,50,Self-emp-not-inc,Some-college,Married-civ-spouse,Sales,Husband,White,Male,United-States,>50K
65,240166,7,0,0,35,Local-gov,11th,Married-civ-spouse,Transport-moving,Husband,White,Male,United-States,<=50K
28,149324,10,0,0,7,Self-emp-not-inc,Some-college,Married-civ-spouse,Prof-specialty,Husband,White,Male,United-States,<=50K
45,54098,11,0,0,50,Self-emp-not-inc,Assoc-voc,Married-civ-spouse,Farming-fishing,Husband,White,Male,United-States,>50K
34,209538,13,0,0,50,Self-emp-inc,Bachelors,Married-civ-spouse,Sales,Husband,White,Male,United-States,>50K
45,187370,14,7430,0,70,Private,Masters,Divorced,Exec-managerial,Unmarried,White,Male,United-States,>50K
29,65372,10,0,0,40,MISSING,Some-college,Divorced,MISSING,Unmarried,White,Female,United-States,<=50K
36,164898,9,0,0,40,Private,HS-grad,Married-civ-spouse,Exec-managerial,Husband,White,Male,United-States,<=50K
30,125159,13,14084,0,45,Local-gov,Bachelors,Never-married,Prof-specialty,Not-in-family,Black,Male,MISSING,>50K
50,248619,9,0,0,40,Private,HS-grad,Married-civ-spouse,Craft-repair,Husband,White,Male,United-States,<=50K
30,162623,13,0,0,40,Private,Bachelors,Never-married,Prof-specialty,Not-in-family,White,Female,United-States,<=50K
37,32668,13,0,0,43,Private,Bachelors,Married-civ-spouse,Machine-op-inspct,Husband,White,Male,United-States,>50K
41,37848,9,0,0,25,Local-gov,HS-grad,Never-married,Other-service,Unmarried,White,Female,United-States,<=50K
35,226311,10,0,0,38,Local-gov,Some-college,Divorced,Adm-clerical,Own-child,White,Female,United-States,<=50K
52,392668,11,0,0,40,Local-gov,Assoc-voc,Married-civ-spouse,Protective-serv,Husband,White,Male,United-States,>50K
51,274502,4,0,0,48,Private,7th-8th,Divorced,Machine-op-inspct,Not-in-family,White,Female,United-States,<=50K
51,101119,9,0,0,70,Local-gov,HS-grad,Married-civ-spouse,Protective-serv,Husband,White,Male,United-States,<=50K
37,34378,2,0,0,40,Private,1st-4th,Never-married,Other-service,Not-in-family,White,Male,United-States,<=50K
34,144182,1,0,0,25,Local-gov,Preschool,Never-married,Adm-clerical,Own-child,Black,Female,United-States,<=50K
44,239723,10,1506,0,45,Private,Some-college,Married-spouse-absent,Craft-repair,Unmarried,White,Female,United-States,<=50K
21,40052,10,0,2001,45,MISSING,Some-college,Never-married,MISSING,Not-in-family,White,Male,United-States,<=50K
37,179671,9,0,0,40,Private,HS-grad,Divorced,Craft-repair,Not-in-family,White,Male,United-States,<=50K
27,229223,10,0,0,40,Local-gov,Some-college,Never-married,Protective-serv,Own-child,White,Female,United-States,>50K
52,198824,11,0,0,35,Private,Assoc-voc,Separated,Other-service,Unmarried,White,Female,United-States,<=50K
59,146391,11,7298,0,40,Private,Assoc-voc,Married-civ-spouse,Tech-support,Husband,White,Male,United-States,>50K
44,212760,13,0,0,60,Self-emp-inc,Bachelors,Married-civ-spouse,Exec-managerial,Husband,White,Male,United-States,>50K
41,176452,9,0,0,40,Private,HS-grad,Married-civ-spouse,Tech-support,Husband,White,Male,Peru,<=50K
20,415913,10,0,0,30,Private,Some-college,Never-married,Handlers-cleaners,Not-in-family,White,Male,United-States,<=50K
25,254781,13,0,0,40,Private,Bachelors,Never-married,Exec-managerial,Not-in-family,White,Female,United-States,<=50K
44,404599,9,0,0,40,Federal-gov,HS-grad,Divorced,Adm-clerical,Unmarried,Black,Female,United-States,<=50K
60,187124,9,0,0,40,Private,HS-grad,Married-civ-spouse,Machine-op-inspct,Husband,White,Male,United-States,<=50K
18,79443,7,0,0,8,Private,11th,Never-married,Other-service,Own-child,White,Male,United-States,<=50K
22,253310,13,0,0,7,Private,Bachelors,Never-married,Exec-managerial,Own-child,White,Female,United-States,<=50K
25,166415,9,0,0,52,Private,HS-grad,Never-married,Transport-moving,Unmarried,White,Male,United-States,<=50K
37,29054,9,0,0,50,Self-emp-not-inc,HS-grad,Married-civ-spouse,Farming-fishing,Husband,White,Male,United-States,<=50K
35,148903,9,0,0,16,Private,HS-grad,Married-civ-spouse,Other-service,Wife,White,Female,United-States,>50K
20,215232,10,0,0,10,Private,Some-college,Never-married,Exec-managerial,Own-child,White,Female,United-States,<=50K
25,100903,13,0,0,25,MISSING,Bachelors,Married-civ-spouse,MISSING,Wife,White,Female,United-States,<=50K
46,164379,13,0,0,35,Private,Bachelors,Divorced,Sales,Unmarried,Black,Female,United-States,>50K
43,105862,10,0,1902,40,Local-gov,Some-college,Married-civ-spouse,Adm-clerical,Wife,White,Female,United-States,>50K
21,138768,10,0,0,40,Private,Some-college,Never-married,Sales,Other-relative,White,Male,United-States,<=50K
40,179717,13,0,1564,60,Private,Bachelors,Divorced,Sales,Not-in-family,White,Male,United-States,>50K
41,34987,13,0,0,35,Local-gov,Bachelors,Married-civ-spouse,Prof-specialty,Husband,White,Male,United-States,>50K
25,181054,13,0,0,40,Private,Bachelors,Never-married,Sales,Not-in-family,White,Female,United-States,<=50K
50,98975,13,15024,0,40,Private,Bachelors,Married-civ-spouse,Exec-managerial,Husband,White,Male,United-States,>50K
29,49087,11,0,0,40,Private,Assoc-voc,Married-civ-spouse,Handlers-cleaners,Husband,White,Male,United-States,<=50K
22,145477,9,0,0,40,Private,HS-grad,Never-married,Handlers-cleaners,Own-child,Amer-Indian-Eskimo,Male,United-States,<=50K
34,362787,9,0,0,35,MISSING,HS-grad,Never-married,MISSING,Unmarried,Black,Female,United-States,<=50K
23,62278,10,0,0,45,Private,Some-college,Married-civ-spouse,Sales,Husband,White,Male,United-States,<=50K
37,204277,9,0,1848,48,Private,HS-grad,Married-civ-spouse,Machine-op-inspct,Husband,White,Male,United-States,>50K
24,506329,10,0,0,40,State-gov,Some-college,Never-married,Adm-clerical,Own-child,Asian-Pac-Islander,Male,MISSING,<=50K
52,138497,13,0,0,60,Self-emp-inc,Bachelors,Married-civ-spouse,Exec-managerial,Husband,White,Male,United-States,<=50K
56,235205,9,0,0,40,Private,HS-grad,Widowed,Other-service,Unmarried,White,Female,United-States,<=50K
25,32276,9,0,0,28,Private,HS-grad,Never-married,Craft-repair,Own-child,White,Male,United-States,<=50K
51,189551,9,0,0,40,Private,HS-grad,Divorced,Craft-repair,Own-child,Black,Male,United-States,<=50K
36,126946,10,0,0,40,Private,Some-college,Separated,Craft-repair,Not-in-family,White,Male,United-States,<=50K
42,198692,10,0,0,45,Self-emp-not-inc,Some-college,Married-civ-spouse,Craft-repair,Husband,White,Male,United-States,>50K
26,176520,9,0,0,53,Private,HS-grad,Never-married,Adm-clerical,Not-in-family,White,Male,United-States,<=50K
49,34021,13,0,0,50,Local-gov,Bachelors,Never-married,Prof-specialty,Own-child,White,Female,United-States,<=50K
23,215624,10,0,0,40,Private,Some-college,Never-married,Machine-op-inspct,Unmarried,Asian-Pac-Islander,Male,Vietnam,<=50K
50,198581,15,0,0,50,Self-emp-not-inc,Prof-school,Married-civ-spouse,Prof-specialty,Husband,White,Male,United-States,>50K
40,379919,10,0,0,40,Private,Some-college,Married-civ-spouse,Machine-op-inspct,Husband,White,Male,United-States,<=50K
31,142038,9,0,0,45,Private,HS-grad,Married-civ-spouse,Craft-repair,Wife,White,Female,United-States,<=50K
27,318639,6,0,0,60,Private,10th,Never-married,Other-service,Not-in-family,White,Male,Mexico,<=50K
30,115963,7,0,0,40,Private,11th,Married-civ-spouse,Craft-repair,Husband,White,Male,United-States,<=50K
19,28119,10,0,0,4,Private,Some-college,Never-married,Other-service,Own-child,White,Female,United-States,<=50K
29,427965,13,0,0,40,Private,Bachelors,Never-married,Adm-clerical,Not-in-family,Black,Female,United-States,<=50K
41,115932,10,99999,0,50,Private,Some-college,Married-civ-spouse,Exec-managerial,Husband,White,Male,United-States,>50K
24,37440,13,0,0,50,Self-emp-not-inc,Bachelors,Never-married,Farming-fishing,Unmarried,White,Male,United-States,<=50K
34,207668,10,0,1887,40,Private,Some-college,Married-civ-spouse,Handlers-cleaners,Husband,White,Male,United-States,>50K
27,36851,11,0,0,35,Private,Assoc-voc,Married-civ-spouse,Sales,Husband,White,Male,United-States,<=50K
44,236321,9,0,0,25,Local-gov,HS-grad,Divorced,Transport-moving,Own-child,White,Male,United-States,<=50K
46,33373,13,0,0,40,Local-gov,Bachelors,Divorced,Prof-specialty,Unmarried,White,Female,United-States,<=50K
43,160943,9,0,0,40,Private,HS-grad,Married-civ-spouse,Other-service,Husband,Black,Male,United-States,>50K
36,33983,11,0,0,42,Private,Assoc-voc,Never-married,Adm-clerical,Not-in-family,White,Male,United-States,>50K
60,160155,13,0,0,12,MISSING,Bachelors,Married-civ-spouse,MISSING,Husband,White,Male,United-States,<=50K
42,245626,9,0,0,60,Private,HS-grad,Married-civ-spouse,Craft-repair,Husband,Amer-Indian-Eskimo,Male,United-States,<=50K
47,114754,9,0,0,40,Private,HS-grad,Married-civ-spouse,Adm-clerical,Husband,White,Male,United-States,<=50K
52,98752,5,0,0,40,Private,9th,Widowed,Adm-clerical,Unmarried,White,Female,United-States,<=50K
55,207489,13,0,0,50,Self-emp-inc,Bachelors,Divorced,Sales,Not-in-family,White,Female,Germany,<=50K
20,187158,10,0,0,15,Private,Some-college,Never-married,Adm-clerical,Own-child,White,Female,United-States,<=50K
49,186172,9,7688,0,45,Private,HS-grad,Married-civ-spouse,Craft-repair,Husband,White,Male,United-States,>50K
27,279580,13,10520,0,45,Private,Bachelors,Never-married,Sales,Not-in-family,White,Male,United-States,>50K
23,240137,3,0,0,55,Private,5th-6th,Never-married,Handlers-cleaners,Not-in-family,White,Male,Mexico,<=50K
19,119234,10,0,0,15,MISSING,Some-college,Never-married,MISSING,Other-relative,White,Female,United-States,<=50K
37,208358,10,0,0,40,Private,Some-college,Married-civ-spouse,Craft-repair,Husband,White,Male,United-States,>50K
29,116613,13,0,0,40,Private,Bachelors,Never-married,Adm-clerical,Own-child,White,Female,Portugal,<=50K
25,135568,5,0,0,40,Private,9th,Married-civ-spouse,Handlers-cleaners,Husband,White,Male,United-States,<=50K
43,140988,13,0,0,45,Self-emp-inc,Bachelors,Married-civ-spouse,Sales,Other-relative,Asian-Pac-Islander,Male,India,<=50K
17,169037,7,0,0,40,Private,11th,Never-married,Handlers-cleaners,Own-child,White,Male,United-States,<=50K
69,141181,3,1797,0,40,Private,5th-6th,Married-civ-spouse,Adm-clerical,Husband,White,Male,United-States,<=50K
33,141841,13,5178,0,40,Private,Bachelors,Married-civ-spouse,Exec-managerial,Husband,Black,Male,United-States,>50K
27,466224,10,0,0,40,Private,Some-college,Never-married,Sales,Not-in-family,Black,Male,United-States,<=50K
21,380219,10,0,0,40,MISSING,Some-college,Never-married,MISSING,Own-child,Black,Female,United-States,<=50K
22,225156,9,0,0,40,Private,HS-grad,Never-married,Adm-clerical,Not-in-family,White,Female,United-States,<=50K
90,313749,13,0,0,10,Private,Bachelors,Never-married,Prof-specialty,Own-child,White,Female,United-States,<=50K
48,25468,14,99999,0,50,Private,Masters,Divorced,Exec-managerial,Not-in-family,White,Male,United-States,>50K
56,197114,9,0,0,28,Private,HS-grad,Never-married,Handlers-cleaners,Own-child,White,Male,United-States,<=50K
46,102597,13,0,0,40,Private,Bachelors,Divorced,Prof-specialty,Unmarried,White,Female,United-States,<=50K
36,117073,9,0,0,40,Private,HS-grad,Never-married,Craft-repair,Own-child,White,Male,United-States,<=50K
34,135785,13,0,0,36,Private,Bachelors,Never-married,Prof-specialty,Not-in-family,White,Female,United-States,<=50K
55,124975,9,27828,0,55,Self-emp-not-inc,HS-grad,Divorced,Craft-repair,Unmarried,White,Male,United-States,>50K
78,74795,12,0,0,4,MISSING,Assoc-acdm,Widowed,MISSING,Not-in-family,White,Female,United-States,<=50K
21,195919,6,0,0,40,Private,10th,Never-married,Handlers-cleaners,Not-in-family,Other,Male,Dominican-Republic,<=50K
21,206681,10,0,0,15,Private,Some-college,Never-married,Sales,Own-child,White,Female,United-States,<=50K
31,204470,14,0,0,43,Local-gov,Masters,Never-married,Prof-specialty,Not-in-family,White,Male,United-States,<=50K
52,99602,9,0,0,40,Private,HS-grad,Separated,Craft-repair,Own-child,Black,Female,United-States,<=50K
50,338283,10,0,0,40,Private,Some-college,Married-civ-spouse,Craft-repair,Husband,White,Male,United-States,>50K
50,123174,16,0,0,37,Private,Doctorate,Married-civ-spouse,Prof-specialty,Husband,Black,Male,MISSING,>50K
41,67339,13,0,0,40,Private,Bachelors,Married-civ-spouse,Machine-op-inspct,Husband,White,Male,MISSING,<=50K
28,191342,10,0,0,40,Private,Some-college,Never-married,Sales,Not-in-family,Other,Male,India,<=50K
43,75993,10,7688,0,40,Private,Some-college,Married-civ-spouse,Sales,Husband,White,Male,United-States,>50K
19,279968,10,0,0,20,Private,Some-college,Never-married,Adm-clerical,Own-child,White,Female,United-States,<=50K
42,42703,9,0,0,40,Private,HS-grad,Divorced,Adm-clerical,Unmarried,White,Female,United-States,<=50K
30,142977,10,0,0,65,Private,Some-college,Divorced,Craft-repair,Not-in-family,White,Male,United-States,<=50K
27,150025,3,0,0,40,Private,5th-6th,Never-married,Handlers-cleaners,Other-relative,White,Male,Guatemala,<=50K
20,194630,9,3781,0,50,Private,HS-grad,Married-civ-spouse,Adm-clerical,Husband,White,Male,United-States,<=50K
25,137951,9,0,0,30,Private,HS-grad,Never-married,Adm-clerical,Unmarried,White,Female,United-States,<=50K
23,161708,10,0,0,20,Private,Some-college,Never-married,Other-service,Own-child,White,Female,United-States,<=50K
34,345259,16,0,0,99,Federal-gov,Doctorate,Never-married,Prof-specialty,Not-in-family,White,Female,United-States,<=50K
36,102729,10,0,0,40,Private,Some-college,Never-married,Craft-repair,Not-in-family,White,Male,United-States,<=50K
38,23892,9,0,0,40,Private,HS-grad,Married-civ-spouse,Machine-op-inspct,Wife,White,Female,United-States,<=50K
38,108726,9,0,0,40,Private,HS-grad,Married-civ-spouse,Exec-managerial,Husband,White,Male,United-States,>50K
48,65535,9,0,0,50,Self-emp-not-inc,HS-grad,Married-civ-spouse,Farming-fishing,Husband,White,Male,United-States,<=50K
36,31438,7,0,0,43,Private,11th,Married-civ-spouse,Transport-moving,Husband,White,Male,United-States,<=50K
50,50459,9,0,0,42,Local-gov,HS-grad,Married-civ-spouse,Exec-managerial,Husband,White,Male,United-States,>50K
25,183575,7,0,0,40,Private,11th,Never-married,Craft-repair,Own-child,White,Male,United-States,<=50K
20,117618,10,0,0,40,MISSING,Some-college,Never-married,MISSING,Own-child,White,Male,United-States,<=50K
63,310396,5,5178,0,40,MISSING,9th,Married-civ-spouse,MISSING,Husband,White,Male,United-States,>50K
49,116143,9,0,0,40,Private,HS-grad,Married-civ-spouse,Machine-op-inspct,Husband,White,Male,United-States,<=50K
41,93793,14,0,0,38,Private,Masters,Married-civ-spouse,Prof-specialty,Husband,White,Male,United-States,>50K
18,134935,8,0,0,40,Local-gov,12th,Never-married,Protective-serv,Own-child,White,Male,United-States,<=50K
35,87556,9,0,0,40,Private,HS-grad,Divorced,Craft-repair,Not-in-family,White,Male,United-States,<=50K
43,339767,10,0,0,20,Private,Some-college,Married-civ-spouse,Other-service,Wife,White,Female,England,>50K
30,110643,14,4386,0,40,Private,Masters,Married-civ-spouse,Adm-clerical,Husband,White,Male,United-States,>50K
17,256173,6,0,0,15,MISSING,10th,Never-married,MISSING,Own-child,White,Female,United-States,<=50K
24,132327,10,0,0,30,Private,Some-college,Married-spouse-absent,Sales,Unmarried,Other,Female,Ecuador,<=50K
28,102533,10,0,0,40,Private,Some-college,Separated,Handlers-cleaners,Not-in-family,Black,Male,United-States,<=50K
29,286634,13,0,0,50,Private,Bachelors,Married-civ-spouse,Prof-specialty,Wife,White,Female,United-States,>50K
46,156926,10,0,0,60,Private,Some-college,Married-civ-spouse,Exec-managerial,Husband,White,Male,United-States,>50K
27,154210,7,0,0,35,Private,11th,Married-spouse-absent,Sales,Own-child,Asian-Pac-Islander,Male,India,<=50K
47,163814,6,0,0,40,Private,10th,Married-civ-spouse,Craft-repair,Husband,White,Male,United-States,<=50K
45,36006,13,0,0,45,Private,Bachelors,Married-civ-spouse,Craft-repair,Husband,White,Male,United-States,>50K
32,143699,10,0,0,40,MISSING,Some-college,Never-married,MISSING,Unmarried,White,Female,United-States,<=50K
63,230823,8,0,0,40,Private,12th,Married-civ-spouse,Transport-moving,Husband,White,Male,Cuba,<=50K
23,194031,10,0,0,25,MISSING,Some-college,Never-married,MISSING,Not-in-family,White,Female,United-States,<=50K
59,64102,4,0,0,20,Self-emp-not-inc,7th-8th,Married-civ-spouse,Craft-repair,Husband,White,Male,United-States,<=50K
46,375675,8,0,0,35,Local-gov,12th,Married-civ-spouse,Other-service,Husband,White,Male,United-States,>50K
64,119506,9,0,0,15,Private,HS-grad,Divorced,Other-service,Not-in-family,White,Female,United-States,<=50K
51,338620,14,15024,0,60,Private,Masters,Married-civ-spouse,Exec-managerial,Husband,White,Male,United-States,>50K
26,183965,9,0,0,40,Private,HS-grad,Never-married,Craft-repair,Not-in-family,White,Male,United-States,<=50K
53,266529,11,0,0,40,Private,Assoc-voc,Married-civ-spouse,Exec-managerial,Husband,White,Male,United-States,>50K
62,252668,14,0,0,70,Private,Masters,Never-married,Prof-specialty,Not-in-family,White,Male,United-States,<=50K
46,87250,13,0,0,40,Private,Bachelors,Separated,Tech-support,Unmarried,White,Female,United-States,<=50K
28,142764,9,0,0,48,Private,HS-grad,Never-married,Machine-op-inspct,Not-in-family,White,Male,United-States,<=50K
27,223529,11,0,0,43,Local-gov,Assoc-voc,Never-married,Adm-clerical,Own-child,White,Male,United-States,<=50K
41,183105,9,0,0,44,Private,HS-grad,Separated,Machine-op-inspct,Unmarried,White,Female,Cuba,<=50K
34,143392,9,0,0,40,Private,HS-grad,Never-married,Sales,Own-child,White,Female,United-States,<=50K
48,120131,9,0,0,70,Private,HS-grad,Married-civ-spouse,Adm-clerical,Husband,White,Male,United-States,>50K
21,314165,10,0,0,40,Private,Some-college,Never-married,Sales,Own-child,White,Male,Columbia,<=50K
48,152953,4,0,0,32,Private,7th-8th,Married-civ-spouse,Craft-repair,Husband,White,Male,Dominican-Republic,<=50K
56,305767,9,0,0,40,Local-gov,HS-grad,Married-civ-spouse,Other-service,Husband,Asian-Pac-Islander,Male,China,<=50K
35,95455,13,0,0,55,Self-emp-not-inc,Bachelors,Divorced,Exec-managerial,Unmarried,White,Female,United-States,<=50K
40,103789,12,0,0,32,Private,Assoc-acdm,Divorced,Adm-clerical,Unmarried,Black,Female,United-States,<=50K
68,166083,9,0,0,40,Self-emp-not-inc,HS-grad,Married-civ-spouse,Exec-managerial,Husband,White,Male,United-States,>50K
36,156352,5,0,0,40,Private,9th,Never-married,Handlers-cleaners,Own-child,White,Male,United-States,<=50K
57,188872,3,6497,0,40,Private,5th-6th,Divorced,Transport-moving,Unmarried,White,Male,United-States,<=50K
30,219838,8,0,0,40,Private,12th,Divorced,Machine-op-inspct,Not-in-family,White,Male,United-States,<=50K
48,102112,12,0,0,50,Private,Assoc-acdm,Married-civ-spouse,Prof-specialty,Husband,White,Male,United-States,>50K
42,204817,5,0,0,35,MISSING,9th,Never-married,MISSING,Own-child,Black,Male,United-States,<=50K
78,363134,9,0,0,1,MISSING,HS-grad,Widowed,MISSING,Not-in-family,White,Female,United-States,<=50K
34,339142,9,0,0,40,Private,HS-grad,Separated,Handlers-cleaners,Unmarried,White,Female,United-States,<=50K
37,333305,16,0,0,35,Private,Doctorate,Married-civ-spouse,Prof-specialty,Wife,White,Female,United-States,<=50K
29,201454,10,0,0,40,Private,Some-college,Never-married,Adm-clerical,Not-in-family,White,Female,United-States,<=50K
33,361497,9,0,0,40,Self-emp-not-inc,HS-grad,Never-married,Prof-specialty,Not-in-family,White,Male,United-States,<=50K
26,340787,9,0,0,40,Private,HS-grad,Married-civ-spouse,Prof-specialty,Husband,White,Male,United-States,<=50K
23,62278,9,0,0,40,Private,HS-grad,Never-married,Craft-repair,Unmarried,White,Male,United-States,<=50K
27,122922,13,0,0,40,Private,Bachelors,Never-married,Sales,Not-in-family,White,Female,United-States,<=50K
18,95917,9,0,0,25,Private,HS-grad,Never-married,Other-service,Own-child,White,Male,Canada,<=50K
35,155961,9,0,0,35,Private,HS-grad,Never-married,Other-service,Own-child,Black,Female,Jamaica,<=50K
21,344492,10,0,0,30,Private,Some-college,Never-married,Other-service,Own-child,White,Female,United-States,<=50K
20,173851,10,0,0,40,Private,Some-college,Never-married,Farming-fishing,Own-child,White,Male,United-States,<=50K
21,221955,9,0,0,40,Private,HS-grad,Never-married,Machine-op-inspct,Unmarried,White,Male,Mexico,<=50K
20,188950,10,0,0,25,Local-gov,Some-college,Never-married,Protective-serv,Own-child,White,Male,United-States,<=50K
49,194895,10,7298,0,40,Local-gov,Some-college,Married-civ-spouse,Handlers-cleaners,Husband,White,Male,United-States,>50K
42,208726,10,0,0,45,Private,Some-college,Divorced,Exec-managerial,Unmarried,White,Female,United-States,<=50K
26,290213,10,0,0,40,Private,Some-college,Separated,Farming-fishing,Own-child,White,Male,United-States,<=50K
40,163342,9,0,0,70,Private,HS-grad,Never-married,Adm-clerical,Not-in-family,White,Female,United-States,<=50K
52,168001,14,0,0,40,Private,Masters,Divorced,Prof-specialty,Not-in-family,White,Female,United-States,>50K
30,87561,12,0,0,40,Private,Assoc-acdm,Never-married,Tech-support,Not-in-family,White,Female,United-States,<=50K
31,204052,9,0,0,40,Self-emp-not-inc,HS-grad,Married-civ-spouse,Craft-repair,Husband,White,Male,United-States,>50K
39,187089,10,0,0,40,Private,Some-college,Divorced,Sales,Not-in-family,White,Female,United-States,<=50K
35,330664,9,0,0,40,Private,HS-grad,Divorced,Transport-moving,Not-in-family,White,Male,United-States,<=50K
30,178383,10,0,0,70,Self-emp-inc,Some-college,Married-civ-spouse,Craft-repair,Husband,Black,Male,United-States,<=50K
28,339002,9,0,0,20,Private,HS-grad,Never-married,Transport-moving,Own-child,White,Male,United-States,<=50K
26,93806,10,0,0,55,Self-emp-not-inc,Some-college,Married-civ-spouse,Sales,Husband,White,Male,United-States,<=50K
34,69491,9,0,0,40,Private,HS-grad,Married-civ-spouse,Other-service,Husband,White,Male,United-States,<=50K
34,154227,10,0,0,75,Self-emp-inc,Some-college,Never-married,Sales,Not-in-family,White,Male,United-States,<=50K
31,187901,10,0,1504,40,Private,Some-college,Never-married,Sales,Not-in-family,White,Female,United-States,<=50K
44,445382,10,0,0,40,Self-emp-not-inc,Some-college,Divorced,Other-service,Unmarried,White,Male,United-States,<=50K
43,112967,10,0,0,40,Private,Some-college,Married-civ-spouse,Protective-serv,Husband,White,Male,United-States,<=50K
25,276310,5,0,0,40,Private,9th,Married-civ-spouse,Machine-op-inspct,Husband,White,Male,Mexico,<=50K
32,158416,9,0,0,50,Private,HS-grad,Divorced,Sales,Not-in-family,White,Male,United-States,<=50K
38,190759,7,0,0,40,Private,11th,Married-civ-spouse,Craft-repair,Husband,White,Male,United-States,<=50K
25,219130,10,0,0,40,Private,Some-college,Never-married,Other-service,Not-in-family,Other,Female,United-States,<=50K
34,265917,9,0,0,40,Self-emp-inc,HS-grad,Married-civ-spouse,Exec-managerial,Husband,White,Male,United-States,>50K
47,145886,10,0,0,40,Private,Some-college,Divorced,Other-service,Unmarried,White,Female,United-States,<=50K
49,151584,10,0,0,32,Private,Some-college,Married-civ-spouse,Other-service,Husband,White,Male,United-States,<=50K
24,187717,13,0,0,40,Private,Bachelors,Never-married,Adm-clerical,Own-child,White,Female,United-States,<=50K
54,227832,10,0,0,40,Private,Some-college,Married-civ-spouse,Adm-clerical,Husband,White,Male,United-States,<=50K
38,47707,9,0,0,40,Federal-gov,HS-grad,Never-married,Adm-clerical,Own-child,Black,Female,United-States,<=50K
46,241844,5,0,0,40,Private,9th,Married-civ-spouse,Other-service,Husband,White,Male,United-States,<=50K
61,228287,9,0,0,50,Private,HS-grad,Married-civ-spouse,Craft-repair,Husband,White,Male,United-States,<=50K
47,110243,7,0,0,40,Private,11th,Married-civ-spouse,Other-service,Husband,White,Male,United-States,<=50K
21,34616,10,0,0,20,Private,Some-college,Never-married,Sales,Own-child,White,Female,United-States,<=50K
33,184306,13,0,0,45,Private,Bachelors,Married-civ-spouse,Prof-specialty,Husband,White,Male,United-States,<=50K
68,186266,9,0,0,8,MISSING,HS-grad,Married-civ-spouse,MISSING,Wife,White,Female,United-States,<=50K
22,117789,10,0,0,10,Private,Some-college,Never-married,Prof-specialty,Own-child,White,Female,United-States,<=50K
43,160574,13,0,0,40,Local-gov,Bachelors,Married-civ-spouse,Craft-repair,Husband,White,Male,United-States,<=50K
42,255675,10,0,0,40,Local-gov,Some-college,Married-civ-spouse,Craft-repair,Husband,White,Male,United-States,>50K
39,201410,13,0,1977,45,Private,Bachelors,Married-civ-spouse,Transport-moving,Husband,White,Male,Philippines,>50K
30,67072,13,6849,0,60,Self-emp-not-inc,Bachelors,Married-spouse-absent,Craft-repair,Not-in-family,White,Male,United-States,<=50K
23,52566,9,0,0,40,Private,HS-grad,Never-married,Adm-clerical,Not-in-family,White,Female,United-States,<=50K
45,289353,9,0,0,24,Private,HS-grad,Married-civ-spouse,Transport-moving,Husband,Black,Male,United-States,<=50K
28,64940,10,0,0,30,Private,Some-college,Never-married,Other-service,Own-child,White,Female,United-States,<=50K
46,85109,10,0,1628,40,Private,Some-college,Married-civ-spouse,Machine-op-inspct,Husband,White,Male,United-States,<=50K
48,167009,10,0,0,48,Private,Some-college,Divorced,Adm-clerical,Not-in-family,White,Female,United-States,<=50K
41,349703,12,0,0,40,Private,Assoc-acdm,Married-civ-spouse,Farming-fishing,Husband,Asian-Pac-Islander,Male,United-States,<=50K
25,185952,14,0,0,30,Private,Masters,Never-married,Prof-specialty,Not-in-family,White,Male,United-States,<=50K
35,48123,8,0,0,50,Private,12th,Married-civ-spouse,Craft-repair,Wife,White,Female,United-States,<=50K
53,181677,10,0,0,40,Federal-gov,Some-college,Divorced,Handlers-cleaners,Not-in-family,White,Male,United-States,<=50K
34,167474,9,0,0,50,Private,HS-grad,Married-civ-spouse,Sales,Husband,White,Male,United-States,<=50K
36,605502,6,0,0,40,Private,10th,Never-married,Transport-moving,Not-in-family,Black,Female,United-States,<=50K
53,53197,14,3103,0,40,Private,Masters,Married-civ-spouse,Prof-specialty,Husband,White,Male,United-States,>50K
23,273206,13,0,0,23,Private,Bachelors,Never-married,Adm-clerical,Not-in-family,White,Female,United-States,<=50K
60,223696,2,0,0,38,Private,1st-4th,Divorced,Craft-repair,Not-in-family,Other,Male,Dominican-Republic,<=50K
39,121838,9,0,0,40,State-gov,HS-grad,Divorced,Other-service,Unmarried,Black,Female,United-States,<=50K
36,233571,10,0,0,4,Private,Some-college,Divorced,Exec-managerial,Not-in-family,White,Female,United-States,<=50K
36,177064,10,0,0,40,State-gov,Some-college,Never-married,Exec-managerial,Unmarried,White,Female,United-States,<=50K
41,373469,12,0,0,40,Private,Assoc-acdm,Married-civ-spouse,Machine-op-inspct,Husband,White,Male,United-States,<=50K
44,206686,10,0,0,40,Private,Some-college,Divorced,Adm-clerical,Unmarried,White,Female,United-States,<=50K
32,84179,9,0,0,45,Private,HS-grad,Never-married,Handlers-cleaners,Not-in-family,White,Female,United-States,<=50K
45,201865,13,0,0,40,Private,Bachelors,Married-spouse-absent,Exec-managerial,Unmarried,White,Male,United-States,<=50K
52,30731,13,0,0,45,Federal-gov,Bachelors,Married-civ-spouse,Exec-managerial,Husband,White,Male,United-States,>50K
79,76641,14,20051,0,40,MISSING,Masters,Married-civ-spouse,MISSING,Husband,White,Male,Poland,>50K
31,329874,10,0,0,40,Private,Some-college,Never-married,Adm-clerical,Not-in-family,White,Male,United-States,<=50K
47,73064,4,0,0,35,Private,7th-8th,Married-civ-spouse,Machine-op-inspct,Wife,Black,Female,United-States,<=50K
42,154076,9,7688,0,50,Private,HS-grad,Married-civ-spouse,Prof-specialty,Husband,White,Male,United-States,>50K
32,130057,13,0,0,45,Private,Bachelors,Married-civ-spouse,Exec-managerial,Husband,White,Male,United-States,>50K
17,375657,7,0,0,30,Private,11th,Never-married,Handlers-cleaners,Own-child,White,Male,United-States,<=50K
44,231793,16,0,0,38,Local-gov,Doctorate,Married-spouse-absent,Prof-specialty,Unmarried,White,Female,United-States,<=50K
54,192862,9,0,0,45,Private,HS-grad,Divorced,Exec-managerial,Unmarried,White,Female,United-States,<=50K
68,223486,9,0,0,7,Private,HS-grad,Widowed,Other-service,Unmarried,White,Female,England,<=50K
44,162028,10,0,2415,6,Private,Some-college,Married-civ-spouse,Adm-clerical,Wife,White,Female,United-States,>50K
42,318947,9,0,0,40,Private,HS-grad,Divorced,Machine-op-inspct,Not-in-family,White,Female,United-States,<=50K
41,32878,13,0,0,45,Private,Bachelors,Married-civ-spouse,Prof-specialty,Husband,White,Male,United-States,>50K
41,104892,10,2829,0,40,Private,Some-college,Married-civ-spouse,Adm-clerical,Husband,White,Male,United-States,<=50K
42,42346,9,0,0,35,Private,HS-grad,Widowed,Exec-managerial,Not-in-family,Black,Female,United-States,<=50K
38,165930,10,0,0,50,Private,Some-college,Married-civ-spouse,Exec-managerial,Husband,White,Male,United-States,<=50K
22,99829,10,0,0,30,Private,Some-college,Never-married,Machine-op-inspct,Own-child,White,Female,United-States,<=50K
29,152461,13,14344,0,50,Private,Bachelors,Never-married,Prof-specialty,Unmarried,White,Female,United-States,>50K
64,63676,6,0,0,40,Private,10th,Married-civ-spouse,Other-service,Husband,Black,Male,United-States,<=50K
36,437890,9,0,0,90,State-gov,HS-grad,Never-married,Exec-managerial,Unmarried,Black,Male,United-States,<=50K
24,375313,10,0,0,40,Self-emp-not-inc,Some-college,Never-married,Prof-specialty,Not-in-family,Asian-Pac-Islander,Male,United-States,<=50K
58,142158,13,0,0,35,Private,Bachelors,Divorced,Exec-managerial,Unmarried,White,Female,United-States,<=50K
32,202952,9,0,0,40,Private,HS-grad,Married-civ-spouse,Adm-clerical,Husband,White,Male,United-States,<=50K
41,168071,9,0,0,45,Local-gov,HS-grad,Divorced,Exec-managerial,Own-child,White,Male,United-States,<=50K
21,346693,4,0,0,40,Private,7th-8th,Never-married,Farming-fishing,Unmarried,White,Male,United-States,<=50K
24,341368,9,0,0,40,Private,HS-grad,Never-married,Adm-clerical,Not-in-family,White,Male,United-States,<=50K
67,181220,10,0,0,20,Local-gov,Some-college,Divorced,Adm-clerical,Not-in-family,Black,Female,United-States,<=50K
47,197836,9,0,0,45,Private,HS-grad,Married-civ-spouse,Sales,Husband,White,Male,United-States,<=50K
29,406826,13,0,0,45,Private,Bachelors,Never-married,Prof-specialty,Not-in-family,White,Female,United-States,<=50K
37,78928,5,3137,0,40,Private,9th,Married-civ-spouse,Other-service,Husband,White,Male,United-States,<=50K
37,179481,13,0,0,40,Private,Bachelors,Married-civ-spouse,Machine-op-inspct,Husband,White,Male,United-States,>50K
20,124751,10,0,0,20,Private,Some-college,Never-married,Priv-house-serv,Own-child,White,Female,United-States,<=50K
63,379940,13,0,0,40,Local-gov,Bachelors,Married-civ-spouse,Prof-specialty,Husband,White,Male,United-States,>50K
30,186346,13,0,0,50,Private,Bachelors,Never-married,Exec-managerial,Not-in-family,White,Female,United-States,<=50K
64,91343,10,0,0,40,Private,Some-college,Widowed,Tech-support,Unmarried,White,Female,United-States,<=50K
25,295108,9,0,0,25,Private,HS-grad,Never-married,Handlers-cleaners,Unmarried,Black,Female,United-States,<=50K
57,46699,9,0,0,40,Private,HS-grad,Married-civ-spouse,Adm-clerical,Wife,White,Female,United-States,<=50K
53,135339,13,7688,0,20,Self-emp-not-inc,Bachelors,Married-civ-spouse,Exec-managerial,Husband,Asian-Pac-Islander,Male,China,>50K
40,195520,10,0,0,49,State-gov,Some-college,Never-married,Adm-clerical,Unmarried,Black,Female,United-States,<=50K
25,258276,10,0,0,40,Private,Some-college,Never-married,Handlers-cleaners,Not-in-family,Amer-Indian-Eskimo,Male,United-States,<=50K
19,361341,8,0,0,25,Private,12th,Never-married,Prof-specialty,Not-in-family,Asian-Pac-Islander,Female,Thailand,<=50K
61,411652,8,0,0,40,Private,12th,Married-civ-spouse,Craft-repair,Husband,White,Male,Mexico,<=50K
47,332355,14,15024,0,50,Self-emp-inc,Masters,Married-civ-spouse,Exec-managerial,Husband,White,Male,United-States,>50K
22,206861,10,0,0,40,Private,Some-college,Never-married,Adm-clerical,Own-child,White,Male,United-States,<=50K
39,147548,9,0,0,40,Private,HS-grad,Married-civ-spouse,Craft-repair,Husband,White,Male,United-States,<=50K
22,214238,4,0,0,40,MISSING,7th-8th,Never-married,MISSING,Unmarried,White,Female,Mexico,<=50K
57,368797,9,0,0,40,Self-emp-inc,HS-grad,Married-civ-spouse,Exec-managerial,Husband,White,Male,United-States,<=50K
34,173730,14,0,0,38,State-gov,Masters,Married-civ-spouse,Exec-managerial,Husband,White,Male,United-States,<=50K
22,246386,9,0,0,40,MISSING,HS-grad,Never-married,MISSING,Unmarried,Black,Female,United-States,<=50K
41,29324,9,0,0,45,State-gov,HS-grad,Divorced,Exec-managerial,Unmarried,White,Female,United-States,<=50K
64,64101,8,0,0,24,MISSING,12th,Married-civ-spouse,MISSING,Husband,White,Male,United-States,<=50K
71,187493,9,0,0,40,Private,HS-grad,Married-civ-spouse,Protective-serv,Husband,White,Male,United-States,>50K
34,213722,9,0,0,40,Private,HS-grad,Never-married,Handlers-cleaners,Own-child,White,Male,United-States,<=50K
17,368700,7,0,0,10,Self-emp-not-inc,11th,Never-married,Farming-fishing,Own-child,White,Male,United-States,<=50K
26,175789,9,0,0,40,Private,HS-grad,Divorced,Handlers-cleaners,Own-child,White,Female,United-States,<=50K
33,209317,5,0,0,45,Private,9th,Never-married,Other-service,Not-in-family,White,Male,El-Salvador,<=50K
42,192569,15,0,0,39,Private,Prof-school,Divorced,Prof-specialty,Not-in-family,White,Female,United-States,>50K
33,295621,13,0,0,25,Self-emp-not-inc,Bachelors,Married-civ-spouse,Prof-specialty,Husband,Black,Male,United-States,>50K
26,177482,12,0,0,45,Local-gov,Assoc-acdm,Married-civ-spouse,Protective-serv,Husband,White,Male,United-States,>50K
77,147284,9,0,0,14,MISSING,HS-grad,Widowed,MISSING,Not-in-family,White,Female,United-States,<=50K
52,183618,9,0,0,40,Private,HS-grad,Married-civ-spouse,Handlers-cleaners,Husband,White,Male,United-States,<=50K
26,250066,11,0,0,40,Private,Assoc-voc,Never-married,Other-service,Not-in-family,White,Female,United-States,<=50K
46,273629,14,0,0,40,Private,Masters,Married-civ-spouse,Exec-managerial,Husband,White,Male,United-States,>50K
43,51506,8,0,0,40,Private,12th,Married-civ-spouse,Transport-moving,Husband,White,Male,United-States,<=50K
30,100734,10,0,0,40,Private,Some-college,Married-civ-spouse,Adm-clerical,Wife,White,Female,United-States,<=50K
50,240612,9,0,0,10,Private,HS-grad,Married-spouse-absent,Exec-managerial,Unmarried,White,Female,United-States,<=50K
54,197481,10,0,0,40,Private,Some-college,Divorced,Adm-clerical,Unmarried,White,Female,United-States,<=50K
50,34233,9,0,0,50,Private,HS-grad,Married-civ-spouse,Farming-fishing,Husband,White,Male,United-States,<=50K
22,39803,10,0,0,40,MISSING,Some-college,Never-married,MISSING,Own-child,White,Male,United-States,<=50K
45,194772,10,0,0,55,Private,Some-college,Married-civ-spouse,Transport-moving,Husband,White,Male,United-States,<=50K
41,59938,9,0,0,43,Private,HS-grad,Divorced,Adm-clerical,Unmarried,White,Female,United-States,<=50K
24,183594,11,0,0,20,Private,Assoc-voc,Never-married,Craft-repair,Own-child,White,Male,United-States,<=50K
42,27661,13,0,0,45,Self-emp-not-inc,Bachelors,Married-civ-spouse,Sales,Husband,White,Male,United-States,<=50K
49,143482,10,0,0,65,Self-emp-inc,Some-college,Married-civ-spouse,Prof-specialty,Wife,White,Female,United-States,>50K
51,237630,9,7298,0,50,Private,HS-grad,Married-civ-spouse,Tech-support,Husband,White,Male,United-States,>50K
34,509364,9,0,0,30,Private,HS-grad,Divorced,Machine-op-inspct,Not-in-family,White,Male,United-States,<=50K
21,209955,9,0,0,48,Private,HS-grad,Never-married,Craft-repair,Not-in-family,White,Male,United-States,<=50K
39,278557,11,0,1628,48,Private,Assoc-voc,Married-civ-spouse,Craft-repair,Husband,White,Male,United-States,<=50K
33,312055,13,0,0,45,Self-emp-not-inc,Bachelors,Married-civ-spouse,Sales,Husband,White,Male,United-States,>50K
23,241951,10,0,0,40,State-gov,Some-college,Never-married,Prof-specialty,Not-in-family,White,Male,United-States,<=50K
40,53835,13,0,0,50,Private,Bachelors,Married-civ-spouse,Sales,Husband,White,Male,United-States,>50K
45,257609,13,0,0,40,Private,Bachelors,Married-civ-spouse,Exec-managerial,Husband,White,Male,United-States,>50K
22,226508,13,0,0,50,Private,Bachelors,Never-married,Exec-managerial,Own-child,White,Female,United-States,<=50K
56,66356,10,0,0,50,Self-emp-not-inc,Some-college,Married-civ-spouse,Farming-fishing,Husband,White,Male,United-States,<=50K
20,224217,9,0,0,40,Private,HS-grad,Never-married,Transport-moving,Not-in-family,White,Male,United-States,<=50K
60,112821,10,0,0,35,MISSING,Some-college,Married-civ-spouse,MISSING,Husband,White,Male,United-States,>50K
31,323055,9,0,0,50,Private,HS-grad,Married-civ-spouse,Transport-moving,Husband,White,Male,United-States,>50K
46,249686,15,0,0,50,Private,Prof-school,Separated,Prof-specialty,Not-in-family,White,Male,United-States,>50K
35,126569,9,7298,0,40,State-gov,HS-grad,Married-civ-spouse,Craft-repair,Husband,White,Male,United-States,>50K
35,49749,10,0,0,40,Private,Some-college,Divorced,Adm-clerical,Not-in-family,White,Female,United-States,>50K
35,185848,9,4650,0,50,Self-emp-not-inc,HS-grad,Never-married,Exec-managerial,Not-in-family,White,Male,United-States,<=50K
27,329426,13,0,0,45,Private,Bachelors,Never-married,Exec-managerial,Not-in-family,White,Male,United-States,<=50K
54,204325,10,0,0,52,Local-gov,Some-college,Married-civ-spouse,Protective-serv,Husband,White,Male,United-States,<=50K
42,190290,12,0,0,40,Private,Assoc-acdm,Married-civ-spouse,Prof-specialty,Husband,White,Male,United-States,>50K
20,100605,9,0,0,40,Private,HS-grad,Never-married,Sales,Own-child,Other,Male,Puerto-Rico,<=50K
36,288585,9,0,0,20,Self-emp-not-inc,HS-grad,Married-civ-spouse,Other-service,Wife,Asian-Pac-Islander,Female,South,<=50K
20,262749,10,0,0,40,Private,Some-college,Never-married,Machine-op-inspct,Own-child,White,Male,United-States,<=50K
25,120268,13,0,0,70,Private,Bachelors,Never-married,Prof-specialty,Own-child,White,Male,United-States,<=50K
25,118088,9,0,0,40,Private,HS-grad,Never-married,Craft-repair,Unmarried,White,Male,United-States,<=50K
17,114798,6,0,0,20,Private,10th,Never-married,Other-service,Own-child,White,Female,United-States,<=50K
41,339682,3,0,0,40,MISSING,5th-6th,Married-civ-spouse,MISSING,Husband,White,Male,Mexico,<=50K
45,379393,10,0,0,45,Private,Some-college,Divorced,Tech-support,Not-in-family,White,Female,United-States,<=50K
24,178255,10,0,0,40,Private,Some-college,Married-civ-spouse,Priv-house-serv,Wife,White,Female,MISSING,<=50K
39,155603,10,0,2205,40,Private,Some-college,Never-married,Other-service,Own-child,Black,Female,United-States,<=50K
23,57898,10,0,0,30,Private,Some-college,Never-married,Farming-fishing,Not-in-family,White,Male,United-States,<=50K
46,267952,11,0,0,36,Local-gov,Assoc-voc,Divorced,Exec-managerial,Not-in-family,White,Female,United-States,<=50K
38,204556,9,0,0,40,Private,HS-grad,Divorced,Craft-repair,Not-in-family,Black,Male,United-States,<=50K
48,302612,14,0,0,40,Self-emp-inc,Masters,Married-civ-spouse,Other-service,Husband,White,Male,United-States,<=50K
27,113870,14,0,0,40,Self-emp-inc,Masters,Never-married,Transport-moving,Own-child,White,Male,United-States,<=50K
53,197492,9,0,0,40,Private,HS-grad,Divorced,Machine-op-inspct,Not-in-family,White,Female,United-States,<=50K
28,33798,11,0,0,40,Private,Assoc-voc,Married-civ-spouse,Machine-op-inspct,Husband,White,Male,United-States,<=50K
51,335997,9,4386,0,55,Private,HS-grad,Married-civ-spouse,Exec-managerial,Husband,White,Male,United-States,>50K
34,154667,9,0,0,40,Private,HS-grad,Married-civ-spouse,Machine-op-inspct,Wife,White,Female,United-States,<=50K
32,241802,9,0,0,40,Private,HS-grad,Married-civ-spouse,Other-service,Wife,Other,Female,United-States,<=50K
43,176069,9,0,0,16,Self-emp-not-inc,HS-grad,Married-civ-spouse,Other-service,Wife,White,Female,United-States,<=50K
42,93770,9,0,0,40,Private,HS-grad,Married-civ-spouse,Machine-op-inspct,Wife,White,Female,United-States,>50K
32,294121,12,0,0,50,Private,Assoc-acdm,Divorced,Machine-op-inspct,Not-in-family,White,Female,United-States,<=50K
21,188535,10,0,0,40,MISSING,Some-college,Never-married,MISSING,Own-child,White,Male,United-States,<=50K
21,188073,9,0,0,40,Private,HS-grad,Never-married,Machine-op-inspct,Own-child,Black,Female,United-States,<=50K
43,101534,10,0,1902,15,Self-emp-not-inc,Some-college,Married-civ-spouse,Exec-managerial,Husband,White,Male,United-States,>50K
17,115551,7,0,0,20,Private,11th,Never-married,Other-service,Own-child,White,Female,United-States,<=50K
34,73161,9,0,0,40,Private,HS-grad,Married-civ-spouse,Sales,Husband,White,Male,United-States,>50K
21,296158,6,0,0,25,Private,10th,Married-civ-spouse,Other-service,Husband,White,Male,United-States,<=50K
27,199314,13,0,0,40,Private,Bachelors,Never-married,Adm-clerical,Not-in-family,White,Male,Poland,<=50K
28,190060,9,0,0,40,Private,HS-grad,Married-civ-spouse,Sales,Husband,White,Male,United-States,>50K
44,198096,13,7688,0,40,Private,Bachelors,Married-civ-spouse,Sales,Husband,White,Male,United-States,>50K
71,163385,10,0,0,35,Private,Some-college,Widowed,Sales,Not-in-family,White,Male,United-States,>50K
53,104501,13,0,1902,55,Private,Bachelors,Married-civ-spouse,Exec-managerial,Husband,White,Male,United-States,>50K
48,143281,9,0,0,48,Private,HS-grad,Widowed,Machine-op-inspct,Not-in-family,White,Female,United-States,<=50K
60,116707,10,7298,0,40,Private,Some-college,Married-civ-spouse,Sales,Husband,White,Male,United-States,>50K
23,175424,10,0,0,40,Private,Some-college,Never-married,Adm-clerical,Own-child,Black,Female,United-States,<=50K
45,294671,11,4386,0,38,Private,Assoc-voc,Married-civ-spouse,Craft-repair,Husband,White,Male,United-States,>50K
27,243569,7,3942,0,40,Private,11th,Married-civ-spouse,Handlers-cleaners,Husband,White,Male,United-States,<=50K
42,191765,9,0,0,35,Private,HS-grad,Divorced,Other-service,Other-relative,Black,Female,United-States,<=50K
44,43711,12,7688,0,40,Private,Assoc-acdm,Married-civ-spouse,Sales,Husband,White,Male,United-States,>50K
61,34632,8,0,0,40,Private,12th,Married-spouse-absent,Prof-specialty,Not-in-family,White,Male,United-States,<=50K
40,277488,9,0,0,84,Self-emp-not-inc,HS-grad,Divorced,Transport-moving,Not-in-family,White,Male,United-States,<=50K
27,140863,9,0,0,60,Private,HS-grad,Never-married,Transport-moving,Not-in-family,White,Male,United-States,<=50K
49,98738,9,0,0,40,Local-gov,HS-grad,Married-civ-spouse,Craft-repair,Husband,White,Male,United-States,>50K
30,56121,9,0,0,40,Private,HS-grad,Never-married,Craft-repair,Not-in-family,White,Male,United-States,<=50K
38,82622,10,0,0,40,Private,Some-college,Divorced,Craft-repair,Unmarried,White,Male,United-States,<=50K
29,33798,10,0,0,20,State-gov,Some-college,Divorced,Adm-clerical,Own-child,White,Male,United-States,<=50K
63,158609,11,0,0,8,Private,Assoc-voc,Widowed,Adm-clerical,Unmarried,White,Female,United-States,<=50K
35,217605,9,0,0,40,Private,HS-grad,Married-civ-spouse,Handlers-cleaners,Wife,White,Female,United-States,<=50K
27,275110,9,0,0,80,Private,HS-grad,Married-civ-spouse,Handlers-cleaners,Husband,Black,Male,United-States,>50K
20,352139,10,0,0,29,Private,Some-college,Divorced,Other-service,Own-child,White,Female,United-States,<=50K
39,148015,9,0,0,52,Private,HS-grad,Never-married,Machine-op-inspct,Not-in-family,Black,Female,United-States,<=50K
29,157612,13,3325,0,45,Private,Bachelors,Never-married,Sales,Not-in-family,White,Female,United-States,<=50K
37,97136,10,0,0,40,Local-gov,Some-college,Married-spouse-absent,Adm-clerical,Unmarried,Black,Female,United-States,<=50K
40,215596,13,0,0,40,Private,Bachelors,Married-spouse-absent,Other-service,Not-in-family,Other,Male,Mexico,<=50K
30,116508,9,0,0,40,Private,HS-grad,Married-civ-spouse,Craft-repair,Husband,White,Male,Germany,<=50K
32,106742,9,0,0,40,Private,HS-grad,Married-civ-spouse,Transport-moving,Husband,White,Male,United-States,<=50K
41,153132,15,15024,0,40,Self-emp-not-inc,Prof-school,Married-civ-spouse,Exec-managerial,Husband,White,Male,United-States,>50K
23,176178,9,0,0,40,Private,HS-grad,Never-married,Tech-support,Own-child,White,Female,United-States,<=50K
42,100800,9,0,0,40,Private,HS-grad,Never-married,Craft-repair,Not-in-family,White,Male,United-States,<=50K
32,134727,9,0,0,40,Self-emp-not-inc,HS-grad,Married-civ-spouse,Machine-op-inspct,Husband,White,Male,United-States,<=50K
34,112212,9,0,1485,40,Private,HS-grad,Married-civ-spouse,Adm-clerical,Husband,White,Male,United-States,<=50K
47,204900,9,0,0,40,Federal-gov,HS-grad,Married-civ-spouse,Prof-specialty,Wife,Black,Female,United-States,<=50K
63,264968,13,0,0,40,Private,Bachelors,Never-married,Adm-clerical,Not-in-family,White,Male,United-States,<=50K
30,356689,13,0,0,30,Federal-gov,Bachelors,Married-civ-spouse,Adm-clerical,Husband,White,Male,Japan,<=50K
51,138847,13,0,0,40,Private,Bachelors,Married-civ-spouse,Exec-managerial,Husband,White,Male,United-States,>50K
19,225294,9,0,0,40,Private,HS-grad,Never-married,Other-service,Own-child,Black,Female,United-States,<=50K
31,137537,13,0,0,40,Local-gov,Bachelors,Divorced,Prof-specialty,Unmarried,White,Female,United-States,<=50K
26,243560,10,0,0,40,Private,Some-college,Never-married,Sales,Unmarried,White,Female,MISSING,<=50K
31,106347,10,0,0,40,Private,Some-college,Married-civ-spouse,Adm-clerical,Wife,Black,Female,United-States,<=50K
59,354037,15,15024,0,50,Private,Prof-school,Married-civ-spouse,Transport-moving,Husband,Black,Male,United-States,>50K
56,216851,13,0,0,40,Local-gov,Bachelors,Married-civ-spouse,Tech-support,Husband,White,Male,United-States,>50K
61,180382,3,3411,0,45,Private,5th-6th,Married-civ-spouse,Handlers-cleaners,Husband,White,Male,United-States,<=50K
31,301526,10,0,0,40,State-gov,Some-college,Married-spouse-absent,Other-service,Other-relative,White,Male,United-States,<=50K
38,236687,10,0,0,40,Local-gov,Some-college,Never-married,Prof-specialty,Own-child,White,Male,United-States,<=50K
47,28035,13,0,0,50,Private,Bachelors,Married-civ-spouse,Exec-managerial,Husband,White,Male,United-States,>50K
32,317647,9,0,0,40,State-gov,HS-grad,Never-married,Transport-moving,Own-child,White,Male,United-States,<=50K
35,267966,7,0,0,50,Private,11th,Never-married,Machine-op-inspct,Not-in-family,White,Male,United-States,<=50K
58,183870,6,0,0,40,Self-emp-inc,10th,Married-civ-spouse,Transport-moving,Wife,White,Female,United-States,<=50K
24,187115,13,0,0,20,Private,Bachelors,Never-married,Prof-specialty,Own-child,White,Female,United-States,<=50K
48,186539,10,0,0,40,Private,Some-college,Married-civ-spouse,Prof-specialty,Husband,White,Male,United-States,<=50K
44,68729,10,0,1902,40,Private,Some-college,Married-civ-spouse,Sales,Husband,Asian-Pac-Islander,Male,United-States,>50K
22,445758,3,0,0,40,Private,5th-6th,Never-married,Handlers-cleaners,Not-in-family,White,Male,Mexico,<=50K
51,304955,14,0,0,50,Self-emp-inc,Masters,Married-civ-spouse,Exec-managerial,Husband,White,Male,United-States,>50K
23,154210,10,0,0,14,Private,Some-college,Never-married,Adm-clerical,Other-relative,Asian-Pac-Islander,Male,Puerto-Rico,<=50K
27,180758,10,0,0,30,Private,Some-college,Married-civ-spouse,Handlers-cleaners,Husband,White,Male,United-States,<=50K
34,226385,14,0,0,40,Private,Masters,Divorced,Exec-managerial,Unmarried,Black,Female,United-States,<=50K
45,191914,9,0,0,55,Private,HS-grad,Divorced,Transport-moving,Unmarried,White,Female,United-States,<=50K
28,410351,9,0,0,40,Self-emp-not-inc,HS-grad,Married-civ-spouse,Exec-managerial,Husband,White,Male,Poland,<=50K
27,247711,9,0,0,40,Private,HS-grad,Married-civ-spouse,Adm-clerical,Wife,White,Female,United-States,<=50K
20,167787,10,0,0,20,Private,Some-college,Never-married,Sales,Own-child,White,Female,United-States,<=50K
28,162551,4,0,0,48,Private,7th-8th,Married-civ-spouse,Machine-op-inspct,Other-relative,Asian-Pac-Islander,Female,China,<=50K
39,255503,13,0,0,40,Private,Bachelors,Never-married,Exec-managerial,Not-in-family,White,Male,United-States,>50K
22,27937,10,0,0,36,MISSING,Some-college,Never-married,MISSING,Own-child,White,Male,United-States,<=50K
35,23621,9,0,0,70,Private,HS-grad,Never-married,Craft-repair,Not-in-family,White,Male,United-States,<=50K
33,394447,14,0,0,33,Private,Masters,Married-civ-spouse,Prof-specialty,Husband,White,Male,United-States,>50K
35,213208,11,0,0,38,Private,Assoc-voc,Married-civ-spouse,Tech-support,Husband,Black,Male,Jamaica,<=50K
27,386040,11,0,0,40,Private,Assoc-voc,Married-civ-spouse,Craft-repair,Husband,White,Male,Mexico,<=50K
48,188432,9,3103,0,46,Private,HS-grad,Married-civ-spouse,Machine-op-inspct,Husband,White,Male,United-States,>50K
27,206125,6,0,0,60,Local-gov,10th,Married-civ-spouse,Craft-repair,Husband,White,Male,United-States,<=50K
25,359985,3,0,0,33,Private,5th-6th,Never-married,Adm-clerical,Not-in-family,White,Female,Mexico,<=50K
42,198096,10,0,0,40,Private,Some-college,Married-civ-spouse,Other-service,Husband,White,Male,United-States,>50K
20,182117,10,0,0,40,MISSING,Some-college,Never-married,MISSING,Own-child,White,Male,United-States,<=50K
24,220944,10,0,0,60,Private,Some-college,Married-civ-spouse,Craft-repair,Husband,White,Male,United-States,<=50K
62,144583,9,0,0,40,MISSING,HS-grad,Married-civ-spouse,MISSING,Husband,White,Male,United-States,<=50K
36,237943,13,0,1977,45,Private,Bachelors,Married-civ-spouse,Prof-specialty,Husband,White,Male,United-States,>50K
19,29250,10,0,0,10,Private,Some-college,Never-married,Prof-specialty,Own-child,White,Male,United-States,<=50K
24,206671,11,0,0,40,Private,Assoc-voc,Married-civ-spouse,Craft-repair,Husband,White,Male,United-States,<=50K
27,164924,9,0,0,40,Private,HS-grad,Never-married,Craft-repair,Not-in-family,White,Male,United-States,<=50K
55,171780,12,0,0,30,Private,Assoc-acdm,Divorced,Sales,Unmarried,Black,Female,United-States,<=50K
22,446140,9,0,0,55,Private,HS-grad,Never-married,Sales,Own-child,White,Male,United-States,<=50K
25,390316,5,0,0,40,Private,9th,Married-civ-spouse,Craft-repair,Husband,White,Male,Mexico,<=50K
28,261278,11,0,0,40,Private,Assoc-voc,Never-married,Tech-support,Not-in-family,Black,Female,United-States,<=50K
46,268281,12,0,0,40,Federal-gov,Assoc-acdm,Divorced,Adm-clerical,Unmarried,White,Female,United-States,<=50K
54,128378,10,0,0,50,Private,Some-college,Widowed,Prof-specialty,Not-in-family,White,Male,United-States,<=50K
24,189749,7,0,0,40,Private,11th,Married-civ-spouse,Craft-repair,Husband,White,Male,United-States,<=50K
18,245199,10,0,0,40,Private,Some-college,Never-married,Other-service,Own-child,White,Male,United-States,<=50K
28,269786,9,0,0,40,Private,HS-grad,Married-civ-spouse,Transport-moving,Husband,White,Male,United-States,<=50K
41,271753,13,0,0,40,Private,Bachelors,Married-civ-spouse,Farming-fishing,Husband,White,Male,United-States,<=50K
55,95149,10,0,0,99,Self-emp-not-inc,Some-college,Married-civ-spouse,Transport-moving,Husband,White,Male,United-States,<=50K
61,101500,11,0,0,40,Private,Assoc-voc,Married-civ-spouse,Adm-clerical,Husband,White,Male,United-States,<=50K
39,157443,14,3464,0,40,MISSING,Masters,Married-civ-spouse,MISSING,Wife,Asian-Pac-Islander,Female,MISSING,<=50K
47,278322,10,7688,0,40,Private,Some-college,Married-civ-spouse,Prof-specialty,Husband,White,Male,United-States,>50K
45,213620,9,0,0,40,Private,HS-grad,Never-married,Other-service,Own-child,White,Female,United-States,<=50K
25,252752,10,0,0,45,Private,Some-college,Never-married,Transport-moving,Not-in-family,White,Female,United-States,<=50K
48,119471,16,0,0,40,Private,Doctorate,Married-civ-spouse,Prof-specialty,Husband,Asian-Pac-Islander,Male,India,>50K
49,111066,13,0,0,50,Self-emp-not-inc,Bachelors,Married-civ-spouse,Craft-repair,Husband,White,Male,United-States,>50K
36,192939,14,0,1977,60,Private,Masters,Married-civ-spouse,Prof-specialty,Husband,White,Male,United-States,>50K
38,239755,9,0,0,40,Private,HS-grad,Married-civ-spouse,Machine-op-inspct,Husband,White,Male,United-States,<=50K
37,186934,10,0,0,40,State-gov,Some-college,Married-civ-spouse,Other-service,Husband,White,Male,United-States,<=50K
32,190228,9,0,0,40,Local-gov,HS-grad,Married-civ-spouse,Other-service,Husband,White,Male,United-States,<=50K
26,180886,14,0,0,30,State-gov,Masters,Married-civ-spouse,Prof-specialty,Husband,White,Male,United-States,<=50K
70,230816,11,0,0,30,MISSING,Assoc-voc,Never-married,MISSING,Not-in-family,White,Male,United-States,<=50K
34,174789,13,0,2001,40,Private,Bachelors,Never-married,Other-service,Not-in-family,White,Male,United-States,<=50K
21,89991,10,0,0,40,Private,Some-college,Never-married,Adm-clerical,Own-child,White,Female,United-States,<=50K
57,230899,3,0,0,40,Private,5th-6th,Separated,Machine-op-inspct,Not-in-family,White,Female,United-States,<=50K
48,182862,10,0,0,40,Private,Some-college,Married-civ-spouse,Craft-repair,Husband,White,Male,United-States,>50K
25,214413,14,0,0,40,Private,Masters,Never-married,Adm-clerical,Own-child,White,Male,United-States,<=50K
24,170070,12,0,0,30,Private,Assoc-acdm,Divorced,Other-service,Own-child,White,Female,United-States,<=50K
19,693066,8,0,0,15,Private,12th,Never-married,Other-service,Own-child,White,Female,United-States,<=50K
38,114591,13,15024,0,40,Private,Bachelors,Married-civ-spouse,Prof-specialty,Wife,White,Female,United-States,>50K
20,70076,10,0,0,40,Private,Some-college,Never-married,Machine-op-inspct,Own-child,White,Female,United-States,<=50K
33,202051,14,0,0,50,Private,Masters,Married-civ-spouse,Prof-specialty,Husband,White,Male,United-States,<=50K
22,288132,10,0,0,35,Private,Some-college,Never-married,Sales,Own-child,White,Female,United-States,<=50K
55,189985,10,0,0,40,Federal-gov,Some-college,Divorced,Adm-clerical,Unmarried,Black,Female,United-States,<=50K
72,225780,16,0,0,30,Private,Doctorate,Never-married,Prof-specialty,Not-in-family,White,Male,United-States,<=50K
38,172927,9,0,0,50,Private,HS-grad,Married-civ-spouse,Sales,Husband,White,Male,United-States,<=50K
62,174355,9,0,0,40,Private,HS-grad,Widowed,Other-service,Not-in-family,White,Female,United-States,<=50K
32,171091,9,0,0,50,Private,HS-grad,Married-civ-spouse,Transport-moving,Husband,White,Male,United-States,>50K
23,96635,10,0,0,30,Private,Some-college,Never-married,Machine-op-inspct,Own-child,Asian-Pac-Islander,Male,United-States,<=50K
31,446512,10,0,0,40,Private,Some-college,Separated,Other-service,Unmarried,Black,Female,United-States,<=50K
38,117802,9,0,0,65,Private,HS-grad,Married-civ-spouse,Machine-op-inspct,Husband,White,Male,United-States,>50K
37,338033,14,0,0,40,Private,Masters,Never-married,Prof-specialty,Not-in-family,White,Female,United-States,<=50K
26,188569,10,0,0,25,Private,Some-college,Never-married,Adm-clerical,Not-in-family,White,Female,United-States,<=50K
63,97823,7,0,0,40,MISSING,11th,Married-civ-spouse,MISSING,Husband,White,Male,United-States,<=50K
43,147269,6,0,0,60,Self-emp-not-inc,10th,Married-civ-spouse,Craft-repair,Husband,White,Male,MISSING,<=50K
50,136836,9,0,0,40,Private,HS-grad,Divorced,Prof-specialty,Unmarried,Black,Female,United-States,<=50K
31,151053,10,5178,0,40,Private,Some-college,Married-civ-spouse,Transport-moving,Husband,White,Male,United-States,>50K
25,27411,13,0,0,40,Private,Bachelors,Divorced,Sales,Not-in-family,White,Female,United-States,<=50K
17,99175,7,0,0,20,Private,11th,Never-married,Other-service,Not-in-family,White,Female,United-States,<=50K
25,197728,10,0,0,40,Private,Some-college,Never-married,Adm-clerical,Own-child,White,Female,United-States,<=50K
37,188069,10,0,0,40,Federal-gov,Some-college,Married-civ-spouse,Adm-clerical,Husband,White,Male,Philippines,>50K
22,190625,13,0,0,20,State-gov,Bachelors,Married-civ-spouse,Exec-managerial,Husband,White,Male,United-States,<=50K
46,137354,14,0,0,40,Private,Masters,Married-civ-spouse,Tech-support,Husband,Asian-Pac-Islander,Male,Philippines,>50K
43,178780,10,0,0,49,Private,Some-college,Married-civ-spouse,Exec-managerial,Husband,White,Male,United-States,>50K
68,211584,10,0,0,40,Self-emp-not-inc,Some-college,Married-civ-spouse,Sales,Husband,White,Male,United-States,>50K
42,55363,14,0,0,55,Local-gov,Masters,Married-civ-spouse,Prof-specialty,Husband,White,Male,United-States,>50K
17,452406,7,0,0,15,Private,11th,Never-married,Sales,Own-child,Black,Female,United-States,<=50K
37,189922,12,0,0,50,Private,Assoc-acdm,Married-civ-spouse,Tech-support,Husband,White,Male,United-States,>50K
48,205707,14,10520,0,50,Federal-gov,Masters,Married-spouse-absent,Exec-managerial,Not-in-family,White,Female,United-States,>50K
50,138022,10,0,0,40,Private,Some-college,Married-civ-spouse,Prof-specialty,Husband,White,Male,United-States,<=50K
40,89226,13,0,0,40,Private,Bachelors,Married-civ-spouse,Sales,Husband,White,Male,United-States,>50K
32,71151,13,0,0,20,State-gov,Bachelors,Married-civ-spouse,Tech-support,Husband,White,Male,United-States,<=50K
49,200949,6,0,0,38,Private,10th,Never-married,Other-service,Unmarried,White,Female,Peru,<=50K
40,235786,10,0,0,44,Private,Some-college,Married-civ-spouse,Craft-repair,Husband,White,Male,United-States,>50K
31,359249,11,0,0,40,Private,Assoc-voc,Never-married,Protective-serv,Own-child,Black,Male,United-States,<=50K
26,176077,10,0,0,40,MISSING,Some-college,Never-married,MISSING,Unmarried,White,Female,United-States,<=50K
30,79303,11,0,0,60,Self-emp-not-inc,Assoc-voc,Married-civ-spouse,Farming-fishing,Husband,White,Male,United-States,<=50K
38,153685,7,0,0,52,Private,11th,Divorced,Machine-op-inspct,Unmarried,Black,Female,United-States,<=50K
22,291547,3,0,0,40,MISSING,5th-6th,Married-civ-spouse,MISSING,Wife,Other,Female,Mexico,<=50K
40,150471,12,0,0,40,Private,Assoc-acdm,Divorced,Other-service,Not-in-family,White,Female,United-States,<=50K
45,169092,9,0,0,55,Private,HS-grad,Divorced,Sales,Not-in-family,White,Female,United-States,<=50K
23,306868,13,0,0,40,Self-emp-inc,Bachelors,Never-married,Farming-fishing,Not-in-family,White,Male,United-States,<=50K
21,162228,10,0,0,40,Private,Some-college,Never-married,Adm-clerical,Own-child,White,Male,United-States,<=50K
36,34180,9,0,0,70,Self-emp-not-inc,HS-grad,Never-married,Farming-fishing,Not-in-family,White,Male,United-States,>50K
44,98466,6,0,0,35,Private,10th,Never-married,Farming-fishing,Unmarried,White,Male,United-States,<=50K
33,199046,13,0,0,40,Private,Bachelors,Never-married,Sales,Not-in-family,White,Female,United-States,<=50K
21,29810,9,0,0,50,Private,HS-grad,Never-married,Other-service,Not-in-family,White,Female,United-States,<=50K
40,233130,4,0,0,40,Private,7th-8th,Married-civ-spouse,Craft-repair,Husband,White,Male,El-Salvador,<=50K
47,108890,9,1831,0,38,State-gov,HS-grad,Divorced,Adm-clerical,Unmarried,White,Female,United-States,<=50K
27,193868,9,0,0,50,Self-emp-inc,HS-grad,Never-married,Sales,Not-in-family,White,Male,United-States,<=50K
52,204226,9,0,0,45,Private,HS-grad,Divorced,Sales,Not-in-family,White,Male,United-States,<=50K
57,222216,11,0,0,38,MISSING,Assoc-voc,Widowed,MISSING,Unmarried,White,Female,United-States,<=50K
25,180212,9,0,0,40,Private,HS-grad,Never-married,Adm-clerical,Unmarried,Black,Female,United-States,<=50K
23,170482,10,0,0,45,Private,Some-college,Never-married,Sales,Own-child,White,Male,United-States,<=50K
45,168598,8,3103,0,40,Private,12th,Married-civ-spouse,Adm-clerical,Wife,Black,Female,United-States,>50K
36,135786,5,0,0,25,Local-gov,9th,Married-civ-spouse,Craft-repair,Husband,White,Male,United-States,<=50K
59,349910,13,10605,0,50,State-gov,Bachelors,Married-civ-spouse,Exec-managerial,Husband,White,Male,United-States,>50K
47,223342,9,0,1504,35,Private,HS-grad,Divorced,Adm-clerical,Unmarried,White,Female,United-States,<=50K
25,273876,13,0,0,65,Private,Bachelors,Never-married,Sales,Not-in-family,White,Male,United-States,<=50K
52,256916,9,0,0,40,Private,HS-grad,Married-civ-spouse,Exec-managerial,Husband,White,Male,United-States,<=50K
61,28291,9,0,0,82,Private,HS-grad,Divorced,Farming-fishing,Not-in-family,White,Female,United-States,<=50K
26,164488,13,0,0,10,Private,Bachelors,Never-married,Exec-managerial,Not-in-family,White,Male,United-States,<=50K
64,631947,6,0,0,40,Private,10th,Married-civ-spouse,Adm-clerical,Husband,White,Male,United-States,<=50K
72,201375,12,0,0,40,MISSING,Assoc-acdm,Widowed,MISSING,Not-in-family,White,Female,United-States,<=50K
55,193568,9,0,0,40,Private,HS-grad,Widowed,Adm-clerical,Not-in-family,White,Female,United-States,<=50K
36,212143,13,0,0,20,State-gov,Bachelors,Married-civ-spouse,Adm-clerical,Wife,White,Female,United-States,>50K
41,95047,11,7688,0,44,Private,Assoc-voc,Married-civ-spouse,Adm-clerical,Wife,White,Female,United-States,>50K
36,54229,12,0,0,37,Private,Assoc-acdm,Married-civ-spouse,Exec-managerial,Wife,White,Female,United-States,<=50K
24,322658,13,0,0,40,Local-gov,Bachelors,Never-married,Prof-specialty,Not-in-family,White,Female,United-States,<=50K
49,143459,5,0,0,38,Private,9th,Separated,Handlers-cleaners,Own-child,White,Male,United-States,<=50K
20,163003,9,0,0,15,Private,HS-grad,Never-married,Adm-clerical,Unmarried,Asian-Pac-Islander,Female,United-States,<=50K
28,57066,9,0,0,40,Private,HS-grad,Married-civ-spouse,Transport-moving,Husband,White,Male,United-States,<=50K
26,214303,13,0,0,50,Private,Bachelors,Never-married,Prof-specialty,Not-in-family,White,Female,United-States,<=50K
19,26620,10,0,0,40,MISSING,Some-college,Never-married,MISSING,Own-child,White,Female,United-States,<=50K
31,265706,13,0,0,40,Private,Bachelors,Never-married,Sales,Not-in-family,White,Male,United-States,<=50K
36,192704,8,4650,0,50,Private,12th,Never-married,Exec-managerial,Not-in-family,White,Male,United-States,<=50K
74,199136,13,15831,0,8,Self-emp-not-inc,Bachelors,Widowed,Craft-repair,Not-in-family,White,Male,Germany,>50K
32,275094,13,7688,0,55,Self-emp-inc,Bachelors,Married-civ-spouse,Sales,Husband,White,Male,Mexico,>50K
24,103064,13,3674,0,40,Private,Bachelors,Never-married,Tech-support,Not-in-family,White,Female,United-States,<=50K
30,329425,10,0,0,48,Private,Some-college,Never-married,Protective-serv,Own-child,White,Male,United-States,<=50K
43,115806,14,0,2547,40,Private,Masters,Divorced,Exec-managerial,Unmarried,White,Female,United-States,>50K
45,166056,9,0,0,40,Private,HS-grad,Divorced,Other-service,Unmarried,White,Female,United-States,<=50K
24,163665,13,0,0,40,Private,Bachelors,Never-married,Other-service,Own-child,White,Female,United-States,<=50K
27,289039,10,0,0,40,Local-gov,Some-college,Never-married,Protective-serv,Unmarried,Asian-Pac-Islander,Female,United-States,<=50K
25,120450,9,0,0,40,Private,HS-grad,Never-married,Other-service,Not-in-family,White,Male,United-States,<=50K
61,96660,10,15024,0,34,Private,Some-college,Married-civ-spouse,Adm-clerical,Wife,White,Female,United-States,>50K
32,290964,13,0,1590,40,Private,Bachelors,Never-married,Sales,Not-in-family,White,Female,United-States,<=50K
22,320451,10,0,0,24,Private,Some-college,Never-married,Protective-serv,Own-child,Asian-Pac-Islander,Male,India,<=50K
49,357540,9,0,0,25,Private,HS-grad,Married-civ-spouse,Farming-fishing,Husband,White,Male,United-States,<=50K
66,116468,14,2936,0,20,Private,Masters,Married-civ-spouse,Prof-specialty,Husband,White,Male,United-States,<=50K
31,44503,10,0,0,40,Self-emp-not-inc,Some-college,Married-civ-spouse,Craft-repair,Husband,White,Male,United-States,<=50K
34,231238,9,0,0,40,Private,HS-grad,Married-civ-spouse,Machine-op-inspct,Husband,Black,Male,United-States,<=50K
24,241951,9,0,0,40,Private,HS-grad,Never-married,Handlers-cleaners,Unmarried,Black,Female,United-States,<=50K
46,145290,10,0,0,40,Private,Some-college,Married-civ-spouse,Craft-repair,Husband,White,Male,United-States,<=50K
24,196280,13,0,0,30,Private,Bachelors,Never-married,Sales,Not-in-family,White,Female,United-States,<=50K
42,91468,9,0,0,40,Federal-gov,HS-grad,Divorced,Adm-clerical,Not-in-family,White,Female,United-States,<=50K
24,96279,9,0,0,40,Private,HS-grad,Never-married,Machine-op-inspct,Own-child,White,Female,United-States,<=50K
39,48063,10,0,0,60,Self-emp-not-inc,Some-college,Married-civ-spouse,Farming-fishing,Husband,White,Male,United-States,<=50K
41,190786,13,0,0,20,Local-gov,Bachelors,Divorced,Prof-specialty,Not-in-family,White,Male,United-States,<=50K
26,242768,13,0,0,38,Private,Bachelors,Never-married,Prof-specialty,Not-in-family,White,Male,United-States,<=50K
23,105617,5,0,0,40,Private,9th,Never-married,Transport-moving,Own-child,White,Male,United-States,<=50K
65,143175,10,0,0,45,Private,Some-college,Widowed,Sales,Other-relative,White,Female,United-States,<=50K
39,329980,13,0,2415,60,Self-emp-inc,Bachelors,Married-civ-spouse,Sales,Husband,White,Male,United-States,>50K
31,114691,9,0,0,40,Private,HS-grad,Never-married,Sales,Own-child,White,Male,United-States,<=50K
26,37379,13,0,0,45,Private,Bachelors,Never-married,Exec-managerial,Not-in-family,White,Female,United-States,<=50K
20,205895,10,0,0,20,Private,Some-college,Never-married,Sales,Own-child,White,Female,United-States,<=50K
58,30111,10,0,0,40,Federal-gov,Some-college,Widowed,Prof-specialty,Unmarried,Amer-Indian-Eskimo,Female,United-States,<=50K
51,108435,9,0,0,40,Local-gov,HS-grad,Married-civ-spouse,Craft-repair,Husband,White,Male,United-States,<=50K
30,374454,9,0,0,40,Private,HS-grad,Divorced,Transport-moving,Own-child,Black,Male,United-States,<=50K
34,159322,13,0,0,50,Private,Bachelors,Married-civ-spouse,Exec-managerial,Husband,White,Male,United-States,>50K
27,80165,10,0,0,20,Private,Some-college,Separated,Adm-clerical,Unmarried,White,Female,United-States,<=50K
29,119359,9,0,0,10,Private,HS-grad,Married-civ-spouse,Prof-specialty,Wife,Asian-Pac-Islander,Female,China,>50K
57,180920,6,0,0,43,Private,10th,Married-civ-spouse,Craft-repair,Husband,White,Male,United-States,<=50K
36,311255,9,0,0,40,Private,HS-grad,Married-civ-spouse,Machine-op-inspct,Husband,Black,Male,Haiti,<=50K
39,211785,9,0,0,20,Self-emp-not-inc,HS-grad,Never-married,Craft-repair,Own-child,Black,Female,United-States,<=50K
26,203279,15,2463,0,50,State-gov,Prof-school,Never-married,Prof-specialty,Not-in-family,Asian-Pac-Islander,Male,India,<=50K
35,296738,7,6849,0,60,MISSING,11th,Separated,MISSING,Not-in-family,White,Female,United-States,<=50K
53,162576,4,0,0,99,Self-emp-not-inc,7th-8th,Married-civ-spouse,Tech-support,Husband,White,Male,United-States,<=50K
33,267404,9,0,0,40,Private,HS-grad,Married-civ-spouse,Craft-repair,Wife,White,Female,United-States,<=50K
40,272960,12,0,0,42,Private,Assoc-acdm,Married-civ-spouse,Tech-support,Husband,White,Male,United-States,>50K
34,158800,13,0,0,50,Private,Bachelors,Married-civ-spouse,Exec-managerial,Husband,White,Male,United-States,>50K
60,75726,9,0,1092,40,Private,HS-grad,Divorced,Exec-managerial,Not-in-family,White,Female,United-States,<=50K
37,126569,14,0,1977,40,Private,Masters,Married-civ-spouse,Exec-managerial,Husband,White,Male,United-States,>50K
17,187308,6,0,0,15,Private,10th,Never-married,Other-service,Own-child,White,Female,United-States,<=50K
21,119665,10,0,0,35,Private,Some-college,Never-married,Tech-support,Own-child,White,Male,United-States,<=50K
38,312271,13,0,0,50,Private,Bachelors,Married-civ-spouse,Prof-specialty,Husband,White,Male,United-States,>50K
32,128714,9,0,0,32,Federal-gov,HS-grad,Never-married,Other-service,Own-child,Black,Female,United-States,<=50K
37,233571,11,0,0,37,Private,Assoc-voc,Married-civ-spouse,Tech-support,Wife,White,Female,United-States,>50K
35,465326,13,0,0,40,Private,Bachelors,Married-civ-spouse,Sales,Husband,White,Male,United-States,<=50K
60,338345,9,0,0,45,Private,HS-grad,Married-civ-spouse,Craft-repair,Husband,White,Male,United-States,>50K
63,447079,9,0,0,15,MISSING,HS-grad,Never-married,MISSING,Not-in-family,White,Male,United-States,<=50K
18,200525,7,0,0,25,MISSING,11th,Never-married,MISSING,Own-child,White,Female,United-States,<=50K
38,197077,9,0,0,40,Private,HS-grad,Married-civ-spouse,Other-service,Husband,White,Male,United-States,<=50K
32,981628,9,0,0,40,MISSING,HS-grad,Divorced,MISSING,Unmarried,Black,Male,United-States,<=50K
53,257940,9,2829,0,40,Private,HS-grad,Married-civ-spouse,Machine-op-inspct,Husband,White,Male,United-States,<=50K
38,79619,13,0,0,42,Private,Bachelors,Married-civ-spouse,Sales,Husband,White,Male,United-States,>50K
20,33644,9,0,0,30,Private,HS-grad,Never-married,Adm-clerical,Own-child,White,Female,United-States,<=50K
59,105363,9,0,0,40,State-gov,HS-grad,Never-married,Adm-clerical,Own-child,White,Male,United-States,<=50K
37,77820,13,0,0,45,Private,Bachelors,Married-civ-spouse,Exec-managerial,Husband,White,Male,United-States,>50K
36,164526,14,10520,0,45,Self-emp-not-inc,Masters,Never-married,Sales,Not-in-family,White,Male,United-States,>50K
23,227915,9,0,0,33,Private,HS-grad,Never-married,Craft-repair,Unmarried,White,Female,United-States,<=50K
33,374905,9,0,0,50,Self-emp-inc,HS-grad,Married-civ-spouse,Sales,Husband,White,Male,United-States,>50K
55,184882,11,5178,0,50,Private,Assoc-voc,Married-civ-spouse,Transport-moving,Husband,White,Male,United-States,>50K
60,154474,9,0,0,42,Self-emp-not-inc,HS-grad,Never-married,Farming-fishing,Unmarried,White,Male,United-States,<=50K
21,213015,9,2176,0,40,Private,HS-grad,Never-married,Handlers-cleaners,Other-relative,Black,Male,United-States,<=50K
36,51089,13,0,0,50,Federal-gov,Bachelors,Married-civ-spouse,Adm-clerical,Husband,White,Male,United-States,>50K
38,194630,13,4787,0,43,Local-gov,Bachelors,Never-married,Protective-serv,Not-in-family,White,Female,United-States,>50K
60,163946,5,0,0,40,MISSING,9th,Married-civ-spouse,MISSING,Husband,White,Male,United-States,<=50K
21,24008,10,0,0,35,State-gov,Some-college,Never-married,Craft-repair,Own-child,White,Male,United-States,<=50K
26,154966,10,0,0,50,Private,Some-college,Married-civ-spouse,Sales,Husband,White,Male,United-States,>50K
38,380543,9,0,0,30,Private,HS-grad,Never-married,Other-service,Unmarried,Black,Female,United-States,<=50K
27,147340,9,0,0,50,Private,HS-grad,Never-married,Other-service,Not-in-family,White,Female,United-States,>50K
37,137527,16,0,2559,60,Self-emp-not-inc,Doctorate,Never-married,Prof-specialty,Not-in-family,White,Female,United-States,>50K
29,176027,13,0,0,40,Private,Bachelors,Never-married,Prof-specialty,Not-in-family,White,Female,United-States,<=50K
35,144937,9,0,0,42,Private,HS-grad,Married-civ-spouse,Craft-repair,Husband,White,Male,United-States,<=50K
23,174714,6,0,0,60,Self-emp-not-inc,10th,Never-married,Craft-repair,Not-in-family,White,Male,United-States,<=50K
45,128736,6,0,0,40,Private,10th,Divorced,Sales,Not-in-family,White,Female,United-States,<=50K
23,335570,10,0,0,35,Private,Some-college,Never-married,Handlers-cleaners,Own-child,White,Male,United-States,<=50K
58,175017,13,0,0,25,MISSING,Bachelors,Divorced,MISSING,Not-in-family,White,Male,United-States,<=50K
63,174018,10,0,0,40,Private,Some-college,Married-civ-spouse,Sales,Husband,Black,Male,United-States,>50K
20,194504,10,0,0,40,Private,Some-college,Separated,Sales,Unmarried,Black,Female,United-States,<=50K
25,31873,13,0,0,40,Local-gov,Bachelors,Never-married,Adm-clerical,Not-in-family,White,Female,United-States,<=50K
36,51089,13,0,0,60,Private,Bachelors,Never-married,Craft-repair,Not-in-family,White,Male,United-States,<=50K
70,92593,10,0,0,25,MISSING,Some-college,Widowed,MISSING,Not-in-family,White,Female,United-States,<=50K
23,167692,10,0,0,20,Private,Some-college,Never-married,Adm-clerical,Own-child,White,Female,United-States,<=50K
25,120238,7,5178,0,40,Private,11th,Married-civ-spouse,Transport-moving,Husband,White,Male,Poland,>50K
26,211695,13,0,0,40,Private,Bachelors,Never-married,Prof-specialty,Own-child,White,Male,United-States,<=50K
54,168553,13,0,0,40,Local-gov,Bachelors,Married-civ-spouse,Exec-managerial,Husband,White,Male,United-States,<=50K
32,170108,9,0,0,50,Self-emp-not-inc,HS-grad,Separated,Sales,Not-in-family,White,Male,United-States,<=50K
48,383384,9,0,0,60,Local-gov,HS-grad,Married-civ-spouse,Craft-repair,Husband,White,Male,United-States,<=50K
29,212588,10,0,0,65,Without-pay,Some-college,Married-civ-spouse,Farming-fishing,Own-child,White,Male,United-States,<=50K
36,173804,10,0,0,35,Private,Some-college,Never-married,Sales,Not-in-family,White,Female,United-States,<=50K
56,157639,10,0,0,50,Private,Some-college,Married-civ-spouse,Craft-repair,Husband,White,Male,United-States,<=50K
41,26598,9,0,0,40,Self-emp-not-inc,HS-grad,Divorced,Craft-repair,Not-in-family,White,Male,United-States,<=50K
21,455361,5,0,0,35,Private,9th,Never-married,Other-service,Unmarried,White,Male,Mexico,<=50K
52,270728,4,0,0,48,Private,7th-8th,Married-civ-spouse,Other-service,Husband,White,Male,Cuba,<=50K
39,230329,9,0,0,35,Private,HS-grad,Married-civ-spouse,Craft-repair,Husband,White,Male,United-States,<=50K
36,272944,11,0,0,60,Private,Assoc-voc,Married-civ-spouse,Exec-managerial,Husband,White,Male,United-States,>50K
36,154669,13,0,0,55,Private,Bachelors,Never-married,Exec-managerial,Own-child,White,Male,United-States,<=50K
42,154374,9,0,0,50,Private,HS-grad,Married-civ-spouse,Transport-moving,Husband,White,Male,United-States,>50K
42,182108,13,0,0,35,Private,Bachelors,Never-married,Exec-managerial,Not-in-family,White,Female,United-States,<=50K
22,281432,10,0,0,30,Private,Some-college,Never-married,Handlers-cleaners,Own-child,White,Male,United-States,<=50K
49,194962,7,0,0,6,Private,11th,Married-civ-spouse,Other-service,Wife,White,Female,United-States,<=50K
51,195844,10,0,0,40,Local-gov,Some-college,Married-civ-spouse,Protective-serv,Husband,White,Male,United-States,>50K
56,32855,9,0,0,40,MISSING,HS-grad,Divorced,MISSING,Not-in-family,White,Male,United-States,<=50K
22,117363,10,0,0,35,Private,Some-college,Never-married,Adm-clerical,Not-in-family,White,Female,United-States,<=50K
57,71367,9,0,0,40,Private,HS-grad,Divorced,Other-service,Unmarried,White,Female,United-States,<=50K
64,208862,9,0,0,50,MISSING,HS-grad,Married-civ-spouse,MISSING,Husband,White,Male,United-States,>50K
38,682947,13,0,0,55,Private,Bachelors,Divorced,Exec-managerial,Not-in-family,White,Male,United-States,>50K
53,254285,14,0,0,40,Private,Masters,Married-civ-spouse,Prof-specialty,Husband,White,Male,United-States,>50K
27,69132,13,0,0,40,Private,Bachelors,Never-married,Prof-specialty,Not-in-family,White,Male,United-States,<=50K
49,101825,14,0,1977,40,Private,Masters,Married-civ-spouse,Prof-specialty,Wife,White,Female,United-States,>50K
36,252327,3,0,0,40,Private,5th-6th,Married-spouse-absent,Craft-repair,Other-relative,White,Male,Mexico,<=50K
33,171876,10,0,0,40,Private,Some-college,Divorced,Other-service,Unmarried,White,Female,United-States,<=50K
36,267556,9,4064,0,40,Private,HS-grad,Married-civ-spouse,Craft-repair,Husband,White,Male,United-States,<=50K
34,122116,10,0,0,40,Private,Some-college,Married-civ-spouse,Exec-managerial,Husband,White,Male,United-States,<=50K
36,196348,9,0,0,60,State-gov,HS-grad,Married-civ-spouse,Exec-managerial,Husband,White,Male,United-States,>50K
57,161964,9,0,0,55,Private,HS-grad,Married-civ-spouse,Craft-repair,Husband,White,Male,United-States,<=50K
61,125155,9,0,0,40,Private,HS-grad,Married-civ-spouse,Machine-op-inspct,Husband,White,Male,United-States,<=50K
21,210165,5,0,0,40,Private,9th,Married-spouse-absent,Handlers-cleaners,Own-child,White,Male,United-States,<=50K
47,329144,10,0,0,48,Private,Some-college,Divorced,Prof-specialty,Not-in-family,White,Male,United-States,>50K
27,213921,9,0,0,40,Private,HS-grad,Never-married,Other-service,Own-child,White,Male,Mexico,<=50K
42,247695,9,0,0,45,Private,HS-grad,Married-civ-spouse,Machine-op-inspct,Husband,White,Male,United-States,>50K
27,221166,5,0,0,40,Private,9th,Never-married,Farming-fishing,Own-child,White,Male,United-States,<=50K
24,267396,13,0,0,40,Self-emp-not-inc,Bachelors,Never-married,Sales,Not-in-family,White,Male,United-States,<=50K
50,123429,13,0,0,45,Self-emp-inc,Bachelors,Married-civ-spouse,Prof-specialty,Husband,White,Male,Italy,>50K
43,56920,9,0,0,60,Self-emp-not-inc,HS-grad,Married-civ-spouse,Craft-repair,Husband,White,Male,United-States,<=50K
48,102597,10,0,0,44,Private,Some-college,Separated,Adm-clerical,Unmarried,White,Female,United-States,<=50K
57,290661,16,0,0,60,State-gov,Doctorate,Divorced,Prof-specialty,Not-in-family,White,Male,United-States,>50K
42,206066,14,0,0,65,Self-emp-not-inc,Masters,Married-civ-spouse,Prof-specialty,Husband,White,Male,United-States,<=50K
36,169037,9,0,0,40,Private,HS-grad,Never-married,Adm-clerical,Not-in-family,White,Female,United-States,<=50K
32,38797,11,0,0,40,Private,Assoc-voc,Never-married,Craft-repair,Not-in-family,White,Male,United-States,<=50K
61,162391,4,0,1651,40,Private,7th-8th,Married-civ-spouse,Transport-moving,Husband,White,Male,United-States,<=50K
49,263568,13,0,0,60,Self-emp-not-inc,Bachelors,Married-civ-spouse,Exec-managerial,Husband,White,Male,United-States,>50K
44,267790,5,0,0,40,Private,9th,Never-married,Other-service,Unmarried,Black,Female,United-States,<=50K
48,97863,13,0,0,45,Private,Bachelors,Married-civ-spouse,Prof-specialty,Husband,White,Male,Italy,>50K
25,305449,10,0,0,40,Self-emp-not-inc,Some-college,Never-married,Machine-op-inspct,Own-child,White,Male,United-States,<=50K
27,254500,10,0,0,36,Private,Some-college,Divorced,Adm-clerical,Unmarried,Black,Female,United-States,<=50K
64,151540,7,0,0,16,Private,11th,Widowed,Tech-support,Unmarried,White,Female,United-States,<=50K
57,51016,9,0,0,60,Self-emp-inc,HS-grad,Married-civ-spouse,Exec-managerial,Husband,White,Male,United-States,>50K
51,231495,16,7688,0,55,State-gov,Doctorate,Married-civ-spouse,Exec-managerial,Husband,White,Male,United-States,>50K
67,222899,11,0,0,40,Private,Assoc-voc,Divorced,Prof-specialty,Unmarried,White,Female,United-States,<=50K
59,241297,10,6849,0,40,Self-emp-not-inc,Some-college,Widowed,Farming-fishing,Not-in-family,White,Female,United-States,<=50K
27,65308,9,0,0,50,Self-emp-not-inc,HS-grad,Married-civ-spouse,Farming-fishing,Husband,White,Male,United-States,<=50K
28,251854,10,0,0,40,Local-gov,Some-college,Never-married,Adm-clerical,Unmarried,Black,Female,United-States,<=50K
38,143123,13,0,0,40,Private,Bachelors,Married-civ-spouse,Exec-managerial,Husband,White,Male,United-States,>50K
17,285169,7,0,0,40,Private,11th,Never-married,Priv-house-serv,Own-child,White,Female,United-States,<=50K
17,96282,6,0,0,14,Private,10th,Never-married,Other-service,Own-child,White,Male,United-States,<=50K
36,112264,9,0,0,50,Private,HS-grad,Married-civ-spouse,Transport-moving,Husband,White,Male,United-States,<=50K
34,29235,12,0,0,40,Private,Assoc-acdm,Divorced,Prof-specialty,Not-in-family,White,Female,United-States,<=50K
42,213821,9,0,1887,40,Private,HS-grad,Married-civ-spouse,Craft-repair,Husband,White,Male,United-States,>50K
40,90222,10,0,0,40,Private,Some-college,Never-married,Sales,Not-in-family,White,Female,United-States,<=50K
44,37997,9,0,0,60,Self-emp-inc,HS-grad,Married-civ-spouse,Farming-fishing,Husband,White,Male,United-States,<=50K
51,95946,13,0,0,50,Private,Bachelors,Married-civ-spouse,Prof-specialty,Husband,White,Male,United-States,>50K
40,87771,9,0,1628,45,Private,HS-grad,Married-civ-spouse,Craft-repair,Wife,White,Female,United-States,<=50K
30,191385,7,0,0,40,Private,11th,Married-civ-spouse,Machine-op-inspct,Husband,White,Male,United-States,<=50K
48,334409,13,0,0,50,Local-gov,Bachelors,Married-civ-spouse,Prof-specialty,Wife,White,Female,United-States,>50K
47,162034,13,0,0,70,Private,Bachelors,Married-civ-spouse,Sales,Husband,White,Male,United-States,<=50K
29,100405,6,0,0,40,Private,10th,Married-civ-spouse,Farming-fishing,Wife,Amer-Indian-Eskimo,Female,United-States,<=50K
52,179951,15,0,0,40,Self-emp-inc,Prof-school,Married-civ-spouse,Exec-managerial,Husband,White,Male,United-States,<=50K
47,73394,10,0,0,50,Private,Some-college,Married-civ-spouse,Exec-managerial,Wife,White,Female,United-States,<=50K
41,128700,9,0,0,40,MISSING,HS-grad,Never-married,MISSING,Own-child,White,Female,United-States,<=50K
45,197418,10,0,0,48,Private,Some-college,Divorced,Adm-clerical,Not-in-family,White,Female,United-States,<=50K
67,74335,9,0,0,10,MISSING,HS-grad,Widowed,MISSING,Not-in-family,White,Female,Germany,<=50K
40,123306,11,0,0,40,Private,Assoc-voc,Married-civ-spouse,Prof-specialty,Husband,White,Male,United-States,>50K
35,189240,10,0,0,40,Private,Some-college,Divorced,Other-service,Unmarried,Black,Female,United-States,<=50K
34,261799,11,0,0,45,Private,Assoc-voc,Married-civ-spouse,Adm-clerical,Husband,Black,Male,United-States,>50K
56,98418,9,0,0,30,Private,HS-grad,Divorced,Transport-moving,Not-in-family,White,Male,United-States,<=50K
44,225263,10,0,1408,46,Private,Some-college,Divorced,Sales,Unmarried,White,Female,United-States,<=50K
28,155397,13,0,0,55,State-gov,Bachelors,Never-married,Exec-managerial,Not-in-family,White,Male,United-States,<=50K
45,241350,12,0,0,45,Private,Assoc-acdm,Married-civ-spouse,Craft-repair,Husband,White,Male,United-States,>50K
19,43285,10,0,0,20,Private,Some-college,Never-married,Adm-clerical,Own-child,White,Female,United-States,<=50K
46,173243,9,0,0,40,Private,HS-grad,Married-civ-spouse,Craft-repair,Husband,White,Male,United-States,<=50K
60,191118,9,0,1848,40,MISSING,HS-grad,Married-civ-spouse,MISSING,Husband,White,Male,United-States,>50K
50,140516,13,0,0,40,Self-emp-inc,Bachelors,Married-civ-spouse,Adm-clerical,Husband,White,Male,United-States,<=50K
53,240138,9,0,0,60,Self-emp-not-inc,HS-grad,Married-civ-spouse,Craft-repair,Husband,White,Male,United-States,<=50K
58,244830,13,4787,0,40,Federal-gov,Bachelors,Separated,Prof-specialty,Not-in-family,White,Male,United-States,>50K
57,120302,9,0,0,40,Private,HS-grad,Married-civ-spouse,Machine-op-inspct,Husband,White,Male,United-States,<=50K
39,38312,10,0,0,40,Private,Some-college,Married-spouse-absent,Craft-repair,Unmarried,White,Male,United-States,>50K
17,293440,7,0,0,15,Private,11th,Never-married,Adm-clerical,Own-child,White,Female,United-States,<=50K
35,175614,11,0,0,40,Private,Assoc-voc,Divorced,Prof-specialty,Unmarried,White,Female,United-States,>50K
45,132847,9,0,0,40,Private,HS-grad,Never-married,Handlers-cleaners,Not-in-family,White,Female,United-States,<=50K
36,112512,8,0,0,40,Private,12th,Separated,Other-service,Unmarried,White,Female,Mexico,<=50K
39,89040,11,0,0,40,Private,Assoc-voc,Married-civ-spouse,Other-service,Husband,White,Male,United-States,<=50K
26,202286,13,0,0,40,Local-gov,Bachelors,Never-married,Tech-support,Own-child,White,Male,United-States,<=50K
50,35224,9,0,0,40,Private,HS-grad,Married-civ-spouse,Craft-repair,Husband,White,Male,United-States,<=50K
35,238802,9,0,0,50,Self-emp-not-inc,HS-grad,Married-civ-spouse,Farming-fishing,Husband,White,Male,United-States,<=50K
32,130040,9,0,0,40,Private,HS-grad,Divorced,Handlers-cleaners,Not-in-family,White,Male,United-States,<=50K
29,394927,10,0,0,45,Self-emp-not-inc,Some-college,Never-married,Craft-repair,Not-in-family,White,Male,United-States,<=50K
19,169324,10,0,0,10,MISSING,Some-college,Never-married,MISSING,Own-child,White,Male,United-States,<=50K
46,216999,13,0,0,55,Private,Bachelors,Never-married,Exec-managerial,Not-in-family,White,Male,United-States,>50K
33,164707,12,2174,0,55,Private,Assoc-acdm,Never-married,Exec-managerial,Unmarried,White,Female,MISSING,<=50K
42,161510,13,7298,0,40,Private,Bachelors,Married-civ-spouse,Sales,Husband,White,Male,United-States,>50K
28,109162,14,0,0,50,Private,Masters,Never-married,Prof-specialty,Not-in-family,White,Female,United-States,<=50K
30,262994,10,0,0,40,Private,Some-college,Divorced,Craft-repair,Not-in-family,Black,Male,United-States,<=50K
34,182177,9,3325,0,35,Private,HS-grad,Divorced,Craft-repair,Not-in-family,White,Male,United-States,<=50K
36,76767,10,0,0,39,State-gov,Some-college,Divorced,Exec-managerial,Not-in-family,White,Female,United-States,<=50K
25,156848,10,0,0,40,MISSING,Some-college,Never-married,MISSING,Own-child,White,Male,United-States,<=50K
53,140359,1,0,0,35,Local-gov,Preschool,Never-married,Machine-op-inspct,Not-in-family,White,Female,United-States,<=50K
24,151153,10,99999,0,50,MISSING,Some-college,Never-married,MISSING,Not-in-family,Asian-Pac-Islander,Male,South,>50K
26,188767,13,0,0,40,Private,Bachelors,Never-married,Sales,Own-child,White,Male,United-States,<=50K
29,194864,9,0,0,18,Private,HS-grad,Married-civ-spouse,Sales,Wife,White,Female,United-States,<=50K
45,188823,14,0,0,50,Local-gov,Masters,Married-civ-spouse,Prof-specialty,Husband,White,Male,United-States,>50K
31,203488,9,0,0,40,Private,HS-grad,Married-civ-spouse,Handlers-cleaners,Husband,White,Male,United-States,<=50K
54,205337,13,0,0,50,Private,Bachelors,Never-married,Exec-managerial,Not-in-family,White,Male,United-States,>50K
51,94174,10,0,0,35,State-gov,Some-college,Divorced,Adm-clerical,Unmarried,White,Female,United-States,<=50K
45,155659,10,0,0,40,Federal-gov,Some-college,Married-civ-spouse,Prof-specialty,Husband,White,Male,United-States,>50K
23,433669,12,0,0,40,Private,Assoc-acdm,Never-married,Adm-clerical,Not-in-family,White,Male,United-States,<=50K
46,295566,16,25236,0,65,Private,Doctorate,Divorced,Prof-specialty,Unmarried,White,Female,United-States,>50K
22,202745,9,0,0,55,Private,HS-grad,Never-married,Machine-op-inspct,Other-relative,White,Male,United-States,<=50K
31,109020,13,0,0,40,Private,Bachelors,Never-married,Prof-specialty,Unmarried,Other,Male,United-States,<=50K
44,116825,15,15024,0,80,Private,Prof-school,Married-civ-spouse,Prof-specialty,Husband,White,Male,United-States,>50K
25,77698,10,0,0,40,Local-gov,Some-college,Never-married,Adm-clerical,Unmarried,Black,Female,United-States,<=50K
38,331395,4,3942,0,84,Private,7th-8th,Married-civ-spouse,Farming-fishing,Husband,White,Male,Portugal,<=50K
39,70995,13,15024,0,99,Private,Bachelors,Married-civ-spouse,Transport-moving,Husband,White,Male,United-States,>50K
49,94215,8,0,0,40,Private,12th,Divorced,Machine-op-inspct,Not-in-family,White,Female,United-States,<=50K
24,236769,4,0,0,40,Self-emp-not-inc,7th-8th,Married-civ-spouse,Craft-repair,Husband,White,Male,United-States,<=50K
38,107302,9,0,0,50,Private,HS-grad,Married-civ-spouse,Exec-managerial,Husband,White,Male,United-States,<=50K
54,156877,9,0,0,20,MISSING,HS-grad,Divorced,MISSING,Not-in-family,White,Male,United-States,<=50K
30,177675,10,0,0,40,Private,Some-college,Never-married,Craft-repair,Not-in-family,White,Male,United-States,>50K
47,423222,15,0,0,45,Private,Prof-school,Married-civ-spouse,Exec-managerial,Husband,White,Male,United-States,>50K
54,343242,10,0,0,44,Private,Some-college,Married-civ-spouse,Exec-managerial,Husband,White,Male,United-States,>50K
29,164607,9,0,0,40,Self-emp-not-inc,HS-grad,Married-civ-spouse,Craft-repair,Husband,White,Male,United-States,<=50K
48,199739,9,0,0,40,Private,HS-grad,Divorced,Craft-repair,Unmarried,White,Female,United-States,<=50K
33,144949,13,0,0,65,Self-emp-inc,Bachelors,Married-civ-spouse,Sales,Husband,White,Male,United-States,<=50K
35,90273,4,0,0,40,Private,7th-8th,Married-civ-spouse,Machine-op-inspct,Husband,White,Male,MISSING,>50K
29,54131,10,0,0,30,Private,Some-college,Never-married,Sales,Not-in-family,White,Male,United-States,<=50K
28,155621,3,0,0,40,Private,5th-6th,Never-married,Craft-repair,Not-in-family,White,Male,Columbia,<=50K
40,694812,10,0,0,40,Private,Some-college,Never-married,Craft-repair,Not-in-family,White,Male,United-States,<=50K
25,192321,12,0,0,80,MISSING,Assoc-acdm,Never-married,MISSING,Own-child,White,Female,United-States,<=50K
47,160045,10,0,0,35,Self-emp-not-inc,Some-college,Widowed,Other-service,Unmarried,White,Female,United-States,<=50K
41,397280,13,0,0,72,Self-emp-inc,Bachelors,Married-civ-spouse,Exec-managerial,Husband,White,Male,MISSING,<=50K
23,380281,12,0,0,25,Private,Assoc-acdm,Never-married,Other-service,Own-child,White,Male,Columbia,<=50K
43,141858,7,0,0,40,Private,11th,Married-civ-spouse,Handlers-cleaners,Husband,White,Male,United-States,<=50K
38,176657,10,0,0,60,Self-emp-not-inc,Some-college,Separated,Sales,Not-in-family,Asian-Pac-Islander,Male,Japan,<=50K
55,381965,13,0,0,40,Private,Bachelors,Married-civ-spouse,Craft-repair,Other-relative,White,Male,United-States,<=50K
22,325033,8,0,0,35,Private,12th,Never-married,Protective-serv,Own-child,Black,Male,United-States,<=50K
17,212125,6,0,0,20,MISSING,10th,Never-married,MISSING,Own-child,White,Female,United-States,<=50K
19,212468,10,0,0,15,Private,Some-college,Never-married,Other-service,Own-child,White,Female,United-States,<=50K
52,162576,12,0,0,40,Private,Assoc-acdm,Married-civ-spouse,Tech-support,Husband,White,Male,United-States,>50K
53,297796,6,0,0,40,Self-emp-not-inc,10th,Married-civ-spouse,Farming-fishing,Husband,White,Male,United-States,<=50K
17,150106,6,0,0,20,Private,10th,Never-married,Sales,Own-child,White,Female,United-States,<=50K
55,26290,11,0,0,38,State-gov,Assoc-voc,Widowed,Exec-managerial,Not-in-family,Amer-Indian-Eskimo,Female,United-States,<=50K
30,316606,13,0,0,40,Private,Bachelors,Married-civ-spouse,Other-service,Wife,White,Female,United-States,<=50K
21,30039,10,0,0,40,Private,Some-college,Never-married,Prof-specialty,Own-child,White,Male,United-States,<=50K
47,355978,16,0,2002,45,Self-emp-not-inc,Doctorate,Married-civ-spouse,Transport-moving,Husband,White,Male,United-States,<=50K
50,135643,9,0,0,40,Private,HS-grad,Married-civ-spouse,Machine-op-inspct,Other-relative,Asian-Pac-Islander,Female,China,<=50K
48,199763,10,0,0,20,MISSING,Some-college,Married-civ-spouse,MISSING,Wife,White,Female,United-States,<=50K
52,204402,9,0,0,85,Private,HS-grad,Married-civ-spouse,Transport-moving,Husband,White,Male,United-States,>50K
33,34080,10,0,0,40,Local-gov,Some-college,Married-civ-spouse,Protective-serv,Husband,White,Male,United-States,>50K
37,179137,10,0,0,39,Private,Some-college,Divorced,Adm-clerical,Unmarried,White,Female,United-States,<=50K
32,156015,13,0,0,40,Private,Bachelors,Never-married,Prof-specialty,Not-in-family,White,Male,United-States,<=50K
49,315984,9,0,0,40,Private,HS-grad,Married-civ-spouse,Machine-op-inspct,Husband,White,Male,United-States,<=50K
50,105010,13,0,0,45,Private,Bachelors,Married-civ-spouse,Farming-fishing,Husband,White,Male,United-States,>50K
40,149102,9,2174,0,60,Private,HS-grad,Married-spouse-absent,Handlers-cleaners,Not-in-family,White,Male,Poland,<=50K
59,246262,10,0,0,40,Private,Some-college,Married-civ-spouse,Tech-support,Husband,White,Male,United-States,>50K
55,123515,9,0,0,40,Private,HS-grad,Divorced,Adm-clerical,Not-in-family,White,Female,United-States,<=50K
51,123325,15,0,0,40,Local-gov,Prof-school,Widowed,Prof-specialty,Not-in-family,White,Female,United-States,<=50K
71,78277,9,0,0,15,Private,HS-grad,Married-civ-spouse,Craft-repair,Husband,White,Male,United-States,<=50K
30,70617,14,0,0,10,State-gov,Masters,Married-civ-spouse,Prof-specialty,Husband,Asian-Pac-Islander,Male,China,<=50K
27,127833,9,0,0,40,Private,HS-grad,Never-married,Adm-clerical,Own-child,Black,Female,United-States,<=50K
36,89202,13,0,0,50,Private,Bachelors,Never-married,Prof-specialty,Own-child,White,Male,United-States,<=50K
29,255817,3,0,0,40,Private,5th-6th,Never-married,Other-service,Other-relative,White,Female,El-Salvador,<=50K
45,30289,8,0,0,40,Private,12th,Married-civ-spouse,Craft-repair,Husband,White,Male,United-States,<=50K
33,195576,9,4386,0,60,Private,HS-grad,Married-civ-spouse,Exec-managerial,Husband,White,Male,United-States,<=50K
19,188815,9,34095,0,20,Private,HS-grad,Never-married,Other-service,Own-child,White,Female,United-States,<=50K
31,49923,9,0,0,40,Private,HS-grad,Married-civ-spouse,Transport-moving,Husband,White,Male,United-States,<=50K
35,199753,9,0,0,48,Private,HS-grad,Never-married,Machine-op-inspct,Own-child,White,Male,United-States,<=50K
45,283037,13,0,0,40,Federal-gov,Bachelors,Married-civ-spouse,Exec-managerial,Husband,White,Male,United-States,<=50K
62,197286,9,0,0,40,MISSING,HS-grad,Married-civ-spouse,MISSING,Husband,White,Male,United-States,<=50K
38,189679,13,0,0,50,Self-emp-inc,Bachelors,Married-civ-spouse,Prof-specialty,Husband,White,Male,United-States,>50K
49,139268,9,7298,0,40,Private,HS-grad,Married-civ-spouse,Craft-repair,Husband,White,Male,United-States,>50K
56,155657,13,0,0,40,Local-gov,Bachelors,Divorced,Exec-managerial,Unmarried,White,Female,United-States,<=50K
31,176185,14,0,0,60,Private,Masters,Married-civ-spouse,Exec-managerial,Husband,White,Male,France,>50K
55,222615,14,0,0,60,Self-emp-inc,Masters,Married-civ-spouse,Exec-managerial,Husband,White,Male,United-States,<=50K
30,207253,11,0,0,40,Private,Assoc-voc,Married-civ-spouse,Craft-repair,Husband,White,Male,England,<=50K
27,228476,13,0,0,50,Private,Bachelors,Married-civ-spouse,Sales,Husband,White,Male,United-States,>50K
34,93834,9,0,0,8,MISSING,HS-grad,Separated,MISSING,Own-child,White,Female,United-States,<=50K
42,215219,7,0,0,30,Self-emp-not-inc,11th,Separated,Other-service,Unmarried,White,Female,United-States,<=50K
36,295127,9,0,0,84,Self-emp-not-inc,HS-grad,Married-civ-spouse,Farming-fishing,Husband,White,Male,United-States,<=50K
70,176285,9,0,0,23,Private,HS-grad,Divorced,Other-service,Not-in-family,White,Female,United-States,<=50K
39,177728,14,0,0,40,Local-gov,Masters,Divorced,Prof-specialty,Not-in-family,White,Female,United-States,<=50K
28,190391,13,0,0,40,Private,Bachelors,Never-married,Sales,Not-in-family,White,Male,United-States,<=50K
36,99146,9,0,0,45,Private,HS-grad,Married-civ-spouse,Machine-op-inspct,Husband,White,Male,United-States,>50K
18,396270,9,0,0,25,Private,HS-grad,Never-married,Adm-clerical,Own-child,White,Male,United-States,<=50K
76,172637,10,0,0,20,MISSING,Some-college,Married-civ-spouse,MISSING,Husband,White,Male,United-States,>50K
40,225165,9,0,0,40,Self-emp-inc,HS-grad,Married-civ-spouse,Exec-managerial,Husband,White,Male,United-States,<=50K
24,82847,9,0,0,50,Private,HS-grad,Separated,Other-service,Unmarried,White,Female,Portugal,>50K
33,247205,13,0,0,40,Private,Bachelors,Married-civ-spouse,Protective-serv,Husband,Black,Male,England,<=50K
36,398931,9,0,0,40,Private,HS-grad,Divorced,Craft-repair,Not-in-family,White,Male,United-States,<=50K
35,185621,13,0,0,60,Self-emp-inc,Bachelors,Never-married,Exec-managerial,Not-in-family,White,Female,United-States,>50K
65,106910,7,0,0,15,MISSING,11th,Divorced,MISSING,Not-in-family,Asian-Pac-Islander,Female,United-States,<=50K
21,164019,10,0,0,10,Private,Some-college,Never-married,Farming-fishing,Own-child,Black,Male,United-States,<=50K
21,238917,3,0,0,40,Private,5th-6th,Married-civ-spouse,Other-service,Husband,White,Male,Mexico,<=50K
28,303674,9,3103,0,20,MISSING,HS-grad,Married-civ-spouse,MISSING,Wife,White,Female,United-States,<=50K
27,262478,9,0,0,30,Private,HS-grad,Never-married,Farming-fishing,Own-child,Black,Male,United-States,<=50K
45,20534,10,0,0,41,Private,Some-college,Separated,Craft-repair,Not-in-family,White,Male,United-States,<=50K
19,283945,6,0,1602,45,Private,10th,Never-married,Handlers-cleaners,Other-relative,White,Male,United-States,<=50K
20,39764,9,0,0,40,Private,HS-grad,Never-married,Handlers-cleaners,Own-child,White,Male,United-States,<=50K
52,89054,9,0,0,40,Private,HS-grad,Married-civ-spouse,Craft-repair,Husband,White,Male,United-States,<=50K
55,101524,13,0,0,40,Private,Bachelors,Married-civ-spouse,Sales,Husband,White,Male,United-States,>50K
25,154941,13,0,0,40,Private,Bachelors,Married-civ-spouse,Sales,Husband,White,Male,United-States,>50K
22,33087,9,0,0,45,Private,HS-grad,Married-civ-spouse,Farming-fishing,Husband,White,Male,United-States,<=50K
48,102076,13,0,0,35,Local-gov,Bachelors,Never-married,Adm-clerical,Unmarried,White,Female,United-States,<=50K
26,384276,9,0,0,40,Self-emp-not-inc,HS-grad,Married-civ-spouse,Exec-managerial,Husband,White,Male,United-States,<=50K
59,170988,9,0,0,55,Private,HS-grad,Married-civ-spouse,Sales,Husband,White,Male,United-States,<=50K
35,150042,9,0,0,40,Private,HS-grad,Married-civ-spouse,Exec-managerial,Wife,White,Female,United-States,>50K
31,76198,9,0,0,20,MISSING,HS-grad,Separated,MISSING,Own-child,White,Female,United-States,<=50K
20,201490,10,0,0,40,MISSING,Some-college,Never-married,MISSING,Own-child,White,Male,United-States,<=50K
22,43646,9,0,0,40,Private,HS-grad,Married-civ-spouse,Craft-repair,Own-child,White,Male,United-States,<=50K
32,86723,9,0,0,52,Private,HS-grad,Never-married,Other-service,Not-in-family,White,Male,United-States,<=50K
40,88909,13,15024,0,50,Private,Bachelors,Married-civ-spouse,Exec-managerial,Husband,White,Male,United-States,>50K
55,189664,9,0,0,40,Private,HS-grad,Married-civ-spouse,Prof-specialty,Husband,White,Male,United-States,>50K
48,115497,10,0,0,40,Local-gov,Some-college,Married-civ-spouse,Exec-managerial,Husband,White,Male,United-States,<=50K
41,115849,9,0,0,40,Private,HS-grad,Married-civ-spouse,Transport-moving,Husband,White,Male,United-States,<=50K
41,126850,15,0,0,40,Private,Prof-school,Married-civ-spouse,Adm-clerical,Husband,Asian-Pac-Islander,Male,Philippines,<=50K
27,212622,14,0,0,40,Private,Masters,Never-married,Exec-managerial,Own-child,White,Female,United-States,<=50K
18,426836,3,0,0,40,Private,5th-6th,Never-married,Handlers-cleaners,Other-relative,White,Male,Mexico,<=50K
23,239375,13,0,0,40,Private,Bachelors,Never-married,Machine-op-inspct,Own-child,White,Male,United-States,<=50K
56,274111,14,0,1669,40,State-gov,Masters,Divorced,Prof-specialty,Not-in-family,White,Male,United-States,<=50K
34,77209,9,0,1902,60,Self-emp-not-inc,HS-grad,Married-civ-spouse,Sales,Husband,White,Male,United-States,>50K
24,191954,10,0,0,40,Private,Some-college,Never-married,Machine-op-inspct,Not-in-family,White,Male,United-States,<=50K
72,53684,10,0,0,40,Private,Some-college,Married-civ-spouse,Protective-serv,Husband,Black,Male,United-States,<=50K
57,110417,10,0,0,75,Self-emp-not-inc,Some-college,Married-civ-spouse,Farming-fishing,Husband,White,Male,United-States,<=50K
17,100828,10,0,0,20,Private,Some-college,Never-married,Adm-clerical,Own-child,White,Male,United-States,<=50K
28,56340,14,0,0,40,Local-gov,Masters,Never-married,Prof-specialty,Not-in-family,White,Female,United-States,<=50K
43,180609,13,0,0,45,Private,Bachelors,Married-civ-spouse,Transport-moving,Husband,White,Male,United-States,<=50K
37,186191,9,0,0,45,Private,HS-grad,Married-civ-spouse,Other-service,Husband,White,Male,MISSING,<=50K
30,236770,9,0,0,40,Private,HS-grad,Married-civ-spouse,Craft-repair,Husband,White,Male,United-States,<=50K
35,163392,10,0,0,40,Private,Some-college,Married-civ-spouse,Transport-moving,Husband,Asian-Pac-Islander,Male,MISSING,<=50K
40,145439,3,4064,0,40,Private,5th-6th,Married-civ-spouse,Other-service,Husband,Other,Male,Mexico,<=50K
19,210308,10,0,1721,30,Local-gov,Some-college,Never-married,Adm-clerical,Own-child,White,Female,United-States,<=50K
24,48343,7,0,0,40,Private,11th,Never-married,Other-service,Not-in-family,Black,Female,United-States,<=50K
49,311671,10,0,0,40,Federal-gov,Some-college,Married-civ-spouse,Exec-managerial,Husband,White,Male,United-States,>50K
35,27408,10,0,0,40,Private,Some-college,Never-married,Sales,Not-in-family,White,Male,United-States,<=50K
32,226883,9,0,0,40,Private,HS-grad,Married-civ-spouse,Craft-repair,Husband,White,Male,Germany,<=50K
26,105059,5,0,0,20,Private,9th,Married-civ-spouse,Craft-repair,Husband,White,Male,United-States,<=50K
53,151159,6,0,0,99,Self-emp-not-inc,10th,Married-spouse-absent,Transport-moving,Not-in-family,White,Male,United-States,<=50K
28,199566,13,0,0,40,Private,Bachelors,Married-civ-spouse,Other-service,Husband,Black,Male,United-States,<=50K
42,152676,9,0,0,40,Private,HS-grad,Divorced,Exec-managerial,Own-child,White,Male,United-States,<=50K
24,149457,10,0,0,40,Private,Some-college,Never-married,Adm-clerical,Unmarried,White,Female,United-States,<=50K
30,59496,13,2407,0,40,Private,Bachelors,Married-civ-spouse,Sales,Husband,White,Male,United-States,<=50K
40,209040,9,0,0,40,Private,HS-grad,Never-married,Other-service,Not-in-family,White,Male,United-States,<=50K
42,211253,13,0,0,40,Private,Bachelors,Divorced,Exec-managerial,Unmarried,White,Female,United-States,<=50K
34,160449,9,0,0,44,Private,HS-grad,Married-civ-spouse,Machine-op-inspct,Husband,White,Male,United-States,>50K
18,177648,9,0,0,25,Private,HS-grad,Never-married,Sales,Own-child,White,Female,United-States,<=50K
38,210991,13,0,1740,40,Local-gov,Bachelors,Married-civ-spouse,Craft-repair,Husband,White,Male,United-States,<=50K
29,190636,10,0,1485,60,Self-emp-not-inc,Some-college,Married-civ-spouse,Craft-repair,Husband,Amer-Indian-Eskimo,Male,United-States,>50K
18,215463,8,0,0,25,MISSING,12th,Never-married,MISSING,Own-child,White,Female,United-States,<=50K
52,81436,15,0,0,40,Self-emp-inc,Prof-school,Married-civ-spouse,Sales,Husband,White,Male,United-States,>50K
75,101887,6,0,0,70,Private,10th,Widowed,Priv-house-serv,Not-in-family,White,Female,United-States,<=50K
34,85218,14,0,0,24,State-gov,Masters,Never-married,Prof-specialty,Unmarried,Black,Female,United-States,<=50K
23,126945,10,0,0,25,Private,Some-college,Never-married,Prof-specialty,Not-in-family,White,Male,United-States,<=50K
54,43269,9,0,0,50,Private,HS-grad,Married-civ-spouse,Transport-moving,Husband,White,Male,United-States,>50K
44,210527,10,0,0,40,Local-gov,Some-college,Never-married,Other-service,Unmarried,Black,Female,United-States,<=50K
40,65545,14,0,0,55,MISSING,Masters,Divorced,MISSING,Own-child,White,Female,United-States,<=50K
56,98361,14,0,0,40,Private,Masters,Married-civ-spouse,Prof-specialty,Husband,White,Male,MISSING,>50K
31,243773,5,0,0,20,Private,9th,Never-married,Other-service,Unmarried,White,Female,United-States,<=50K
22,174461,10,0,0,15,Private,Some-college,Never-married,Adm-clerical,Own-child,White,Female,United-States,<=50K
44,214415,10,0,0,40,Private,Some-college,Separated,Prof-specialty,Unmarried,Black,Female,United-States,<=50K
35,182898,9,0,0,40,Federal-gov,HS-grad,Married-civ-spouse,Adm-clerical,Husband,White,Male,United-States,<=50K
33,248584,10,0,0,50,Private,Some-college,Married-civ-spouse,Other-service,Husband,White,Male,United-States,<=50K
30,267161,10,0,0,45,Private,Some-college,Married-civ-spouse,Tech-support,Wife,Black,Female,United-States,<=50K
41,187336,9,0,0,40,Private,HS-grad,Separated,Adm-clerical,Unmarried,White,Female,United-States,<=50K
23,215395,11,0,0,50,Self-emp-inc,Assoc-voc,Never-married,Craft-repair,Not-in-family,White,Male,United-States,<=50K
45,59380,13,0,0,55,Private,Bachelors,Separated,Exec-managerial,Not-in-family,White,Female,United-States,<=50K
61,177189,13,0,0,42,Local-gov,Bachelors,Married-civ-spouse,Prof-specialty,Husband,White,Male,United-States,<=50K
38,229700,14,0,0,40,Private,Masters,Married-civ-spouse,Prof-specialty,Husband,Black,Male,United-States,>50K
25,197871,10,0,0,44,Private,Some-college,Married-civ-spouse,Sales,Husband,White,Male,United-States,>50K
36,179488,13,7298,0,55,State-gov,Bachelors,Married-civ-spouse,Protective-serv,Husband,White,Male,United-States,>50K
60,170114,5,0,1672,84,Self-emp-not-inc,9th,Married-civ-spouse,Farming-fishing,Husband,White,Male,United-States,<=50K
60,142494,6,0,0,40,Self-emp-inc,10th,Married-civ-spouse,Craft-repair,Husband,White,Male,United-States,<=50K
38,462832,10,0,0,40,State-gov,Some-college,Married-civ-spouse,Exec-managerial,Wife,Black,Female,Trinadad&Tobago,<=50K
23,208503,10,0,0,40,Self-emp-not-inc,Some-college,Divorced,Adm-clerical,Own-child,White,Male,United-States,<=50K
31,55849,10,0,0,45,Private,Some-college,Married-civ-spouse,Craft-repair,Husband,White,Male,United-States,<=50K
62,88579,9,0,0,38,Private,HS-grad,Never-married,Adm-clerical,Not-in-family,White,Female,United-States,<=50K
45,216932,14,0,0,40,Private,Masters,Married-civ-spouse,Exec-managerial,Husband,White,Male,United-States,>50K
38,144860,9,0,0,65,Private,HS-grad,Married-civ-spouse,Craft-repair,Husband,White,Male,United-States,<=50K
45,27332,9,0,0,40,Private,HS-grad,Divorced,Sales,Not-in-family,White,Female,United-States,<=50K
61,221884,10,0,0,50,Self-emp-not-inc,Some-college,Married-civ-spouse,Adm-clerical,Husband,White,Male,United-States,>50K
36,32709,10,3325,0,45,Private,Some-college,Divorced,Sales,Not-in-family,White,Female,United-States,<=50K
56,202220,10,0,0,38,Private,Some-college,Separated,Tech-support,Unmarried,Black,Female,United-States,<=50K
39,203204,12,0,0,25,Private,Assoc-acdm,Married-civ-spouse,Adm-clerical,Wife,White,Female,United-States,>50K
48,136878,9,0,0,60,Self-emp-inc,HS-grad,Married-civ-spouse,Craft-repair,Husband,White,Male,United-States,>50K
32,168981,9,0,0,35,Private,HS-grad,Never-married,Adm-clerical,Other-relative,White,Female,United-States,<=50K
50,104501,9,0,0,40,Private,HS-grad,Married-civ-spouse,Craft-repair,Husband,White,Male,United-States,>50K
36,33887,10,0,0,40,Private,Some-college,Divorced,Prof-specialty,Not-in-family,White,Male,United-States,<=50K
31,210926,9,0,0,40,Federal-gov,HS-grad,Separated,Handlers-cleaners,Unmarried,White,Female,United-States,<=50K
50,74879,9,0,0,40,Private,HS-grad,Married-spouse-absent,Handlers-cleaners,Unmarried,White,Female,United-States,<=50K
31,241885,9,0,0,40,Private,HS-grad,Married-civ-spouse,Other-service,Husband,White,Male,United-States,<=50K
32,127384,11,0,0,55,Private,Assoc-voc,Married-civ-spouse,Craft-repair,Husband,White,Male,United-States,>50K
31,33117,9,0,0,50,Private,HS-grad,Divorced,Exec-managerial,Not-in-family,White,Male,United-States,<=50K
28,189530,12,0,0,40,Private,Assoc-acdm,Married-civ-spouse,Prof-specialty,Husband,White,Male,United-States,>50K
29,187649,9,0,0,40,Local-gov,HS-grad,Separated,Protective-serv,Other-relative,White,Female,United-States,<=50K
33,511289,11,0,0,48,Local-gov,Assoc-voc,Married-civ-spouse,Protective-serv,Husband,White,Male,United-States,>50K
35,278557,9,0,0,30,Self-emp-not-inc,HS-grad,Married-civ-spouse,Farming-fishing,Husband,White,Male,United-States,<=50K
23,169104,10,0,0,25,Private,Some-college,Never-married,Sales,Own-child,Asian-Pac-Islander,Male,United-States,<=50K
32,65278,16,0,0,40,Self-emp-not-inc,Doctorate,Married-civ-spouse,Exec-managerial,Husband,White,Male,United-States,<=50K
25,213412,13,0,0,40,Private,Bachelors,Never-married,Tech-support,Unmarried,White,Male,United-States,<=50K
23,193090,13,0,0,30,Private,Bachelors,Never-married,Adm-clerical,Own-child,White,Female,United-States,<=50K
35,196491,13,0,0,50,Private,Bachelors,Never-married,Sales,Not-in-family,White,Male,United-States,<=50K
37,205852,13,0,0,45,Self-emp-inc,Bachelors,Married-civ-spouse,Prof-specialty,Husband,White,Male,United-States,<=50K
73,92298,7,0,0,15,Private,11th,Married-civ-spouse,Machine-op-inspct,Husband,White,Male,United-States,<=50K
55,189528,3,0,0,50,Private,5th-6th,Married-civ-spouse,Craft-repair,Husband,White,Male,United-States,<=50K
21,199419,10,0,0,40,Private,Some-college,Never-married,Adm-clerical,Not-in-family,White,Female,United-States,<=50K
24,163480,14,0,0,40,State-gov,Masters,Never-married,Adm-clerical,Not-in-family,Black,Female,United-States,<=50K
55,185195,13,0,0,40,Self-emp-not-inc,Bachelors,Married-civ-spouse,Exec-managerial,Husband,White,Male,United-States,>50K
29,49087,13,0,0,50,Private,Bachelors,Never-married,Prof-specialty,Not-in-family,White,Male,United-States,<=50K
49,124672,9,0,0,40,Private,HS-grad,Married-civ-spouse,Craft-repair,Husband,White,Male,United-States,>50K
46,207946,14,0,0,43,Local-gov,Masters,Divorced,Prof-specialty,Unmarried,White,Female,United-States,<=50K
46,324601,2,0,0,40,Private,1st-4th,Separated,Machine-op-inspct,Own-child,White,Female,Guatemala,<=50K
45,306889,13,0,0,40,Private,Bachelors,Married-civ-spouse,Exec-managerial,Wife,White,Female,United-States,>50K
60,152711,13,0,0,40,State-gov,Bachelors,Married-civ-spouse,Exec-managerial,Husband,White,Male,United-States,>50K
35,220098,9,0,0,40,Private,HS-grad,Married-civ-spouse,Other-service,Wife,White,Female,United-States,>50K
35,379959,9,0,0,40,Private,HS-grad,Divorced,Other-service,Not-in-family,White,Female,United-States,<=50K
35,142616,9,0,0,30,Private,HS-grad,Separated,Other-service,Own-child,Black,Female,United-States,<=50K
67,152102,9,0,0,65,Self-emp-not-inc,HS-grad,Widowed,Farming-fishing,Not-in-family,White,Male,United-States,<=50K
31,189265,9,0,0,40,Local-gov,HS-grad,Never-married,Adm-clerical,Not-in-family,White,Female,United-States,<=50K
27,206889,12,0,0,40,State-gov,Assoc-acdm,Never-married,Protective-serv,Not-in-family,White,Male,United-States,<=50K
30,504725,6,0,0,18,Private,10th,Never-married,Sales,Other-relative,White,Male,Guatemala,<=50K
23,294701,9,0,0,40,Private,HS-grad,Never-married,Adm-clerical,Unmarried,White,Female,United-States,<=50K
57,89392,14,0,0,40,Private,Masters,Married-spouse-absent,Prof-specialty,Not-in-family,White,Female,United-States,<=50K
41,89226,9,0,0,40,Private,HS-grad,Divorced,Craft-repair,Not-in-family,White,Male,United-States,<=50K
24,456367,9,0,0,40,Private,HS-grad,Married-civ-spouse,Craft-repair,Husband,White,Male,United-States,<=50K
53,158746,10,0,0,40,Private,Some-college,Married-civ-spouse,Tech-support,Husband,White,Male,United-States,<=50K
37,25864,9,0,0,40,Private,HS-grad,Separated,Prof-specialty,Unmarried,Amer-Indian-Eskimo,Female,United-States,<=50K
30,72887,9,3411,0,40,Private,HS-grad,Married-civ-spouse,Craft-repair,Own-child,Asian-Pac-Islander,Male,United-States,<=50K
50,96657,13,0,0,40,Federal-gov,Bachelors,Divorced,Prof-specialty,Unmarried,Black,Female,United-States,<=50K
36,247750,9,0,0,45,Private,HS-grad,Married-civ-spouse,Transport-moving,Husband,Black,Male,United-States,<=50K
41,111483,9,0,0,40,Private,HS-grad,Never-married,Adm-clerical,Own-child,White,Male,United-States,<=50K
67,318533,9,0,0,35,Private,HS-grad,Married-civ-spouse,Adm-clerical,Husband,White,Male,United-States,<=50K
37,211494,9,0,0,40,Private,HS-grad,Married-civ-spouse,Tech-support,Husband,White,Male,United-States,>50K
30,182177,9,0,0,40,Private,HS-grad,Never-married,Other-service,Not-in-family,White,Male,Ireland,<=50K
22,200109,9,4508,0,40,Private,HS-grad,Married-civ-spouse,Priv-house-serv,Wife,White,Female,United-States,<=50K
38,204756,9,0,0,40,Private,HS-grad,Never-married,Sales,Own-child,White,Female,United-States,<=50K
25,476334,10,0,0,40,Private,Some-college,Married-civ-spouse,Craft-repair,Husband,White,Male,United-States,<=50K
36,137421,11,0,0,37,State-gov,Assoc-voc,Married-civ-spouse,Tech-support,Husband,Asian-Pac-Islander,Male,Hong,<=50K
31,169122,10,0,0,50,Private,Some-college,Married-civ-spouse,Prof-specialty,Husband,White,Male,United-States,<=50K
22,401762,9,0,0,55,Private,HS-grad,Never-married,Adm-clerical,Not-in-family,White,Female,United-States,<=50K
48,278039,9,0,0,60,Private,HS-grad,Divorced,Sales,Not-in-family,White,Male,United-States,<=50K
25,397962,9,0,0,40,Private,HS-grad,Never-married,Adm-clerical,Other-relative,Black,Female,United-States,<=50K
46,182128,14,6497,0,50,Private,Masters,Divorced,Prof-specialty,Unmarried,White,Female,United-States,<=50K
35,224512,14,0,0,55,Private,Masters,Married-civ-spouse,Sales,Husband,White,Male,United-States,>50K
28,47907,13,0,0,40,Private,Bachelors,Never-married,Adm-clerical,Not-in-family,White,Female,United-States,<=50K
49,337666,9,0,0,40,Private,HS-grad,Divorced,Machine-op-inspct,Not-in-family,Black,Male,United-States,<=50K
32,207301,9,0,0,40,Private,HS-grad,Never-married,Handlers-cleaners,Not-in-family,White,Female,United-States,<=50K
28,212640,15,0,0,85,Private,Prof-school,Never-married,Prof-specialty,Not-in-family,White,Female,United-States,<=50K
45,103538,9,0,0,40,Private,HS-grad,Married-civ-spouse,Adm-clerical,Husband,White,Male,United-States,>50K
60,386261,13,0,0,15,MISSING,Bachelors,Married-spouse-absent,MISSING,Unmarried,Black,Female,United-States,<=50K
30,197827,10,0,0,40,MISSING,Some-college,Married-civ-spouse,MISSING,Husband,White,Male,United-States,<=50K
39,279272,12,0,0,60,Private,Assoc-acdm,Never-married,Transport-moving,Not-in-family,Black,Male,United-States,<=50K
21,188923,10,0,0,55,Private,Some-college,Never-married,Sales,Own-child,White,Female,United-States,<=50K
30,212237,13,0,1740,45,Private,Bachelors,Married-civ-spouse,Prof-specialty,Husband,White,Male,United-States,<=50K
44,335248,10,0,0,40,Private,Some-college,Divorced,Adm-clerical,Not-in-family,White,Female,United-States,<=50K
34,175878,10,0,0,40,Private,Some-college,Never-married,Craft-repair,Not-in-family,White,Male,United-States,<=50K
21,132320,7,0,0,35,Private,11th,Never-married,Craft-repair,Not-in-family,White,Male,United-States,<=50K
38,192337,8,0,0,40,Private,12th,Married-civ-spouse,Craft-repair,Husband,White,Male,United-States,>50K
17,228786,6,0,0,24,Self-emp-not-inc,10th,Never-married,Other-service,Own-child,White,Female,United-States,<=50K
28,142443,9,0,0,40,Private,HS-grad,Never-married,Craft-repair,Own-child,White,Male,United-States,<=50K
40,99604,14,15024,0,24,Private,Masters,Married-civ-spouse,Prof-specialty,Wife,White,Female,United-States,>50K
36,144169,9,0,0,50,Private,HS-grad,Married-civ-spouse,Craft-repair,Husband,White,Male,United-States,<=50K
45,261192,9,0,0,40,Private,HS-grad,Married-civ-spouse,Other-service,Husband,Black,Male,United-States,<=50K
57,143030,9,0,0,30,Private,HS-grad,Widowed,Other-service,Unmarried,White,Female,MISSING,<=50K
34,167832,6,0,0,40,Private,10th,Married-civ-spouse,Craft-repair,Husband,White,Male,United-States,<=50K
34,106014,10,0,0,60,Private,Some-college,Divorced,Craft-repair,Not-in-family,White,Male,United-States,<=50K
53,149650,9,0,2559,48,Private,HS-grad,Never-married,Sales,Not-in-family,White,Male,United-States,>50K
27,28848,13,0,0,9,State-gov,Bachelors,Never-married,Prof-specialty,Not-in-family,White,Male,United-States,<=50K
23,348420,13,0,0,40,Private,Bachelors,Never-married,Tech-support,Not-in-family,White,Male,United-States,<=50K
26,158963,14,0,0,40,State-gov,Masters,Never-married,Exec-managerial,Not-in-family,White,Female,United-States,<=50K
30,77266,9,0,0,60,Private,HS-grad,Married-civ-spouse,Craft-repair,Husband,White,Male,United-States,<=50K
25,117833,13,0,1876,40,Private,Bachelors,Never-married,Prof-specialty,Not-in-family,White,Female,United-States,<=50K
45,81487,10,0,0,40,Federal-gov,Some-college,Married-civ-spouse,Adm-clerical,Husband,White,Male,Puerto-Rico,>50K
29,149943,10,0,1590,40,Private,Some-college,Never-married,Other-service,Not-in-family,Other,Male,MISSING,<=50K
63,440607,1,0,0,30,Private,Preschool,Married-civ-spouse,Prof-specialty,Husband,Other,Male,Mexico,<=50K
22,184665,9,0,0,40,Private,HS-grad,Never-married,Machine-op-inspct,Own-child,White,Female,United-States,<=50K
27,205145,9,0,0,40,Private,HS-grad,Married-civ-spouse,Machine-op-inspct,Husband,White,Male,United-States,<=50K
44,254303,10,0,0,45,Self-emp-not-inc,Some-college,Divorced,Other-service,Not-in-family,White,Male,United-States,<=50K
37,32239,9,27828,0,40,Self-emp-not-inc,HS-grad,Divorced,Farming-fishing,Not-in-family,White,Male,United-States,>50K
58,201344,13,0,0,20,Private,Bachelors,Divorced,Craft-repair,Own-child,White,Female,United-States,<=50K
20,528616,3,0,0,40,Private,5th-6th,Never-married,Other-service,Other-relative,White,Male,Mexico,<=50K
65,105116,10,2346,0,40,Private,Some-college,Widowed,Adm-clerical,Not-in-family,White,Female,United-States,<=50K
40,125776,11,0,0,40,Private,Assoc-voc,Married-civ-spouse,Adm-clerical,Husband,White,Male,United-States,>50K
26,137658,13,0,0,45,Private,Bachelors,Never-married,Exec-managerial,Not-in-family,White,Female,United-States,<=50K
25,288185,5,0,0,40,Private,9th,Married-civ-spouse,Machine-op-inspct,Husband,White,Male,Mexico,<=50K
60,162947,3,0,0,40,Private,5th-6th,Divorced,Machine-op-inspct,Not-in-family,White,Female,Puerto-Rico,<=50K
65,327154,9,0,0,40,MISSING,HS-grad,Widowed,MISSING,Unmarried,White,Female,United-States,<=50K
17,127003,5,0,0,40,MISSING,9th,Never-married,MISSING,Own-child,Black,Male,United-States,<=50K
18,404085,9,0,0,40,Private,HS-grad,Married-civ-spouse,Adm-clerical,Wife,White,Female,United-States,<=50K
24,102323,9,0,0,40,Private,HS-grad,Never-married,Machine-op-inspct,Own-child,White,Male,United-States,<=50K
24,112683,9,0,0,32,MISSING,HS-grad,Never-married,MISSING,Not-in-family,White,Female,United-States,<=50K
48,210424,9,914,0,40,Private,HS-grad,Separated,Adm-clerical,Unmarried,White,Female,United-States,<=50K
56,81954,9,0,0,40,State-gov,HS-grad,Divorced,Adm-clerical,Not-in-family,White,Female,United-States,<=50K
26,41521,9,0,0,35,Private,HS-grad,Never-married,Other-service,Not-in-family,White,Female,United-States,<=50K
42,262425,10,0,0,50,Private,Some-college,Married-civ-spouse,Prof-specialty,Husband,White,Male,United-States,<=50K
32,198068,7,0,0,40,Private,11th,Never-married,Transport-moving,Own-child,White,Male,United-States,<=50K
31,511289,9,2907,0,99,Private,HS-grad,Never-married,Farming-fishing,Not-in-family,White,Male,United-States,<=50K
31,77634,11,0,0,42,Private,Assoc-voc,Married-civ-spouse,Other-service,Husband,White,Male,United-States,<=50K
30,48014,14,0,0,40,Private,Masters,Never-married,Adm-clerical,Not-in-family,White,Female,France,<=50K
53,106176,14,7298,0,60,Private,Masters,Married-civ-spouse,Sales,Husband,White,Male,United-States,>50K
23,33105,10,0,0,40,Private,Some-college,Never-married,Handlers-cleaners,Own-child,Amer-Indian-Eskimo,Male,United-States,<=50K
17,277541,7,0,0,5,Private,11th,Never-married,Sales,Own-child,White,Male,United-States,<=50K
55,174662,9,0,0,32,Private,HS-grad,Married-civ-spouse,Transport-moving,Husband,White,Male,United-States,<=50K
28,198258,11,0,0,40,Private,Assoc-voc,Married-civ-spouse,Sales,Husband,White,Male,United-States,<=50K
58,183893,10,0,0,40,Private,Some-college,Divorced,Adm-clerical,Unmarried,Black,Female,United-States,<=50K
47,217509,9,0,0,45,Private,HS-grad,Widowed,Priv-house-serv,Not-in-family,Asian-Pac-Islander,Female,Thailand,<=50K
43,143582,3,0,2129,72,Private,5th-6th,Married-civ-spouse,Machine-op-inspct,Wife,Asian-Pac-Islander,Female,MISSING,<=50K
24,239663,10,0,0,15,Private,Some-college,Married-civ-spouse,Adm-clerical,Husband,White,Male,United-States,<=50K
40,356934,12,0,0,40,Private,Assoc-acdm,Divorced,Exec-managerial,Not-in-family,White,Male,United-States,>50K
19,120691,9,0,0,25,Private,HS-grad,Never-married,Sales,Own-child,Black,Male,United-States,<=50K
43,136721,8,0,0,40,Private,12th,Married-civ-spouse,Craft-repair,Husband,White,Male,United-States,<=50K
50,187830,14,0,0,62,Private,Masters,Divorced,Exec-managerial,Not-in-family,White,Male,United-States,>50K
47,275361,12,0,0,35,Private,Assoc-acdm,Widowed,Other-service,Own-child,White,Female,United-States,<=50K
41,116520,16,0,0,40,State-gov,Doctorate,Married-civ-spouse,Prof-specialty,Husband,White,Male,United-States,>50K
39,365739,10,0,0,40,Private,Some-college,Divorced,Craft-repair,Not-in-family,White,Male,United-States,<=50K
33,103860,10,0,0,50,Self-emp-not-inc,Some-college,Married-civ-spouse,Craft-repair,Husband,White,Male,United-States,<=50K
31,165949,9,0,0,40,Private,HS-grad,Divorced,Other-service,Unmarried,White,Female,United-States,<=50K
24,278130,9,0,0,40,Private,HS-grad,Never-married,Craft-repair,Own-child,White,Male,United-States,<=50K
47,127678,10,0,0,80,Self-emp-inc,Some-college,Married-civ-spouse,Sales,Husband,White,Male,United-States,<=50K
33,258498,10,0,0,60,Private,Some-college,Married-civ-spouse,Craft-repair,Wife,White,Female,United-States,<=50K
22,236330,10,0,1721,20,MISSING,Some-college,Never-married,MISSING,Own-child,Black,Male,United-States,<=50K
44,177240,15,10520,0,40,Local-gov,Prof-school,Never-married,Prof-specialty,Not-in-family,White,Male,United-States,>50K
19,203061,10,0,0,25,Private,Some-college,Never-married,Tech-support,Not-in-family,White,Female,United-States,<=50K
26,51961,13,0,0,20,Private,Bachelors,Never-married,Adm-clerical,Not-in-family,Black,Male,United-States,<=50K
28,72443,10,0,1669,60,Private,Some-college,Never-married,Exec-managerial,Not-in-family,White,Male,United-States,<=50K
60,93272,9,0,0,40,Local-gov,HS-grad,Married-civ-spouse,Other-service,Husband,White,Male,United-States,<=50K
69,337720,9,0,0,24,MISSING,HS-grad,Married-civ-spouse,MISSING,Husband,White,Male,United-States,<=50K
44,351228,9,0,0,40,State-gov,HS-grad,Married-civ-spouse,Adm-clerical,Husband,White,Male,United-States,<=50K
34,154548,10,0,0,38,Private,Some-college,Never-married,Adm-clerical,Unmarried,White,Female,United-States,<=50K
22,110371,9,0,0,50,Private,HS-grad,Married-civ-spouse,Other-service,Own-child,White,Male,United-States,<=50K
54,205066,6,0,0,36,Self-emp-not-inc,10th,Married-civ-spouse,Craft-repair,Husband,White,Male,United-States,<=50K
52,152795,10,0,0,40,Local-gov,Some-college,Married-civ-spouse,Craft-repair,Husband,White,Male,United-States,<=50K
71,303860,14,2050,0,20,Local-gov,Masters,Widowed,Exec-managerial,Not-in-family,White,Male,United-States,<=50K
53,290688,9,0,0,52,Private,HS-grad,Married-civ-spouse,Craft-repair,Husband,White,Male,United-States,>50K
35,36989,9,0,0,40,Private,HS-grad,Divorced,Craft-repair,Unmarried,White,Male,United-States,<=50K
62,199198,11,0,0,40,State-gov,Assoc-voc,Widowed,Exec-managerial,Unmarried,Black,Female,United-States,<=50K
53,135105,13,0,0,50,MISSING,Bachelors,Divorced,MISSING,Not-in-family,White,Female,United-States,<=50K
43,118536,9,0,0,40,Private,HS-grad,Divorced,Machine-op-inspct,Other-relative,Black,Male,United-States,<=50K
33,190027,10,0,0,18,Local-gov,Some-college,Never-married,Adm-clerical,Unmarried,Black,Female,United-States,<=50K
23,236804,7,0,0,40,Private,11th,Married-civ-spouse,Other-service,Husband,White,Male,United-States,<=50K
51,134808,9,0,0,40,Private,HS-grad,Separated,Handlers-cleaners,Unmarried,White,Female,United-States,<=50K
37,73715,10,0,0,40,Private,Some-college,Married-civ-spouse,Craft-repair,Husband,White,Male,United-States,>50K
57,124852,10,0,0,40,Private,Some-college,Never-married,Handlers-cleaners,Own-child,Black,Male,United-States,<=50K
23,144165,13,0,0,30,Local-gov,Bachelors,Never-married,Prof-specialty,Own-child,Amer-Indian-Eskimo,Male,United-States,<=50K
44,197558,15,0,0,70,Self-emp-not-inc,Prof-school,Married-civ-spouse,Prof-specialty,Husband,White,Male,United-States,>50K
25,86745,13,0,0,40,Self-emp-inc,Bachelors,Never-married,Adm-clerical,Own-child,Asian-Pac-Islander,Female,United-States,<=50K
48,185041,9,7298,0,50,Self-emp-inc,HS-grad,Married-civ-spouse,Craft-repair,Husband,White,Male,United-States,>50K
22,177902,10,0,0,25,MISSING,Some-college,Never-married,MISSING,Not-in-family,Asian-Pac-Islander,Female,United-States,<=50K
51,105943,9,3908,0,40,State-gov,HS-grad,Married-civ-spouse,Adm-clerical,Wife,White,Female,United-States,<=50K
35,207568,6,0,0,40,Private,10th,Never-married,Other-service,Own-child,White,Male,United-States,<=50K
22,109482,10,0,0,98,Private,Some-college,Never-married,Prof-specialty,Own-child,White,Male,United-States,<=50K
24,83141,13,0,0,40,Private,Bachelors,Never-married,Exec-managerial,Not-in-family,White,Male,United-States,<=50K
30,158200,15,0,0,40,Private,Prof-school,Never-married,Prof-specialty,Own-child,Asian-Pac-Islander,Female,MISSING,<=50K
32,160594,10,0,0,35,Private,Some-college,Never-married,Other-service,Own-child,White,Male,United-States,<=50K
45,199326,14,0,0,45,State-gov,Masters,Married-civ-spouse,Prof-specialty,Husband,White,Male,United-States,>50K
33,217235,9,0,0,20,Private,HS-grad,Married-civ-spouse,Sales,Husband,White,Male,United-States,<=50K
27,308995,10,0,0,40,MISSING,Some-college,Divorced,MISSING,Own-child,Black,Female,United-States,<=50K
40,273425,11,0,0,15,MISSING,Assoc-voc,Married-civ-spouse,MISSING,Husband,White,Male,United-States,<=50K
58,154537,13,0,0,20,Self-emp-not-inc,Bachelors,Divorced,Other-service,Not-in-family,White,Female,United-States,<=50K
19,124884,5,0,0,25,MISSING,9th,Never-married,MISSING,Not-in-family,White,Female,United-States,<=50K
32,193042,15,15024,0,60,Private,Prof-school,Married-civ-spouse,Sales,Husband,White,Male,United-States,>50K
19,148644,9,0,0,40,Private,HS-grad,Never-married,Adm-clerical,Own-child,White,Female,United-States,<=50K
52,146565,12,4865,0,30,Local-gov,Assoc-acdm,Divorced,Other-service,Not-in-family,White,Female,United-States,<=50K
47,103757,12,0,0,40,Private,Assoc-acdm,Married-civ-spouse,Craft-repair,Husband,White,Male,United-States,<=50K
34,173524,9,0,0,40,Private,HS-grad,Separated,Adm-clerical,Unmarried,White,Female,United-States,<=50K
53,199665,13,0,0,30,MISSING,Bachelors,Married-civ-spouse,MISSING,Husband,White,Male,United-States,>50K
30,226665,13,0,0,42,Private,Bachelors,Married-civ-spouse,Exec-managerial,Husband,Black,Male,United-States,>50K
20,316702,10,0,0,20,Private,Some-college,Never-married,Prof-specialty,Own-child,White,Male,United-States,<=50K
24,325744,9,0,0,40,Private,HS-grad,Never-married,Craft-repair,Not-in-family,White,Male,United-States,<=50K
43,355728,9,0,0,40,Private,HS-grad,Divorced,Machine-op-inspct,Own-child,White,Male,United-States,<=50K
31,118551,5,0,0,40,Private,9th,Divorced,Adm-clerical,Not-in-family,White,Female,United-States,<=50K
66,269665,9,0,0,25,Private,HS-grad,Widowed,Exec-managerial,Not-in-family,White,Female,United-States,<=50K
51,129177,9,0,0,38,Private,HS-grad,Divorced,Adm-clerical,Not-in-family,White,Female,United-States,<=50K
46,247992,4,0,0,40,State-gov,7th-8th,Never-married,Other-service,Not-in-family,Black,Female,United-States,<=50K
22,190916,10,0,0,40,Private,Some-college,Never-married,Tech-support,Own-child,White,Female,United-States,<=50K
58,142182,9,0,0,25,Private,HS-grad,Married-civ-spouse,Craft-repair,Husband,White,Male,United-States,<=50K
45,199625,10,0,0,20,Private,Some-college,Divorced,Prof-specialty,Unmarried,White,Female,United-States,<=50K
56,435836,14,0,0,40,Local-gov,Masters,Divorced,Prof-specialty,Not-in-family,White,Female,United-States,<=50K
27,588905,9,0,0,40,Private,HS-grad,Married-civ-spouse,Craft-repair,Husband,White,Male,United-States,<=50K
27,195337,10,0,0,40,Private,Some-college,Never-married,Machine-op-inspct,Not-in-family,White,Female,United-States,<=50K
41,220821,13,7688,0,40,Self-emp-inc,Bachelors,Married-civ-spouse,Exec-managerial,Husband,White,Male,United-States,>50K
29,168221,13,0,1740,70,Self-emp-inc,Bachelors,Married-civ-spouse,Exec-managerial,Husband,White,Male,United-States,<=50K
51,29580,7,4386,0,30,Private,11th,Married-civ-spouse,Sales,Husband,White,Male,United-States,>50K
20,116791,9,0,0,40,Private,HS-grad,Never-married,Machine-op-inspct,Other-relative,White,Female,United-States,<=50K
36,115834,11,7298,0,55,Private,Assoc-voc,Married-civ-spouse,Exec-managerial,Wife,White,Female,United-States,>50K
26,341353,13,0,0,15,Private,Bachelors,Never-married,Other-service,Other-relative,White,Male,United-States,<=50K
33,184901,9,0,0,40,Private,HS-grad,Married-civ-spouse,Machine-op-inspct,Husband,White,Male,United-States,>50K
48,32825,9,0,0,40,Self-emp-not-inc,HS-grad,Married-civ-spouse,Craft-repair,Husband,White,Male,United-States,<=50K
24,204172,9,0,0,48,Private,HS-grad,Never-married,Handlers-cleaners,Own-child,White,Female,United-States,<=50K
63,172740,10,0,0,40,Private,Some-college,Married-civ-spouse,Prof-specialty,Husband,White,Male,United-States,<=50K
30,251411,10,0,0,40,Private,Some-college,Divorced,Adm-clerical,Unmarried,White,Female,United-States,<=50K
52,87205,9,0,0,38,Private,HS-grad,Divorced,Other-service,Not-in-family,White,Female,United-States,<=50K
19,217769,10,0,0,15,Private,Some-college,Never-married,Other-service,Own-child,White,Female,United-States,<=50K
52,78012,9,0,1762,40,Private,HS-grad,Widowed,Sales,Unmarried,White,Female,United-States,<=50K
39,119272,6,0,0,40,Private,10th,Divorced,Transport-moving,Not-in-family,White,Male,United-States,<=50K
64,98586,16,0,0,60,Private,Doctorate,Married-civ-spouse,Prof-specialty,Husband,White,Male,United-States,>50K
35,140854,9,0,0,60,Self-emp-inc,HS-grad,Never-married,Transport-moving,Not-in-family,White,Male,United-States,<=50K
30,132565,10,0,0,40,Private,Some-college,Never-married,Craft-repair,Unmarried,White,Male,United-States,<=50K
26,121559,9,0,0,40,Private,HS-grad,Married-civ-spouse,Craft-repair,Husband,White,Male,United-States,<=50K
17,146329,8,0,0,23,Private,12th,Never-married,Sales,Own-child,White,Female,United-States,<=50K
40,27444,13,0,0,50,Local-gov,Bachelors,Never-married,Prof-specialty,Not-in-family,White,Male,United-States,>50K
39,156897,9,0,2258,42,Private,HS-grad,Never-married,Craft-repair,Own-child,White,Male,United-States,>50K
21,169699,10,0,0,35,Private,Some-college,Never-married,Other-service,Not-in-family,White,Female,United-States,<=50K
66,186324,13,0,0,5,Private,Bachelors,Married-civ-spouse,Sales,Husband,White,Male,United-States,>50K
41,254818,14,0,0,40,Self-emp-not-inc,Masters,Divorced,Handlers-cleaners,Unmarried,White,Male,Peru,<=50K
25,161478,13,0,0,40,Private,Bachelors,Never-married,Prof-specialty,Not-in-family,Asian-Pac-Islander,Female,United-States,<=50K
68,148874,5,0,0,44,Private,9th,Married-civ-spouse,Craft-repair,Husband,Black,Male,United-States,<=50K
49,43479,10,0,0,40,Self-emp-not-inc,Some-college,Married-civ-spouse,Craft-repair,Husband,White,Male,United-States,<=50K
18,28311,7,0,0,35,MISSING,11th,Never-married,MISSING,Own-child,White,Female,United-States,<=50K
62,197514,9,0,0,16,Private,HS-grad,Married-civ-spouse,Sales,Wife,White,Female,United-States,<=50K
22,148294,7,0,0,35,Private,11th,Never-married,Craft-repair,Own-child,White,Male,United-States,<=50K
31,101761,9,0,0,51,Private,HS-grad,Married-civ-spouse,Craft-repair,Husband,White,Male,United-States,<=50K
30,66278,9,0,0,40,Private,HS-grad,Never-married,Adm-clerical,Not-in-family,White,Female,United-States,<=50K
23,188545,12,0,1974,20,Private,Assoc-acdm,Never-married,Adm-clerical,Own-child,White,Female,United-States,<=50K
27,133425,9,0,0,50,Private,HS-grad,Never-married,Exec-managerial,Not-in-family,White,Female,United-States,<=50K
44,755858,9,0,0,70,Private,HS-grad,Married-civ-spouse,Craft-repair,Husband,White,Male,United-States,>50K
64,22186,10,0,0,35,Private,Some-college,Widowed,Tech-support,Not-in-family,White,Female,United-States,<=50K
31,137814,10,0,0,30,Private,Some-college,Divorced,Sales,Own-child,White,Female,United-States,<=50K
28,47783,10,0,0,30,Private,Some-college,Divorced,Other-service,Not-in-family,White,Female,United-States,<=50K
29,208577,9,0,0,40,Private,HS-grad,Married-civ-spouse,Prof-specialty,Husband,White,Male,United-States,>50K
17,138293,7,0,0,15,Private,11th,Never-married,Handlers-cleaners,Own-child,White,Male,United-States,<=50K
48,235108,9,0,0,40,Private,HS-grad,Married-civ-spouse,Machine-op-inspct,Husband,White,Male,United-States,<=50K
38,159179,15,0,0,45,Self-emp-inc,Prof-school,Married-civ-spouse,Prof-specialty,Husband,White,Male,United-States,>50K
32,42617,10,0,0,30,Private,Some-college,Divorced,Prof-specialty,Not-in-family,White,Female,United-States,<=50K
39,247733,9,0,0,16,Private,HS-grad,Divorced,Priv-house-serv,Unmarried,Black,Female,United-States,<=50K
60,205246,9,0,2559,50,Self-emp-not-inc,HS-grad,Never-married,Exec-managerial,Not-in-family,Black,Male,United-States,>50K
65,111095,9,0,0,16,Private,HS-grad,Married-civ-spouse,Transport-moving,Husband,White,Male,United-States,<=50K
58,183810,9,0,0,24,Private,HS-grad,Married-civ-spouse,Other-service,Husband,White,Male,United-States,<=50K
30,247328,10,0,0,40,Local-gov,Some-college,Never-married,Adm-clerical,Not-in-family,White,Male,United-States,<=50K
69,121136,9,0,0,13,MISSING,HS-grad,Married-civ-spouse,MISSING,Husband,White,Male,United-States,<=50K
42,341204,9,0,0,40,Private,HS-grad,Divorced,Craft-repair,Other-relative,White,Female,United-States,<=50K
64,65991,9,7298,0,45,Self-emp-not-inc,HS-grad,Married-civ-spouse,Farming-fishing,Husband,White,Male,United-States,>50K
60,207665,9,0,0,40,Private,HS-grad,Married-civ-spouse,Tech-support,Wife,White,Female,United-States,>50K
60,52152,14,0,0,50,Private,Masters,Never-married,Prof-specialty,Not-in-family,White,Male,United-States,<=50K
28,180928,10,5013,0,55,Private,Some-college,Married-civ-spouse,Handlers-cleaners,Husband,White,Male,United-States,<=50K
23,214120,9,0,0,40,Private,HS-grad,Never-married,Priv-house-serv,Own-child,White,Male,United-States,<=50K
56,139616,13,0,0,45,Private,Bachelors,Divorced,Exec-managerial,Not-in-family,White,Male,United-States,>50K
25,250038,14,0,0,40,Private,Masters,Married-civ-spouse,Machine-op-inspct,Not-in-family,White,Male,Mexico,<=50K
37,58343,9,0,0,56,Self-emp-not-inc,HS-grad,Divorced,Farming-fishing,Unmarried,White,Male,United-States,<=50K
52,177366,9,0,0,20,Private,HS-grad,Separated,Other-service,Other-relative,White,Female,United-States,<=50K
41,36651,14,0,1848,40,Federal-gov,Masters,Married-civ-spouse,Exec-managerial,Husband,White,Male,United-States,>50K
44,109339,7,0,0,46,Private,11th,Divorced,Machine-op-inspct,Unmarried,Other,Female,Puerto-Rico,<=50K
31,138416,3,0,0,56,Private,5th-6th,Married-civ-spouse,Handlers-cleaners,Husband,White,Male,Mexico,<=50K
38,301743,9,0,0,35,Private,HS-grad,Divorced,Other-service,Not-in-family,White,Female,United-States,<=50K
40,212760,9,0,0,40,Private,HS-grad,Divorced,Craft-repair,Not-in-family,White,Male,United-States,<=50K
30,185177,7,0,0,49,Private,11th,Never-married,Handlers-cleaners,Own-child,White,Male,United-States,<=50K
23,162228,13,0,0,48,Private,Bachelors,Never-married,Sales,Not-in-family,White,Male,United-States,<=50K
21,355686,9,0,0,10,MISSING,HS-grad,Never-married,MISSING,Own-child,White,Female,United-States,<=50K
17,221403,8,0,0,18,Private,12th,Never-married,Other-service,Own-child,Black,Male,United-States,<=50K
27,253814,9,0,0,25,Private,HS-grad,Married-spouse-absent,Sales,Unmarried,White,Female,United-States,<=50K
29,235168,12,0,0,60,Private,Assoc-acdm,Married-civ-spouse,Sales,Husband,White,Male,United-States,<=50K
34,456399,12,0,0,40,Private,Assoc-acdm,Never-married,Prof-specialty,Not-in-family,White,Male,United-States,<=50K
52,76860,9,0,0,8,Private,HS-grad,Married-civ-spouse,Handlers-cleaners,Husband,Asian-Pac-Islander,Male,Philippines,<=50K
37,42044,9,0,0,35,Private,HS-grad,Divorced,Exec-managerial,Not-in-family,White,Male,United-States,<=50K
37,82540,5,0,0,70,Self-emp-not-inc,9th,Married-civ-spouse,Transport-moving,Husband,White,Male,United-States,>50K
46,110151,11,0,0,45,Private,Assoc-voc,Divorced,Exec-managerial,Unmarried,White,Female,United-States,<=50K
38,359001,11,0,0,42,Private,Assoc-voc,Married-civ-spouse,Prof-specialty,Husband,White,Male,United-States,<=50K
28,452808,6,0,0,40,Private,10th,Never-married,Handlers-cleaners,Not-in-family,White,Male,United-States,<=50K
37,227545,10,0,0,44,Private,Some-college,Married-civ-spouse,Sales,Husband,White,Male,United-States,>50K
35,107233,9,0,0,55,Local-gov,HS-grad,Never-married,Adm-clerical,Unmarried,Amer-Indian-Eskimo,Male,United-States,<=50K
59,193335,9,0,0,40,Private,HS-grad,Married-civ-spouse,Craft-repair,Husband,White,Male,United-States,>50K
33,283602,3,0,0,59,Private,5th-6th,Married-civ-spouse,Other-service,Husband,White,Male,Mexico,<=50K
21,216129,9,0,0,35,Private,HS-grad,Never-married,Other-service,Own-child,White,Male,United-States,<=50K
37,168941,7,0,0,40,Private,11th,Divorced,Craft-repair,Not-in-family,White,Male,United-States,<=50K
28,181776,13,0,0,50,Private,Bachelors,Never-married,Other-service,Not-in-family,White,Female,United-States,<=50K
36,33394,13,0,1887,35,Private,Bachelors,Married-civ-spouse,Sales,Husband,White,Male,United-States,>50K
51,219599,9,0,0,40,Private,HS-grad,Married-civ-spouse,Machine-op-inspct,Wife,White,Female,United-States,<=50K
42,40151,11,0,0,30,Private,Assoc-voc,Married-civ-spouse,Other-service,Husband,White,Male,United-States,<=50K
21,112137,10,0,0,20,Private,Some-college,Never-married,Prof-specialty,Other-relative,Asian-Pac-Islander,Female,South,<=50K
71,196610,4,6097,0,40,Private,7th-8th,Widowed,Exec-managerial,Not-in-family,White,Male,United-States,>50K
31,594187,9,0,0,40,Private,HS-grad,Married-civ-spouse,Machine-op-inspct,Husband,White,Male,United-States,<=50K
39,179352,10,0,0,35,MISSING,Some-college,Divorced,MISSING,Not-in-family,White,Female,United-States,<=50K
21,409230,10,0,0,30,Self-emp-not-inc,Some-college,Never-married,Adm-clerical,Own-child,White,Male,United-States,<=50K
39,101260,9,0,0,40,Private,HS-grad,Never-married,Machine-op-inspct,Own-child,White,Male,United-States,<=50K
54,172281,14,0,0,40,Private,Masters,Divorced,Tech-support,Not-in-family,White,Male,United-States,>50K
25,60358,13,0,0,40,Private,Bachelors,Never-married,Exec-managerial,Own-child,White,Male,United-States,<=50K
41,194636,13,0,0,60,Private,Bachelors,Married-civ-spouse,Exec-managerial,Husband,White,Male,United-States,>50K
33,118500,10,0,0,40,Private,Some-college,Divorced,Exec-managerial,Unmarried,White,Female,United-States,<=50K
45,31339,13,0,0,45,Private,Bachelors,Married-civ-spouse,Adm-clerical,Husband,White,Male,United-States,>50K
33,170769,9,0,0,40,Private,HS-grad,Married-civ-spouse,Craft-repair,Husband,White,Male,United-States,<=50K
18,151150,6,0,0,27,Private,10th,Never-married,Farming-fishing,Own-child,White,Male,United-States,<=50K
33,222162,9,0,0,40,Self-emp-not-inc,HS-grad,Married-civ-spouse,Craft-repair,Husband,White,Male,United-States,<=50K
45,168038,13,0,0,32,Private,Bachelors,Married-civ-spouse,Exec-managerial,Husband,White,Male,United-States,<=50K
43,345969,15,0,0,50,State-gov,Prof-school,Married-civ-spouse,Prof-specialty,Husband,White,Male,United-States,>50K
26,255193,7,3411,0,40,Private,11th,Married-civ-spouse,Exec-managerial,Husband,White,Male,United-States,<=50K
24,102493,9,0,0,40,Private,HS-grad,Married-civ-spouse,Handlers-cleaners,Husband,White,Male,United-States,<=50K
34,175878,9,0,0,40,Private,HS-grad,Married-civ-spouse,Sales,Husband,White,Female,United-States,<=50K
34,82938,9,0,0,50,Private,HS-grad,Married-civ-spouse,Farming-fishing,Husband,White,Male,United-States,<=50K
39,53926,13,0,0,40,Private,Bachelors,Married-civ-spouse,Prof-specialty,Husband,White,Male,United-States,<=50K
50,181139,10,0,0,40,Private,Some-college,Never-married,Farming-fishing,Not-in-family,White,Male,United-States,<=50K
17,160758,6,0,0,30,Private,10th,Never-married,Sales,Other-relative,White,Male,United-States,<=50K
47,109832,9,5178,0,30,MISSING,HS-grad,Married-civ-spouse,MISSING,Husband,White,Male,Canada,>50K
33,192644,9,0,0,35,Private,HS-grad,Separated,Handlers-cleaners,Unmarried,White,Male,Puerto-Rico,<=50K
21,162667,13,0,0,40,Private,Bachelors,Never-married,Adm-clerical,Not-in-family,White,Male,Columbia,<=50K
26,253899,13,0,0,40,Self-emp-not-inc,Bachelors,Divorced,Sales,Not-in-family,White,Male,United-States,<=50K
27,289147,13,0,0,40,Private,Bachelors,Never-married,Prof-specialty,Own-child,White,Female,United-States,<=50K
44,190532,14,0,0,55,Private,Masters,Never-married,Prof-specialty,Not-in-family,White,Female,United-States,<=50K
41,349221,9,0,0,35,Private,HS-grad,Never-married,Craft-repair,Own-child,Black,Female,United-States,<=50K
33,348618,3,0,0,20,Private,5th-6th,Married-spouse-absent,Transport-moving,Unmarried,Other,Male,El-Salvador,<=50K
53,283320,13,0,0,40,Private,Bachelors,Divorced,Tech-support,Not-in-family,White,Female,United-States,<=50K
40,170525,10,0,0,38,State-gov,Some-college,Never-married,Adm-clerical,Not-in-family,White,Female,United-States,<=50K
49,114648,8,0,0,40,MISSING,12th,Divorced,MISSING,Other-relative,Black,Male,United-States,<=50K
30,200192,10,0,0,45,Private,Some-college,Married-civ-spouse,Other-service,Wife,White,Female,United-States,<=50K
26,150361,13,0,0,40,Private,Bachelors,Never-married,Prof-specialty,Not-in-family,White,Female,United-States,<=50K
62,378239,14,0,0,2,MISSING,Masters,Married-civ-spouse,MISSING,Husband,White,Male,United-States,>50K
27,199471,11,0,0,38,Local-gov,Assoc-voc,Never-married,Tech-support,Own-child,White,Female,United-States,<=50K
79,146244,16,0,0,40,Local-gov,Doctorate,Widowed,Prof-specialty,Unmarried,White,Female,United-States,<=50K
32,235862,10,0,0,45,Private,Some-college,Divorced,Exec-managerial,Not-in-family,White,Female,United-States,<=50K
45,191858,9,0,0,45,Private,HS-grad,Married-civ-spouse,Machine-op-inspct,Husband,White,Male,United-States,>50K
22,151991,10,0,0,20,State-gov,Some-college,Never-married,Tech-support,Own-child,White,Male,United-States,<=50K
28,173673,3,0,0,40,Private,5th-6th,Never-married,Other-service,Not-in-family,White,Female,Mexico,<=50K
36,202950,13,0,0,50,Self-emp-not-inc,Bachelors,Married-civ-spouse,Exec-managerial,Husband,White,Male,Iran,<=50K
26,181666,10,0,0,40,Private,Some-college,Married-civ-spouse,Machine-op-inspct,Wife,White,Female,United-States,<=50K
18,91670,10,0,0,40,MISSING,Some-college,Never-married,MISSING,Own-child,Asian-Pac-Islander,Female,United-States,<=50K
36,325374,10,0,0,40,Private,Some-college,Married-civ-spouse,Craft-repair,Husband,White,Male,United-States,<=50K
20,181370,10,0,0,40,Private,Some-college,Never-married,Other-service,Own-child,Black,Male,United-States,<=50K
77,123959,9,0,0,32,Private,HS-grad,Widowed,Adm-clerical,Not-in-family,White,Female,United-States,<=50K
20,236592,7,0,0,25,Private,11th,Never-married,Sales,Own-child,White,Female,United-States,<=50K
34,197886,13,0,0,60,Private,Bachelors,Married-civ-spouse,Sales,Husband,White,Male,United-States,>50K
38,65390,12,0,0,45,Private,Assoc-acdm,Married-civ-spouse,Craft-repair,Husband,White,Male,United-States,<=50K
25,134113,13,0,0,30,Private,Bachelors,Never-married,Adm-clerical,Not-in-family,White,Male,United-States,<=50K
50,86373,9,0,0,50,Private,HS-grad,Married-civ-spouse,Machine-op-inspct,Husband,White,Male,United-States,<=50K
28,107411,9,0,0,45,Private,HS-grad,Never-married,Exec-managerial,Not-in-family,White,Female,United-States,<=50K
34,303187,13,0,0,40,Private,Bachelors,Married-civ-spouse,Prof-specialty,Husband,Asian-Pac-Islander,Male,MISSING,>50K
28,113870,9,0,0,40,Private,HS-grad,Never-married,Adm-clerical,Not-in-family,White,Male,United-States,<=50K
33,268451,10,0,0,40,Private,Some-college,Divorced,Exec-managerial,Unmarried,White,Female,United-States,<=50K
40,184018,11,0,0,38,State-gov,Assoc-voc,Married-civ-spouse,Machine-op-inspct,Husband,White,Male,United-States,>50K
32,97429,13,0,0,40,Private,Bachelors,Divorced,Exec-managerial,Unmarried,White,Female,Canada,<=50K
47,469907,12,0,1740,40,State-gov,Assoc-acdm,Married-civ-spouse,Protective-serv,Husband,White,Male,United-States,<=50K
44,109912,16,15024,0,32,Private,Doctorate,Married-civ-spouse,Exec-managerial,Wife,White,Female,United-States,>50K
47,262244,13,0,0,60,Private,Bachelors,Never-married,Sales,Not-in-family,Black,Male,United-States,>50K
19,38294,9,2597,0,40,Private,HS-grad,Never-married,Handlers-cleaners,Other-relative,White,Male,United-States,<=50K
46,155489,9,0,0,43,Private,HS-grad,Married-civ-spouse,Machine-op-inspct,Husband,White,Male,United-States,>50K
23,111450,8,0,0,38,Private,12th,Never-married,Other-service,Unmarried,Black,Male,United-States,<=50K
35,190387,13,0,0,45,Self-emp-not-inc,Bachelors,Married-civ-spouse,Farming-fishing,Husband,White,Male,United-States,<=50K
24,154165,5,0,0,40,Private,9th,Divorced,Other-service,Own-child,White,Female,United-States,<=50K
19,86150,7,0,0,19,Private,11th,Never-married,Sales,Own-child,Asian-Pac-Islander,Female,Philippines,<=50K
19,271118,9,0,0,28,Private,HS-grad,Never-married,Adm-clerical,Own-child,White,Female,United-States,<=50K
37,102936,13,0,0,55,Local-gov,Bachelors,Divorced,Prof-specialty,Unmarried,White,Female,United-States,<=50K
37,305379,13,0,0,50,Private,Bachelors,Married-civ-spouse,Exec-managerial,Husband,White,Male,United-States,>50K
57,121111,9,0,0,40,Local-gov,HS-grad,Divorced,Adm-clerical,Unmarried,White,Female,United-States,<=50K
22,192455,9,0,0,40,Private,HS-grad,Never-married,Adm-clerical,Unmarried,White,Female,United-States,<=50K
29,159782,14,0,0,45,State-gov,Masters,Married-civ-spouse,Prof-specialty,Wife,White,Female,United-States,>50K
60,135285,14,0,0,40,Self-emp-not-inc,Masters,Married-civ-spouse,Prof-specialty,Husband,White,Male,United-States,<=50K
23,83891,9,0,0,40,Private,HS-grad,Never-married,Sales,Own-child,Asian-Pac-Islander,Male,United-States,<=50K
43,24763,14,0,1887,45,State-gov,Masters,Married-civ-spouse,Prof-specialty,Husband,White,Male,United-States,>50K
33,138667,9,0,0,50,Private,HS-grad,Married-civ-spouse,Adm-clerical,Husband,White,Male,United-States,>50K
28,196564,9,0,0,45,Private,HS-grad,Married-civ-spouse,Craft-repair,Husband,White,Male,United-States,<=50K
38,450924,8,3942,0,40,Private,12th,Married-civ-spouse,Other-service,Husband,White,Male,United-States,<=50K
30,74966,11,0,0,24,Private,Assoc-voc,Married-civ-spouse,Adm-clerical,Wife,White,Female,United-States,<=50K
30,161572,9,0,0,45,Private,HS-grad,Married-civ-spouse,Other-service,Wife,White,Female,United-States,<=50K
51,145409,9,0,0,40,Private,HS-grad,Married-civ-spouse,Craft-repair,Husband,White,Male,United-States,<=50K
67,191800,13,6360,0,35,Local-gov,Bachelors,Divorced,Adm-clerical,Unmarried,Black,Female,United-States,<=50K
52,100226,13,0,0,40,Local-gov,Bachelors,Married-civ-spouse,Adm-clerical,Wife,White,Female,United-States,>50K
33,33727,14,0,0,40,Local-gov,Masters,Married-civ-spouse,Prof-specialty,Wife,White,Female,United-States,<=50K
46,182533,13,0,0,40,Private,Bachelors,Never-married,Adm-clerical,Unmarried,Asian-Pac-Islander,Female,Philippines,<=50K
57,152030,10,0,0,25,Self-emp-not-inc,Some-college,Married-civ-spouse,Sales,Wife,White,Female,United-States,>50K
57,138285,12,0,0,40,Self-emp-not-inc,Assoc-acdm,Married-civ-spouse,Other-service,Husband,White,Male,Iran,<=50K
39,226374,6,0,0,40,Private,10th,Divorced,Other-service,Unmarried,Black,Female,United-States,<=50K
30,255885,10,0,0,50,Private,Some-college,Married-civ-spouse,Sales,Husband,White,Male,United-States,<=50K
27,120155,9,0,0,39,Private,HS-grad,Married-civ-spouse,Adm-clerical,Husband,White,Male,United-States,<=50K
42,130126,13,0,1977,40,Self-emp-inc,Bachelors,Married-civ-spouse,Prof-specialty,Husband,White,Male,United-States,>50K
32,44392,12,0,0,40,Private,Assoc-acdm,Married-civ-spouse,Handlers-cleaners,Husband,White,Male,United-States,<=50K
24,190290,11,0,0,45,Private,Assoc-voc,Married-civ-spouse,Craft-repair,Husband,White,Male,United-States,<=50K
22,199419,9,0,0,40,Private,HS-grad,Married-civ-spouse,Sales,Wife,White,Female,United-States,<=50K
49,192894,9,0,0,40,Private,HS-grad,Married-civ-spouse,Craft-repair,Husband,White,Male,United-States,>50K
35,224889,13,0,0,40,Private,Bachelors,Married-civ-spouse,Sales,Husband,White,Male,United-States,<=50K
25,190350,9,0,0,40,Private,HS-grad,Never-married,Adm-clerical,Unmarried,Black,Female,United-States,<=50K
42,39060,9,0,0,60,Private,HS-grad,Married-civ-spouse,Sales,Husband,White,Male,United-States,>50K
31,48588,10,0,0,40,Private,Some-college,Married-civ-spouse,Craft-repair,Husband,White,Male,United-States,<=50K
43,313181,9,0,0,38,Private,HS-grad,Divorced,Adm-clerical,Other-relative,Black,Male,United-States,<=50K
42,184105,10,0,0,28,Private,Some-college,Never-married,Farming-fishing,Not-in-family,White,Male,United-States,<=50K
40,76487,9,0,0,40,Private,HS-grad,Married-civ-spouse,Machine-op-inspct,Husband,White,Male,United-States,<=50K
39,206253,13,0,0,40,Self-emp-inc,Bachelors,Married-civ-spouse,Prof-specialty,Wife,White,Female,United-States,<=50K
21,372636,9,0,0,40,Private,HS-grad,Never-married,Sales,Own-child,Black,Male,United-States,<=50K
64,60940,9,8614,0,50,Private,HS-grad,Widowed,Sales,Not-in-family,White,Female,France,>50K
51,96678,14,0,0,60,Local-gov,Masters,Married-civ-spouse,Prof-specialty,Husband,White,Male,United-States,<=50K
28,308709,13,0,0,48,Private,Bachelors,Never-married,Sales,Not-in-family,White,Female,United-States,<=50K
38,337130,2,0,0,40,Private,1st-4th,Married-spouse-absent,Craft-repair,Not-in-family,White,Male,Mexico,<=50K
47,192835,9,0,0,50,Private,HS-grad,Married-civ-spouse,Adm-clerical,Husband,White,Male,United-States,>50K
27,194690,5,0,0,50,Private,9th,Never-married,Other-service,Own-child,White,Male,Mexico,<=50K
40,144995,11,4386,0,40,Private,Assoc-voc,Married-civ-spouse,Tech-support,Husband,White,Male,United-States,<=50K
41,322980,9,2354,0,40,Private,HS-grad,Separated,Adm-clerical,Not-in-family,Black,Male,United-States,<=50K
40,189610,9,0,0,52,Federal-gov,HS-grad,Divorced,Adm-clerical,Not-in-family,Black,Female,United-States,<=50K
27,192384,15,0,0,40,Private,Prof-school,Married-civ-spouse,Adm-clerical,Husband,White,Male,United-States,<=50K
48,328610,15,0,0,45,Local-gov,Prof-school,Married-civ-spouse,Prof-specialty,Husband,White,Male,United-States,>50K
25,160300,13,0,0,35,Private,Bachelors,Never-married,Exec-managerial,Not-in-family,White,Male,United-States,<=50K
50,191025,14,4650,0,70,Local-gov,Masters,Divorced,Exec-managerial,Not-in-family,White,Female,United-States,<=50K
51,110327,13,0,0,40,Local-gov,Bachelors,Married-civ-spouse,Exec-managerial,Husband,White,Male,United-States,>50K
25,73289,9,0,0,40,Private,HS-grad,Never-married,Transport-moving,Own-child,White,Male,United-States,<=50K
34,136862,2,0,0,40,Private,1st-4th,Never-married,Other-service,Other-relative,White,Female,Guatemala,<=50K
31,217460,9,0,0,45,Private,HS-grad,Divorced,Craft-repair,Not-in-family,White,Male,United-States,<=50K
28,175431,5,0,0,40,Private,9th,Divorced,Prof-specialty,Not-in-family,Black,Female,United-States,<=50K
27,29261,9,0,0,40,Private,HS-grad,Married-AF-spouse,Craft-repair,Husband,White,Male,United-States,>50K
48,177018,14,0,0,50,Local-gov,Masters,Married-civ-spouse,Prof-specialty,Husband,White,Male,United-States,>50K
55,320835,13,0,0,50,Private,Bachelors,Married-civ-spouse,Sales,Husband,White,Male,United-States,>50K
20,130959,10,0,0,20,Private,Some-college,Never-married,Other-service,Own-child,White,Male,United-States,<=50K
42,373403,9,0,0,50,Self-emp-not-inc,HS-grad,Married-civ-spouse,Farming-fishing,Husband,White,Male,United-States,<=50K
32,45796,10,0,0,60,Private,Some-college,Married-civ-spouse,Farming-fishing,Husband,White,Male,United-States,<=50K
59,183606,7,0,0,40,Private,11th,Married-civ-spouse,Machine-op-inspct,Husband,White,Male,United-States,<=50K
26,133373,13,0,0,44,MISSING,Bachelors,Never-married,MISSING,Own-child,White,Male,United-States,<=50K
26,132749,10,0,0,45,Private,Some-college,Never-married,Other-service,Own-child,White,Female,United-States,<=50K
18,98044,7,0,0,40,Private,11th,Never-married,Prof-specialty,Own-child,White,Female,United-States,<=50K
24,206827,10,5060,0,30,Private,Some-college,Never-married,Sales,Own-child,White,Female,United-States,<=50K
22,102684,10,0,0,32,Private,Some-college,Never-married,Transport-moving,Not-in-family,White,Male,United-States,<=50K
29,368949,10,0,0,40,Private,Some-college,Married-civ-spouse,Handlers-cleaners,Husband,White,Male,MISSING,>50K
29,160786,9,0,0,55,Self-emp-not-inc,HS-grad,Married-civ-spouse,Exec-managerial,Husband,White,Male,United-States,<=50K
22,279041,10,0,0,10,Private,Some-college,Never-married,Handlers-cleaners,Own-child,Black,Male,United-States,<=50K
34,242460,13,7688,0,40,Private,Bachelors,Married-civ-spouse,Exec-managerial,Husband,White,Male,United-States,>50K
24,174138,12,0,0,40,Private,Assoc-acdm,Married-civ-spouse,Craft-repair,Husband,White,Male,United-States,<=50K
18,165532,10,0,0,15,Private,Some-college,Never-married,Sales,Own-child,White,Male,United-States,<=50K
61,119986,14,0,0,40,Private,Masters,Married-civ-spouse,Prof-specialty,Husband,White,Male,MISSING,>50K
29,145011,10,0,0,40,Private,Some-college,Never-married,Craft-repair,Own-child,White,Male,United-States,<=50K
48,145886,13,0,0,60,Local-gov,Bachelors,Divorced,Prof-specialty,Unmarried,White,Female,United-States,<=50K
20,219262,7,0,0,60,Private,11th,Never-married,Craft-repair,Not-in-family,White,Male,United-States,<=50K
47,228660,10,0,1977,40,Self-emp-not-inc,Some-college,Married-civ-spouse,Craft-repair,Husband,White,Male,United-States,>50K
34,205704,14,0,0,35,Local-gov,Masters,Never-married,Prof-specialty,Not-in-family,White,Male,United-States,<=50K
32,165226,9,0,0,40,Private,HS-grad,Divorced,Other-service,Not-in-family,White,Female,United-States,<=50K
40,230478,12,0,0,30,Self-emp-not-inc,Assoc-acdm,Divorced,Exec-managerial,Not-in-family,White,Male,United-States,<=50K
50,169925,9,0,0,15,Private,HS-grad,Married-civ-spouse,Craft-repair,Husband,White,Male,United-States,<=50K
62,191188,9,0,0,40,MISSING,HS-grad,Married-civ-spouse,MISSING,Husband,White,Male,United-States,<=50K
37,295127,9,0,0,40,Private,HS-grad,Never-married,Machine-op-inspct,Not-in-family,White,Male,United-States,<=50K
54,138847,9,0,0,45,Private,HS-grad,Married-civ-spouse,Machine-op-inspct,Husband,White,Male,United-States,>50K
25,259505,9,0,0,40,Private,HS-grad,Never-married,Tech-support,Not-in-family,White,Male,United-States,<=50K
61,171429,7,0,0,36,Private,11th,Divorced,Other-service,Unmarried,White,Female,United-States,<=50K
18,261720,9,0,0,40,Private,HS-grad,Never-married,Adm-clerical,Not-in-family,White,Female,United-States,<=50K
33,238381,10,8614,0,40,Private,Some-college,Never-married,Craft-repair,Not-in-family,Black,Male,United-States,>50K
57,237691,9,0,0,40,Private,HS-grad,Married-civ-spouse,Other-service,Husband,White,Male,Mexico,<=50K
47,200471,9,5178,0,40,Local-gov,HS-grad,Married-civ-spouse,Transport-moving,Husband,White,Male,United-States,>50K
24,381895,7,0,0,40,Private,11th,Divorced,Machine-op-inspct,Unmarried,White,Female,United-States,<=50K
35,32220,12,0,0,60,Private,Assoc-acdm,Never-married,Exec-managerial,Not-in-family,White,Female,United-States,<=50K
33,341187,13,0,0,50,Private,Bachelors,Married-civ-spouse,Exec-managerial,Husband,White,Male,United-States,>50K
19,47577,10,0,0,50,Private,Some-college,Never-married,Transport-moving,Not-in-family,White,Male,United-States,<=50K
66,234743,10,0,0,24,Private,Some-college,Married-civ-spouse,Exec-managerial,Husband,White,Male,United-States,<=50K
22,148955,10,0,0,15,MISSING,Some-college,Never-married,MISSING,Own-child,Asian-Pac-Islander,Female,South,<=50K
24,329530,5,0,0,45,Private,9th,Married-civ-spouse,Sales,Husband,White,Male,Mexico,<=50K
44,247880,11,8614,0,40,Private,Assoc-voc,Divorced,Exec-managerial,Not-in-family,White,Male,United-States,>50K
31,288825,9,5013,0,40,Private,HS-grad,Married-civ-spouse,Handlers-cleaners,Husband,White,Male,United-States,<=50K
24,283918,10,0,0,25,Federal-gov,Some-college,Divorced,Adm-clerical,Unmarried,Black,Female,United-States,<=50K
28,34452,15,0,0,40,Local-gov,Prof-school,Married-civ-spouse,Prof-specialty,Husband,White,Male,United-States,<=50K
31,29662,10,0,0,60,Private,Some-college,Never-married,Sales,Not-in-family,White,Female,United-States,<=50K
48,148995,13,0,0,60,Self-emp-inc,Bachelors,Divorced,Sales,Not-in-family,White,Male,United-States,>50K
23,46561,9,0,0,60,Private,HS-grad,Divorced,Craft-repair,Not-in-family,White,Male,United-States,<=50K
71,176986,9,0,0,24,MISSING,HS-grad,Widowed,MISSING,Unmarried,White,Male,United-States,<=50K
62,218009,9,0,1977,60,Private,HS-grad,Married-civ-spouse,Transport-moving,Husband,White,Male,United-States,>50K
21,225890,10,0,0,30,Private,Some-college,Never-married,Other-service,Other-relative,White,Female,United-States,<=50K
22,347803,10,0,0,20,State-gov,Some-college,Never-married,Adm-clerical,Not-in-family,Other,Male,United-States,<=50K
23,113601,10,0,0,30,Private,Some-college,Never-married,Handlers-cleaners,Own-child,White,Male,United-States,<=50K
59,31782,6,0,0,45,Private,10th,Married-civ-spouse,Transport-moving,Husband,White,Male,United-States,>50K
73,26248,4,0,0,30,Private,7th-8th,Married-civ-spouse,Sales,Husband,White,Male,United-States,>50K
51,243361,10,0,0,45,Private,Some-college,Widowed,Adm-clerical,Unmarried,White,Female,United-States,<=50K
46,170165,9,0,0,37,State-gov,HS-grad,Separated,Adm-clerical,Unmarried,White,Female,United-States,<=50K
58,53481,13,0,0,70,MISSING,Bachelors,Married-civ-spouse,MISSING,Husband,White,Male,United-States,<=50K
22,232985,9,0,0,20,Private,HS-grad,Never-married,Handlers-cleaners,Other-relative,White,Male,United-States,<=50K
59,366618,5,0,0,30,Private,9th,Married-civ-spouse,Other-service,Husband,White,Male,United-States,<=50K
62,249078,13,0,0,40,Local-gov,Bachelors,Divorced,Prof-specialty,Not-in-family,Black,Female,United-States,<=50K
32,44675,16,0,0,65,Private,Doctorate,Married-civ-spouse,Prof-specialty,Husband,White,Male,United-States,>50K
17,103810,8,0,0,40,MISSING,12th,Never-married,MISSING,Own-child,White,Male,United-States,<=50K
23,197904,9,0,0,35,Private,HS-grad,Never-married,Other-service,Unmarried,White,Female,United-States,<=50K
37,172694,10,0,0,50,Private,Some-college,Married-civ-spouse,Handlers-cleaners,Husband,Black,Male,United-States,<=50K
47,278900,9,0,0,40,Private,HS-grad,Married-civ-spouse,Craft-repair,Husband,White,Male,United-States,<=50K
39,180667,10,0,0,40,Private,Some-college,Married-civ-spouse,Machine-op-inspct,Husband,White,Male,United-States,<=50K
38,137953,9,0,0,45,Federal-gov,HS-grad,Married-civ-spouse,Adm-clerical,Husband,White,Male,United-States,<=50K
40,242521,11,0,0,40,Private,Assoc-voc,Married-civ-spouse,Craft-repair,Husband,White,Male,United-States,>50K
47,109421,13,0,0,50,Self-emp-not-inc,Bachelors,Married-civ-spouse,Exec-managerial,Husband,White,Male,United-States,<=50K
49,57665,13,0,0,40,MISSING,Bachelors,Divorced,MISSING,Own-child,White,Female,United-States,<=50K
63,28334,14,0,0,40,Private,Masters,Divorced,Exec-managerial,Not-in-family,White,Female,United-States,>50K
38,318610,10,0,0,40,Private,Some-college,Divorced,Adm-clerical,Unmarried,Black,Female,United-States,<=50K
49,298445,15,0,1977,60,Local-gov,Prof-school,Married-civ-spouse,Prof-specialty,Wife,White,Female,United-States,>50K
37,238959,9,0,0,40,Private,HS-grad,Married-civ-spouse,Adm-clerical,Wife,White,Female,United-States,<=50K
31,234500,13,0,0,40,Private,Bachelors,Married-civ-spouse,Adm-clerical,Wife,White,Female,United-States,<=50K
45,363087,9,0,0,40,Private,HS-grad,Separated,Machine-op-inspct,Unmarried,Black,Female,United-States,<=50K
22,322674,10,0,0,40,Private,Some-college,Never-married,Exec-managerial,Own-child,White,Male,United-States,<=50K
62,210935,9,0,0,20,Private,HS-grad,Married-civ-spouse,Other-service,Husband,White,Male,United-States,<=50K
32,169589,11,0,0,40,Private,Assoc-voc,Married-civ-spouse,Handlers-cleaners,Husband,White,Male,United-States,>50K
36,389725,10,0,0,45,Private,Some-college,Divorced,Adm-clerical,Not-in-family,White,Male,United-States,<=50K
61,158712,9,0,0,99,MISSING,HS-grad,Divorced,MISSING,Not-in-family,White,Female,United-States,<=50K
45,198660,10,0,0,40,State-gov,Some-college,Married-civ-spouse,Prof-specialty,Husband,White,Male,United-States,>50K
19,156587,10,0,0,38,Private,Some-college,Never-married,Adm-clerical,Own-child,White,Female,United-States,<=50K
46,102628,14,0,0,40,State-gov,Masters,Widowed,Protective-serv,Unmarried,White,Male,United-States,<=50K
64,192695,3,0,0,70,Self-emp-not-inc,5th-6th,Married-civ-spouse,Farming-fishing,Husband,White,Male,Canada,<=50K
35,189922,9,0,0,40,Private,HS-grad,Married-civ-spouse,Craft-repair,Husband,White,Male,United-States,<=50K
36,210945,10,0,0,70,Federal-gov,Some-college,Married-civ-spouse,Adm-clerical,Husband,White,Male,United-States,<=50K
45,295046,9,0,0,60,Private,HS-grad,Married-civ-spouse,Sales,Husband,White,Male,United-States,>50K
47,284916,9,7298,0,45,Private,HS-grad,Married-civ-spouse,Sales,Husband,White,Male,United-States,>50K
30,151989,11,0,0,40,MISSING,Assoc-voc,Divorced,MISSING,Unmarried,White,Female,United-States,<=50K
46,353219,5,0,0,40,Private,9th,Divorced,Other-service,Unmarried,White,Female,United-States,<=50K
32,226267,3,0,0,40,Private,5th-6th,Married-spouse-absent,Craft-repair,Other-relative,White,Male,El-Salvador,<=50K
39,262841,9,0,0,50,Private,HS-grad,Married-civ-spouse,Exec-managerial,Husband,White,Male,United-States,>50K
21,195248,10,0,0,20,Private,Some-college,Never-married,Sales,Own-child,Other,Female,United-States,<=50K
24,173679,11,0,0,20,Private,Assoc-voc,Married-civ-spouse,Other-service,Husband,White,Male,United-States,<=50K
42,147251,10,0,0,36,Private,Some-college,Married-civ-spouse,Prof-specialty,Wife,White,Female,United-States,<=50K
26,152035,9,0,0,40,Private,HS-grad,Never-married,Adm-clerical,Own-child,White,Female,United-States,<=50K
25,72338,9,0,0,40,Self-emp-not-inc,HS-grad,Never-married,Sales,Unmarried,Asian-Pac-Islander,Female,United-States,<=50K
21,306967,11,0,0,40,Private,Assoc-voc,Never-married,Adm-clerical,Not-in-family,White,Female,United-States,<=50K
63,100099,9,0,0,40,Private,HS-grad,Married-spouse-absent,Craft-repair,Not-in-family,White,Male,United-States,<=50K
28,499001,9,0,0,40,Private,HS-grad,Never-married,Craft-repair,Unmarried,White,Male,Mexico,<=50K
59,109638,9,0,0,40,Private,HS-grad,Married-civ-spouse,Craft-repair,Husband,White,Male,United-States,>50K
24,164529,8,0,0,40,Private,12th,Never-married,Farming-fishing,Own-child,Black,Male,United-States,<=50K
36,336367,12,0,0,50,Private,Assoc-acdm,Never-married,Exec-managerial,Unmarried,White,Male,United-States,<=50K
55,101468,9,3103,0,40,Private,HS-grad,Married-civ-spouse,Craft-repair,Husband,White,Male,United-States,>50K
61,202952,6,0,0,24,Private,10th,Divorced,Other-service,Not-in-family,Black,Female,United-States,<=50K
53,94081,13,0,0,44,Private,Bachelors,Married-civ-spouse,Exec-managerial,Husband,White,Male,United-States,>50K
33,217460,9,0,0,60,Private,HS-grad,Married-civ-spouse,Sales,Husband,White,Male,United-States,>50K
29,29974,9,0,0,40,Private,HS-grad,Married-civ-spouse,Craft-repair,Husband,White,Male,United-States,<=50K
29,132874,9,0,0,40,Private,HS-grad,Married-civ-spouse,Craft-repair,Husband,White,Male,United-States,<=50K
40,168071,12,0,0,50,Private,Assoc-acdm,Divorced,Prof-specialty,Not-in-family,White,Male,United-States,<=50K
25,22546,13,0,0,60,Private,Bachelors,Never-married,Transport-moving,Own-child,White,Male,United-States,<=50K
25,255849,9,0,0,40,Private,HS-grad,Never-married,Adm-clerical,Own-child,White,Female,United-States,<=50K
57,176897,9,0,0,60,MISSING,HS-grad,Married-civ-spouse,MISSING,Husband,White,Male,United-States,<=50K
25,312966,5,0,0,40,Private,9th,Separated,Handlers-cleaners,Other-relative,White,Male,El-Salvador,<=50K
19,357059,9,0,0,35,Private,HS-grad,Never-married,Adm-clerical,Own-child,White,Female,United-States,<=50K
23,32732,13,0,0,15,Private,Bachelors,Never-married,Prof-specialty,Not-in-family,White,Male,United-States,<=50K
47,123219,14,0,0,38,State-gov,Masters,Married-civ-spouse,Prof-specialty,Husband,White,Male,United-States,>50K
20,34568,9,3781,0,35,Private,HS-grad,Married-civ-spouse,Craft-repair,Husband,White,Male,United-States,<=50K
51,156003,9,0,0,40,Local-gov,HS-grad,Divorced,Protective-serv,Not-in-family,White,Male,United-States,<=50K
48,248164,13,4386,0,50,Private,Bachelors,Married-civ-spouse,Sales,Husband,White,Male,United-States,>50K
48,187969,14,0,0,80,Local-gov,Masters,Divorced,Prof-specialty,Unmarried,White,Female,United-States,<=50K
47,148576,15,0,0,35,Local-gov,Prof-school,Married-civ-spouse,Prof-specialty,Husband,White,Male,United-States,<=50K
68,99491,10,0,0,20,Private,Some-college,Widowed,Other-service,Not-in-family,White,Female,United-States,<=50K
43,192712,10,0,0,40,Federal-gov,Some-college,Married-civ-spouse,Prof-specialty,Wife,White,Female,United-States,>50K
39,214117,10,0,0,40,Private,Some-college,Divorced,Craft-repair,Unmarried,Black,Male,United-States,<=50K
42,173938,9,0,0,40,Private,HS-grad,Separated,Sales,Own-child,White,Female,United-States,<=50K
29,138597,12,0,0,40,Self-emp-inc,Assoc-acdm,Never-married,Prof-specialty,Other-relative,Black,Female,United-States,<=50K
18,216284,7,0,0,20,Private,11th,Never-married,Adm-clerical,Own-child,White,Female,United-States,<=50K
59,227386,6,0,0,40,Private,10th,Married-civ-spouse,Craft-repair,Husband,White,Male,United-States,<=50K
42,202872,10,0,0,12,Private,Some-college,Divorced,Adm-clerical,Unmarried,White,Female,United-States,<=50K
35,203628,14,0,0,60,Private,Masters,Never-married,Prof-specialty,Not-in-family,White,Male,United-States,>50K
31,363130,10,0,0,40,Private,Some-college,Married-civ-spouse,Exec-managerial,Husband,Black,Male,United-States,>50K
44,167005,13,7688,0,60,Private,Bachelors,Married-civ-spouse,Exec-managerial,Husband,White,Male,United-States,>50K
27,203776,9,0,0,50,Private,HS-grad,Married-civ-spouse,Craft-repair,Husband,White,Male,United-States,<=50K
29,270421,13,0,0,50,Private,Bachelors,Married-civ-spouse,Craft-repair,Husband,White,Male,United-States,>50K
50,99392,10,0,0,45,Private,Some-college,Divorced,Craft-repair,Not-in-family,Black,Female,United-States,<=50K
57,365683,9,0,0,40,Private,HS-grad,Divorced,Machine-op-inspct,Not-in-family,White,Female,United-States,>50K
21,206008,10,0,0,50,Private,Some-college,Never-married,Adm-clerical,Own-child,Black,Male,United-States,<=50K
36,177858,13,0,0,40,Local-gov,Bachelors,Married-civ-spouse,Prof-specialty,Own-child,White,Male,United-States,<=50K
27,190911,9,0,0,45,Self-emp-inc,HS-grad,Never-married,Sales,Own-child,White,Male,United-States,<=50K
18,214989,10,0,1602,24,MISSING,Some-college,Never-married,MISSING,Own-child,White,Female,United-States,<=50K
30,270577,9,0,0,40,Private,HS-grad,Separated,Adm-clerical,Unmarried,White,Female,United-States,<=50K
37,326886,9,0,0,40,Private,HS-grad,Married-civ-spouse,Transport-moving,Husband,White,Male,United-States,<=50K
21,654141,9,0,0,32,Private,HS-grad,Never-married,Craft-repair,Not-in-family,Black,Male,United-States,<=50K
64,47462,10,0,0,35,Self-emp-not-inc,Some-college,Never-married,Prof-specialty,Not-in-family,White,Female,United-States,<=50K
42,149823,10,0,0,40,Private,Some-college,Married-civ-spouse,Craft-repair,Husband,White,Male,United-States,<=50K
42,200574,10,0,0,40,Private,Some-college,Married-civ-spouse,Sales,Husband,White,Male,United-States,<=50K
18,282394,10,0,0,21,Private,Some-college,Never-married,Sales,Own-child,Black,Female,United-States,<=50K
25,169990,9,0,0,40,Private,HS-grad,Married-civ-spouse,Sales,Husband,White,Male,United-States,<=50K
22,209131,12,0,0,20,Federal-gov,Assoc-acdm,Never-married,Other-service,Own-child,White,Male,United-States,<=50K
51,24790,10,0,0,99,Self-emp-not-inc,Some-college,Married-civ-spouse,Exec-managerial,Husband,White,Male,United-States,>50K
28,130856,6,0,0,36,Private,10th,Married-civ-spouse,Craft-repair,Husband,White,Male,United-States,<=50K
40,237293,15,15024,0,40,Self-emp-not-inc,Prof-school,Married-civ-spouse,Prof-specialty,Wife,White,Female,United-States,>50K
39,272950,13,0,0,45,Private,Bachelors,Married-civ-spouse,Craft-repair,Husband,White,Male,United-States,>50K
17,112291,7,0,0,12,Private,11th,Never-married,Handlers-cleaners,Own-child,White,Male,United-States,<=50K
21,196467,9,0,0,35,Private,HS-grad,Never-married,Machine-op-inspct,Not-in-family,White,Male,United-States,<=50K
48,196107,9,0,0,30,Private,HS-grad,Divorced,Adm-clerical,Not-in-family,White,Female,United-States,<=50K
20,137300,9,0,0,35,MISSING,HS-grad,Never-married,MISSING,Other-relative,White,Female,United-States,<=50K
24,248533,10,0,0,40,Private,Some-college,Never-married,Sales,Other-relative,Black,Female,United-States,<=50K
44,199031,10,0,1380,40,Private,Some-college,Divorced,Transport-moving,Own-child,White,Male,United-States,<=50K
29,165360,11,0,0,40,Private,Assoc-voc,Never-married,Adm-clerical,Not-in-family,White,Female,United-States,<=50K
51,135102,9,0,0,65,Self-emp-not-inc,HS-grad,Married-civ-spouse,Transport-moving,Husband,White,Male,United-States,<=50K
36,343052,9,0,0,40,Federal-gov,HS-grad,Married-civ-spouse,Adm-clerical,Wife,White,Female,United-States,<=50K
24,112459,14,0,0,45,Private,Masters,Never-married,Prof-specialty,Not-in-family,White,Female,United-States,<=50K
33,312055,13,0,0,40,Private,Bachelors,Never-married,Exec-managerial,Not-in-family,White,Male,United-States,<=50K
29,89030,9,0,0,40,Private,HS-grad,Never-married,Sales,Unmarried,White,Female,United-States,<=50K
38,245090,5,0,0,40,Self-emp-not-inc,9th,Married-civ-spouse,Craft-repair,Husband,White,Male,Mexico,<=50K
58,216824,9,0,0,30,Self-emp-not-inc,HS-grad,Married-civ-spouse,Farming-fishing,Husband,Asian-Pac-Islander,Male,United-States,<=50K
54,156003,9,0,0,40,Private,HS-grad,Married-civ-spouse,Craft-repair,Husband,White,Male,United-States,<=50K
60,191446,9,99999,0,40,Private,HS-grad,Married-civ-spouse,Exec-managerial,Husband,White,Male,United-States,>50K
50,192964,9,0,0,65,Private,HS-grad,Divorced,Sales,Unmarried,White,Female,United-States,<=50K
44,277647,9,0,1902,40,Private,HS-grad,Married-civ-spouse,Sales,Husband,White,Male,United-States,>50K
46,202560,9,0,0,40,MISSING,HS-grad,Married-civ-spouse,MISSING,Wife,White,Female,United-States,>50K
37,468713,10,0,0,40,Private,Some-college,Married-civ-spouse,Adm-clerical,Husband,White,Male,United-States,<=50K
31,113688,9,0,0,40,Federal-gov,HS-grad,Never-married,Machine-op-inspct,Unmarried,White,Female,United-States,<=50K
46,248895,13,0,0,40,State-gov,Bachelors,Married-civ-spouse,Exec-managerial,Husband,White,Male,United-States,>50K
31,223212,4,0,0,50,Private,7th-8th,Never-married,Handlers-cleaners,Own-child,White,Male,United-States,<=50K
41,210844,10,0,0,40,Private,Some-college,Married-spouse-absent,Sales,Unmarried,Black,Female,United-States,<=50K
31,118161,9,0,0,40,Private,HS-grad,Married-civ-spouse,Other-service,Husband,White,Male,United-States,<=50K
24,188300,7,0,0,40,Private,11th,Never-married,Machine-op-inspct,Unmarried,White,Female,United-States,<=50K
54,124194,9,0,0,40,Private,HS-grad,Widowed,Other-service,Unmarried,White,Female,United-States,<=50K
58,126104,14,0,1980,45,Private,Masters,Divorced,Adm-clerical,Not-in-family,White,Female,United-States,<=50K
43,225193,9,0,0,40,Private,HS-grad,Married-civ-spouse,Sales,Husband,White,Male,United-States,<=50K
51,228516,9,0,0,45,Private,HS-grad,Married-spouse-absent,Craft-repair,Not-in-family,White,Male,Columbia,<=50K
26,272669,13,0,0,20,Private,Bachelors,Never-married,Sales,Not-in-family,Asian-Pac-Islander,Male,South,<=50K
21,273403,11,0,0,50,Private,Assoc-voc,Never-married,Other-service,Not-in-family,White,Female,United-States,<=50K
58,233193,9,0,0,27,Private,HS-grad,Widowed,Adm-clerical,Not-in-family,White,Female,United-States,<=50K
24,217226,10,0,0,30,Private,Some-college,Never-married,Other-service,Not-in-family,White,Male,United-States,<=50K
45,273435,9,0,0,40,Private,HS-grad,Married-civ-spouse,Craft-repair,Husband,White,Male,United-States,<=50K
43,96129,7,0,0,60,Self-emp-not-inc,11th,Married-civ-spouse,Handlers-cleaners,Husband,White,Male,United-States,<=50K
49,231961,16,0,0,50,State-gov,Doctorate,Divorced,Prof-specialty,Unmarried,White,Male,United-States,>50K
35,216129,8,0,0,40,Self-emp-not-inc,12th,Never-married,Other-service,Not-in-family,Black,Female,Trinadad&Tobago,<=50K
37,220644,9,0,0,40,Private,HS-grad,Divorced,Other-service,Unmarried,Black,Female,MISSING,<=50K
30,270889,10,0,0,40,Private,Some-college,Married-civ-spouse,Adm-clerical,Husband,White,Male,United-States,>50K
29,194200,10,0,0,45,Private,Some-college,Never-married,Machine-op-inspct,Own-child,White,Male,United-States,<=50K
38,29430,10,0,0,40,Self-emp-not-inc,Some-college,Divorced,Machine-op-inspct,Unmarried,White,Male,United-States,<=50K
50,133963,9,0,0,35,Private,HS-grad,Divorced,Adm-clerical,Unmarried,White,Female,United-States,<=50K
36,348022,6,0,0,24,Private,10th,Married-civ-spouse,Other-service,Wife,White,Female,United-States,<=50K
41,34278,11,0,0,40,Private,Assoc-voc,Separated,Other-service,Not-in-family,White,Male,United-States,<=50K
24,51973,13,0,0,45,Private,Bachelors,Never-married,Adm-clerical,Not-in-family,White,Female,United-States,<=50K
51,159604,10,0,0,40,Private,Some-college,Married-civ-spouse,Prof-specialty,Wife,White,Female,United-States,>50K
46,297906,13,0,0,50,Federal-gov,Bachelors,Married-civ-spouse,Prof-specialty,Husband,Asian-Pac-Islander,Male,United-States,>50K
18,181712,7,0,0,12,Private,11th,Never-married,Handlers-cleaners,Own-child,White,Male,United-States,<=50K
30,272451,13,0,0,40,Private,Bachelors,Never-married,Adm-clerical,Not-in-family,White,Female,United-States,<=50K
37,31023,9,0,0,51,Private,HS-grad,Married-civ-spouse,Craft-repair,Husband,White,Male,United-States,<=50K
50,143664,13,0,0,40,Private,Bachelors,Never-married,Exec-managerial,Not-in-family,White,Male,United-States,<=50K
27,401508,9,0,0,40,Private,HS-grad,Never-married,Other-service,Unmarried,Black,Female,United-States,<=50K
29,130620,10,0,0,26,Private,Some-college,Married-spouse-absent,Sales,Own-child,Asian-Pac-Islander,Female,India,<=50K
34,366898,9,0,0,40,Private,HS-grad,Married-civ-spouse,Craft-repair,Husband,White,Male,Germany,<=50K
34,154120,14,0,0,60,Self-emp-inc,Masters,Married-civ-spouse,Sales,Husband,White,Male,United-States,>50K
37,24106,9,0,0,30,Self-emp-not-inc,HS-grad,Married-civ-spouse,Tech-support,Husband,White,Male,United-States,<=50K
24,200997,9,0,0,45,Private,HS-grad,Never-married,Handlers-cleaners,Own-child,White,Male,United-States,<=50K
28,70100,13,0,0,60,Self-emp-not-inc,Bachelors,Never-married,Prof-specialty,Not-in-family,White,Male,United-States,<=50K
47,159726,9,0,0,40,Self-emp-not-inc,HS-grad,Married-civ-spouse,Craft-repair,Husband,White,Male,United-States,>50K
69,92472,6,3273,0,45,Self-emp-not-inc,10th,Married-spouse-absent,Farming-fishing,Not-in-family,White,Male,United-States,<=50K
57,49893,14,0,0,60,Private,Masters,Married-civ-spouse,Prof-specialty,Husband,White,Male,United-States,>50K
48,67725,13,0,0,45,Private,Bachelors,Married-civ-spouse,Sales,Husband,White,Male,United-States,<=50K
31,158162,13,13550,0,50,Private,Bachelors,Never-married,Exec-managerial,Not-in-family,White,Female,United-States,>50K
18,237646,10,0,0,30,Private,Some-college,Never-married,Adm-clerical,Own-child,White,Male,United-States,<=50K
40,175674,13,0,0,50,Private,Bachelors,Married-civ-spouse,Sales,Husband,White,Male,United-States,>50K
38,177154,9,0,0,40,Private,HS-grad,Married-civ-spouse,Other-service,Husband,White,Male,United-States,<=50K
19,125010,9,0,0,45,Private,HS-grad,Never-married,Farming-fishing,Own-child,White,Male,United-States,<=50K
28,207513,13,7298,0,42,Private,Bachelors,Married-civ-spouse,Sales,Husband,White,Male,United-States,>50K
43,193494,10,0,0,40,Private,Some-college,Married-civ-spouse,Prof-specialty,Husband,White,Male,United-States,<=50K
46,269045,15,0,0,40,Private,Prof-school,Married-civ-spouse,Prof-specialty,Husband,Black,Male,United-States,>50K
44,128676,10,0,0,40,Private,Some-college,Never-married,Adm-clerical,Not-in-family,Black,Female,United-States,<=50K
68,191581,14,3273,0,40,Private,Masters,Never-married,Prof-specialty,Not-in-family,White,Female,United-States,<=50K
43,214541,9,0,0,35,MISSING,HS-grad,Married-civ-spouse,MISSING,Husband,White,Male,United-States,<=50K
28,259351,6,0,0,40,Private,10th,Never-married,Other-service,Other-relative,Amer-Indian-Eskimo,Male,Mexico,<=50K
52,178983,7,0,0,40,Private,11th,Married-civ-spouse,Other-service,Husband,White,Male,United-States,<=50K
60,76127,12,0,0,35,Private,Assoc-acdm,Married-civ-spouse,Adm-clerical,Husband,White,Male,United-States,>50K
49,165513,10,0,0,40,Private,Some-college,Divorced,Handlers-cleaners,Unmarried,Black,Female,United-States,<=50K
47,188081,9,0,0,40,Private,HS-grad,Married-civ-spouse,Machine-op-inspct,Husband,White,Male,United-States,>50K
58,31732,10,0,0,45,Private,Some-college,Married-civ-spouse,Sales,Husband,White,Male,United-States,>50K
45,328051,14,0,0,60,Self-emp-not-inc,Masters,Never-married,Prof-specialty,Not-in-family,White,Female,United-States,<=50K
28,241895,9,0,1628,40,Private,HS-grad,Married-civ-spouse,Sales,Husband,White,Male,United-States,<=50K
46,98929,13,0,0,52,Self-emp-inc,Bachelors,Married-civ-spouse,Sales,Husband,White,Male,United-States,<=50K
51,306108,16,0,0,40,Private,Doctorate,Never-married,Prof-specialty,Not-in-family,White,Male,United-States,>50K
62,209844,10,0,0,30,Private,Some-college,Divorced,Adm-clerical,Unmarried,White,Female,United-States,<=50K
24,200819,8,0,0,40,Private,12th,Never-married,Sales,Not-in-family,White,Male,United-States,<=50K
55,98545,6,0,0,40,Local-gov,10th,Married-civ-spouse,Adm-clerical,Husband,White,Male,United-States,<=50K
49,71195,14,0,0,60,Private,Masters,Never-married,Prof-specialty,Not-in-family,White,Male,United-States,<=50K
30,295010,9,0,0,40,Private,HS-grad,Never-married,Adm-clerical,Not-in-family,White,Female,United-States,<=50K
43,277488,9,0,0,30,Self-emp-not-inc,HS-grad,Married-civ-spouse,Farming-fishing,Husband,White,Male,United-States,<=50K
54,271160,11,0,0,40,Private,Assoc-voc,Widowed,Exec-managerial,Not-in-family,White,Female,United-States,<=50K
27,193898,13,0,0,45,Private,Bachelors,Married-civ-spouse,Sales,Husband,White,Male,United-States,>50K
59,171328,6,0,0,30,Local-gov,10th,Widowed,Other-service,Unmarried,Black,Female,United-States,<=50K
24,537222,9,0,0,50,Private,HS-grad,Married-civ-spouse,Exec-managerial,Husband,White,Male,United-States,<=50K
33,105974,9,0,0,41,Private,HS-grad,Never-married,Craft-repair,Not-in-family,White,Male,United-States,<=50K
21,314182,9,0,0,40,Private,HS-grad,Never-married,Other-service,Not-in-family,White,Female,United-States,<=50K
55,208451,14,0,0,40,Private,Masters,Married-civ-spouse,Exec-managerial,Husband,White,Male,United-States,>50K
23,363219,10,0,0,6,Private,Some-college,Never-married,Priv-house-serv,Not-in-family,White,Female,United-States,<=50K
42,196797,9,0,0,38,Private,HS-grad,Never-married,Transport-moving,Unmarried,Black,Female,United-States,<=50K
44,212665,10,0,0,99,Local-gov,Some-college,Married-civ-spouse,Protective-serv,Husband,Black,Male,United-States,<=50K
65,325089,6,0,0,40,Federal-gov,10th,Divorced,Craft-repair,Unmarried,White,Male,United-States,<=50K
24,174461,12,0,0,22,Private,Assoc-acdm,Divorced,Other-service,Not-in-family,White,Female,United-States,<=50K
53,99064,5,0,0,40,Local-gov,9th,Married-civ-spouse,Craft-repair,Husband,White,Male,United-States,<=50K
40,307767,9,0,0,60,Private,HS-grad,Married-civ-spouse,Sales,Husband,White,Male,United-States,<=50K
32,62374,11,0,0,40,Private,Assoc-voc,Married-civ-spouse,Transport-moving,Husband,White,Male,United-States,<=50K
18,414721,7,0,1602,23,Private,11th,Never-married,Other-service,Own-child,Black,Male,United-States,<=50K
42,126614,13,0,0,30,Self-emp-not-inc,Bachelors,Divorced,Exec-managerial,Not-in-family,Other,Male,Iran,<=50K
57,109638,10,0,1672,45,Private,Some-college,Married-civ-spouse,Exec-managerial,Husband,White,Male,United-States,<=50K
24,152189,9,0,0,40,Private,HS-grad,Never-married,Craft-repair,Own-child,White,Male,United-States,<=50K
65,191380,6,9386,0,50,MISSING,10th,Married-civ-spouse,MISSING,Husband,White,Male,United-States,>50K
30,152453,7,0,0,40,Private,11th,Married-civ-spouse,Other-service,Husband,White,Male,Mexico,<=50K
28,211184,10,0,0,50,Private,Some-college,Never-married,Sales,Not-in-family,White,Female,United-States,<=50K
42,70055,7,0,0,45,Private,11th,Married-civ-spouse,Transport-moving,Husband,White,Male,United-States,<=50K
42,157443,13,0,0,27,Private,Bachelors,Married-civ-spouse,Prof-specialty,Wife,Asian-Pac-Islander,Female,Taiwan,>50K
32,112115,13,7688,0,40,Self-emp-not-inc,Bachelors,Married-civ-spouse,Prof-specialty,Husband,White,Male,United-States,>50K
24,390608,9,0,0,36,MISSING,HS-grad,Never-married,MISSING,Not-in-family,White,Female,United-States,<=50K
55,41938,13,0,0,8,Self-emp-not-inc,Bachelors,Married-civ-spouse,Prof-specialty,Wife,White,Female,United-States,<=50K
53,166386,13,0,0,40,Private,Bachelors,Married-civ-spouse,Machine-op-inspct,Wife,Asian-Pac-Islander,Female,China,<=50K
44,222434,9,0,0,40,Private,HS-grad,Married-civ-spouse,Craft-repair,Husband,White,Male,United-States,<=50K
22,199426,10,0,0,40,MISSING,Some-college,Never-married,MISSING,Not-in-family,White,Female,United-States,<=50K
19,329130,7,0,0,40,Private,11th,Separated,Other-service,Own-child,White,Female,United-States,<=50K
90,139660,10,0,0,37,Private,Some-college,Divorced,Sales,Unmarried,Black,Female,United-States,<=50K
28,398918,13,0,0,50,Self-emp-not-inc,Bachelors,Never-married,Prof-specialty,Not-in-family,White,Male,United-States,>50K
20,117789,9,0,0,40,Private,HS-grad,Never-married,Other-service,Own-child,White,Female,United-States,<=50K
47,198223,10,0,0,40,Private,Some-college,Married-civ-spouse,Exec-managerial,Husband,White,Male,United-States,<=50K
40,141245,13,0,0,40,Private,Bachelors,Married-civ-spouse,Other-service,Wife,White,Female,Puerto-Rico,<=50K
70,90245,9,0,0,5,Private,HS-grad,Widowed,Adm-clerical,Unmarried,White,Female,United-States,<=50K
35,199753,10,0,0,60,Self-emp-not-inc,Some-college,Married-civ-spouse,Other-service,Husband,White,Male,United-States,<=50K
56,160829,9,0,0,46,Local-gov,HS-grad,Divorced,Adm-clerical,Not-in-family,White,Female,United-States,<=50K
53,134793,10,15024,0,50,Self-emp-inc,Some-college,Married-civ-spouse,Exec-managerial,Husband,White,Male,United-States,>50K
51,186416,13,0,0,40,Local-gov,Bachelors,Divorced,Adm-clerical,Not-in-family,White,Female,United-States,<=50K
55,127014,9,0,0,60,Private,HS-grad,Married-civ-spouse,Other-service,Husband,White,Male,United-States,<=50K
43,55213,9,0,1977,52,Private,HS-grad,Married-civ-spouse,Machine-op-inspct,Husband,White,Male,United-States,>50K
72,258761,9,0,0,40,Self-emp-not-inc,HS-grad,Married-civ-spouse,Farming-fishing,Husband,White,Male,United-States,<=50K
34,156464,13,0,0,85,Private,Bachelors,Divorced,Exec-managerial,Not-in-family,White,Male,England,>50K
66,212456,9,0,0,20,Self-emp-not-inc,HS-grad,Widowed,Craft-repair,Not-in-family,White,Male,United-States,<=50K
28,150025,7,0,0,40,Private,11th,Never-married,Craft-repair,Not-in-family,White,Male,MISSING,<=50K
67,116057,9,3273,0,16,Self-emp-not-inc,HS-grad,Divorced,Exec-managerial,Not-in-family,White,Female,United-States,<=50K
17,167658,8,0,0,6,Private,12th,Never-married,Sales,Own-child,White,Female,United-States,<=50K
29,276345,9,0,0,50,Private,HS-grad,Never-married,Prof-specialty,Not-in-family,White,Female,United-States,<=50K
29,150861,10,0,0,40,Private,Some-college,Never-married,Adm-clerical,Not-in-family,White,Female,Japan,<=50K
44,211759,13,0,0,40,Private,Bachelors,Married-civ-spouse,Exec-managerial,Husband,Other,Male,Puerto-Rico,<=50K
50,71898,3,0,0,35,Private,5th-6th,Married-civ-spouse,Machine-op-inspct,Wife,Asian-Pac-Islander,Female,Philippines,<=50K
58,225603,5,0,0,40,Private,9th,Divorced,Farming-fishing,Not-in-family,Black,Male,United-States,<=50K
29,183061,9,0,0,48,Private,HS-grad,Married-civ-spouse,Craft-repair,Husband,Amer-Indian-Eskimo,Male,United-States,<=50K
38,133299,12,0,0,40,Self-emp-not-inc,Assoc-acdm,Married-civ-spouse,Transport-moving,Husband,White,Male,United-States,<=50K
51,95329,14,0,0,40,Private,Masters,Divorced,Protective-serv,Unmarried,White,Male,United-States,<=50K
55,238216,9,0,0,40,Private,HS-grad,Married-civ-spouse,Craft-repair,Husband,White,Male,United-States,<=50K
61,115023,14,0,0,4,Self-emp-not-inc,Masters,Married-civ-spouse,Craft-repair,Husband,White,Male,MISSING,<=50K
49,186539,14,0,0,40,Local-gov,Masters,Married-civ-spouse,Protective-serv,Husband,White,Male,United-States,>50K
24,119156,13,0,0,40,MISSING,Bachelors,Never-married,MISSING,Own-child,White,Male,United-States,<=50K
20,237305,10,0,0,35,Private,Some-college,Never-married,Machine-op-inspct,Other-relative,Black,Female,United-States,<=50K
26,49092,9,0,0,40,Private,HS-grad,Married-civ-spouse,Craft-repair,Husband,White,Male,United-States,<=50K
20,138352,9,0,0,30,Private,HS-grad,Never-married,Other-service,Other-relative,White,Male,United-States,<=50K
47,167281,13,0,0,40,State-gov,Bachelors,Married-civ-spouse,Other-service,Husband,White,Male,United-States,<=50K
24,216867,6,0,0,30,Private,10th,Never-married,Other-service,Other-relative,White,Male,Mexico,<=50K
41,180138,9,0,0,50,Private,HS-grad,Never-married,Sales,Not-in-family,White,Male,United-States,<=50K
33,194901,9,0,0,45,Private,HS-grad,Never-married,Craft-repair,Not-in-family,White,Male,United-States,<=50K
36,143068,10,0,0,40,Private,Some-college,Divorced,Craft-repair,Unmarried,White,Male,United-States,<=50K
18,137363,9,0,0,40,Private,HS-grad,Never-married,Adm-clerical,Own-child,White,Female,United-States,<=50K
44,197389,9,0,0,40,Private,HS-grad,Married-spouse-absent,Machine-op-inspct,Unmarried,White,Female,United-States,<=50K
55,181641,10,0,0,37,State-gov,Some-college,Divorced,Prof-specialty,Not-in-family,Black,Female,United-States,<=50K
39,89508,13,0,0,40,Private,Bachelors,Married-civ-spouse,Sales,Husband,White,Male,United-States,<=50K
23,161478,10,0,0,40,Private,Some-college,Never-married,Sales,Own-child,Asian-Pac-Islander,Female,United-States,<=50K
43,94113,10,0,0,45,Private,Some-college,Divorced,Exec-managerial,Not-in-family,White,Male,United-States,<=50K
40,400061,10,0,0,40,Private,Some-college,Married-civ-spouse,Machine-op-inspct,Husband,Other,Male,United-States,>50K
32,195000,13,7298,0,45,Private,Bachelors,Married-civ-spouse,Exec-managerial,Husband,White,Male,United-States,>50K
36,31438,9,0,0,43,Private,HS-grad,Divorced,Transport-moving,Unmarried,White,Male,MISSING,<=50K
40,171615,10,0,0,35,Self-emp-not-inc,Some-college,Never-married,Craft-repair,Not-in-family,White,Male,United-States,>50K
33,163110,13,0,0,20,State-gov,Bachelors,Never-married,Prof-specialty,Not-in-family,White,Male,United-States,<=50K
29,87523,9,0,0,40,Private,HS-grad,Never-married,Sales,Own-child,White,Female,United-States,<=50K
25,234665,11,0,0,45,Private,Assoc-voc,Married-civ-spouse,Craft-repair,Husband,White,Male,United-States,<=50K
43,198965,10,0,0,38,Private,Some-college,Married-civ-spouse,Sales,Husband,White,Male,United-States,>50K
30,151967,10,0,0,58,Private,Some-college,Married-civ-spouse,Craft-repair,Husband,White,Male,United-States,<=50K
55,185195,13,0,0,99,Self-emp-not-inc,Bachelors,Married-civ-spouse,Exec-managerial,Husband,White,Male,United-States,<=50K
67,127543,6,2414,0,80,Self-emp-not-inc,10th,Married-civ-spouse,Farming-fishing,Husband,White,Male,United-States,<=50K
69,163595,9,0,0,20,MISSING,HS-grad,Widowed,MISSING,Not-in-family,White,Female,United-States,<=50K
22,210165,10,0,0,40,Self-emp-not-inc,Some-college,Never-married,Craft-repair,Not-in-family,White,Male,United-States,<=50K
49,199029,13,0,2415,55,Private,Bachelors,Married-civ-spouse,Sales,Husband,White,Male,United-States,>50K
22,148187,7,0,0,40,Private,11th,Never-married,Other-service,Other-relative,White,Male,United-States,<=50K
51,106728,13,5178,0,60,Private,Bachelors,Married-civ-spouse,Exec-managerial,Husband,White,Male,United-States,>50K
47,205100,9,0,0,38,Self-emp-inc,HS-grad,Married-civ-spouse,Prof-specialty,Husband,White,Male,Germany,<=50K
21,293968,10,0,0,20,Private,Some-college,Married-spouse-absent,Sales,Own-child,Black,Female,United-States,<=50K
43,76460,9,0,0,40,Private,HS-grad,Never-married,Adm-clerical,Not-in-family,White,Female,United-States,<=50K
38,127772,9,0,0,50,Self-emp-not-inc,HS-grad,Divorced,Farming-fishing,Own-child,White,Male,United-States,<=50K
51,78631,10,0,0,60,Self-emp-not-inc,Some-college,Married-civ-spouse,Exec-managerial,Husband,Amer-Indian-Eskimo,Male,United-States,<=50K
40,201764,9,0,0,40,Private,HS-grad,Divorced,Craft-repair,Not-in-family,White,Male,United-States,<=50K
20,153516,10,0,0,30,Private,Some-college,Never-married,Adm-clerical,Own-child,White,Male,United-States,<=50K
23,375871,9,0,0,40,Private,HS-grad,Married-civ-spouse,Adm-clerical,Wife,White,Female,Mexico,<=50K
62,206063,10,0,0,45,Local-gov,Some-college,Divorced,Other-service,Not-in-family,White,Male,United-States,<=50K
36,95336,9,0,0,45,Private,HS-grad,Married-civ-spouse,Tech-support,Husband,White,Male,United-States,>50K
27,148069,6,0,0,40,Private,10th,Never-married,Machine-op-inspct,Unmarried,White,Female,United-States,<=50K
51,110747,9,0,1887,40,Private,HS-grad,Married-civ-spouse,Craft-repair,Husband,White,Male,United-States,>50K
30,178587,11,0,0,38,Private,Assoc-voc,Divorced,Adm-clerical,Not-in-family,White,Female,United-States,<=50K
52,89705,14,0,0,40,Local-gov,Masters,Married-civ-spouse,Prof-specialty,Husband,White,Male,United-States,>50K
31,36302,13,0,0,50,Private,Bachelors,Married-civ-spouse,Machine-op-inspct,Husband,White,Male,United-States,<=50K
28,31842,13,0,0,40,Private,Bachelors,Never-married,Exec-managerial,Own-child,White,Male,United-States,<=50K
47,162595,10,0,0,45,Local-gov,Some-college,Married-spouse-absent,Craft-repair,Other-relative,White,Male,United-States,<=50K
52,222646,8,0,0,40,Private,12th,Separated,Machine-op-inspct,Other-relative,White,Female,Cuba,<=50K
47,72896,9,0,0,40,Private,HS-grad,Married-civ-spouse,Transport-moving,Husband,White,Male,United-States,<=50K
32,105650,9,0,0,50,Private,HS-grad,Married-civ-spouse,Exec-managerial,Wife,White,Female,United-States,>50K
28,334368,11,4650,0,40,Private,Assoc-voc,Never-married,Prof-specialty,Not-in-family,White,Female,United-States,<=50K
60,313946,9,0,0,40,State-gov,HS-grad,Married-civ-spouse,Other-service,Husband,White,Male,United-States,<=50K
31,446358,16,0,0,50,Local-gov,Doctorate,Never-married,Prof-specialty,Not-in-family,White,Male,Mexico,>50K
44,151985,14,0,0,24,Private,Masters,Married-civ-spouse,Exec-managerial,Wife,White,Female,United-States,>50K
24,234640,9,0,0,36,Private,HS-grad,Married-spouse-absent,Sales,Own-child,White,Female,United-States,<=50K
18,36882,8,0,0,20,Private,12th,Never-married,Sales,Own-child,White,Female,United-States,<=50K
25,326370,10,0,0,38,Private,Some-college,Never-married,Adm-clerical,Not-in-family,White,Male,MISSING,<=50K
44,121874,10,0,0,55,Private,Some-college,Divorced,Sales,Unmarried,White,Male,United-States,>50K
25,231357,9,0,0,40,Private,HS-grad,Never-married,Adm-clerical,Not-in-family,White,Female,United-States,<=50K
19,163578,10,0,0,30,Private,Some-college,Never-married,Sales,Own-child,White,Male,United-States,<=50K
39,255027,11,0,0,40,Private,Assoc-voc,Divorced,Exec-managerial,Unmarried,Black,Female,United-States,<=50K
50,217083,9,0,0,40,Private,HS-grad,Married-civ-spouse,Adm-clerical,Wife,White,Female,United-States,>50K
23,192812,13,0,0,40,Private,Bachelors,Never-married,Tech-support,Own-child,White,Female,United-States,<=50K
90,46786,13,9386,0,15,Private,Bachelors,Married-civ-spouse,Sales,Husband,White,Male,United-States,>50K
29,663394,9,0,0,40,Private,HS-grad,Married-civ-spouse,Farming-fishing,Husband,Black,Male,United-States,<=50K
31,454508,7,0,2001,40,Private,11th,Never-married,Craft-repair,Not-in-family,White,Male,United-States,<=50K
30,432565,11,0,0,40,Private,Assoc-voc,Married-civ-spouse,Tech-support,Other-relative,White,Female,Canada,>50K
20,34590,10,0,0,60,Private,Some-college,Never-married,Farming-fishing,Own-child,White,Male,United-States,<=50K
25,171818,13,0,0,40,Private,Bachelors,Never-married,Exec-managerial,Own-child,White,Female,United-States,<=50K
44,167280,13,0,0,40,Self-emp-not-inc,Bachelors,Married-civ-spouse,Sales,Husband,White,Male,United-States,<=50K
40,223934,10,0,0,17,Private,Some-college,Married-civ-spouse,Adm-clerical,Wife,White,Female,United-States,>50K
47,70754,9,0,0,40,Private,HS-grad,Married-civ-spouse,Craft-repair,Husband,White,Male,United-States,<=50K
17,177629,7,0,0,20,Private,11th,Never-married,Sales,Own-child,White,Female,United-States,<=50K
46,238162,13,0,0,45,Private,Bachelors,Married-civ-spouse,Craft-repair,Husband,White,Male,United-States,>50K
46,185041,9,0,0,75,Private,HS-grad,Married-civ-spouse,Craft-repair,Husband,White,Male,United-States,>50K
41,421837,9,0,0,40,Private,HS-grad,Married-civ-spouse,Transport-moving,Husband,White,Male,United-States,<=50K
39,188391,9,7298,0,50,Private,HS-grad,Married-civ-spouse,Craft-repair,Husband,White,Male,United-States,>50K
35,259846,9,0,0,55,Private,HS-grad,Married-civ-spouse,Craft-repair,Husband,White,Male,United-States,<=50K
55,31728,10,0,0,40,Federal-gov,Some-college,Married-civ-spouse,Adm-clerical,Wife,White,Female,United-States,>50K
32,45796,8,0,0,40,Private,12th,Married-civ-spouse,Handlers-cleaners,Husband,White,Male,United-States,<=50K
22,271274,7,0,0,40,Private,11th,Never-married,Sales,Not-in-family,White,Female,United-States,<=50K
27,212041,9,0,0,50,Private,HS-grad,Never-married,Craft-repair,Not-in-family,White,Male,United-States,<=50K
40,71305,9,0,0,40,Private,HS-grad,Married-civ-spouse,Other-service,Husband,Black,Male,United-States,<=50K
34,111746,9,0,0,45,Private,HS-grad,Separated,Craft-repair,Not-in-family,White,Male,Portugal,<=50K
44,113324,9,0,0,40,Private,HS-grad,Married-civ-spouse,Craft-repair,Husband,White,Male,United-States,<=50K
28,192283,14,0,0,80,Private,Masters,Married-spouse-absent,Sales,Not-in-family,White,Female,United-States,>50K
29,423024,3,0,0,40,Private,5th-6th,Married-civ-spouse,Farming-fishing,Husband,White,Male,Mexico,<=50K
45,255014,10,0,0,55,Private,Some-college,Married-civ-spouse,Craft-repair,Husband,White,Male,United-States,>50K
18,201901,9,0,1719,15,Private,HS-grad,Never-married,Handlers-cleaners,Own-child,White,Female,United-States,<=50K
36,143385,9,0,0,40,Private,HS-grad,Never-married,Craft-repair,Not-in-family,White,Male,United-States,<=50K
18,210311,9,0,0,20,Private,HS-grad,Never-married,Sales,Own-child,White,Female,United-States,<=50K
37,177974,10,0,0,70,Private,Some-college,Married-civ-spouse,Machine-op-inspct,Husband,White,Male,United-States,<=50K
27,501172,10,0,419,20,MISSING,Some-college,Married-civ-spouse,MISSING,Husband,White,Male,Mexico,<=50K
17,78602,7,0,0,20,Private,11th,Never-married,Other-service,Other-relative,White,Female,United-States,<=50K
41,157686,10,0,0,40,Self-emp-not-inc,Some-college,Married-civ-spouse,Exec-managerial,Husband,White,Male,United-States,>50K
54,163826,9,0,0,40,Private,HS-grad,Never-married,Prof-specialty,Not-in-family,White,Male,United-States,<=50K
40,220460,9,0,0,40,Private,HS-grad,Never-married,Craft-repair,Not-in-family,White,Male,Canada,<=50K
20,291407,7,0,0,40,Private,11th,Never-married,Handlers-cleaners,Own-child,Black,Male,United-States,<=50K
50,280278,9,0,0,40,Private,HS-grad,Widowed,Prof-specialty,Unmarried,Black,Female,United-States,<=50K
26,247006,9,0,0,52,Private,HS-grad,Married-civ-spouse,Exec-managerial,Husband,White,Male,United-States,<=50K
62,664366,13,0,0,60,Private,Bachelors,Married-civ-spouse,Sales,Husband,White,Male,United-States,>50K
56,182062,13,0,0,48,Private,Bachelors,Married-civ-spouse,Tech-support,Husband,White,Male,United-States,>50K
23,212803,13,0,0,35,Local-gov,Bachelors,Never-married,Prof-specialty,Not-in-family,White,Female,United-States,<=50K
36,103605,9,0,0,40,Private,HS-grad,Married-civ-spouse,Handlers-cleaners,Husband,White,Male,United-States,<=50K
22,367655,10,0,0,40,MISSING,Some-college,Never-married,MISSING,Own-child,White,Male,United-States,<=50K
41,118212,13,3103,0,40,Private,Bachelors,Married-civ-spouse,Craft-repair,Husband,White,Male,United-States,>50K
63,271550,10,0,0,20,Self-emp-not-inc,Some-college,Married-civ-spouse,Farming-fishing,Husband,White,Male,United-States,<=50K
51,171409,10,0,0,40,Private,Some-college,Married-civ-spouse,Transport-moving,Husband,White,Male,United-States,>50K
21,307371,10,0,0,15,Private,Some-college,Never-married,Protective-serv,Own-child,White,Male,United-States,<=50K
33,198727,9,0,0,40,Private,HS-grad,Divorced,Tech-support,Not-in-family,White,Female,United-States,<=50K
53,274276,9,0,0,40,Private,HS-grad,Divorced,Adm-clerical,Not-in-family,White,Female,United-States,<=50K
24,89154,5,0,0,40,Private,9th,Never-married,Other-service,Not-in-family,White,Male,El-Salvador,<=50K
20,196643,10,0,0,20,Private,Some-college,Never-married,Other-service,Own-child,White,Male,United-States,<=50K
22,57827,10,0,0,40,MISSING,Some-college,Never-married,MISSING,Own-child,White,Male,United-States,<=50K
41,268183,15,0,0,45,Private,Prof-school,Married-civ-spouse,Prof-specialty,Husband,White,Male,United-States,>50K
62,169204,9,0,0,40,Private,HS-grad,Widowed,Craft-repair,Unmarried,White,Male,United-States,<=50K
37,103474,9,0,0,40,State-gov,HS-grad,Never-married,Other-service,Own-child,White,Female,United-States,<=50K
27,341672,10,0,0,40,Private,Some-college,Never-married,Adm-clerical,Other-relative,Asian-Pac-Islander,Male,India,<=50K
45,49595,10,0,0,80,Self-emp-not-inc,Some-college,Married-civ-spouse,Exec-managerial,Husband,White,Male,United-States,<=50K
34,89644,10,0,0,55,Private,Some-college,Married-civ-spouse,Sales,Husband,White,Male,United-States,>50K
29,154411,11,0,0,40,Private,Assoc-voc,Never-married,Tech-support,Own-child,White,Male,United-States,<=50K
30,229741,9,0,0,40,Self-emp-not-inc,HS-grad,Married-civ-spouse,Craft-repair,Husband,White,Male,United-States,<=50K
41,194636,13,99999,0,65,Self-emp-inc,Bachelors,Married-civ-spouse,Sales,Husband,White,Male,United-States,>50K
29,404998,11,0,0,90,Self-emp-not-inc,Assoc-voc,Married-civ-spouse,Farming-fishing,Husband,White,Male,United-States,<=50K
19,227491,9,0,0,40,Private,HS-grad,Never-married,Sales,Not-in-family,Asian-Pac-Islander,Female,United-States,<=50K
48,141511,6,0,0,45,Private,10th,Married-civ-spouse,Exec-managerial,Husband,White,Male,United-States,>50K
49,31650,13,0,0,45,State-gov,Bachelors,Married-civ-spouse,Prof-specialty,Other-relative,White,Female,United-States,<=50K
73,131982,13,0,0,5,MISSING,Bachelors,Married-civ-spouse,MISSING,Husband,Asian-Pac-Islander,Male,Vietnam,<=50K
39,216256,13,0,0,60,Private,Bachelors,Married-civ-spouse,Exec-managerial,Husband,White,Male,Italy,>50K
57,42959,13,0,0,40,Self-emp-inc,Bachelors,Married-civ-spouse,Sales,Wife,White,Female,United-States,>50K
39,164515,9,0,0,40,Local-gov,HS-grad,Divorced,Adm-clerical,Unmarried,White,Female,United-States,<=50K
27,69132,13,0,0,37,Private,Bachelors,Never-married,Tech-support,Not-in-family,White,Male,United-States,<=50K
17,244523,6,0,0,20,Private,10th,Never-married,Other-service,Own-child,White,Male,United-States,<=50K
24,259865,9,0,0,30,Private,HS-grad,Never-married,Adm-clerical,Not-in-family,White,Female,United-States,<=50K
54,172991,9,0,0,40,MISSING,HS-grad,Married-civ-spouse,MISSING,Husband,White,Male,United-States,<=50K
29,192010,13,0,0,60,Private,Bachelors,Never-married,Prof-specialty,Not-in-family,White,Female,Poland,<=50K
41,223763,14,0,0,65,Self-emp-not-inc,Masters,Married-civ-spouse,Craft-repair,Husband,White,Male,United-States,<=50K
45,202496,13,0,0,37,Private,Bachelors,Married-civ-spouse,Handlers-cleaners,Husband,White,Male,United-States,<=50K
27,236246,12,0,0,40,Private,Assoc-acdm,Married-civ-spouse,Exec-managerial,Husband,White,Male,United-States,<=50K
56,105582,10,7688,0,50,Self-emp-inc,Some-college,Married-civ-spouse,Exec-managerial,Husband,White,Male,United-States,>50K
18,334676,9,0,0,25,Private,HS-grad,Never-married,Handlers-cleaners,Own-child,White,Male,United-States,<=50K
38,183279,10,0,0,44,Private,Some-college,Married-civ-spouse,Exec-managerial,Husband,White,Male,United-States,>50K
47,139268,15,0,1977,60,Self-emp-inc,Prof-school,Married-civ-spouse,Prof-specialty,Husband,White,Male,United-States,>50K
64,75577,4,2580,0,50,Private,7th-8th,Married-civ-spouse,Adm-clerical,Husband,White,Male,United-States,<=50K
27,137645,13,0,1590,40,Private,Bachelors,Never-married,Sales,Not-in-family,Black,Female,United-States,<=50K
56,39380,10,27828,0,20,Self-emp-not-inc,Some-college,Married-spouse-absent,Farming-fishing,Not-in-family,White,Female,United-States,>50K
48,55863,16,0,1902,46,State-gov,Doctorate,Married-civ-spouse,Prof-specialty,Wife,White,Female,United-States,>50K
28,232945,9,0,0,30,Private,HS-grad,Separated,Handlers-cleaners,Not-in-family,Other,Male,United-States,<=50K
29,193260,13,0,0,30,Private,Bachelors,Married-civ-spouse,Craft-repair,Other-relative,Asian-Pac-Islander,Male,India,<=50K
22,180449,10,0,0,28,Private,Some-college,Married-civ-spouse,Handlers-cleaners,Husband,White,Male,United-States,<=50K
30,165235,13,0,0,40,Private,Bachelors,Married-civ-spouse,Adm-clerical,Wife,Asian-Pac-Islander,Female,Philippines,>50K
25,101684,6,0,0,40,Private,10th,Married-civ-spouse,Transport-moving,Husband,White,Male,United-States,<=50K
52,245275,6,0,0,35,Private,10th,Married-civ-spouse,Other-service,Wife,White,Female,United-States,<=50K
50,156008,7,0,0,40,MISSING,11th,Married-civ-spouse,MISSING,Own-child,Black,Female,United-States,<=50K
48,182313,10,0,0,40,Private,Some-college,Married-civ-spouse,Handlers-cleaners,Husband,White,Male,United-States,<=50K
60,51290,4,0,0,40,Private,7th-8th,Divorced,Other-service,Not-in-family,White,Female,United-States,<=50K
25,120238,9,0,0,40,Private,HS-grad,Married-spouse-absent,Machine-op-inspct,Not-in-family,White,Male,Poland,<=50K
33,176673,9,0,0,40,Private,HS-grad,Never-married,Machine-op-inspct,Not-in-family,Black,Female,United-States,<=50K
66,115498,13,99999,0,55,Private,Bachelors,Married-civ-spouse,Exec-managerial,Husband,White,Male,MISSING,>50K
31,363130,9,0,0,18,Private,HS-grad,Never-married,Other-service,Unmarried,Black,Male,United-States,<=50K
59,303176,10,0,2179,40,State-gov,Some-college,Married-civ-spouse,Exec-managerial,Husband,White,Male,United-States,<=50K
20,74631,10,0,0,50,Private,Some-college,Never-married,Sales,Not-in-family,White,Female,United-States,<=50K
33,92865,10,0,0,40,Private,Some-college,Never-married,Adm-clerical,Own-child,White,Female,United-States,<=50K
40,100292,9,0,0,52,Private,HS-grad,Married-civ-spouse,Sales,Husband,White,Male,United-States,>50K
27,128730,11,10520,0,65,Private,Assoc-voc,Never-married,Exec-managerial,Not-in-family,White,Male,Greece,>50K
25,210278,13,0,0,30,Self-emp-not-inc,Bachelors,Never-married,Prof-specialty,Own-child,White,Male,United-States,<=50K
33,400416,6,0,0,20,Private,10th,Never-married,Other-service,Own-child,Black,Male,United-States,<=50K
18,194561,10,0,0,37,Private,Some-college,Never-married,Other-service,Own-child,White,Male,United-States,<=50K
26,107827,9,0,0,25,Private,HS-grad,Never-married,Other-service,Unmarried,White,Male,United-States,<=50K
23,151888,9,4650,0,50,Private,HS-grad,Divorced,Craft-repair,Not-in-family,White,Male,Ireland,<=50K
34,96480,10,0,0,40,Private,Some-college,Separated,Exec-managerial,Unmarried,White,Female,United-States,<=50K
26,151551,10,2597,0,48,Private,Some-college,Separated,Sales,Own-child,Amer-Indian-Eskimo,Male,United-States,<=50K
40,233320,4,0,0,25,Private,7th-8th,Separated,Other-service,Not-in-family,White,Female,United-States,<=50K
28,91299,11,0,0,45,Private,Assoc-voc,Never-married,Adm-clerical,Not-in-family,Asian-Pac-Islander,Female,United-States,<=50K
20,157541,10,0,0,40,Private,Some-college,Never-married,Craft-repair,Own-child,White,Male,United-States,<=50K
69,177374,9,1848,0,12,Private,HS-grad,Widowed,Adm-clerical,Unmarried,White,Female,United-States,<=50K
41,89172,10,0,0,40,Local-gov,Some-college,Married-civ-spouse,Farming-fishing,Husband,White,Male,United-States,>50K
37,126675,11,0,0,60,Self-emp-inc,Assoc-voc,Married-civ-spouse,Sales,Husband,White,Male,United-States,>50K
45,178319,16,7688,0,50,Private,Doctorate,Married-civ-spouse,Prof-specialty,Husband,White,Male,United-States,>50K
17,142912,6,0,0,40,Private,10th,Never-married,Other-service,Own-child,White,Male,United-States,<=50K
43,130126,10,15024,0,45,Self-emp-inc,Some-college,Married-civ-spouse,Exec-managerial,Husband,White,Male,United-States,>50K
42,150568,9,0,0,45,Private,HS-grad,Separated,Sales,Unmarried,White,Female,United-States,<=50K
41,32016,9,0,0,62,Self-emp-inc,HS-grad,Married-civ-spouse,Sales,Husband,White,Male,United-States,<=50K
38,374524,10,0,0,40,Private,Some-college,Never-married,Transport-moving,Not-in-family,White,Male,United-States,<=50K
30,65278,12,0,0,40,Self-emp-not-inc,Assoc-acdm,Never-married,Craft-repair,Own-child,White,Male,United-States,<=50K
28,174666,6,0,0,80,MISSING,10th,Separated,MISSING,Not-in-family,White,Male,United-States,<=50K
42,227466,9,0,0,40,Private,HS-grad,Never-married,Other-service,Other-relative,Black,Male,United-States,<=50K
32,128016,9,0,0,20,Private,HS-grad,Married-spouse-absent,Other-service,Unmarried,White,Female,United-States,<=50K
26,96130,9,0,0,40,Private,HS-grad,Never-married,Craft-repair,Other-relative,White,Male,United-States,<=50K
46,122206,9,0,0,50,Self-emp-not-inc,HS-grad,Married-civ-spouse,Exec-managerial,Husband,White,Male,United-States,<=50K
39,333305,10,0,0,45,Private,Some-college,Married-civ-spouse,Sales,Wife,White,Female,United-States,>50K
43,186995,9,0,0,40,Local-gov,HS-grad,Divorced,Protective-serv,Unmarried,White,Female,United-States,<=50K
51,179646,9,0,0,40,Private,HS-grad,Divorced,Adm-clerical,Unmarried,White,Female,United-States,<=50K
49,46537,9,594,0,10,Local-gov,HS-grad,Divorced,Adm-clerical,Not-in-family,White,Female,United-States,<=50K
23,361481,6,0,0,40,Private,10th,Married-civ-spouse,Other-service,Husband,White,Male,MISSING,<=50K
42,384236,14,7688,0,40,Private,Masters,Married-civ-spouse,Prof-specialty,Husband,White,Male,United-States,>50K
29,179681,9,0,0,37,Local-gov,HS-grad,Never-married,Transport-moving,Own-child,White,Female,United-States,<=50K
22,214014,10,99999,0,55,Self-emp-not-inc,Some-college,Never-married,Sales,Own-child,Black,Male,United-States,>50K
67,105216,10,0,0,25,Private,Some-college,Widowed,Adm-clerical,Not-in-family,White,Female,United-States,<=50K
31,163303,11,0,0,38,Private,Assoc-voc,Divorced,Sales,Own-child,White,Female,United-States,<=50K
32,317378,13,10520,0,40,Private,Bachelors,Never-married,Exec-managerial,Own-child,White,Female,United-States,>50K
24,81145,10,0,0,75,Self-emp-not-inc,Some-college,Never-married,Other-service,Not-in-family,White,Female,United-States,<=50K
31,235389,4,0,0,30,Private,7th-8th,Never-married,Handlers-cleaners,Not-in-family,White,Female,Portugal,<=50K
37,29054,11,0,0,84,Self-emp-not-inc,Assoc-voc,Never-married,Farming-fishing,Own-child,White,Male,United-States,<=50K
43,393354,10,0,0,38,Private,Some-college,Married-civ-spouse,Adm-clerical,Wife,Black,Female,United-States,>50K
54,154785,13,0,0,50,Self-emp-not-inc,Bachelors,Divorced,Exec-managerial,Not-in-family,White,Male,United-States,<=50K
42,161532,13,0,0,60,Self-emp-inc,Bachelors,Married-civ-spouse,Craft-repair,Husband,Black,Male,United-States,<=50K
61,72886,9,0,0,38,MISSING,HS-grad,Married-civ-spouse,MISSING,Husband,White,Male,United-States,>50K
26,28856,13,0,0,40,Private,Bachelors,Never-married,Tech-support,Not-in-family,White,Female,United-States,<=50K
22,136873,10,0,0,40,Private,Some-college,Never-married,Craft-repair,Not-in-family,White,Male,United-States,<=50K
19,121788,10,0,0,30,Private,Some-college,Never-married,Sales,Not-in-family,White,Female,United-States,<=50K
36,197495,13,0,0,40,Local-gov,Bachelors,Divorced,Prof-specialty,Unmarried,Black,Female,United-States,<=50K
35,239755,13,0,0,38,Private,Bachelors,Never-married,Other-service,Not-in-family,White,Male,United-States,<=50K
24,456460,12,0,0,40,Private,Assoc-acdm,Married-civ-spouse,Adm-clerical,Wife,White,Female,United-States,<=50K
23,178818,9,0,0,40,Private,HS-grad,Never-married,Adm-clerical,Not-in-family,White,Female,United-States,<=50K
18,184016,7,0,0,20,Private,11th,Never-married,Sales,Own-child,White,Female,United-States,<=50K
58,117273,10,0,0,40,Private,Some-college,Married-civ-spouse,Sales,Husband,White,Male,United-States,>50K
41,421871,9,0,0,40,Private,HS-grad,Married-civ-spouse,Craft-repair,Husband,Black,Male,United-States,>50K
52,218550,10,14084,0,16,Private,Some-college,Married-spouse-absent,Adm-clerical,Not-in-family,White,Female,United-States,>50K
53,149217,9,0,0,40,Private,HS-grad,Married-civ-spouse,Craft-repair,Husband,White,Male,Puerto-Rico,<=50K
34,176469,13,0,0,38,Private,Bachelors,Never-married,Sales,Not-in-family,White,Male,United-States,<=50K
45,281565,9,0,0,50,Private,HS-grad,Widowed,Other-service,Other-relative,Asian-Pac-Islander,Female,South,<=50K
25,257310,9,0,0,40,Private,HS-grad,Never-married,Machine-op-inspct,Not-in-family,White,Male,United-States,<=50K
29,128516,12,0,0,40,Self-emp-not-inc,Assoc-acdm,Widowed,Sales,Unmarried,White,Female,United-States,>50K
28,183639,13,0,0,21,Private,Bachelors,Never-married,Adm-clerical,Not-in-family,White,Male,United-States,<=50K
45,240841,14,0,0,40,Private,Masters,Never-married,Prof-specialty,Not-in-family,White,Female,United-States,<=50K
55,164332,9,0,0,16,Private,HS-grad,Separated,Other-service,Not-in-family,White,Female,United-States,<=50K
31,34572,11,0,0,45,Private,Assoc-voc,Married-civ-spouse,Handlers-cleaners,Husband,White,Male,United-States,<=50K
53,155963,13,0,0,30,Private,Bachelors,Married-civ-spouse,Sales,Husband,White,Male,United-States,<=50K
18,102182,8,0,0,30,Private,12th,Never-married,Priv-house-serv,Not-in-family,White,Female,United-States,<=50K
46,204928,10,0,0,40,Self-emp-inc,Some-college,Married-civ-spouse,Sales,Husband,White,Male,United-States,<=50K
58,44246,5,0,0,40,Local-gov,9th,Married-civ-spouse,Transport-moving,Husband,White,Male,United-States,<=50K
57,27385,13,0,0,10,Self-emp-not-inc,Bachelors,Married-civ-spouse,Sales,Husband,White,Male,United-States,<=50K
30,174789,12,0,1848,50,Private,Assoc-acdm,Married-civ-spouse,Exec-managerial,Husband,White,Male,United-States,>50K
38,190023,9,0,0,40,Self-emp-not-inc,HS-grad,Married-civ-spouse,Transport-moving,Husband,White,Male,United-States,>50K
23,180771,2,0,0,35,Private,1st-4th,Married-civ-spouse,Machine-op-inspct,Wife,Amer-Indian-Eskimo,Female,Mexico,<=50K
43,150533,12,0,0,50,Self-emp-inc,Assoc-acdm,Married-civ-spouse,Exec-managerial,Husband,White,Male,United-States,<=50K
42,193995,10,0,0,38,Private,Some-college,Divorced,Craft-repair,Not-in-family,White,Male,United-States,<=50K
35,79649,13,0,0,50,Local-gov,Bachelors,Married-civ-spouse,Prof-specialty,Husband,White,Male,United-States,<=50K
33,296453,14,0,0,15,Private,Masters,Married-civ-spouse,Tech-support,Husband,White,Male,United-States,<=50K
52,105428,10,0,0,12,MISSING,Some-college,Married-civ-spouse,MISSING,Husband,White,Male,United-States,<=50K
43,98989,9,0,0,40,State-gov,HS-grad,Married-civ-spouse,Other-service,Husband,Amer-Indian-Eskimo,Male,United-States,<=50K
39,322143,8,15024,0,70,Private,12th,Married-civ-spouse,Transport-moving,Husband,White,Male,United-States,>50K
24,190290,13,0,0,60,Private,Bachelors,Never-married,Sales,Not-in-family,White,Male,United-States,<=50K
18,218889,5,0,0,35,Private,9th,Never-married,Other-service,Own-child,Black,Male,United-States,<=50K
40,120277,9,0,0,40,Private,HS-grad,Never-married,Handlers-cleaners,Own-child,White,Male,Ireland,<=50K
44,198316,13,15024,0,50,Private,Bachelors,Married-civ-spouse,Exec-managerial,Husband,White,Male,United-States,>50K
33,425785,11,0,0,40,State-gov,Assoc-voc,Married-civ-spouse,Prof-specialty,Husband,White,Male,United-States,<=50K
21,212780,8,0,0,20,Local-gov,12th,Never-married,Handlers-cleaners,Unmarried,Black,Female,United-States,<=50K
50,136913,9,0,0,50,Self-emp-inc,HS-grad,Married-civ-spouse,Farming-fishing,Husband,White,Male,United-States,<=50K
43,350661,15,0,0,50,Private,Prof-school,Separated,Tech-support,Not-in-family,White,Male,Columbia,>50K
61,136787,10,0,0,40,Federal-gov,Some-college,Married-civ-spouse,Adm-clerical,Husband,White,Male,United-States,>50K
37,188069,9,0,0,40,Private,HS-grad,Married-civ-spouse,Machine-op-inspct,Husband,White,Male,United-States,<=50K
18,400616,10,0,0,40,Private,Some-college,Never-married,Adm-clerical,Own-child,White,Male,United-States,<=50K
36,175255,9,0,0,35,Local-gov,HS-grad,Married-civ-spouse,Other-service,Wife,White,Female,United-States,<=50K
29,326330,10,1831,0,40,Private,Some-college,Divorced,Exec-managerial,Own-child,White,Female,United-States,<=50K
66,142723,3,0,0,40,Private,5th-6th,Married-spouse-absent,Handlers-cleaners,Unmarried,White,Female,Puerto-Rico,<=50K
35,434114,9,0,0,40,Private,HS-grad,Married-civ-spouse,Handlers-cleaners,Husband,White,Male,Mexico,<=50K
68,284763,7,0,0,70,Private,11th,Divorced,Transport-moving,Not-in-family,White,Male,United-States,<=50K
23,109307,11,0,0,40,Private,Assoc-voc,Never-married,Exec-managerial,Own-child,White,Male,United-States,<=50K
27,104457,13,0,0,40,Private,Bachelors,Never-married,Machine-op-inspct,Not-in-family,Asian-Pac-Islander,Male,MISSING,<=50K
51,332243,13,0,0,45,Private,Bachelors,Divorced,Prof-specialty,Not-in-family,White,Male,United-States,<=50K
17,206998,7,0,0,10,Private,11th,Never-married,Handlers-cleaners,Own-child,White,Male,United-States,<=50K
41,29702,11,0,0,30,Private,Assoc-voc,Never-married,Craft-repair,Not-in-family,White,Male,United-States,<=50K
48,85341,9,0,0,40,Private,HS-grad,Married-civ-spouse,Craft-repair,Husband,White,Male,United-States,<=50K
36,286115,9,0,0,40,Private,HS-grad,Married-civ-spouse,Craft-repair,Husband,White,Male,United-States,>50K
43,143828,14,9562,0,40,Local-gov,Masters,Divorced,Prof-specialty,Unmarried,Black,Female,United-States,>50K
37,230035,9,0,0,46,Private,HS-grad,Married-civ-spouse,Craft-repair,Husband,White,Male,United-States,>50K
19,365640,9,0,0,45,Private,HS-grad,Never-married,Priv-house-serv,Not-in-family,White,Female,MISSING,<=50K
25,236977,9,0,0,40,Private,HS-grad,Separated,Craft-repair,Own-child,White,Male,Mexico,<=50K
22,121070,10,0,0,35,MISSING,Some-college,Never-married,MISSING,Own-child,White,Male,United-States,<=50K
27,175034,13,0,0,40,Private,Bachelors,Never-married,Adm-clerical,Not-in-family,White,Female,United-States,<=50K
21,136610,8,0,0,32,Private,12th,Never-married,Handlers-cleaners,Own-child,White,Male,United-States,<=50K
27,41099,9,0,0,30,Self-emp-not-inc,HS-grad,Never-married,Craft-repair,Not-in-family,White,Male,United-States,<=50K
22,196280,10,0,0,20,MISSING,Some-college,Never-married,MISSING,Own-child,White,Female,United-States,<=50K
37,86551,13,0,0,45,Private,Bachelors,Married-civ-spouse,Exec-managerial,Husband,White,Male,United-States,>50K
31,182191,13,4064,0,30,MISSING,Bachelors,Married-civ-spouse,MISSING,Wife,White,Female,Canada,<=50K
42,337629,8,0,0,60,Private,12th,Married-civ-spouse,Craft-repair,Husband,Black,Male,MISSING,>50K
23,24395,9,0,0,30,Private,HS-grad,Never-married,Handlers-cleaners,Own-child,White,Female,United-States,<=50K
43,102180,14,0,0,50,Private,Masters,Married-civ-spouse,Exec-managerial,Husband,White,Male,United-States,>50K
60,117509,5,0,0,40,Private,9th,Married-civ-spouse,Craft-repair,Husband,White,Male,United-States,<=50K
33,154227,11,0,0,40,Private,Assoc-voc,Divorced,Sales,Not-in-family,White,Male,United-States,<=50K
38,187748,13,0,0,40,Private,Bachelors,Married-civ-spouse,Prof-specialty,Husband,White,Male,United-States,>50K
25,226891,11,0,0,40,Private,Assoc-voc,Never-married,Other-service,Other-relative,Asian-Pac-Islander,Female,MISSING,<=50K
23,260019,4,0,0,36,Private,7th-8th,Never-married,Farming-fishing,Unmarried,Other,Male,Mexico,<=50K
30,187560,13,0,0,40,Private,Bachelors,Never-married,Sales,Not-in-family,White,Male,United-States,<=50K
56,129762,10,0,0,35,Local-gov,Some-college,Divorced,Adm-clerical,Not-in-family,White,Female,United-States,<=50K
26,222637,6,0,0,55,Private,10th,Never-married,Craft-repair,Not-in-family,White,Male,Puerto-Rico,<=50K
33,80058,9,0,0,48,Private,HS-grad,Never-married,Other-service,Own-child,White,Male,United-States,<=50K
24,126613,13,0,0,8,Private,Bachelors,Never-married,Prof-specialty,Own-child,White,Female,United-States,<=50K
36,90159,10,0,0,40,Self-emp-not-inc,Some-college,Married-civ-spouse,Other-service,Wife,White,Female,United-States,<=50K
47,606752,14,0,0,40,Private,Masters,Divorced,Tech-support,Not-in-family,White,Male,United-States,<=50K
23,121650,3,0,0,30,Private,5th-6th,Never-married,Handlers-cleaners,Unmarried,White,Male,United-States,<=50K
36,137314,11,0,0,45,Private,Assoc-voc,Never-married,Tech-support,Not-in-family,White,Male,United-States,<=50K
60,120067,5,0,0,45,Private,9th,Married-civ-spouse,Farming-fishing,Husband,White,Male,United-States,<=50K
58,201393,12,0,1876,40,Private,Assoc-acdm,Divorced,Adm-clerical,Not-in-family,White,Male,United-States,<=50K
49,133917,11,0,0,40,Private,Assoc-voc,Never-married,Sales,Other-relative,Black,Male,MISSING,<=50K
51,43909,9,0,0,40,MISSING,HS-grad,Divorced,MISSING,Unmarried,Black,Female,United-States,<=50K
31,188096,13,0,0,72,Private,Bachelors,Never-married,Prof-specialty,Not-in-family,White,Female,United-States,>50K
55,189933,9,0,0,45,Self-emp-inc,HS-grad,Married-civ-spouse,Exec-managerial,Husband,White,Male,United-States,<=50K
28,124680,13,6849,0,60,Private,Bachelors,Never-married,Exec-managerial,Not-in-family,White,Female,United-States,<=50K
40,188436,10,7298,0,40,Local-gov,Some-college,Married-civ-spouse,Protective-serv,Husband,White,Male,United-States,>50K
44,172479,13,7688,0,40,Private,Bachelors,Married-civ-spouse,Prof-specialty,Husband,White,Male,United-States,>50K
27,167336,10,0,0,39,Private,Some-college,Never-married,Adm-clerical,Not-in-family,White,Female,United-States,<=50K
38,110013,10,0,0,43,Private,Some-college,Divorced,Adm-clerical,Unmarried,White,Female,United-States,<=50K
43,237993,10,0,0,40,Private,Some-college,Married-civ-spouse,Tech-support,Husband,White,Male,United-States,>50K
24,227594,10,0,0,20,Private,Some-college,Never-married,Sales,Own-child,White,Female,United-States,<=50K
45,189564,13,0,0,42,Private,Bachelors,Married-civ-spouse,Sales,Wife,White,Female,United-States,>50K
17,64785,6,0,0,30,MISSING,10th,Never-married,MISSING,Own-child,White,Male,United-States,<=50K
58,110844,14,0,0,27,Private,Masters,Widowed,Sales,Not-in-family,White,Female,United-States,<=50K
43,188291,2,0,0,40,Private,1st-4th,Never-married,Sales,Own-child,White,Male,United-States,<=50K
42,198619,11,0,0,40,Private,Assoc-voc,Married-civ-spouse,Machine-op-inspct,Husband,White,Male,United-States,<=50K
32,111567,15,0,0,40,Federal-gov,Prof-school,Married-civ-spouse,Prof-specialty,Husband,White,Male,United-States,>50K
29,164607,11,0,0,50,Self-emp-not-inc,Assoc-voc,Married-civ-spouse,Farming-fishing,Husband,White,Male,United-States,<=50K
56,231781,9,0,0,40,Private,HS-grad,Married-civ-spouse,Sales,Husband,White,Male,United-States,>50K
60,174486,9,0,0,40,Private,HS-grad,Widowed,Machine-op-inspct,Not-in-family,White,Female,United-States,<=50K
24,72119,13,2202,0,30,Private,Bachelors,Never-married,Adm-clerical,Own-child,White,Male,United-States,<=50K
54,286989,1,0,0,60,Private,Preschool,Married-civ-spouse,Farming-fishing,Husband,White,Male,United-States,<=50K
28,192384,13,0,0,40,Private,Bachelors,Married-civ-spouse,Sales,Husband,White,Male,United-States,>50K
44,320984,13,0,0,60,Private,Bachelors,Married-civ-spouse,Sales,Husband,White,Male,United-States,>50K
47,178309,10,0,0,40,Local-gov,Some-college,Divorced,Prof-specialty,Not-in-family,White,Female,United-States,<=50K
33,27959,9,0,0,40,Local-gov,HS-grad,Never-married,Other-service,Unmarried,Amer-Indian-Eskimo,Male,United-States,<=50K
46,20956,13,15024,0,40,Federal-gov,Bachelors,Married-civ-spouse,Exec-managerial,Husband,White,Male,United-States,>50K
66,260111,10,0,0,40,MISSING,Some-college,Married-civ-spouse,MISSING,Husband,White,Male,United-States,>50K
22,187052,7,0,0,30,Private,11th,Never-married,Sales,Unmarried,White,Female,United-States,<=50K
48,189462,10,7688,0,40,Private,Some-college,Married-civ-spouse,Craft-repair,Husband,White,Male,United-States,>50K
35,177102,9,0,0,40,Private,HS-grad,Divorced,Handlers-cleaners,Unmarried,White,Female,United-States,<=50K
39,165848,9,0,0,50,Private,HS-grad,Married-civ-spouse,Sales,Husband,White,Male,United-States,<=50K
32,188245,7,0,0,40,Private,11th,Never-married,Priv-house-serv,Unmarried,Black,Female,United-States,<=50K
47,201699,12,5178,0,50,Private,Assoc-acdm,Married-civ-spouse,Sales,Husband,White,Male,United-States,>50K
47,329144,9,4386,0,45,Private,HS-grad,Married-civ-spouse,Sales,Husband,White,Male,United-States,>50K
19,344414,10,0,0,40,Private,Some-college,Never-married,Transport-moving,Own-child,White,Male,United-States,<=50K
24,217602,9,0,0,60,Private,HS-grad,Married-civ-spouse,Farming-fishing,Husband,White,Male,United-States,<=50K
22,222490,10,0,0,30,Private,Some-college,Never-married,Sales,Own-child,White,Female,United-States,<=50K
33,91666,8,0,0,40,Private,12th,Divorced,Exec-managerial,Not-in-family,White,Male,United-States,<=50K
41,355918,13,0,0,35,Self-emp-not-inc,Bachelors,Separated,Craft-repair,Not-in-family,White,Male,United-States,<=50K
30,203258,9,0,0,35,Private,HS-grad,Never-married,Other-service,Not-in-family,White,Female,United-States,<=50K
25,189590,13,0,0,40,Private,Bachelors,Never-married,Tech-support,Not-in-family,White,Male,United-States,<=50K
41,229148,9,0,0,60,Self-emp-not-inc,HS-grad,Never-married,Other-service,Not-in-family,Black,Male,Jamaica,<=50K
34,157886,12,0,0,40,Private,Assoc-acdm,Separated,Other-service,Unmarried,White,Female,United-States,<=50K
32,349365,10,0,0,65,Private,Some-college,Married-civ-spouse,Sales,Husband,Black,Male,United-States,<=50K
38,193815,12,0,0,55,Private,Assoc-acdm,Married-civ-spouse,Exec-managerial,Husband,White,Male,Italy,<=50K
65,344152,14,5556,0,50,Private,Masters,Married-civ-spouse,Prof-specialty,Husband,White,Male,United-States,>50K
19,358631,9,0,0,25,Private,HS-grad,Never-married,Adm-clerical,Not-in-family,White,Male,United-States,<=50K
22,157332,10,0,0,40,Private,Some-college,Never-married,Prof-specialty,Own-child,White,Female,United-States,<=50K
26,67240,9,0,0,40,Private,HS-grad,Married-civ-spouse,Craft-repair,Husband,White,Male,United-States,<=50K
36,89040,7,0,0,47,Private,11th,Married-civ-spouse,Transport-moving,Husband,White,Male,United-States,<=50K
31,246439,10,7298,0,50,Private,Some-college,Married-civ-spouse,Farming-fishing,Husband,White,Male,United-States,>50K
40,33068,9,0,0,50,Self-emp-not-inc,HS-grad,Married-civ-spouse,Farming-fishing,Husband,White,Male,United-States,<=50K
32,252257,12,0,0,45,Private,Assoc-acdm,Never-married,Adm-clerical,Not-in-family,White,Female,United-States,<=50K
60,82775,10,0,0,55,Private,Some-college,Married-civ-spouse,Sales,Husband,White,Male,United-States,<=50K
70,37203,14,9386,0,30,Self-emp-not-inc,Masters,Married-civ-spouse,Prof-specialty,Husband,White,Male,United-States,>50K
32,206609,13,0,0,60,Private,Bachelors,Married-civ-spouse,Exec-managerial,Husband,White,Male,United-States,>50K
42,281209,10,0,0,50,Private,Some-college,Married-civ-spouse,Transport-moving,Husband,White,Male,United-States,<=50K
74,88638,16,0,3683,20,State-gov,Doctorate,Never-married,Prof-specialty,Other-relative,White,Female,United-States,>50K
56,244605,9,0,0,40,Private,HS-grad,Married-civ-spouse,Craft-repair,Husband,White,Male,United-States,<=50K
22,231053,7,0,0,70,Private,11th,Married-civ-spouse,Machine-op-inspct,Husband,White,Male,United-States,>50K
19,27433,8,0,0,30,Federal-gov,12th,Never-married,Other-service,Own-child,White,Female,United-States,<=50K
37,410919,9,0,0,35,Self-emp-not-inc,HS-grad,Never-married,Craft-repair,Own-child,White,Male,United-States,<=50K
39,258102,10,0,0,50,Private,Some-college,Married-civ-spouse,Handlers-cleaners,Husband,White,Male,United-States,<=50K
34,169583,14,0,0,50,Private,Masters,Never-married,Exec-managerial,Not-in-family,White,Female,United-States,<=50K
65,113323,13,0,0,40,Private,Bachelors,Married-civ-spouse,Exec-managerial,Husband,White,Male,United-States,>50K
25,113099,9,0,0,40,Private,HS-grad,Separated,Craft-repair,Not-in-family,Black,Male,United-States,<=50K
35,117166,13,0,0,50,Private,Bachelors,Never-married,Exec-managerial,Not-in-family,White,Male,United-States,<=50K
61,98350,16,0,0,40,Self-emp-inc,Doctorate,Married-civ-spouse,Exec-managerial,Husband,Asian-Pac-Islander,Male,Taiwan,>50K
23,123983,13,0,0,40,MISSING,Bachelors,Never-married,MISSING,Own-child,Other,Male,United-States,<=50K
39,171482,13,0,0,40,State-gov,Bachelors,Never-married,Prof-specialty,Not-in-family,White,Male,United-States,>50K
25,66935,13,0,0,40,Private,Bachelors,Never-married,Other-service,Other-relative,White,Male,United-States,<=50K
40,163215,13,10520,0,40,Private,Bachelors,Divorced,Exec-managerial,Not-in-family,White,Female,United-States,>50K
27,125298,10,0,0,50,Private,Some-college,Never-married,Adm-clerical,Unmarried,White,Female,United-States,<=50K
34,300681,10,0,0,40,Private,Some-college,Married-civ-spouse,Prof-specialty,Husband,Black,Male,Jamaica,>50K
47,88500,9,0,0,35,Self-emp-not-inc,HS-grad,Married-civ-spouse,Farming-fishing,Husband,White,Male,United-States,<=50K
69,361561,15,0,0,3,Private,Prof-school,Married-civ-spouse,Prof-specialty,Husband,White,Male,United-States,<=50K
34,35595,11,0,0,40,Private,Assoc-voc,Married-civ-spouse,Tech-support,Husband,White,Male,United-States,<=50K
56,178202,10,0,0,40,Private,Some-college,Married-civ-spouse,Machine-op-inspct,Husband,White,Male,United-States,<=50K
24,170070,9,0,0,25,Private,HS-grad,Never-married,Machine-op-inspct,Own-child,White,Female,United-States,<=50K
61,80896,14,0,0,45,Private,Masters,Married-civ-spouse,Prof-specialty,Husband,Asian-Pac-Islander,Male,India,>50K
56,220187,10,0,0,45,Self-emp-not-inc,Some-college,Married-civ-spouse,Other-service,Husband,White,Male,United-States,>50K
31,190305,14,0,0,50,State-gov,Masters,Married-civ-spouse,Prof-specialty,Husband,White,Male,United-States,<=50K
19,144911,10,0,0,20,Private,Some-college,Never-married,Other-service,Own-child,White,Male,United-States,<=50K
40,319271,14,0,0,60,Local-gov,Masters,Married-civ-spouse,Exec-managerial,Husband,White,Male,United-States,>50K
44,110355,13,0,0,40,Private,Bachelors,Married-civ-spouse,Exec-managerial,Husband,White,Male,United-States,>50K
20,280714,10,0,0,40,Private,Some-college,Never-married,Other-service,Own-child,White,Male,United-States,<=50K
28,220754,9,0,0,25,Local-gov,HS-grad,Separated,Transport-moving,Own-child,White,Female,United-States,<=50K
19,113915,9,0,0,10,MISSING,HS-grad,Never-married,MISSING,Own-child,Black,Male,United-States,<=50K
28,195607,9,0,0,40,Self-emp-not-inc,HS-grad,Married-civ-spouse,Sales,Wife,White,Female,United-States,<=50K
50,28952,10,0,0,39,Private,Some-college,Married-civ-spouse,Sales,Wife,White,Female,United-States,<=50K
28,142712,13,0,0,50,Private,Bachelors,Never-married,Exec-managerial,Not-in-family,White,Male,United-States,>50K
48,185079,9,0,0,50,Private,HS-grad,Never-married,Exec-managerial,Not-in-family,White,Female,United-States,<=50K
51,102828,11,0,0,40,Private,Assoc-voc,Married-civ-spouse,Handlers-cleaners,Husband,White,Male,Greece,<=50K
25,193051,9,0,0,25,Private,HS-grad,Never-married,Exec-managerial,Own-child,White,Male,United-States,<=50K
46,179048,9,0,0,35,Private,HS-grad,Married-civ-spouse,Sales,Husband,White,Male,MISSING,<=50K
57,399246,13,0,1485,40,State-gov,Bachelors,Married-civ-spouse,Adm-clerical,Husband,Asian-Pac-Islander,Male,China,<=50K
49,115784,10,0,0,40,Federal-gov,Some-college,Married-civ-spouse,Craft-repair,Husband,White,Male,United-States,<=50K
63,404547,9,0,0,30,Self-emp-not-inc,HS-grad,Married-civ-spouse,Craft-repair,Husband,White,Male,United-States,<=50K
36,218689,14,0,1977,50,Private,Masters,Married-civ-spouse,Sales,Husband,White,Male,United-States,>50K
64,61892,9,0,0,15,Private,HS-grad,Widowed,Priv-house-serv,Not-in-family,White,Female,United-States,<=50K
28,281860,13,0,0,40,Federal-gov,Bachelors,Never-married,Prof-specialty,Not-in-family,White,Female,United-States,<=50K
53,33304,10,0,0,40,Private,Some-college,Married-civ-spouse,Transport-moving,Husband,White,Male,United-States,>50K
50,168212,16,0,1902,65,Private,Doctorate,Married-civ-spouse,Prof-specialty,Husband,White,Male,United-States,>50K
30,226443,14,0,1887,45,Local-gov,Masters,Married-civ-spouse,Prof-specialty,Husband,White,Male,United-States,>50K
43,206833,9,0,0,45,Private,HS-grad,Separated,Handlers-cleaners,Unmarried,Black,Female,United-States,<=50K
38,187346,9,0,0,40,Private,HS-grad,Never-married,Sales,Own-child,White,Female,United-States,<=50K
40,208470,9,0,0,40,Private,HS-grad,Never-married,Craft-repair,Not-in-family,White,Male,United-States,<=50K
45,200559,11,0,0,70,Private,Assoc-voc,Married-civ-spouse,Farming-fishing,Husband,White,Male,United-States,<=50K
21,184543,9,0,0,40,Private,HS-grad,Never-married,Sales,Not-in-family,White,Female,United-States,<=50K
43,266439,9,0,0,45,Private,HS-grad,Divorced,Machine-op-inspct,Not-in-family,White,Male,United-States,<=50K
53,31588,13,0,0,52,Private,Bachelors,Married-civ-spouse,Prof-specialty,Husband,White,Male,United-States,>50K
25,462869,9,0,0,40,Private,HS-grad,Never-married,Handlers-cleaners,Other-relative,White,Male,Mexico,<=50K
33,144064,16,0,0,55,Private,Doctorate,Married-civ-spouse,Prof-specialty,Husband,White,Male,United-States,>50K
23,240137,3,0,0,55,Private,5th-6th,Never-married,Handlers-cleaners,Not-in-family,White,Male,Mexico,<=50K
44,54611,10,0,0,50,Private,Some-college,Divorced,Machine-op-inspct,Not-in-family,White,Male,United-States,<=50K
32,127651,9,0,0,40,State-gov,HS-grad,Married-civ-spouse,Protective-serv,Husband,White,Male,United-States,<=50K
45,131826,10,0,0,40,Private,Some-college,Married-civ-spouse,Handlers-cleaners,Husband,White,Male,United-States,<=50K
17,215743,7,0,0,40,MISSING,11th,Never-married,MISSING,Own-child,White,Male,United-States,<=50K
24,159567,10,0,0,40,Private,Some-college,Married-civ-spouse,Machine-op-inspct,Husband,White,Male,United-States,<=50K
53,20676,9,0,0,48,Local-gov,HS-grad,Married-civ-spouse,Exec-managerial,Husband,Amer-Indian-Eskimo,Male,United-States,<=50K
47,201865,9,0,0,40,Private,HS-grad,Married-civ-spouse,Transport-moving,Husband,White,Male,United-States,<=50K
33,268571,10,0,0,40,Private,Some-college,Married-civ-spouse,Other-service,Husband,White,Male,United-States,<=50K
26,335533,9,0,0,20,Private,HS-grad,Never-married,Craft-repair,Own-child,White,Male,United-States,<=50K
47,178341,13,4064,0,60,Private,Bachelors,Married-civ-spouse,Sales,Husband,White,Male,United-States,<=50K
41,144032,9,0,0,60,Private,HS-grad,Married-civ-spouse,Exec-managerial,Husband,White,Male,United-States,<=50K
25,403788,9,0,0,40,Private,HS-grad,Never-married,Craft-repair,Other-relative,Black,Male,United-States,<=50K
29,101597,10,0,0,54,Private,Some-college,Divorced,Sales,Unmarried,White,Female,United-States,<=50K
38,275223,10,7298,0,40,Private,Some-college,Married-civ-spouse,Sales,Husband,White,Male,United-States,>50K
38,51838,9,0,0,40,Private,HS-grad,Married-civ-spouse,Prof-specialty,Wife,White,Female,United-States,<=50K
23,107452,10,0,0,40,Private,Some-college,Married-civ-spouse,Transport-moving,Husband,White,Male,United-States,<=50K
52,172493,9,0,0,36,Private,HS-grad,Never-married,Sales,Not-in-family,White,Female,United-States,<=50K
71,100820,9,0,2489,15,MISSING,HS-grad,Married-civ-spouse,MISSING,Husband,White,Male,United-States,<=50K
31,86143,9,0,0,40,MISSING,HS-grad,Married-civ-spouse,MISSING,Husband,Asian-Pac-Islander,Male,Philippines,<=50K
22,38251,12,0,0,35,Private,Assoc-acdm,Never-married,Other-service,Unmarried,White,Female,United-States,<=50K
46,153501,9,0,0,40,Private,HS-grad,Never-married,Transport-moving,Not-in-family,Amer-Indian-Eskimo,Male,United-States,<=50K
28,132686,10,0,0,40,Private,Some-college,Married-civ-spouse,Exec-managerial,Husband,White,Male,United-States,>50K
23,417605,3,0,0,40,Private,5th-6th,Never-married,Craft-repair,Not-in-family,White,Male,Mexico,<=50K
20,314422,9,0,0,30,Private,HS-grad,Never-married,Sales,Own-child,White,Female,United-States,<=50K
27,152683,9,3908,0,35,Private,HS-grad,Married-civ-spouse,Transport-moving,Husband,White,Male,United-States,<=50K
32,271276,9,0,0,80,Private,HS-grad,Married-civ-spouse,Transport-moving,Husband,White,Male,United-States,>50K
17,327127,7,0,0,20,Private,11th,Never-married,Transport-moving,Own-child,White,Male,United-States,<=50K
43,209894,9,0,0,40,Private,HS-grad,Married-civ-spouse,Adm-clerical,Wife,White,Female,United-States,>50K
65,88513,9,0,0,18,Private,HS-grad,Married-civ-spouse,Sales,Husband,White,Male,United-States,<=50K
33,267859,10,0,0,40,Private,Some-college,Married-civ-spouse,Exec-managerial,Husband,White,Male,Cuba,>50K
51,163948,11,0,0,40,Private,Assoc-voc,Married-civ-spouse,Tech-support,Husband,White,Male,United-States,>50K
26,259585,10,0,0,24,Private,Some-college,Never-married,Sales,Not-in-family,White,Male,United-States,<=50K
27,194590,12,0,0,25,Private,Assoc-acdm,Married-civ-spouse,Adm-clerical,Wife,Black,Female,United-States,<=50K
38,22494,10,7443,0,40,Private,Some-college,Divorced,Adm-clerical,Not-in-family,White,Female,United-States,<=50K
28,183639,9,0,0,40,Private,HS-grad,Never-married,Handlers-cleaners,Unmarried,White,Male,United-States,<=50K
25,306666,10,0,0,45,Private,Some-college,Married-civ-spouse,Sales,Husband,Black,Male,United-States,<=50K
49,348751,4,0,0,40,Private,7th-8th,Married-civ-spouse,Machine-op-inspct,Husband,White,Male,United-States,<=50K
21,199177,9,0,0,40,MISSING,HS-grad,Never-married,MISSING,Not-in-family,White,Female,United-States,<=50K
25,256620,13,0,0,40,Private,Bachelors,Separated,Exec-managerial,Not-in-family,White,Male,United-States,<=50K
23,56402,10,0,0,30,State-gov,Some-college,Married-civ-spouse,Prof-specialty,Husband,White,Male,United-States,<=50K
57,25045,13,2174,0,37,State-gov,Bachelors,Divorced,Adm-clerical,Unmarried,White,Male,United-States,<=50K
34,384150,13,0,0,40,Private,Bachelors,Married-civ-spouse,Exec-managerial,Husband,White,Male,United-States,>50K
52,232024,10,0,0,60,Private,Some-college,Divorced,Adm-clerical,Not-in-family,White,Female,United-States,<=50K
36,186819,12,0,0,52,Private,Assoc-acdm,Married-civ-spouse,Craft-repair,Husband,White,Male,United-States,>50K
46,102359,10,0,0,50,Private,Some-college,Married-civ-spouse,Exec-managerial,Husband,White,Male,United-States,>50K
18,263024,9,0,0,40,Private,HS-grad,Never-married,Sales,Own-child,White,Female,United-States,<=50K
27,171655,9,0,0,42,Private,HS-grad,Never-married,Adm-clerical,Not-in-family,White,Female,United-States,<=50K
60,105339,13,7298,0,60,Self-emp-inc,Bachelors,Married-civ-spouse,Exec-managerial,Husband,White,Male,United-States,>50K
28,335015,9,0,0,40,Local-gov,HS-grad,Married-civ-spouse,Craft-repair,Husband,White,Male,United-States,<=50K
31,156464,6,0,0,40,Private,10th,Divorced,Other-service,Not-in-family,White,Male,United-States,<=50K
20,256211,10,0,0,40,Private,Some-college,Never-married,Machine-op-inspct,Other-relative,Asian-Pac-Islander,Male,Vietnam,<=50K
51,257485,10,0,0,40,Private,Some-college,Married-civ-spouse,Craft-repair,Husband,White,Male,United-States,>50K
60,352156,15,0,0,40,State-gov,Prof-school,Married-civ-spouse,Prof-specialty,Husband,White,Male,United-States,>50K
46,187226,5,0,0,25,Private,9th,Divorced,Other-service,Not-in-family,White,Male,United-States,<=50K
46,273771,9,0,0,40,State-gov,HS-grad,Married-civ-spouse,Tech-support,Husband,White,Male,United-States,<=50K
41,149102,13,0,0,60,Private,Bachelors,Married-civ-spouse,Exec-managerial,Husband,White,Male,United-States,>50K
30,140011,11,0,0,53,Private,Assoc-voc,Married-civ-spouse,Handlers-cleaners,Husband,White,Male,United-States,<=50K
25,144478,10,0,0,40,Private,Some-college,Never-married,Other-service,Own-child,White,Male,Poland,<=50K
33,193246,9,0,0,55,Self-emp-not-inc,HS-grad,Never-married,Exec-managerial,Not-in-family,White,Male,France,<=50K
30,49593,15,0,0,40,Federal-gov,Prof-school,Never-married,Prof-specialty,Not-in-family,Black,Female,United-States,<=50K
35,308874,9,0,0,40,Self-emp-not-inc,HS-grad,Never-married,Craft-repair,Not-in-family,Black,Male,United-States,<=50K
29,207032,9,0,0,42,MISSING,HS-grad,Married-spouse-absent,MISSING,Unmarried,Black,Female,Haiti,<=50K
47,192776,13,0,0,50,Private,Bachelors,Married-civ-spouse,Prof-specialty,Husband,White,Male,United-States,<=50K
54,127455,10,0,0,48,Federal-gov,Some-college,Married-civ-spouse,Protective-serv,Husband,White,Male,United-States,>50K
56,76142,9,0,0,40,Private,HS-grad,Divorced,Other-service,Unmarried,White,Female,United-States,<=50K
54,183248,9,0,0,40,Private,HS-grad,Divorced,Transport-moving,Not-in-family,Black,Male,United-States,<=50K
23,104443,10,0,0,40,Private,Some-college,Never-married,Adm-clerical,Own-child,White,Female,United-States,<=50K
32,515629,9,0,0,40,Private,HS-grad,Separated,Handlers-cleaners,Not-in-family,White,Female,United-States,<=50K
23,103277,10,0,0,24,Private,Some-college,Divorced,Other-service,Own-child,White,Female,United-States,<=50K
25,213385,9,0,0,40,Private,HS-grad,Never-married,Adm-clerical,Not-in-family,White,Male,United-States,<=50K
19,249147,9,0,0,30,MISSING,HS-grad,Never-married,MISSING,Own-child,White,Male,United-States,<=50K
21,25265,11,0,0,30,Private,Assoc-voc,Never-married,Machine-op-inspct,Not-in-family,White,Male,United-States,<=50K
21,230248,9,0,0,25,Private,HS-grad,Never-married,Adm-clerical,Not-in-family,White,Female,United-States,<=50K
42,251795,10,0,0,50,Private,Some-college,Married-civ-spouse,Prof-specialty,Wife,White,Female,United-States,>50K
69,182451,13,0,0,40,Self-emp-inc,Bachelors,Separated,Exec-managerial,Not-in-family,White,Male,United-States,<=50K
36,105021,13,0,0,55,Private,Bachelors,Married-civ-spouse,Prof-specialty,Husband,White,Male,United-States,<=50K
53,287317,9,0,0,32,Private,HS-grad,Divorced,Machine-op-inspct,Unmarried,Black,Male,United-States,<=50K
31,243442,9,0,0,50,Private,HS-grad,Married-civ-spouse,Adm-clerical,Husband,White,Male,United-States,<=50K
32,340940,13,0,0,40,Private,Bachelors,Married-civ-spouse,Exec-managerial,Husband,White,Male,United-States,<=50K
27,160786,7,0,0,45,Private,11th,Separated,Craft-repair,Not-in-family,White,Male,Germany,<=50K
36,347491,16,0,0,35,Self-emp-not-inc,Doctorate,Married-civ-spouse,Prof-specialty,Husband,White,Male,United-States,<=50K
18,57108,7,0,0,16,Private,11th,Never-married,Sales,Own-child,White,Male,United-States,<=50K
56,229525,5,0,0,40,Private,9th,Married-civ-spouse,Transport-moving,Husband,Black,Male,United-States,<=50K
43,194726,15,15024,0,55,Private,Prof-school,Married-civ-spouse,Prof-specialty,Husband,White,Male,United-States,>50K
46,174370,10,0,0,55,Private,Some-college,Separated,Sales,Not-in-family,White,Male,United-States,<=50K
18,152171,7,0,0,10,Local-gov,11th,Never-married,Protective-serv,Own-child,White,Male,United-States,<=50K
42,378384,15,0,1902,60,Private,Prof-school,Married-civ-spouse,Prof-specialty,Husband,White,Male,United-States,>50K
28,154863,9,0,1876,40,Local-gov,HS-grad,Never-married,Protective-serv,Other-relative,Black,Male,United-States,<=50K
61,220342,4,0,0,30,Self-emp-not-inc,7th-8th,Married-civ-spouse,Transport-moving,Husband,White,Male,United-States,<=50K
68,253866,13,0,0,30,Private,Bachelors,Married-civ-spouse,Sales,Husband,White,Male,United-States,<=50K
62,143943,13,0,0,7,Private,Bachelors,Widowed,Tech-support,Unmarried,White,Female,United-States,<=50K
29,289960,9,0,0,48,Private,HS-grad,Married-civ-spouse,Machine-op-inspct,Husband,White,Male,United-States,<=50K
52,254285,13,0,0,40,State-gov,Bachelors,Married-civ-spouse,Prof-specialty,Husband,White,Male,United-States,<=50K
41,171550,9,0,0,40,Private,HS-grad,Married-civ-spouse,Exec-managerial,Husband,White,Male,United-States,>50K
41,352834,13,7688,0,55,Private,Bachelors,Married-civ-spouse,Prof-specialty,Husband,White,Male,United-States,>50K
49,180532,14,0,0,40,Private,Masters,Married-spouse-absent,Prof-specialty,Not-in-family,White,Male,United-States,<=50K
48,316101,9,0,0,40,Private,HS-grad,Divorced,Exec-managerial,Unmarried,White,Female,United-States,<=50K
26,64289,9,0,0,40,Private,HS-grad,Never-married,Farming-fishing,Own-child,White,Male,United-States,<=50K
41,75742,15,0,0,45,Self-emp-inc,Prof-school,Married-civ-spouse,Prof-specialty,Husband,White,Male,El-Salvador,>50K
17,277583,7,0,0,15,Private,11th,Never-married,Handlers-cleaners,Own-child,White,Male,United-States,<=50K
61,115023,9,0,0,40,Local-gov,HS-grad,Married-civ-spouse,Other-service,Husband,White,Male,United-States,<=50K
21,305466,10,0,0,70,MISSING,Some-college,Never-married,MISSING,Own-child,White,Male,United-States,<=50K
65,129426,10,0,0,40,Private,Some-college,Widowed,Adm-clerical,Not-in-family,White,Female,United-States,<=50K
33,23871,12,0,0,32,Private,Assoc-acdm,Divorced,Prof-specialty,Unmarried,White,Female,United-States,<=50K
47,23545,10,0,0,40,Private,Some-college,Married-civ-spouse,Handlers-cleaners,Husband,White,Male,United-States,<=50K
24,219510,13,0,0,32,Private,Bachelors,Never-married,Other-service,Not-in-family,Asian-Pac-Islander,Male,United-States,<=50K
29,107998,9,0,0,40,Private,HS-grad,Divorced,Machine-op-inspct,Own-child,White,Female,United-States,<=50K
27,110931,9,0,0,40,Private,HS-grad,Married-civ-spouse,Adm-clerical,Husband,White,Male,United-States,<=50K
34,219619,9,0,0,40,Private,HS-grad,Never-married,Handlers-cleaners,Not-in-family,White,Male,United-States,<=50K
31,272069,11,0,0,40,Private,Assoc-voc,Divorced,Transport-moving,Not-in-family,White,Male,United-States,<=50K
50,99307,9,5013,0,45,Private,HS-grad,Married-civ-spouse,Craft-repair,Husband,White,Male,United-States,<=50K
36,163290,10,0,0,40,Private,Some-college,Divorced,Sales,Unmarried,White,Female,United-States,<=50K
62,191118,10,7298,0,40,MISSING,Some-college,Married-civ-spouse,MISSING,Husband,White,Male,United-States,>50K
45,34091,13,0,0,38,Self-emp-inc,Bachelors,Married-civ-spouse,Exec-managerial,Husband,White,Male,United-States,>50K
46,190115,12,0,0,40,Private,Assoc-acdm,Married-civ-spouse,Craft-repair,Husband,White,Male,United-States,>50K
20,225395,4,0,0,60,Private,7th-8th,Never-married,Machine-op-inspct,Other-relative,White,Female,Mexico,<=50K
47,370119,15,0,0,50,Private,Prof-school,Married-civ-spouse,Prof-specialty,Husband,White,Male,United-States,>50K
31,102270,4,0,0,40,Private,7th-8th,Divorced,Machine-op-inspct,Unmarried,White,Female,United-States,<=50K
39,176101,13,0,0,40,Private,Bachelors,Married-civ-spouse,Craft-repair,Husband,White,Male,United-States,<=50K
35,407913,9,0,0,40,Private,HS-grad,Separated,Other-service,Not-in-family,Black,Male,United-States,<=50K
75,165968,11,0,0,30,Self-emp-not-inc,Assoc-voc,Widowed,Exec-managerial,Not-in-family,White,Female,United-States,<=50K
36,337778,10,0,0,60,Self-emp-inc,Some-college,Married-civ-spouse,Exec-managerial,Husband,White,Male,Yugoslavia,>50K
28,191129,9,0,0,65,Self-emp-inc,HS-grad,Never-married,Exec-managerial,Not-in-family,White,Male,United-States,>50K
27,35032,10,0,0,40,Private,Some-college,Married-civ-spouse,Handlers-cleaners,Husband,White,Male,United-States,>50K
37,172256,10,0,0,20,MISSING,Some-college,Married-civ-spouse,MISSING,Husband,White,Male,United-States,<=50K
71,365996,13,0,0,6,Local-gov,Bachelors,Widowed,Prof-specialty,Unmarried,White,Female,United-States,<=50K
38,218184,3,0,0,40,Local-gov,5th-6th,Married-civ-spouse,Handlers-cleaners,Other-relative,White,Male,Mexico,<=50K
29,258862,13,0,0,45,Private,Bachelors,Never-married,Craft-repair,Not-in-family,White,Female,United-States,<=50K
24,229773,13,0,0,40,Private,Bachelors,Never-married,Exec-managerial,Not-in-family,White,Male,United-States,<=50K
56,108276,13,0,0,40,Private,Bachelors,Widowed,Other-service,Not-in-family,White,Female,United-States,<=50K
51,61270,9,0,0,40,Private,HS-grad,Married-civ-spouse,Handlers-cleaners,Husband,White,Male,United-States,>50K
19,294029,7,0,0,32,Private,11th,Never-married,Sales,Own-child,Other,Female,Nicaragua,<=50K
22,279901,9,0,0,40,Private,HS-grad,Married-civ-spouse,Other-service,Own-child,Black,Male,United-States,<=50K
27,155057,10,0,0,50,Private,Some-college,Married-civ-spouse,Prof-specialty,Husband,White,Male,United-States,>50K
32,195602,13,0,1977,45,Private,Bachelors,Married-civ-spouse,Sales,Husband,White,Male,United-States,>50K
61,273803,9,0,0,40,Private,HS-grad,Married-civ-spouse,Craft-repair,Husband,White,Male,United-States,<=50K
27,37754,10,0,0,80,Private,Some-college,Married-civ-spouse,Farming-fishing,Husband,White,Male,United-States,<=50K
31,144064,9,0,0,48,Private,HS-grad,Married-civ-spouse,Craft-repair,Husband,White,Male,United-States,>50K
18,236069,6,0,0,10,Private,10th,Never-married,Other-service,Own-child,Black,Male,United-States,<=50K
52,168539,9,0,0,40,Federal-gov,HS-grad,Married-civ-spouse,Machine-op-inspct,Husband,White,Male,United-States,>50K
37,333664,10,0,0,40,Local-gov,Some-college,Separated,Adm-clerical,Not-in-family,White,Female,United-States,<=50K
46,102308,9,0,0,56,Private,HS-grad,Married-civ-spouse,Handlers-cleaners,Husband,White,Male,United-States,>50K
55,236520,11,0,0,40,Private,Assoc-voc,Married-civ-spouse,Craft-repair,Husband,White,Male,United-States,>50K
30,193298,9,0,0,45,Private,HS-grad,Married-civ-spouse,Transport-moving,Husband,White,Male,United-States,<=50K
51,127149,7,0,0,45,Self-emp-not-inc,11th,Married-civ-spouse,Farming-fishing,Husband,White,Male,United-States,>50K
20,381357,5,0,0,28,Private,9th,Never-married,Handlers-cleaners,Own-child,White,Male,United-States,<=50K
59,117299,9,0,1887,40,Federal-gov,HS-grad,Married-civ-spouse,Craft-repair,Husband,White,Male,United-States,>50K
47,272182,10,0,0,40,Local-gov,Some-college,Never-married,Adm-clerical,Not-in-family,Black,Male,United-States,<=50K
33,139057,14,0,0,50,Private,Masters,Married-civ-spouse,Tech-support,Husband,Asian-Pac-Islander,Male,United-States,>50K
70,172652,14,0,0,8,MISSING,Masters,Married-civ-spouse,MISSING,Husband,White,Male,United-States,<=50K
26,184872,13,0,0,55,Private,Bachelors,Married-civ-spouse,Exec-managerial,Wife,White,Female,United-States,>50K
50,190333,15,99999,0,55,Self-emp-inc,Prof-school,Married-civ-spouse,Prof-specialty,Husband,White,Male,United-States,>50K
39,160402,10,0,0,38,Private,Some-college,Divorced,Exec-managerial,Not-in-family,White,Male,United-States,<=50K
60,92845,3,0,0,40,Self-emp-not-inc,5th-6th,Married-civ-spouse,Farming-fishing,Husband,White,Male,United-States,<=50K
40,125206,15,0,0,40,Self-emp-not-inc,Prof-school,Married-civ-spouse,Prof-specialty,Husband,White,Male,United-States,<=50K
64,254797,10,0,0,40,Private,Some-college,Married-civ-spouse,Exec-managerial,Husband,White,Male,United-States,<=50K
36,153066,10,0,0,50,Private,Some-college,Married-civ-spouse,Craft-repair,Husband,White,Male,United-States,>50K
26,102476,9,0,0,50,Self-emp-not-inc,HS-grad,Never-married,Craft-repair,Own-child,White,Male,United-States,<=50K
30,163003,13,0,0,52,Private,Bachelors,Never-married,Exec-managerial,Own-child,Asian-Pac-Islander,Female,Taiwan,<=50K
46,122026,13,0,0,44,Private,Bachelors,Married-civ-spouse,Craft-repair,Husband,White,Male,United-States,>50K
48,243631,9,0,0,30,Self-emp-not-inc,HS-grad,Married-civ-spouse,Exec-managerial,Husband,Asian-Pac-Islander,Male,South,<=50K
44,32000,10,0,0,18,Private,Some-college,Married-civ-spouse,Tech-support,Husband,White,Male,United-States,>50K
23,159709,9,0,0,40,Private,HS-grad,Divorced,Craft-repair,Not-in-family,White,Male,United-States,<=50K
44,298885,9,0,0,40,Private,HS-grad,Married-civ-spouse,Craft-repair,Husband,White,Male,United-States,<=50K
25,169124,9,0,0,45,Private,HS-grad,Married-civ-spouse,Transport-moving,Husband,White,Male,United-States,<=50K
72,268861,4,0,0,99,Private,7th-8th,Widowed,Other-service,Not-in-family,White,Female,MISSING,<=50K
28,152951,9,0,0,40,Private,HS-grad,Divorced,Handlers-cleaners,Not-in-family,White,Male,United-States,<=50K
41,112283,9,0,0,60,Private,HS-grad,Married-civ-spouse,Craft-repair,Husband,White,Male,United-States,>50K
41,192589,13,0,0,40,Federal-gov,Bachelors,Married-civ-spouse,Adm-clerical,Husband,White,Male,United-States,<=50K
19,231688,10,0,0,20,Private,Some-college,Never-married,Machine-op-inspct,Own-child,White,Male,United-States,<=50K
58,430005,6,0,0,50,Private,10th,Married-civ-spouse,Transport-moving,Husband,White,Male,United-States,>50K
31,163594,9,0,0,45,Private,HS-grad,Never-married,Sales,Not-in-family,White,Female,United-States,<=50K
47,177457,10,0,0,40,Self-emp-not-inc,Some-college,Married-civ-spouse,Other-service,Husband,Black,Male,United-States,<=50K
58,53481,14,0,0,35,Local-gov,Masters,Never-married,Prof-specialty,Not-in-family,White,Male,United-States,<=50K
52,311931,3,0,0,15,Private,5th-6th,Married-civ-spouse,Sales,Wife,White,Female,El-Salvador,<=50K
41,150755,16,15024,0,50,Private,Doctorate,Married-civ-spouse,Exec-managerial,Husband,White,Male,Canada,>50K
70,187292,13,6418,0,40,Private,Bachelors,Married-civ-spouse,Handlers-cleaners,Husband,White,Male,United-States,>50K
34,153942,11,0,0,40,Private,Assoc-voc,Married-civ-spouse,Sales,Husband,White,Male,United-States,<=50K
41,198425,10,0,0,45,Private,Some-college,Married-civ-spouse,Craft-repair,Husband,White,Male,United-States,<=50K
54,123011,10,0,0,40,Private,Some-college,Married-civ-spouse,Craft-repair,Husband,White,Male,United-States,>50K
26,164488,14,0,1887,40,Private,Masters,Married-civ-spouse,Prof-specialty,Husband,White,Male,United-States,>50K
31,377374,10,0,0,40,Private,Some-college,Divorced,Adm-clerical,Unmarried,Black,Female,Japan,<=50K
43,178780,12,0,0,45,Private,Assoc-acdm,Married-civ-spouse,Exec-managerial,Husband,White,Male,United-States,>50K
21,267040,6,0,0,40,Private,10th,Never-married,Prof-specialty,Unmarried,Black,Female,United-States,<=50K
40,141583,10,0,0,35,State-gov,Some-college,Divorced,Adm-clerical,Unmarried,Black,Female,United-States,<=50K
35,301862,9,0,0,40,Private,HS-grad,Married-civ-spouse,Machine-op-inspct,Husband,White,Male,United-States,<=50K
43,301638,8,0,1579,40,Local-gov,12th,Married-civ-spouse,Transport-moving,Husband,White,Male,United-States,<=50K
31,265807,11,3137,0,50,Self-emp-not-inc,Assoc-voc,Married-civ-spouse,Exec-managerial,Husband,White,Male,United-States,<=50K
42,195124,4,0,0,35,Private,7th-8th,Married-spouse-absent,Prof-specialty,Other-relative,White,Male,Puerto-Rico,<=50K
30,112650,9,0,0,40,Private,HS-grad,Divorced,Craft-repair,Own-child,White,Male,United-States,<=50K
22,129508,9,0,0,28,Private,HS-grad,Never-married,Adm-clerical,Own-child,White,Female,United-States,<=50K
29,220656,13,0,0,40,Local-gov,Bachelors,Married-civ-spouse,Exec-managerial,Husband,Black,Male,United-States,>50K
19,351802,9,0,0,35,Private,HS-grad,Never-married,Machine-op-inspct,Own-child,White,Male,United-States,<=50K
22,102632,9,0,0,41,Private,HS-grad,Never-married,Craft-repair,Not-in-family,White,Male,United-States,<=50K
44,89413,11,0,0,40,Private,Assoc-voc,Married-civ-spouse,Craft-repair,Husband,White,Male,United-States,<=50K
17,202521,6,0,0,15,Private,10th,Never-married,Other-service,Own-child,White,Male,United-States,<=50K
49,122066,10,0,0,25,Self-emp-inc,Some-college,Divorced,Sales,Not-in-family,White,Male,United-States,<=50K
18,312353,8,0,0,20,Private,12th,Never-married,Other-service,Own-child,Black,Male,United-States,<=50K
20,293091,7,0,0,60,Private,11th,Never-married,Transport-moving,Own-child,White,Male,United-States,<=50K
33,125761,10,0,0,36,Private,Some-college,Never-married,Adm-clerical,Not-in-family,White,Male,United-States,<=50K
40,223548,9,0,0,40,Private,HS-grad,Married-civ-spouse,Adm-clerical,Husband,White,Male,Mexico,<=50K
28,243660,9,0,0,40,Private,HS-grad,Married-civ-spouse,Transport-moving,Husband,White,Male,United-States,<=50K
20,217421,9,0,0,40,Private,HS-grad,Married-civ-spouse,Adm-clerical,Other-relative,White,Female,United-States,<=50K
38,202683,9,0,0,40,Private,HS-grad,Never-married,Adm-clerical,Not-in-family,White,Male,United-States,<=50K
31,112115,10,0,0,40,Private,Some-college,Married-civ-spouse,Sales,Husband,White,Male,United-States,<=50K
39,172718,9,0,0,40,Private,HS-grad,Divorced,Adm-clerical,Unmarried,White,Female,United-States,<=50K
80,20101,9,0,0,32,Local-gov,HS-grad,Widowed,Other-service,Unmarried,Amer-Indian-Eskimo,Female,United-States,<=50K
25,124483,13,0,0,20,Local-gov,Bachelors,Never-married,Adm-clerical,Not-in-family,Asian-Pac-Islander,Male,India,<=50K
23,254127,13,0,0,50,Local-gov,Bachelors,Never-married,Prof-specialty,Other-relative,White,Female,United-States,<=50K
48,232145,9,0,0,40,Private,HS-grad,Divorced,Machine-op-inspct,Not-in-family,White,Male,United-States,<=50K
54,141663,9,0,0,15,Private,HS-grad,Never-married,Other-service,Not-in-family,White,Male,United-States,<=50K
41,37997,8,0,0,84,Private,12th,Divorced,Transport-moving,Not-in-family,White,Male,United-States,>50K
34,98656,10,0,0,40,Private,Some-college,Never-married,Prof-specialty,Not-in-family,White,Female,United-States,<=50K
37,194004,7,0,0,25,Private,11th,Married-civ-spouse,Craft-repair,Husband,White,Male,United-States,<=50K
49,155489,14,0,0,50,Private,Masters,Married-civ-spouse,Prof-specialty,Husband,White,Male,United-States,>50K
20,50397,9,0,0,20,Private,HS-grad,Never-married,Adm-clerical,Own-child,Black,Male,United-States,<=50K
23,214635,9,0,0,40,Private,HS-grad,Never-married,Craft-repair,Not-in-family,White,Male,United-States,<=50K
35,194690,4,0,0,40,Private,7th-8th,Divorced,Tech-support,Unmarried,White,Female,United-States,<=50K
31,325658,9,0,0,40,Private,HS-grad,Divorced,Craft-repair,Unmarried,White,Male,United-States,<=50K
43,248094,9,0,0,40,Private,HS-grad,Married-civ-spouse,Machine-op-inspct,Husband,White,Male,United-States,<=50K
59,304779,4,0,0,40,Private,7th-8th,Married-civ-spouse,Machine-op-inspct,Husband,White,Male,United-States,<=50K
29,118230,9,0,0,35,Private,HS-grad,Never-married,Sales,Not-in-family,White,Female,United-States,<=50K
64,202984,9,3137,0,40,Local-gov,HS-grad,Married-civ-spouse,Craft-repair,Husband,White,Male,United-States,<=50K
53,479621,11,0,0,40,Private,Assoc-voc,Divorced,Tech-support,Not-in-family,Black,Male,United-States,<=50K
24,203027,12,0,0,40,Private,Assoc-acdm,Never-married,Machine-op-inspct,Own-child,White,Male,United-States,<=50K
61,124971,16,0,0,40,State-gov,Doctorate,Married-civ-spouse,Prof-specialty,Husband,White,Male,MISSING,>50K
17,172145,6,0,0,40,MISSING,10th,Never-married,MISSING,Own-child,Black,Female,United-States,<=50K
52,561489,14,0,0,50,Self-emp-inc,Masters,Divorced,Exec-managerial,Not-in-family,Black,Female,United-States,<=50K
50,163708,9,0,0,40,Private,HS-grad,Widowed,Other-service,Unmarried,White,Female,United-States,<=50K
24,33016,10,0,0,40,Private,Some-college,Never-married,Craft-repair,Own-child,White,Male,United-States,<=50K
21,212888,7,0,0,56,MISSING,11th,Married-civ-spouse,MISSING,Wife,White,Female,United-States,<=50K
52,143807,9,0,0,40,Private,HS-grad,Divorced,Sales,Not-in-family,White,Female,United-States,<=50K
38,28887,7,0,0,50,Private,11th,Married-civ-spouse,Sales,Husband,White,Male,United-States,<=50K
43,456236,14,0,0,50,Private,Masters,Married-civ-spouse,Exec-managerial,Husband,White,Male,United-States,>50K
39,232036,10,0,0,40,Federal-gov,Some-college,Married-civ-spouse,Adm-clerical,Husband,White,Male,United-States,>50K
39,142707,11,0,0,40,Private,Assoc-voc,Married-civ-spouse,Machine-op-inspct,Husband,White,Male,United-States,<=50K
23,129583,9,0,0,16,Private,HS-grad,Never-married,Handlers-cleaners,Own-child,Black,Female,United-States,<=50K
34,261023,10,0,1651,38,Private,Some-college,Married-civ-spouse,Craft-repair,Husband,White,Male,United-States,<=50K
36,185203,9,0,0,40,Private,HS-grad,Never-married,Sales,Not-in-family,White,Female,United-States,<=50K
42,340148,10,0,0,40,Local-gov,Some-college,Married-civ-spouse,Adm-clerical,Wife,White,Female,United-States,<=50K
20,163911,10,0,0,40,MISSING,Some-college,Never-married,MISSING,Own-child,White,Female,United-States,<=50K
45,513660,13,0,0,40,Private,Bachelors,Never-married,Prof-specialty,Not-in-family,White,Male,United-States,<=50K
64,133166,9,0,0,5,Private,HS-grad,Married-civ-spouse,Exec-managerial,Husband,White,Male,United-States,<=50K
28,309196,13,0,0,40,Private,Bachelors,Never-married,Protective-serv,Not-in-family,White,Female,United-States,<=50K
31,50442,10,0,0,25,Local-gov,Some-college,Never-married,Adm-clerical,Own-child,Amer-Indian-Eskimo,Female,United-States,<=50K
33,331615,16,0,1848,40,Federal-gov,Doctorate,Married-civ-spouse,Prof-specialty,Husband,White,Male,United-States,>50K
26,106406,10,0,0,40,Private,Some-college,Married-civ-spouse,Craft-repair,Husband,White,Male,United-States,<=50K
30,206051,9,0,0,40,Private,HS-grad,Married-civ-spouse,Handlers-cleaners,Husband,White,Male,United-States,>50K
42,143046,13,0,1564,38,Private,Bachelors,Never-married,Prof-specialty,Not-in-family,White,Female,United-States,>50K
62,215944,3,0,0,30,Self-emp-not-inc,5th-6th,Married-civ-spouse,Farming-fishing,Husband,White,Male,United-States,<=50K
25,161027,13,5178,0,40,Private,Bachelors,Married-civ-spouse,Tech-support,Husband,White,Male,United-States,>50K
31,25216,13,0,0,40,Private,Bachelors,Divorced,Exec-managerial,Unmarried,White,Female,United-States,<=50K
59,121912,10,0,0,40,Private,Some-college,Married-civ-spouse,Exec-managerial,Husband,White,Male,United-States,>50K
41,144594,4,0,2179,40,Self-emp-not-inc,7th-8th,Married-civ-spouse,Craft-repair,Husband,White,Male,United-States,<=50K
35,190226,9,0,0,40,Local-gov,HS-grad,Never-married,Protective-serv,Own-child,White,Male,United-States,<=50K
40,96129,9,0,0,72,Private,HS-grad,Married-civ-spouse,Sales,Husband,White,Male,United-States,>50K
18,344742,6,0,0,40,MISSING,10th,Never-married,MISSING,Own-child,White,Male,United-States,<=50K
46,106705,14,0,0,38,State-gov,Masters,Never-married,Exec-managerial,Not-in-family,White,Female,United-States,<=50K
21,202214,9,0,0,40,Private,HS-grad,Never-married,Machine-op-inspct,Not-in-family,White,Female,United-States,<=50K
70,149040,9,2964,0,12,MISSING,HS-grad,Widowed,MISSING,Not-in-family,White,Female,United-States,<=50K
42,104663,16,0,0,40,State-gov,Doctorate,Never-married,Exec-managerial,Not-in-family,White,Female,Italy,>50K
58,204816,10,0,0,60,Self-emp-not-inc,Some-college,Married-civ-spouse,Exec-managerial,Husband,White,Male,United-States,>50K
25,161235,11,0,0,90,MISSING,Assoc-voc,Never-married,MISSING,Own-child,White,Male,United-States,<=50K
50,110748,10,0,0,40,Private,Some-college,Never-married,Prof-specialty,Not-in-family,White,Male,United-States,<=50K
35,192923,9,0,2377,40,Private,HS-grad,Married-civ-spouse,Craft-repair,Husband,White,Male,United-States,<=50K
17,228373,6,0,0,30,MISSING,10th,Never-married,MISSING,Own-child,White,Male,United-States,<=50K
65,325537,11,0,0,50,MISSING,Assoc-voc,Married-civ-spouse,MISSING,Husband,White,Male,United-States,>50K
52,146567,9,14344,0,40,Private,HS-grad,Divorced,Machine-op-inspct,Not-in-family,Black,Male,United-States,>50K
26,147821,13,0,0,45,Private,Bachelors,Never-married,Sales,Own-child,White,Female,MISSING,<=50K
34,176673,10,0,0,35,Private,Some-college,Never-married,Sales,Other-relative,Black,Female,United-States,<=50K
39,57424,13,0,0,35,Local-gov,Bachelors,Divorced,Adm-clerical,Unmarried,White,Female,United-States,<=50K
40,229148,8,0,0,40,Private,12th,Married-civ-spouse,Other-service,Husband,Black,Male,Jamaica,<=50K
20,245297,10,0,0,20,Private,Some-college,Never-married,Other-service,Not-in-family,White,Female,United-States,<=50K
53,197054,14,0,0,40,Local-gov,Masters,Married-civ-spouse,Prof-specialty,Husband,White,Male,United-States,>50K
43,459342,9,0,0,40,Private,HS-grad,Divorced,Adm-clerical,Not-in-family,White,Female,United-States,<=50K
37,291981,9,0,0,40,Private,HS-grad,Divorced,Machine-op-inspct,Not-in-family,White,Male,United-States,<=50K
55,107308,14,0,0,40,Local-gov,Masters,Married-civ-spouse,Prof-specialty,Husband,White,Male,United-States,>50K
53,126386,9,0,0,40,Private,HS-grad,Divorced,Machine-op-inspct,Own-child,White,Male,United-States,<=50K
32,90969,11,0,0,45,Private,Assoc-voc,Married-civ-spouse,Transport-moving,Husband,White,Male,United-States,>50K
17,340043,8,0,0,12,Local-gov,12th,Never-married,Adm-clerical,Own-child,White,Female,United-States,<=50K
51,142835,7,0,0,40,Private,11th,Married-civ-spouse,Machine-op-inspct,Husband,White,Male,United-States,<=50K
51,147954,9,3411,0,38,Private,HS-grad,Married-civ-spouse,Adm-clerical,Wife,Black,Female,United-States,<=50K
27,193122,9,0,0,40,Private,HS-grad,Married-civ-spouse,Machine-op-inspct,Husband,White,Male,United-States,<=50K
42,177937,13,0,0,50,Local-gov,Bachelors,Divorced,Prof-specialty,Not-in-family,White,Male,MISSING,<=50K
34,173266,9,0,0,40,State-gov,HS-grad,Married-civ-spouse,Tech-support,Husband,White,Male,United-States,>50K
19,73190,10,0,0,20,Private,Some-college,Never-married,Handlers-cleaners,Own-child,White,Male,United-States,<=50K
49,84298,10,7688,0,40,Private,Some-college,Married-civ-spouse,Sales,Husband,White,Male,United-States,>50K
28,51461,13,0,1887,40,Private,Bachelors,Married-civ-spouse,Adm-clerical,Husband,White,Male,United-States,>50K
38,85244,13,0,0,40,Private,Bachelors,Separated,Craft-repair,Not-in-family,White,Male,United-States,<=50K
20,369678,9,0,0,43,MISSING,HS-grad,Never-married,MISSING,Not-in-family,Other,Male,United-States,<=50K
45,164210,10,0,0,40,Private,Some-college,Divorced,Exec-managerial,Not-in-family,White,Female,United-States,<=50K
33,316663,10,0,0,50,MISSING,Some-college,Married-civ-spouse,MISSING,Wife,White,Female,United-States,<=50K
25,130302,9,0,0,40,Private,HS-grad,Never-married,Handlers-cleaners,Unmarried,White,Male,United-States,<=50K
18,39529,8,0,0,32,Private,12th,Never-married,Other-service,Own-child,White,Female,United-States,<=50K
46,119890,11,0,0,30,Federal-gov,Assoc-voc,Separated,Tech-support,Not-in-family,Other,Female,United-States,<=50K
19,36012,10,0,0,20,Self-emp-not-inc,Some-college,Never-married,Craft-repair,Own-child,White,Male,United-States,<=50K
37,215503,9,4386,0,45,Private,HS-grad,Married-civ-spouse,Exec-managerial,Husband,White,Male,United-States,>50K
20,315877,9,0,2001,40,Private,HS-grad,Never-married,Other-service,Unmarried,White,Male,United-States,<=50K
38,278924,13,0,1887,50,Private,Bachelors,Married-civ-spouse,Exec-managerial,Husband,White,Male,United-States,>50K
35,80771,14,0,0,40,State-gov,Masters,Never-married,Prof-specialty,Not-in-family,White,Female,United-States,<=50K
55,171328,10,0,0,35,Local-gov,Some-college,Married-spouse-absent,Adm-clerical,Unmarried,Black,Female,United-States,<=50K
21,99199,9,0,0,36,Federal-gov,HS-grad,Never-married,Adm-clerical,Own-child,White,Male,United-States,<=50K
34,344275,9,0,0,70,Private,HS-grad,Never-married,Transport-moving,Not-in-family,White,Male,United-States,<=50K
43,416338,13,0,0,50,Private,Bachelors,Never-married,Sales,Not-in-family,White,Male,United-States,<=50K
33,111567,11,0,0,40,Private,Assoc-voc,Never-married,Craft-repair,Not-in-family,White,Male,United-States,<=50K
28,584790,11,0,0,40,Private,Assoc-voc,Married-civ-spouse,Other-service,Husband,White,Male,United-States,>50K
27,153869,9,0,0,37,Private,HS-grad,Never-married,Handlers-cleaners,Own-child,White,Male,United-States,<=50K
58,147428,14,0,0,40,Local-gov,Masters,Married-civ-spouse,Prof-specialty,Husband,White,Male,United-States,>50K
26,147982,7,0,0,40,Private,11th,Divorced,Craft-repair,Not-in-family,White,Female,United-States,<=50K
19,82210,9,0,0,50,Private,HS-grad,Never-married,Sales,Not-in-family,White,Male,United-States,<=50K
55,149168,9,0,0,30,Self-emp-not-inc,HS-grad,Married-civ-spouse,Farming-fishing,Husband,White,Male,United-States,<=50K
37,167415,9,0,0,50,Private,HS-grad,Married-civ-spouse,Sales,Husband,White,Male,United-States,<=50K
54,242606,14,4386,0,45,Self-emp-not-inc,Masters,Married-civ-spouse,Sales,Husband,White,Male,United-States,>50K
70,148065,10,0,0,4,MISSING,Some-college,Married-civ-spouse,MISSING,Husband,White,Male,United-States,>50K
38,189623,13,0,1887,40,Private,Bachelors,Married-civ-spouse,Prof-specialty,Husband,White,Male,United-States,>50K
44,150076,9,0,0,30,Private,HS-grad,Never-married,Other-service,Not-in-family,White,Male,United-States,<=50K
27,23940,9,0,0,40,Private,HS-grad,Never-married,Handlers-cleaners,Other-relative,Amer-Indian-Eskimo,Male,United-States,<=50K
55,202559,13,0,0,35,Private,Bachelors,Married-civ-spouse,Other-service,Other-relative,Asian-Pac-Islander,Male,Philippines,<=50K
32,244268,13,0,0,50,Local-gov,Bachelors,Never-married,Prof-specialty,Not-in-family,White,Male,United-States,<=50K
34,124827,11,0,0,40,Private,Assoc-voc,Never-married,Transport-moving,Own-child,White,Male,United-States,<=50K
38,171344,7,0,0,36,Private,11th,Married-spouse-absent,Transport-moving,Own-child,White,Male,Mexico,<=50K
17,167878,7,0,0,20,Private,11th,Never-married,Other-service,Own-child,White,Male,United-States,<=50K
58,223400,12,0,0,35,Private,Assoc-acdm,Married-civ-spouse,Priv-house-serv,Other-relative,White,Female,Poland,<=50K
25,148300,13,0,0,15,Private,Bachelors,Never-married,Prof-specialty,Own-child,White,Female,United-States,<=50K
22,109039,9,0,0,55,Private,HS-grad,Never-married,Exec-managerial,Not-in-family,White,Female,United-States,<=50K
38,245372,10,3137,0,50,Self-emp-not-inc,Some-college,Married-civ-spouse,Prof-specialty,Husband,White,Male,United-States,<=50K
44,230684,13,7688,0,50,Private,Bachelors,Married-civ-spouse,Exec-managerial,Husband,White,Male,United-States,>50K
28,269246,7,0,0,40,Private,11th,Married-civ-spouse,Farming-fishing,Husband,White,Male,United-States,<=50K
33,278736,11,0,0,50,Private,Assoc-voc,Married-civ-spouse,Machine-op-inspct,Husband,White,Male,United-States,<=50K
24,165474,13,0,0,40,Self-emp-inc,Bachelors,Never-married,Sales,Own-child,White,Male,United-States,<=50K
35,81232,13,15024,0,50,Private,Bachelors,Married-civ-spouse,Sales,Husband,White,Male,United-States,>50K
49,181547,12,0,0,30,Self-emp-not-inc,Assoc-acdm,Married-civ-spouse,Craft-repair,Husband,White,Male,Columbia,<=50K
33,343021,10,0,0,65,Self-emp-not-inc,Some-college,Never-married,Sales,Not-in-family,White,Male,United-States,<=50K
19,458558,9,0,0,40,Private,HS-grad,Married-civ-spouse,Craft-repair,Wife,White,Female,United-States,<=50K
45,140644,9,0,0,40,Private,HS-grad,Married-civ-spouse,Machine-op-inspct,Husband,White,Male,United-States,<=50K
47,243631,13,0,0,40,Self-emp-not-inc,Bachelors,Married-civ-spouse,Prof-specialty,Husband,Asian-Pac-Islander,Male,South,<=50K
40,34113,9,6849,0,43,Private,HS-grad,Never-married,Exec-managerial,Not-in-family,Amer-Indian-Eskimo,Male,United-States,<=50K
53,152652,10,0,0,50,Self-emp-not-inc,Some-college,Married-civ-spouse,Farming-fishing,Husband,White,Male,United-States,<=50K
48,117251,9,0,0,32,Private,HS-grad,Widowed,Adm-clerical,Not-in-family,White,Female,United-States,<=50K
47,198901,9,0,0,48,Private,HS-grad,Married-civ-spouse,Craft-repair,Husband,White,Male,United-States,<=50K
35,225399,9,8614,0,40,Self-emp-not-inc,HS-grad,Never-married,Machine-op-inspct,Own-child,White,Male,United-States,>50K
34,158040,13,0,0,45,Private,Bachelors,Never-married,Exec-managerial,Not-in-family,White,Female,United-States,<=50K
25,37741,13,0,0,40,Self-emp-not-inc,Bachelors,Married-civ-spouse,Exec-managerial,Wife,White,Female,United-States,<=50K
34,325658,9,0,0,40,Private,HS-grad,Married-civ-spouse,Transport-moving,Husband,White,Male,United-States,<=50K
20,432376,10,0,0,40,MISSING,Some-college,Never-married,MISSING,Own-child,White,Male,Germany,<=50K
33,401104,9,0,0,50,Private,HS-grad,Married-civ-spouse,Handlers-cleaners,Husband,White,Male,United-States,>50K
57,223214,9,0,0,50,Private,HS-grad,Married-civ-spouse,Sales,Husband,White,Male,United-States,<=50K
19,41400,9,0,0,30,Private,HS-grad,Never-married,Handlers-cleaners,Own-child,White,Male,United-States,<=50K
28,209205,14,0,0,45,Private,Masters,Married-civ-spouse,Prof-specialty,Husband,White,Male,United-States,>50K
45,341995,11,0,1902,42,Private,Assoc-voc,Married-civ-spouse,Prof-specialty,Husband,White,Male,United-States,>50K
33,547886,13,0,0,40,Private,Bachelors,Separated,Exec-managerial,Unmarried,Black,Female,United-States,<=50K
23,293565,6,0,0,40,Private,10th,Never-married,Handlers-cleaners,Not-in-family,White,Male,United-States,<=50K
33,208785,10,10520,0,40,State-gov,Some-college,Separated,Prof-specialty,Not-in-family,White,Male,United-States,>50K
19,230874,10,0,0,40,MISSING,Some-college,Never-married,MISSING,Own-child,White,Female,United-States,<=50K
33,261511,9,0,0,40,Private,HS-grad,Married-civ-spouse,Craft-repair,Husband,White,Male,United-States,<=50K
30,467108,14,0,0,44,Private,Masters,Married-civ-spouse,Prof-specialty,Husband,White,Male,United-States,>50K
41,274363,10,0,0,80,Private,Some-college,Separated,Sales,Not-in-family,White,Male,United-States,>50K
30,193380,13,0,0,35,State-gov,Bachelors,Never-married,Prof-specialty,Other-relative,White,Male,United-States,<=50K
41,321824,9,0,0,8,Private,HS-grad,Married-civ-spouse,Craft-repair,Husband,White,Male,United-States,<=50K
46,197332,14,7688,0,46,Private,Masters,Married-civ-spouse,Prof-specialty,Husband,White,Male,United-States,>50K
18,184101,10,0,0,25,MISSING,Some-college,Never-married,MISSING,Own-child,White,Male,United-States,<=50K
31,113543,10,0,0,40,Private,Some-college,Married-civ-spouse,Other-service,Husband,White,Male,United-States,>50K
36,192150,9,0,0,40,Federal-gov,HS-grad,Divorced,Adm-clerical,Unmarried,White,Female,United-States,<=50K
33,182246,9,0,0,40,Private,HS-grad,Never-married,Prof-specialty,Not-in-family,White,Male,United-States,<=50K
28,304960,12,0,1980,40,Local-gov,Assoc-acdm,Never-married,Adm-clerical,Not-in-family,White,Female,United-States,<=50K
49,159726,7,0,0,40,Local-gov,11th,Divorced,Handlers-cleaners,Unmarried,White,Male,United-States,<=50K
58,190763,13,0,0,40,Self-emp-inc,Bachelors,Married-civ-spouse,Prof-specialty,Husband,White,Male,United-States,>50K
46,132912,9,0,0,45,Private,HS-grad,Married-civ-spouse,Sales,Husband,White,Male,United-States,>50K
50,158680,14,0,0,50,Private,Masters,Married-civ-spouse,Exec-managerial,Husband,White,Male,United-States,>50K
27,288341,9,0,0,32,Private,HS-grad,Never-married,Machine-op-inspct,Own-child,White,Female,United-States,<=50K
38,155676,9,0,0,40,MISSING,HS-grad,Divorced,MISSING,Unmarried,Black,Female,United-States,<=50K
52,196894,7,0,0,40,Private,11th,Separated,Handlers-cleaners,Unmarried,White,Male,United-States,<=50K
49,184428,14,0,0,40,Local-gov,Masters,Married-civ-spouse,Adm-clerical,Husband,White,Male,United-States,<=50K
33,293063,13,0,0,40,Local-gov,Bachelors,Married-spouse-absent,Prof-specialty,Other-relative,Black,Male,MISSING,<=50K
40,520586,10,0,0,39,Private,Some-college,Divorced,Adm-clerical,Unmarried,White,Female,United-States,<=50K
49,185041,9,0,0,40,Private,HS-grad,Married-civ-spouse,Machine-op-inspct,Husband,White,Male,United-States,<=50K
40,91836,9,0,0,45,Private,HS-grad,Divorced,Craft-repair,Not-in-family,White,Male,United-States,<=50K
56,170324,3,0,0,40,Private,5th-6th,Married-civ-spouse,Craft-repair,Husband,Black,Male,Trinadad&Tobago,<=50K
33,58702,11,3103,0,50,Self-emp-not-inc,Assoc-voc,Married-civ-spouse,Prof-specialty,Wife,White,Female,United-States,>50K
26,160445,9,0,0,40,Private,HS-grad,Divorced,Craft-repair,Not-in-family,White,Male,United-States,<=50K
47,140664,13,0,0,45,Private,Bachelors,Divorced,Sales,Not-in-family,White,Male,United-States,<=50K
26,196805,10,0,0,65,Private,Some-college,Married-civ-spouse,Transport-moving,Husband,Black,Male,United-States,<=50K
38,210866,9,0,0,44,Private,HS-grad,Married-civ-spouse,Exec-managerial,Husband,White,Male,United-States,>50K
36,184498,7,0,0,40,Private,11th,Married-civ-spouse,Craft-repair,Husband,White,Male,United-States,<=50K
59,145574,7,0,0,40,Private,11th,Married-civ-spouse,Adm-clerical,Husband,White,Male,United-States,<=50K
24,417668,13,0,0,30,Private,Bachelors,Never-married,Prof-specialty,Own-child,White,Male,United-States,<=50K
18,198087,9,0,0,30,Private,HS-grad,Never-married,Sales,Own-child,White,Female,United-States,<=50K
50,89737,10,0,0,48,Self-emp-not-inc,Some-college,Married-civ-spouse,Craft-repair,Husband,White,Male,United-States,<=50K
44,174684,9,0,0,40,Local-gov,HS-grad,Divorced,Craft-repair,Unmarried,Black,Male,United-States,<=50K
38,225605,10,0,0,44,Local-gov,Some-college,Married-civ-spouse,Prof-specialty,Husband,White,Male,United-States,<=50K
21,212114,10,0,0,8,Private,Some-college,Never-married,Prof-specialty,Own-child,White,Female,United-States,<=50K
26,66872,8,0,0,98,Self-emp-inc,12th,Married-civ-spouse,Sales,Husband,Other,Male,Dominican-Republic,<=50K
24,412156,9,0,0,40,MISSING,HS-grad,Married-civ-spouse,MISSING,Wife,White,Female,Mexico,<=50K
24,150084,10,0,0,60,Local-gov,Some-college,Separated,Protective-serv,Not-in-family,White,Male,United-States,<=50K
51,170579,9,0,0,40,Local-gov,HS-grad,Married-civ-spouse,Transport-moving,Husband,White,Male,United-States,>50K
55,308373,10,0,0,40,Private,Some-college,Married-civ-spouse,Exec-managerial,Wife,White,Female,United-States,>50K
58,178660,8,0,0,40,MISSING,12th,Married-civ-spouse,MISSING,Husband,White,Male,United-States,<=50K
52,282674,9,0,0,40,Private,HS-grad,Married-civ-spouse,Transport-moving,Husband,Amer-Indian-Eskimo,Male,United-States,>50K
29,40295,9,0,0,40,Private,HS-grad,Married-civ-spouse,Prof-specialty,Husband,White,Male,United-States,<=50K
33,188467,9,0,0,40,Private,HS-grad,Never-married,Farming-fishing,Not-in-family,White,Male,United-States,<=50K
25,104097,13,2829,0,60,Private,Bachelors,Married-civ-spouse,Craft-repair,Husband,White,Male,United-States,<=50K
27,194024,5,0,0,50,MISSING,9th,Separated,MISSING,Unmarried,White,Female,United-States,<=50K
61,101265,10,0,0,43,Private,Some-college,Divorced,Adm-clerical,Unmarried,White,Female,United-States,<=50K
36,150057,10,0,0,65,Private,Some-college,Married-civ-spouse,Exec-managerial,Husband,White,Male,United-States,<=50K
34,114185,13,0,0,50,Self-emp-not-inc,Bachelors,Divorced,Transport-moving,Not-in-family,White,Male,MISSING,<=50K
51,145114,9,0,0,40,Private,HS-grad,Divorced,Adm-clerical,Not-in-family,White,Female,United-States,<=50K
27,210765,11,0,0,40,Private,Assoc-voc,Never-married,Handlers-cleaners,Not-in-family,White,Male,United-States,<=50K
42,390781,13,0,0,40,Private,Bachelors,Married-civ-spouse,Adm-clerical,Wife,Black,Female,United-States,<=50K
28,51672,9,0,0,35,Private,HS-grad,Never-married,Craft-repair,Not-in-family,White,Male,United-States,<=50K
50,201689,4,0,1977,63,Self-emp-inc,7th-8th,Married-civ-spouse,Craft-repair,Husband,White,Male,MISSING,>50K
31,213179,9,0,0,60,Private,HS-grad,Married-civ-spouse,Transport-moving,Husband,White,Male,United-States,>50K
24,308205,10,0,0,40,Private,Some-college,Never-married,Exec-managerial,Own-child,White,Male,United-States,<=50K
36,180150,8,0,0,40,Private,12th,Divorced,Handlers-cleaners,Not-in-family,White,Male,United-States,<=50K
38,252662,13,0,0,40,Private,Bachelors,Divorced,Exec-managerial,Not-in-family,White,Male,United-States,<=50K
36,122493,9,0,0,47,Self-emp-not-inc,HS-grad,Married-civ-spouse,Craft-repair,Husband,White,Male,United-States,<=50K
53,173093,10,0,1887,40,Federal-gov,Some-college,Married-civ-spouse,Exec-managerial,Wife,Asian-Pac-Islander,Female,Philippines,>50K
27,314240,12,3325,0,40,Private,Assoc-acdm,Never-married,Exec-managerial,Not-in-family,White,Male,United-States,<=50K
22,166371,10,0,0,40,Private,Some-college,Never-married,Craft-repair,Own-child,White,Male,United-States,<=50K
90,187749,12,0,0,20,Local-gov,Assoc-acdm,Married-civ-spouse,Adm-clerical,Husband,Asian-Pac-Islander,Male,Philippines,<=50K
45,109434,13,0,0,55,Private,Bachelors,Married-civ-spouse,Prof-specialty,Husband,White,Male,United-States,<=50K
22,161532,10,0,0,35,Private,Some-college,Never-married,Handlers-cleaners,Own-child,White,Male,United-States,<=50K
52,71344,14,0,0,40,State-gov,Masters,Married-civ-spouse,Prof-specialty,Husband,White,Male,United-States,<=50K
47,274200,7,7298,0,40,Private,11th,Married-civ-spouse,Craft-repair,Husband,White,Male,United-States,>50K
20,195767,9,0,0,40,MISSING,HS-grad,Never-married,MISSING,Own-child,White,Male,United-States,<=50K
41,149909,9,0,1848,40,Private,HS-grad,Married-civ-spouse,Craft-repair,Husband,White,Male,United-States,>50K
46,116666,9,0,0,40,Private,HS-grad,Divorced,Exec-managerial,Not-in-family,White,Female,United-States,<=50K
35,183898,9,2354,0,40,Private,HS-grad,Divorced,Craft-repair,Unmarried,White,Male,United-States,<=50K
20,216436,13,0,0,30,Private,Bachelors,Never-married,Sales,Other-relative,Black,Female,United-States,<=50K
38,154568,14,0,0,40,Private,Masters,Married-civ-spouse,Exec-managerial,Husband,Asian-Pac-Islander,Male,MISSING,<=50K
33,59944,9,0,0,40,Private,HS-grad,Never-married,Transport-moving,Not-in-family,White,Male,United-States,<=50K
26,137678,9,0,0,40,Private,HS-grad,Never-married,Other-service,Not-in-family,White,Male,United-States,<=50K
25,458549,2,0,0,96,Private,1st-4th,Married-civ-spouse,Farming-fishing,Husband,White,Male,Mexico,<=50K
53,221722,14,14344,0,50,Local-gov,Masters,Never-married,Exec-managerial,Not-in-family,White,Female,United-States,>50K
38,470663,13,0,0,50,Private,Bachelors,Never-married,Exec-managerial,Not-in-family,White,Male,United-States,<=50K
19,87497,7,0,0,10,Private,11th,Never-married,Transport-moving,Other-relative,White,Male,United-States,<=50K
23,219835,10,0,0,40,Private,Some-college,Never-married,Protective-serv,Own-child,White,Male,Mexico,<=50K
54,219276,13,0,0,40,Local-gov,Bachelors,Married-civ-spouse,Exec-managerial,Husband,Asian-Pac-Islander,Male,Philippines,>50K
27,297457,9,0,0,40,Private,HS-grad,Never-married,Adm-clerical,Own-child,Black,Male,United-States,<=50K
72,203289,10,0,0,35,Self-emp-not-inc,Some-college,Married-civ-spouse,Craft-repair,Husband,White,Male,United-States,<=50K
33,33117,12,0,0,40,Private,Assoc-acdm,Married-civ-spouse,Protective-serv,Husband,White,Male,United-States,<=50K
39,218249,10,0,0,37,State-gov,Some-college,Separated,Prof-specialty,Unmarried,Black,Female,United-States,<=50K
33,69748,9,0,0,40,Private,HS-grad,Married-civ-spouse,Exec-managerial,Wife,White,Female,United-States,<=50K
49,323798,10,3325,0,50,Private,Some-college,Divorced,Exec-managerial,Not-in-family,White,Male,United-States,<=50K
20,37482,10,0,0,40,State-gov,Some-college,Never-married,Adm-clerical,Own-child,White,Female,United-States,<=50K
34,252646,10,7298,0,50,Private,Some-college,Married-civ-spouse,Prof-specialty,Husband,White,Male,United-States,>50K
68,213720,9,0,0,40,Private,HS-grad,Married-civ-spouse,Sales,Husband,White,Male,United-States,<=50K
29,262208,10,0,0,30,Private,Some-college,Never-married,Other-service,Not-in-family,Black,Female,Jamaica,<=50K
23,302195,13,0,0,40,Private,Bachelors,Married-civ-spouse,Prof-specialty,Husband,White,Male,United-States,<=50K
23,436798,10,0,0,40,Private,Some-college,Married-civ-spouse,Machine-op-inspct,Husband,White,Male,United-States,<=50K
32,387270,9,0,0,40,Private,HS-grad,Married-civ-spouse,Sales,Wife,White,Female,United-States,>50K
35,161141,9,0,0,40,Private,HS-grad,Married-civ-spouse,Machine-op-inspct,Husband,White,Male,United-States,<=50K
33,204752,9,0,0,40,Private,HS-grad,Never-married,Other-service,Own-child,White,Male,United-States,<=50K
23,315877,13,0,0,30,Private,Bachelors,Never-married,Adm-clerical,Not-in-family,White,Male,United-States,<=50K
25,165315,9,0,0,37,Private,HS-grad,Divorced,Sales,Unmarried,White,Female,United-States,<=50K
30,115963,4,0,0,42,Private,7th-8th,Never-married,Machine-op-inspct,Unmarried,White,Male,United-States,<=50K
35,105821,9,5178,0,40,Private,HS-grad,Married-civ-spouse,Exec-managerial,Husband,White,Male,United-States,>50K
31,259931,4,0,0,40,Private,7th-8th,Married-civ-spouse,Machine-op-inspct,Husband,White,Male,United-States,<=50K
41,201435,9,0,0,40,Local-gov,HS-grad,Married-civ-spouse,Transport-moving,Husband,Black,Male,United-States,<=50K
45,90803,10,0,0,40,State-gov,Some-college,Married-civ-spouse,Adm-clerical,Husband,White,Male,United-States,<=50K
22,211129,11,0,0,10,Local-gov,Assoc-voc,Never-married,Adm-clerical,Own-child,White,Female,MISSING,<=50K
44,216116,9,0,0,40,Private,HS-grad,Married-spouse-absent,Other-service,Not-in-family,Black,Female,Jamaica,<=50K
50,135339,8,0,0,40,Private,12th,Married-civ-spouse,Sales,Husband,Asian-Pac-Islander,Male,Cambodia,>50K
28,185061,7,0,0,40,Private,11th,Never-married,Handlers-cleaners,Other-relative,White,Male,United-States,<=50K
73,200878,9,0,0,15,MISSING,HS-grad,Widowed,MISSING,Not-in-family,White,Female,United-States,<=50K
23,226891,9,0,0,20,MISSING,HS-grad,Never-married,MISSING,Other-relative,Asian-Pac-Islander,Female,South,<=50K
46,65535,13,0,0,48,Local-gov,Bachelors,Married-civ-spouse,Exec-managerial,Husband,White,Male,United-States,>50K
69,108196,5,2993,0,40,Private,9th,Never-married,Craft-repair,Other-relative,White,Male,United-States,<=50K
31,211880,13,0,0,40,Private,Bachelors,Married-civ-spouse,Sales,Husband,White,Male,United-States,<=50K
25,167031,6,0,0,40,Private,10th,Never-married,Machine-op-inspct,Not-in-family,White,Female,Columbia,<=50K
30,211028,9,0,0,45,Private,HS-grad,Never-married,Adm-clerical,Not-in-family,White,Female,United-States,<=50K
34,127651,13,0,0,60,Self-emp-inc,Bachelors,Divorced,Farming-fishing,Not-in-family,White,Male,United-States,<=50K
36,247600,12,0,0,40,Private,Assoc-acdm,Divorced,Exec-managerial,Unmarried,Asian-Pac-Islander,Female,Taiwan,<=50K
60,52900,4,0,0,40,Private,7th-8th,Married-civ-spouse,Transport-moving,Husband,White,Male,United-States,<=50K
41,182567,13,0,0,40,Private,Bachelors,Married-civ-spouse,Exec-managerial,Husband,White,Male,MISSING,>50K
17,193769,5,0,0,20,Private,9th,Never-married,Other-service,Unmarried,White,Male,United-States,<=50K
23,227594,13,0,0,38,Private,Bachelors,Never-married,Prof-specialty,Own-child,White,Female,United-States,<=50K
23,200973,9,0,0,40,Private,HS-grad,Never-married,Adm-clerical,Not-in-family,White,Female,United-States,<=50K
33,73054,9,0,0,40,Private,HS-grad,Divorced,Sales,Unmarried,White,Female,United-States,<=50K
37,256636,9,0,0,40,Private,HS-grad,Married-civ-spouse,Transport-moving,Husband,White,Male,United-States,<=50K
42,78765,10,3103,0,45,Private,Some-college,Married-civ-spouse,Craft-repair,Husband,White,Male,United-States,>50K
22,134192,10,0,0,10,State-gov,Some-college,Never-married,Tech-support,Own-child,White,Female,United-States,<=50K
52,188644,3,0,0,40,Private,5th-6th,Married-spouse-absent,Craft-repair,Other-relative,White,Male,Mexico,<=50K
39,114591,10,0,0,40,Private,Some-college,Separated,Prof-specialty,Unmarried,White,Female,United-States,<=50K
51,142717,16,4787,0,60,Private,Doctorate,Divorced,Craft-repair,Not-in-family,White,Female,United-States,>50K
26,173992,10,0,0,45,Private,Some-college,Married-civ-spouse,Craft-repair,Husband,White,Male,United-States,>50K
50,175804,9,0,0,48,Private,HS-grad,Married-civ-spouse,Sales,Husband,White,Male,United-States,<=50K
36,211022,11,0,0,40,Private,Assoc-voc,Divorced,Prof-specialty,Not-in-family,White,Male,United-States,>50K
35,209609,9,0,0,60,Private,HS-grad,Married-civ-spouse,Transport-moving,Husband,White,Male,United-States,<=50K
43,125405,9,0,0,40,State-gov,HS-grad,Married-civ-spouse,Protective-serv,Husband,White,Male,United-States,<=50K
56,290641,13,0,0,50,Private,Bachelors,Married-civ-spouse,Exec-managerial,Husband,White,Male,United-States,>50K
77,72931,4,0,0,20,Self-emp-not-inc,7th-8th,Married-spouse-absent,Adm-clerical,Not-in-family,White,Male,Italy,>50K
39,300760,9,0,0,50,Private,HS-grad,Divorced,Tech-support,Unmarried,White,Female,United-States,<=50K
29,82393,9,0,1590,45,Local-gov,HS-grad,Never-married,Handlers-cleaners,Unmarried,Asian-Pac-Islander,Male,United-States,<=50K
36,44364,9,0,0,36,Federal-gov,HS-grad,Never-married,Adm-clerical,Own-child,Black,Female,United-States,<=50K
30,132601,13,99999,0,50,Private,Bachelors,Married-civ-spouse,Exec-managerial,Husband,White,Male,United-States,>50K
64,142166,9,0,0,99,Local-gov,HS-grad,Married-civ-spouse,Craft-repair,Husband,White,Male,United-States,<=50K
63,318763,10,0,0,22,Private,Some-college,Divorced,Craft-repair,Unmarried,White,Male,United-States,<=50K
50,145409,13,15024,0,40,Private,Bachelors,Married-civ-spouse,Prof-specialty,Husband,White,Male,United-States,>50K
17,178953,8,0,0,20,Private,12th,Never-married,Sales,Own-child,White,Female,United-States,<=50K
24,388093,13,0,0,40,Private,Bachelors,Never-married,Exec-managerial,Not-in-family,Black,Male,United-States,<=50K
26,352768,9,0,0,40,Federal-gov,HS-grad,Divorced,Adm-clerical,Own-child,White,Female,United-States,<=50K
24,161508,9,0,0,50,Self-emp-not-inc,HS-grad,Never-married,Craft-repair,Own-child,White,Male,United-States,<=50K
30,111883,10,0,0,40,State-gov,Some-college,Never-married,Prof-specialty,Not-in-family,White,Male,United-States,<=50K
56,201318,5,3411,0,50,Self-emp-not-inc,9th,Married-civ-spouse,Exec-managerial,Other-relative,White,Male,Columbia,<=50K
27,129624,13,0,0,40,Private,Bachelors,Married-civ-spouse,Exec-managerial,Husband,White,Male,United-States,>50K
20,119156,9,0,0,20,Federal-gov,HS-grad,Never-married,Adm-clerical,Other-relative,White,Male,United-States,<=50K
44,162506,14,0,0,35,Local-gov,Masters,Married-civ-spouse,Prof-specialty,Husband,White,Male,United-States,<=50K
47,180551,10,0,0,50,Private,Some-college,Married-civ-spouse,Transport-moving,Husband,White,Male,United-States,<=50K
29,207064,9,0,0,40,Private,HS-grad,Married-civ-spouse,Machine-op-inspct,Husband,White,Male,United-States,<=50K
62,35783,10,0,0,60,Private,Some-college,Married-civ-spouse,Transport-moving,Husband,White,Male,United-States,<=50K
59,97168,6,0,0,40,Private,10th,Married-civ-spouse,Craft-repair,Husband,White,Male,United-States,>50K
26,152046,7,0,0,35,MISSING,11th,Never-married,MISSING,Not-in-family,White,Female,Germany,<=50K
60,88055,6,0,0,40,Private,10th,Married-civ-spouse,Transport-moving,Husband,White,Male,United-States,<=50K
20,337639,10,0,0,40,Private,Some-college,Never-married,Sales,Own-child,White,Male,United-States,<=50K
62,176753,9,0,0,40,MISSING,HS-grad,Married-civ-spouse,MISSING,Husband,White,Male,United-States,<=50K
30,83066,9,0,0,40,Local-gov,HS-grad,Married-civ-spouse,Other-service,Husband,Black,Male,United-States,<=50K
28,191177,14,0,0,20,Local-gov,Masters,Married-civ-spouse,Prof-specialty,Wife,White,Female,United-States,>50K
28,162343,9,0,0,40,Private,HS-grad,Never-married,Other-service,Not-in-family,White,Male,Puerto-Rico,<=50K
46,140782,12,0,0,50,Private,Assoc-acdm,Divorced,Prof-specialty,Not-in-family,White,Female,United-States,<=50K
44,148138,16,15024,0,40,Private,Doctorate,Married-civ-spouse,Exec-managerial,Husband,Asian-Pac-Islander,Male,Japan,>50K
22,308205,3,0,0,40,Private,5th-6th,Never-married,Farming-fishing,Other-relative,White,Male,Mexico,<=50K
38,308686,13,0,0,70,Self-emp-inc,Bachelors,Married-civ-spouse,Prof-specialty,Husband,White,Male,United-States,>50K
55,141727,13,3464,0,40,Private,Bachelors,Married-civ-spouse,Adm-clerical,Wife,White,Female,United-States,<=50K
32,133861,13,13550,0,48,Private,Bachelors,Never-married,Exec-managerial,Not-in-family,White,Male,United-States,>50K
29,241895,9,0,0,40,Private,HS-grad,Married-civ-spouse,Transport-moving,Other-relative,White,Male,United-States,<=50K
46,141483,9,0,0,40,Private,HS-grad,Married-civ-spouse,Sales,Wife,White,Female,United-States,<=50K
28,398918,9,0,0,40,Private,HS-grad,Never-married,Tech-support,Not-in-family,White,Male,United-States,<=50K
32,158242,13,0,0,40,Private,Bachelors,Never-married,Prof-specialty,Not-in-family,White,Female,United-States,<=50K
56,32316,8,0,0,40,Self-emp-inc,12th,Widowed,Exec-managerial,Not-in-family,White,Female,United-States,<=50K
30,48520,12,0,2002,40,Private,Assoc-acdm,Married-civ-spouse,Prof-specialty,Husband,White,Male,United-States,<=50K
45,242391,13,0,0,60,Private,Bachelors,Married-civ-spouse,Exec-managerial,Husband,White,Male,United-States,>50K
44,191149,10,0,0,57,Private,Some-college,Divorced,Adm-clerical,Unmarried,White,Female,United-States,<=50K
49,246739,10,0,0,45,Self-emp-inc,Some-college,Married-civ-spouse,Craft-repair,Husband,White,Male,United-States,>50K
30,216811,9,0,0,40,Private,HS-grad,Married-civ-spouse,Craft-repair,Husband,Amer-Indian-Eskimo,Male,United-States,<=50K
19,440417,10,0,0,15,MISSING,Some-college,Never-married,MISSING,Own-child,White,Female,United-States,<=50K
50,20795,9,0,0,60,Private,HS-grad,Married-civ-spouse,Farming-fishing,Husband,White,Male,United-States,>50K
38,108140,13,2202,0,45,Private,Bachelors,Never-married,Exec-managerial,Not-in-family,White,Male,United-States,<=50K
30,80933,9,0,0,40,Private,HS-grad,Married-civ-spouse,Craft-repair,Husband,White,Male,United-States,<=50K
25,163396,10,0,0,40,Private,Some-college,Never-married,Tech-support,Not-in-family,Other,Female,United-States,<=50K
47,154940,14,0,0,45,Local-gov,Masters,Never-married,Prof-specialty,Not-in-family,White,Female,United-States,>50K
22,210474,9,0,0,40,Private,HS-grad,Never-married,Other-service,Not-in-family,White,Female,United-States,<=50K
20,259496,10,0,0,20,Private,Some-college,Never-married,Sales,Own-child,White,Female,United-States,<=50K
51,231230,13,0,0,25,Self-emp-inc,Bachelors,Married-civ-spouse,Exec-managerial,Husband,White,Male,United-States,<=50K
41,144928,13,0,0,40,State-gov,Bachelors,Married-civ-spouse,Prof-specialty,Husband,White,Male,United-States,>50K
30,30226,7,0,0,40,Private,11th,Divorced,Sales,Own-child,White,Male,United-States,<=50K
36,175769,15,0,0,60,Self-emp-not-inc,Prof-school,Married-civ-spouse,Craft-repair,Husband,White,Male,United-States,<=50K
44,100479,12,0,0,48,Local-gov,Assoc-acdm,Married-civ-spouse,Prof-specialty,Husband,White,Male,United-States,<=50K
21,151790,10,0,0,30,State-gov,Some-college,Never-married,Adm-clerical,Own-child,White,Female,United-States,<=50K
25,34307,10,0,0,40,MISSING,Some-college,Never-married,MISSING,Not-in-family,White,Male,United-States,<=50K
40,98985,9,0,0,50,Self-emp-not-inc,HS-grad,Divorced,Exec-managerial,Not-in-family,Black,Male,United-States,<=50K
21,152540,9,0,0,35,Private,HS-grad,Never-married,Adm-clerical,Not-in-family,White,Female,United-States,<=50K
21,363192,11,0,0,40,Private,Assoc-voc,Never-married,Other-service,Own-child,White,Female,United-States,<=50K
23,278391,9,0,0,40,Private,HS-grad,Never-married,Transport-moving,Own-child,White,Male,United-States,<=50K
27,234664,10,0,0,40,Private,Some-college,Married-civ-spouse,Prof-specialty,Husband,White,Male,United-States,>50K
44,171424,10,0,2205,35,Self-emp-not-inc,Some-college,Divorced,Machine-op-inspct,Not-in-family,White,Male,United-States,<=50K
62,83439,4,0,0,40,MISSING,7th-8th,Married-civ-spouse,MISSING,Husband,White,Male,United-States,<=50K
39,203070,9,0,0,40,Local-gov,HS-grad,Separated,Protective-serv,Not-in-family,White,Male,United-States,<=50K
43,334991,10,4934,0,51,Private,Some-college,Separated,Transport-moving,Unmarried,White,Male,United-States,>50K
35,46028,12,0,0,50,Private,Assoc-acdm,Divorced,Other-service,Unmarried,White,Female,United-States,<=50K
30,48458,10,0,0,40,Federal-gov,Some-college,Never-married,Adm-clerical,Own-child,Black,Female,United-States,<=50K
19,201178,9,0,0,30,Private,HS-grad,Never-married,Sales,Not-in-family,White,Female,United-States,<=50K
44,399155,9,0,0,40,Federal-gov,HS-grad,Never-married,Craft-repair,Own-child,Black,Female,United-States,<=50K
53,155233,8,0,0,40,MISSING,12th,Married-civ-spouse,MISSING,Wife,White,Female,Italy,<=50K
60,40856,11,0,0,46,Private,Assoc-voc,Married-civ-spouse,Craft-repair,Husband,White,Male,United-States,>50K
23,102729,10,0,0,15,Private,Some-college,Never-married,Sales,Own-child,White,Female,United-States,<=50K
45,197038,13,0,0,50,Private,Bachelors,Divorced,Prof-specialty,Not-in-family,White,Male,United-States,>50K
28,127833,9,0,0,40,MISSING,HS-grad,Never-married,MISSING,Unmarried,Black,Female,United-States,<=50K
67,342175,14,2009,0,40,Local-gov,Masters,Divorced,Adm-clerical,Not-in-family,White,Female,United-States,<=50K
30,65920,9,0,0,40,Private,HS-grad,Never-married,Exec-managerial,Not-in-family,Black,Male,United-States,<=50K
21,119309,10,0,1602,16,Private,Some-college,Never-married,Tech-support,Own-child,White,Male,United-States,<=50K
34,178615,9,0,0,40,Private,HS-grad,Never-married,Handlers-cleaners,Not-in-family,White,Male,United-States,<=50K
53,293941,13,0,0,40,Local-gov,Bachelors,Married-civ-spouse,Prof-specialty,Husband,White,Male,United-States,<=50K
41,308550,9,0,0,60,Private,HS-grad,Divorced,Craft-repair,Unmarried,White,Female,United-States,<=50K
40,173307,6,0,0,40,Private,10th,Married-civ-spouse,Machine-op-inspct,Husband,White,Male,United-States,<=50K
38,111398,13,7688,0,40,Private,Bachelors,Married-civ-spouse,Prof-specialty,Wife,White,Female,United-States,>50K
52,95128,10,0,0,50,Private,Some-college,Divorced,Sales,Not-in-family,White,Male,United-States,<=50K
36,130620,9,0,0,40,Local-gov,HS-grad,Married-civ-spouse,Adm-clerical,Wife,Asian-Pac-Islander,Female,China,>50K
22,224238,10,0,0,2,MISSING,Some-college,Never-married,MISSING,Own-child,White,Male,United-States,<=50K
18,50879,6,0,0,6,Private,10th,Never-married,Other-service,Own-child,White,Male,United-States,<=50K
56,258883,10,0,0,40,Self-emp-inc,Some-college,Married-civ-spouse,Craft-repair,Husband,White,Male,United-States,<=50K
45,60267,9,0,0,40,Federal-gov,HS-grad,Married-civ-spouse,Adm-clerical,Husband,White,Male,United-States,>50K
33,212918,10,0,0,70,Private,Some-college,Never-married,Tech-support,Not-in-family,White,Male,United-States,<=50K
33,213226,9,0,0,50,Private,HS-grad,Divorced,Sales,Not-in-family,White,Male,United-States,<=50K
65,90907,3,0,0,40,Private,5th-6th,Married-civ-spouse,Other-service,Husband,Asian-Pac-Islander,Male,United-States,<=50K
19,198320,9,0,0,45,Private,HS-grad,Never-married,Other-service,Not-in-family,White,Female,United-States,<=50K
33,529104,7,0,0,50,Private,11th,Married-civ-spouse,Handlers-cleaners,Husband,White,Male,United-States,<=50K
41,142717,10,0,0,36,Private,Some-college,Divorced,Tech-support,Unmarried,Black,Female,United-States,<=50K
48,313925,12,0,0,30,Private,Assoc-acdm,Married-civ-spouse,Prof-specialty,Wife,White,Female,United-States,>50K
22,62865,12,0,0,40,Private,Assoc-acdm,Never-married,Adm-clerical,Not-in-family,White,Female,United-States,<=50K
17,151141,6,0,0,30,MISSING,10th,Never-married,MISSING,Own-child,White,Male,United-States,<=50K
45,234195,9,0,0,35,Local-gov,HS-grad,Divorced,Adm-clerical,Unmarried,White,Female,United-States,<=50K
23,117767,9,0,0,35,Private,HS-grad,Never-married,Other-service,Own-child,White,Male,United-States,<=50K
33,205152,11,0,0,55,Private,Assoc-voc,Never-married,Exec-managerial,Not-in-family,White,Male,United-States,>50K
32,158291,9,0,0,50,Private,HS-grad,Married-civ-spouse,Craft-repair,Husband,White,Male,United-States,>50K
48,449354,9,4386,0,45,Private,HS-grad,Married-civ-spouse,Adm-clerical,Husband,White,Male,United-States,>50K
45,144354,5,0,0,40,MISSING,9th,Separated,MISSING,Own-child,Black,Male,United-States,<=50K
34,264651,9,0,0,40,Private,HS-grad,Married-civ-spouse,Machine-op-inspct,Husband,White,Male,United-States,>50K
35,245090,9,0,0,40,Private,HS-grad,Married-civ-spouse,Craft-repair,Husband,White,Male,Mexico,<=50K
25,281627,14,0,0,40,Private,Masters,Never-married,Prof-specialty,Not-in-family,White,Female,United-States,<=50K
34,346122,9,0,0,40,Private,HS-grad,Never-married,Tech-support,Not-in-family,White,Male,United-States,<=50K
25,129784,10,0,0,40,Private,Some-college,Never-married,Other-service,Own-child,White,Female,United-States,<=50K
19,285263,5,0,0,35,Self-emp-not-inc,9th,Never-married,Prof-specialty,Not-in-family,White,Male,Mexico,<=50K
54,185407,9,7688,0,40,Private,HS-grad,Married-civ-spouse,Craft-repair,Husband,White,Male,United-States,>50K
18,120029,10,0,0,20,Private,Some-college,Never-married,Adm-clerical,Other-relative,White,Female,United-States,<=50K
26,179772,13,0,0,45,Private,Bachelors,Never-married,Exec-managerial,Not-in-family,White,Female,United-States,<=50K
27,192936,9,0,0,40,Private,HS-grad,Divorced,Adm-clerical,Unmarried,White,Female,United-States,<=50K
30,110594,9,0,0,40,Private,HS-grad,Divorced,Adm-clerical,Own-child,White,Female,United-States,<=50K
35,372130,9,0,0,40,State-gov,HS-grad,Married-civ-spouse,Protective-serv,Husband,Black,Male,United-States,<=50K
21,200089,2,0,0,40,Private,1st-4th,Married-civ-spouse,Other-service,Other-relative,White,Male,England,<=50K
29,271579,6,0,0,40,Private,10th,Never-married,Craft-repair,Not-in-family,White,Male,Mexico,<=50K
54,199741,9,0,2001,35,Self-emp-not-inc,HS-grad,Widowed,Craft-repair,Not-in-family,White,Male,United-States,<=50K
42,100793,13,0,0,60,Local-gov,Bachelors,Married-civ-spouse,Prof-specialty,Husband,White,Male,United-States,>50K
67,64148,10,0,0,41,Private,Some-college,Divorced,Other-service,Unmarried,Black,Female,United-States,<=50K
28,161538,13,0,0,35,Private,Bachelors,Never-married,Tech-support,Not-in-family,White,Female,United-States,<=50K
43,163455,9,0,0,40,Private,HS-grad,Married-civ-spouse,Craft-repair,Husband,White,Male,United-States,>50K
42,122861,14,0,0,40,Federal-gov,Masters,Married-civ-spouse,Exec-managerial,Husband,White,Male,United-States,>50K
32,400535,9,3781,0,40,Private,HS-grad,Married-civ-spouse,Craft-repair,Husband,White,Male,United-States,<=50K
46,228620,7,0,0,40,MISSING,11th,Widowed,MISSING,Unmarried,Black,Female,United-States,<=50K
18,423024,9,0,0,20,Private,HS-grad,Never-married,Other-service,Not-in-family,White,Male,United-States,<=50K
48,36020,13,0,0,50,Self-emp-inc,Bachelors,Married-civ-spouse,Exec-managerial,Husband,White,Male,United-States,>50K
43,163108,10,0,0,99,Self-emp-not-inc,Some-college,Married-civ-spouse,Farming-fishing,Husband,White,Male,United-States,<=50K
58,137547,13,0,0,40,Private,Bachelors,Married-civ-spouse,Other-service,Husband,Asian-Pac-Islander,Male,South,<=50K
32,208180,11,0,0,24,Private,Assoc-voc,Married-civ-spouse,Tech-support,Wife,White,Female,United-States,>50K
43,174196,9,0,0,40,Private,HS-grad,Never-married,Other-service,Unmarried,Black,Female,United-States,<=50K
42,87284,15,7298,0,35,Private,Prof-school,Married-civ-spouse,Prof-specialty,Husband,White,Male,United-States,>50K
37,144322,11,0,0,43,Local-gov,Assoc-voc,Never-married,Adm-clerical,Not-in-family,White,Female,United-States,<=50K
37,227597,10,0,0,40,Private,Some-college,Married-civ-spouse,Craft-repair,Husband,White,Male,United-States,<=50K
51,135190,4,0,0,30,Private,7th-8th,Separated,Machine-op-inspct,Not-in-family,Black,Female,United-States,<=50K
58,191069,9,0,0,40,Private,HS-grad,Married-civ-spouse,Sales,Husband,White,Male,United-States,>50K
53,135840,13,0,0,55,Private,Bachelors,Married-civ-spouse,Prof-specialty,Husband,White,Male,United-States,>50K
39,176186,10,0,0,40,Private,Some-college,Married-civ-spouse,Machine-op-inspct,Husband,White,Male,United-States,>50K
19,204441,9,0,0,20,MISSING,HS-grad,Never-married,MISSING,Other-relative,Black,Male,United-States,<=50K
22,203894,10,0,0,24,Private,Some-college,Never-married,Transport-moving,Not-in-family,White,Female,United-States,<=50K
20,218962,9,0,0,40,Private,HS-grad,Never-married,Machine-op-inspct,Not-in-family,White,Male,United-States,<=50K
35,410034,10,0,0,50,Private,Some-college,Divorced,Sales,Not-in-family,White,Male,United-States,<=50K
27,212506,10,0,0,40,Private,Some-college,Divorced,Adm-clerical,Unmarried,Black,Female,United-States,<=50K
56,35723,9,0,0,40,MISSING,HS-grad,Divorced,MISSING,Own-child,White,Male,United-States,<=50K
44,124692,14,0,0,35,Local-gov,Masters,Married-civ-spouse,Prof-specialty,Husband,White,Male,United-States,>50K
41,220531,15,0,0,60,Private,Prof-school,Married-civ-spouse,Prof-specialty,Husband,White,Male,United-States,>50K
65,326691,10,0,0,40,State-gov,Some-college,Married-civ-spouse,Machine-op-inspct,Husband,Black,Male,United-States,>50K
24,149396,10,0,0,30,Private,Some-college,Never-married,Other-service,Other-relative,Black,Female,Haiti,<=50K
38,156728,13,0,0,56,Private,Bachelors,Married-civ-spouse,Adm-clerical,Husband,White,Male,United-States,<=50K
20,142673,10,0,0,45,Private,Some-college,Never-married,Adm-clerical,Not-in-family,White,Female,United-States,<=50K
26,281678,11,0,0,55,Self-emp-not-inc,Assoc-voc,Married-civ-spouse,Farming-fishing,Husband,White,Male,United-States,<=50K
62,199193,9,0,0,25,Private,HS-grad,Married-civ-spouse,Handlers-cleaners,Husband,White,Male,United-States,<=50K
47,112791,9,0,0,40,Private,HS-grad,Married-civ-spouse,Protective-serv,Husband,White,Male,United-States,<=50K
34,24266,11,7688,0,40,Private,Assoc-voc,Married-civ-spouse,Craft-repair,Husband,White,Male,United-States,>50K
36,213008,9,0,0,40,Private,HS-grad,Divorced,Farming-fishing,Not-in-family,White,Male,United-States,<=50K
48,98524,12,0,0,45,Private,Assoc-acdm,Married-civ-spouse,Craft-repair,Husband,White,Male,United-States,<=50K
40,49249,13,0,0,50,Self-emp-inc,Bachelors,Married-civ-spouse,Exec-managerial,Husband,White,Male,United-States,>50K
63,301108,7,0,0,22,Private,11th,Married-civ-spouse,Sales,Husband,White,Male,United-States,<=50K
70,225780,10,0,0,20,Self-emp-inc,Some-college,Married-civ-spouse,Exec-managerial,Husband,White,Male,United-States,>50K
39,139012,13,0,0,40,Private,Bachelors,Married-civ-spouse,Adm-clerical,Husband,Asian-Pac-Islander,Male,Philippines,>50K
18,193741,7,0,0,30,Private,11th,Never-married,Other-service,Other-relative,Black,Male,United-States,<=50K
69,32287,6,0,0,25,Local-gov,10th,Married-civ-spouse,Transport-moving,Husband,White,Male,United-States,<=50K
30,107793,10,0,0,56,Private,Some-college,Married-civ-spouse,Transport-moving,Husband,White,Male,United-States,>50K
49,481987,9,0,0,60,MISSING,HS-grad,Married-civ-spouse,MISSING,Husband,White,Male,United-States,<=50K
22,56582,9,0,0,50,Private,HS-grad,Never-married,Farming-fishing,Not-in-family,White,Male,United-States,<=50K
49,249585,7,0,0,65,Self-emp-not-inc,11th,Married-civ-spouse,Exec-managerial,Husband,White,Male,United-States,<=50K
36,107916,9,0,2002,40,Private,HS-grad,Married-civ-spouse,Transport-moving,Husband,White,Male,United-States,<=50K
31,199368,13,0,0,50,Local-gov,Bachelors,Married-civ-spouse,Protective-serv,Husband,Black,Male,United-States,>50K
53,135643,13,0,0,50,Self-emp-inc,Bachelors,Married-civ-spouse,Adm-clerical,Wife,Asian-Pac-Islander,Female,South,<=50K
53,200190,14,0,1977,55,Local-gov,Masters,Married-civ-spouse,Prof-specialty,Husband,White,Male,United-States,>50K
63,124244,9,0,0,40,Federal-gov,HS-grad,Widowed,Handlers-cleaners,Not-in-family,Black,Male,United-States,<=50K
54,212960,13,0,0,35,Private,Bachelors,Married-civ-spouse,Sales,Husband,White,Male,United-States,>50K
51,106151,7,0,0,40,Private,11th,Divorced,Transport-moving,Own-child,White,Male,United-States,<=50K
28,129624,9,0,0,40,Private,HS-grad,Never-married,Handlers-cleaners,Not-in-family,White,Male,MISSING,<=50K
27,94064,11,0,0,40,Private,Assoc-voc,Divorced,Machine-op-inspct,Not-in-family,White,Male,United-States,<=50K
25,189027,9,0,0,30,Self-emp-not-inc,HS-grad,Married-civ-spouse,Farming-fishing,Husband,White,Male,United-States,<=50K
27,100669,10,0,0,40,Private,Some-college,Married-civ-spouse,Craft-repair,Husband,Asian-Pac-Islander,Male,Philippines,>50K
41,121130,9,0,0,40,Private,HS-grad,Never-married,Adm-clerical,Not-in-family,White,Female,United-States,<=50K
21,239577,10,0,0,40,Private,Some-college,Never-married,Adm-clerical,Own-child,White,Male,United-States,<=50K
50,44116,9,0,0,40,Private,HS-grad,Divorced,Craft-repair,Unmarried,White,Female,United-States,<=50K
75,256474,14,0,0,16,Private,Masters,Never-married,Protective-serv,Not-in-family,White,Male,United-States,<=50K
24,117789,13,0,0,40,Private,Bachelors,Never-married,Exec-managerial,Own-child,White,Female,United-States,<=50K
25,394503,10,0,0,40,Private,Some-college,Married-civ-spouse,Sales,Husband,White,Male,United-States,<=50K
36,41490,10,0,0,40,Private,Some-college,Divorced,Adm-clerical,Unmarried,White,Female,United-States,<=50K
19,351040,10,0,0,40,Private,Some-college,Never-married,Adm-clerical,Own-child,White,Female,Puerto-Rico,<=50K
57,286836,6,0,0,8,Self-emp-not-inc,10th,Married-civ-spouse,Craft-repair,Husband,White,Male,United-States,<=50K
34,80058,15,0,0,50,Private,Prof-school,Never-married,Exec-managerial,Own-child,White,Male,United-States,<=50K
35,231180,9,0,0,60,Private,HS-grad,Divorced,Transport-moving,Not-in-family,White,Male,United-States,<=50K
28,407043,9,0,0,40,Private,HS-grad,Married-civ-spouse,Adm-clerical,Husband,Black,Male,United-States,<=50K
52,131631,7,0,0,40,Private,11th,Separated,Machine-op-inspct,Unmarried,Black,Male,United-States,<=50K
50,240922,12,0,1408,5,Self-emp-not-inc,Assoc-acdm,Never-married,Sales,Not-in-family,White,Female,United-States,<=50K
18,120283,8,0,0,24,Private,12th,Never-married,Sales,Own-child,White,Female,United-States,<=50K
37,258037,9,0,0,45,Self-emp-not-inc,HS-grad,Married-civ-spouse,Transport-moving,Husband,White,Male,Cuba,>50K
30,167990,11,15024,0,65,Self-emp-not-inc,Assoc-voc,Married-civ-spouse,Prof-specialty,Husband,White,Male,United-States,>50K
58,279878,14,0,0,40,State-gov,Masters,Married-civ-spouse,Exec-managerial,Husband,White,Male,United-States,>50K
54,93449,14,0,0,40,State-gov,Masters,Married-civ-spouse,Prof-specialty,Husband,Asian-Pac-Islander,Male,India,>50K
28,430084,9,0,0,35,Private,HS-grad,Divorced,Other-service,Own-child,Black,Male,United-States,<=50K
60,27037,9,0,0,40,State-gov,HS-grad,Married-civ-spouse,Protective-serv,Husband,Amer-Indian-Eskimo,Male,United-States,>50K
61,167284,4,0,0,40,MISSING,7th-8th,Widowed,MISSING,Not-in-family,Black,Female,United-States,<=50K
19,261259,9,0,0,20,Private,HS-grad,Never-married,Handlers-cleaners,Own-child,White,Male,United-States,<=50K
63,205246,9,0,0,40,Private,HS-grad,Married-civ-spouse,Machine-op-inspct,Husband,Black,Male,United-States,<=50K
37,538443,9,14344,0,40,Private,HS-grad,Divorced,Craft-repair,Not-in-family,White,Male,United-States,>50K
49,232586,3,0,0,40,Private,5th-6th,Married-civ-spouse,Craft-repair,Husband,White,Male,United-States,<=50K
52,221532,13,0,0,45,Federal-gov,Bachelors,Married-civ-spouse,Protective-serv,Husband,White,Male,United-States,>50K
44,316120,15,0,0,40,Federal-gov,Prof-school,Divorced,Prof-specialty,Unmarried,White,Male,United-States,>50K
23,386019,5,0,0,70,Private,9th,Never-married,Farming-fishing,Unmarried,White,Male,United-States,<=50K
36,272090,13,0,0,45,Private,Bachelors,Divorced,Prof-specialty,Unmarried,White,Female,El-Salvador,<=50K
36,181705,7,0,0,40,Private,11th,Married-civ-spouse,Transport-moving,Husband,White,Male,United-States,<=50K
53,284329,14,0,0,50,Self-emp-not-inc,Masters,Divorced,Exec-managerial,Not-in-family,White,Male,United-States,>50K
37,148143,9,0,0,40,Private,HS-grad,Never-married,Machine-op-inspct,Unmarried,Black,Female,United-States,<=50K
22,123440,10,0,0,48,Self-emp-not-inc,Some-college,Never-married,Craft-repair,Not-in-family,White,Male,United-States,<=50K
17,138507,6,0,0,20,MISSING,10th,Never-married,MISSING,Own-child,White,Male,United-States,<=50K
83,153183,13,0,2392,55,Self-emp-inc,Bachelors,Married-civ-spouse,Exec-managerial,Husband,White,Male,United-States,>50K
24,194604,13,0,0,15,Private,Bachelors,Never-married,Sales,Own-child,White,Female,United-States,<=50K
58,136982,9,0,0,40,State-gov,HS-grad,Married-spouse-absent,Other-service,Unmarried,Black,Female,Honduras,<=50K
22,127768,10,0,0,32,Private,Some-college,Never-married,Other-service,Own-child,White,Male,United-States,>50K
21,126314,10,0,0,10,Private,Some-college,Never-married,Other-service,Own-child,White,Male,United-States,<=50K
60,139586,11,0,0,40,Private,Assoc-voc,Widowed,Exec-managerial,Unmarried,Asian-Pac-Islander,Female,United-States,>50K
50,195784,8,0,0,40,Private,12th,Divorced,Handlers-cleaners,Unmarried,White,Male,United-States,<=50K
32,340917,9,0,0,40,Private,HS-grad,Never-married,Handlers-cleaners,Not-in-family,White,Male,United-States,<=50K
27,168138,9,0,0,40,Private,HS-grad,Never-married,Exec-managerial,Own-child,White,Male,United-States,<=50K
25,272428,9,4416,0,42,Private,HS-grad,Never-married,Sales,Not-in-family,White,Male,United-States,<=50K
34,127651,6,0,0,44,Private,10th,Never-married,Farming-fishing,Not-in-family,White,Male,MISSING,<=50K
32,205581,10,0,0,50,Private,Some-college,Separated,Tech-support,Unmarried,White,Female,United-States,<=50K
23,117789,13,0,0,40,Private,Bachelors,Never-married,Adm-clerical,Own-child,White,Female,United-States,<=50K
33,318982,10,0,0,45,Private,Some-college,Married-civ-spouse,Exec-managerial,Husband,White,Male,United-States,>50K
18,25828,7,0,0,16,Private,11th,Never-married,Handlers-cleaners,Own-child,White,Male,United-States,<=50K
53,251675,9,0,0,40,Private,HS-grad,Married-civ-spouse,Craft-repair,Husband,White,Male,El-Salvador,<=50K
43,96421,13,0,0,24,Private,Bachelors,Divorced,Prof-specialty,Unmarried,White,Female,Outlying-US(Guam-USVI-etc),<=50K
22,186569,13,0,0,12,State-gov,Bachelors,Never-married,Prof-specialty,Own-child,White,Female,United-States,<=50K
47,149337,13,0,0,60,Private,Bachelors,Never-married,Adm-clerical,Not-in-family,White,Male,United-States,<=50K
69,199591,15,0,0,25,MISSING,Prof-school,Married-civ-spouse,MISSING,Wife,White,Female,MISSING,<=50K
31,128591,5,0,0,40,Private,9th,Divorced,Transport-moving,Not-in-family,White,Male,United-States,<=50K
50,109277,5,0,0,48,Private,9th,Married-civ-spouse,Machine-op-inspct,Husband,White,Male,United-States,<=50K
34,194740,10,0,0,40,Federal-gov,Some-college,Never-married,Adm-clerical,Not-in-family,White,Male,United-States,<=50K
31,229946,9,0,0,40,Self-emp-not-inc,HS-grad,Married-civ-spouse,Prof-specialty,Husband,White,Male,Columbia,<=50K
53,34973,10,0,0,45,Self-emp-not-inc,Some-college,Married-civ-spouse,Farming-fishing,Husband,White,Male,United-States,<=50K
24,306515,9,0,0,40,Federal-gov,HS-grad,Never-married,Adm-clerical,Not-in-family,White,Female,United-States,<=50K
22,134746,6,0,0,40,Private,10th,Married-civ-spouse,Sales,Wife,White,Female,United-States,<=50K
34,90614,9,0,0,50,Self-emp-not-inc,HS-grad,Separated,Exec-managerial,Not-in-family,White,Male,United-States,<=50K
43,245842,9,0,0,44,Private,HS-grad,Married-civ-spouse,Machine-op-inspct,Husband,White,Male,Mexico,<=50K
34,149943,9,0,0,40,Private,HS-grad,Never-married,Other-service,Not-in-family,Asian-Pac-Islander,Male,Japan,<=50K
41,144778,9,0,0,40,Private,HS-grad,Married-civ-spouse,Craft-repair,Husband,White,Male,United-States,<=50K
37,265038,10,0,0,50,Private,Some-college,Married-civ-spouse,Transport-moving,Husband,White,Male,United-States,<=50K
54,337992,13,0,0,50,Private,Bachelors,Married-civ-spouse,Exec-managerial,Husband,Asian-Pac-Islander,Male,Japan,>50K
32,178835,9,0,0,40,Private,HS-grad,Never-married,Adm-clerical,Not-in-family,White,Male,United-States,<=50K
43,99220,13,0,0,40,Self-emp-not-inc,Bachelors,Married-civ-spouse,Sales,Husband,White,Male,United-States,>50K
33,196266,9,0,0,40,Private,HS-grad,Married-civ-spouse,Craft-repair,Husband,White,Male,United-States,>50K
41,444743,9,0,0,40,Private,HS-grad,Divorced,Tech-support,Unmarried,White,Female,United-States,<=50K
40,182629,13,0,0,40,Self-emp-inc,Bachelors,Divorced,Exec-managerial,Not-in-family,White,Male,United-States,<=50K
31,98639,13,0,0,40,Private,Bachelors,Never-married,Tech-support,Not-in-family,White,Male,United-States,<=50K
47,191957,13,0,0,40,Private,Bachelors,Married-civ-spouse,Sales,Husband,Black,Male,United-States,>50K
39,85874,9,0,0,40,State-gov,HS-grad,Divorced,Adm-clerical,Unmarried,White,Female,United-States,<=50K
28,275116,6,0,0,40,Private,10th,Married-civ-spouse,Transport-moving,Husband,White,Male,United-States,<=50K
37,190105,9,0,0,55,Private,HS-grad,Never-married,Adm-clerical,Own-child,White,Female,United-States,<=50K
22,219122,10,0,0,40,MISSING,Some-college,Never-married,MISSING,Own-child,White,Male,United-States,<=50K
26,224361,4,0,0,75,Self-emp-not-inc,7th-8th,Married-civ-spouse,Transport-moving,Husband,White,Male,United-States,<=50K
64,169482,10,0,0,40,Private,Some-college,Married-spouse-absent,Exec-managerial,Unmarried,White,Female,United-States,<=50K
36,382635,13,0,0,35,Local-gov,Bachelors,Divorced,Adm-clerical,Unmarried,White,Female,Honduras,<=50K
52,334273,16,99999,0,65,Self-emp-inc,Doctorate,Married-civ-spouse,Prof-specialty,Husband,White,Male,United-States,>50K
47,105273,13,6497,0,40,Private,Bachelors,Widowed,Craft-repair,Unmarried,Black,Female,United-States,<=50K
37,137314,9,0,0,60,Self-emp-not-inc,HS-grad,Married-civ-spouse,Exec-managerial,Husband,White,Male,United-States,<=50K
29,130856,10,0,0,60,Private,Some-college,Married-civ-spouse,Craft-repair,Husband,White,Male,United-States,<=50K
49,213307,10,0,0,40,State-gov,Some-college,Married-civ-spouse,Prof-specialty,Husband,White,Male,United-States,<=50K
63,339755,13,0,0,50,Private,Bachelors,Married-civ-spouse,Prof-specialty,Husband,White,Male,MISSING,>50K
37,163392,9,0,0,40,Private,HS-grad,Never-married,Transport-moving,Other-relative,Asian-Pac-Islander,Male,MISSING,<=50K
37,282951,9,0,0,40,Private,HS-grad,Married-civ-spouse,Prof-specialty,Husband,White,Male,United-States,<=50K
41,168324,10,0,0,40,Private,Some-college,Married-civ-spouse,Adm-clerical,Wife,White,Female,United-States,>50K
21,205844,10,0,0,25,Private,Some-college,Never-married,Sales,Own-child,Black,Female,United-States,<=50K
35,114765,13,0,0,40,Private,Bachelors,Divorced,Sales,Not-in-family,White,Female,United-States,<=50K
23,320451,13,0,0,24,Private,Bachelors,Never-married,Exec-managerial,Own-child,Asian-Pac-Islander,Male,United-States,<=50K
28,176027,9,0,0,28,Self-emp-not-inc,HS-grad,Never-married,Other-service,Not-in-family,White,Female,United-States,<=50K
51,121548,13,0,0,25,Self-emp-not-inc,Bachelors,Married-civ-spouse,Exec-managerial,Husband,White,Male,United-States,<=50K
70,347910,10,0,0,35,Self-emp-not-inc,Some-college,Married-civ-spouse,Exec-managerial,Husband,White,Male,United-States,<=50K
25,194352,13,0,0,44,Private,Bachelors,Divorced,Prof-specialty,Not-in-family,White,Female,United-States,<=50K
56,215839,10,0,0,60,Private,Some-college,Married-civ-spouse,Transport-moving,Husband,White,Male,MISSING,<=50K
34,345705,9,0,0,45,Self-emp-not-inc,HS-grad,Never-married,Craft-repair,Not-in-family,White,Male,United-States,>50K
23,199915,9,0,0,21,State-gov,HS-grad,Never-married,Other-service,Own-child,White,Female,United-States,<=50K
53,102828,9,0,0,35,Private,HS-grad,Married-civ-spouse,Exec-managerial,Husband,White,Male,United-States,>50K
40,26929,14,0,0,40,Local-gov,Masters,Never-married,Prof-specialty,Not-in-family,White,Female,United-States,<=50K
29,274010,10,0,0,45,Private,Some-college,Never-married,Prof-specialty,Not-in-family,White,Male,United-States,<=50K
62,320376,9,0,0,48,Self-emp-not-inc,HS-grad,Married-civ-spouse,Sales,Wife,White,Female,United-States,<=50K
72,107814,14,2329,0,60,Private,Masters,Never-married,Prof-specialty,Not-in-family,White,Male,United-States,<=50K
44,104196,9,0,0,84,Self-emp-not-inc,HS-grad,Married-civ-spouse,Exec-managerial,Husband,White,Male,United-States,<=50K
41,186601,9,0,0,40,Federal-gov,HS-grad,Separated,Exec-managerial,Not-in-family,Black,Female,United-States,<=50K
24,201664,10,0,0,40,Local-gov,Some-college,Never-married,Protective-serv,Own-child,White,Male,United-States,<=50K
55,111625,9,0,0,40,Self-emp-not-inc,HS-grad,Married-civ-spouse,Sales,Husband,White,Male,United-States,<=50K
22,205940,13,1055,0,30,Private,Bachelors,Never-married,Adm-clerical,Own-child,White,Female,United-States,<=50K
58,94741,8,0,0,24,Private,12th,Married-civ-spouse,Other-service,Wife,White,Female,United-States,<=50K
38,188888,13,0,1340,40,Private,Bachelors,Never-married,Exec-managerial,Not-in-family,White,Male,United-States,<=50K
29,210498,9,0,0,40,Private,HS-grad,Married-civ-spouse,Craft-repair,Husband,White,Male,United-States,<=50K
49,405309,11,0,0,40,Local-gov,Assoc-voc,Married-civ-spouse,Craft-repair,Husband,White,Male,United-States,>50K
40,225978,10,0,0,40,Private,Some-college,Separated,Exec-managerial,Not-in-family,Black,Male,United-States,<=50K
46,110794,10,0,0,40,Private,Some-college,Never-married,Adm-clerical,Not-in-family,White,Female,United-States,<=50K
60,139391,10,0,0,50,Private,Some-college,Married-spouse-absent,Machine-op-inspct,Not-in-family,White,Male,United-States,>50K
21,214635,10,0,0,24,MISSING,Some-college,Never-married,MISSING,Own-child,White,Male,United-States,<=50K
55,189528,4,0,0,60,Private,7th-8th,Married-civ-spouse,Craft-repair,Husband,White,Male,United-States,<=50K
37,170174,9,0,0,46,Private,HS-grad,Married-civ-spouse,Exec-managerial,Husband,White,Male,United-States,>50K
46,133938,14,27828,0,50,Private,Masters,Divorced,Exec-managerial,Not-in-family,White,Female,United-States,>50K
55,321333,10,0,0,40,Federal-gov,Some-college,Married-civ-spouse,Adm-clerical,Husband,White,Male,United-States,>50K
21,394484,10,0,0,40,Private,Some-college,Never-married,Adm-clerical,Own-child,White,Female,United-States,<=50K
34,304622,13,0,0,50,Self-emp-not-inc,Bachelors,Divorced,Prof-specialty,Unmarried,White,Female,United-States,<=50K
30,113364,9,0,0,40,Private,HS-grad,Never-married,Machine-op-inspct,Other-relative,White,Male,Vietnam,<=50K
40,132222,10,4386,0,50,Private,Some-college,Married-civ-spouse,Machine-op-inspct,Husband,White,Male,United-States,>50K
29,115677,13,0,0,40,Private,Bachelors,Never-married,Prof-specialty,Not-in-family,White,Male,United-States,<=50K
19,25429,8,0,0,20,Private,12th,Never-married,Other-service,Own-child,White,Female,United-States,<=50K
23,55215,13,0,0,55,Private,Bachelors,Never-married,Sales,Own-child,White,Male,United-States,<=50K
26,60726,10,0,0,40,Private,Some-college,Married-civ-spouse,Craft-repair,Husband,Black,Male,United-States,<=50K
35,112158,6,0,0,40,Private,10th,Married-civ-spouse,Craft-repair,Husband,White,Male,United-States,<=50K
18,57413,10,0,0,15,Private,Some-college,Divorced,Other-service,Own-child,White,Male,United-States,<=50K
43,188436,14,5013,0,45,Self-emp-inc,Masters,Married-civ-spouse,Exec-managerial,Husband,White,Male,United-States,<=50K
31,342730,12,0,0,45,Private,Assoc-acdm,Separated,Transport-moving,Not-in-family,White,Male,United-States,<=50K
56,128764,4,0,0,20,Private,7th-8th,Widowed,Transport-moving,Not-in-family,White,Male,United-States,<=50K
31,169104,13,0,0,40,Private,Bachelors,Never-married,Sales,Own-child,Asian-Pac-Islander,Male,MISSING,<=50K
40,165309,10,0,0,43,Private,Some-college,Married-civ-spouse,Transport-moving,Husband,White,Male,United-States,<=50K
37,298539,9,0,1902,55,Private,HS-grad,Married-civ-spouse,Exec-managerial,Husband,White,Male,United-States,>50K
38,195025,9,0,0,32,Private,HS-grad,Separated,Other-service,Unmarried,Black,Female,United-States,<=50K
41,214541,9,0,1590,40,Self-emp-not-inc,HS-grad,Divorced,Transport-moving,Not-in-family,White,Male,United-States,<=50K
42,138662,10,0,0,40,Private,Some-college,Separated,Adm-clerical,Own-child,White,Female,United-States,<=50K
25,104662,9,0,0,22,Private,HS-grad,Never-married,Other-service,Unmarried,White,Female,United-States,<=50K
52,95704,5,0,0,40,Private,9th,Married-civ-spouse,Handlers-cleaners,Husband,White,Male,United-States,<=50K
20,107658,10,0,0,10,Private,Some-college,Never-married,Tech-support,Not-in-family,White,Female,Canada,<=50K
66,127139,13,0,0,40,Private,Bachelors,Married-civ-spouse,Prof-specialty,Husband,White,Male,United-States,>50K
48,167967,9,0,0,40,Private,HS-grad,Separated,Machine-op-inspct,Unmarried,Black,Female,United-States,<=50K
45,28035,10,0,0,50,Private,Some-college,Never-married,Farming-fishing,Other-relative,White,Male,United-States,<=50K
36,207202,6,0,0,60,Self-emp-not-inc,10th,Married-civ-spouse,Farming-fishing,Husband,White,Male,United-States,<=50K
19,127085,10,0,0,10,State-gov,Some-college,Never-married,Other-service,Own-child,White,Male,United-States,<=50K
43,129573,9,0,0,44,Private,HS-grad,Never-married,Sales,Not-in-family,Black,Female,United-States,<=50K
50,172175,15,0,0,40,Local-gov,Prof-school,Married-civ-spouse,Prof-specialty,Husband,White,Male,United-States,>50K
55,229029,13,15024,0,48,Private,Bachelors,Married-civ-spouse,Exec-managerial,Husband,White,Male,United-States,>50K
61,253101,10,0,0,20,Self-emp-inc,Some-college,Widowed,Sales,Not-in-family,White,Female,United-States,<=50K
31,325355,13,0,1902,40,Self-emp-not-inc,Bachelors,Married-civ-spouse,Exec-managerial,Wife,White,Female,United-States,>50K
57,158827,9,0,0,40,Private,HS-grad,Separated,Craft-repair,Unmarried,White,Male,United-States,<=50K
46,371373,9,0,0,40,Federal-gov,HS-grad,Divorced,Adm-clerical,Not-in-family,White,Male,United-States,<=50K
32,292592,9,0,0,35,Private,HS-grad,Never-married,Other-service,Own-child,White,Female,United-States,<=50K
36,113337,10,0,0,42,Local-gov,Some-college,Married-civ-spouse,Tech-support,Husband,White,Male,United-States,>50K
38,168322,9,0,0,60,Private,HS-grad,Married-civ-spouse,Transport-moving,Husband,White,Male,United-States,<=50K
54,187221,4,0,0,25,MISSING,7th-8th,Never-married,MISSING,Not-in-family,White,Female,United-States,<=50K
21,52753,9,0,1504,40,Private,HS-grad,Never-married,Craft-repair,Not-in-family,White,Male,United-States,<=50K
19,131615,9,0,0,40,Private,HS-grad,Never-married,Machine-op-inspct,Own-child,White,Male,United-States,<=50K
47,321851,13,0,0,50,Local-gov,Bachelors,Never-married,Prof-specialty,Not-in-family,White,Female,United-States,>50K
41,95168,9,0,0,40,Private,HS-grad,Never-married,Machine-op-inspct,Unmarried,Black,Female,United-States,<=50K
21,40767,10,0,0,40,Private,Some-college,Never-married,Handlers-cleaners,Not-in-family,White,Male,United-States,<=50K
26,291968,9,0,0,44,Private,HS-grad,Married-civ-spouse,Transport-moving,Husband,White,Male,United-States,<=50K
20,105244,10,0,0,50,Private,Some-college,Never-married,Handlers-cleaners,Not-in-family,White,Male,United-States,<=50K
36,128876,6,0,0,40,Private,10th,Married-civ-spouse,Craft-repair,Husband,White,Male,United-States,<=50K
45,320818,10,0,0,40,State-gov,Some-college,Married-spouse-absent,Other-service,Other-relative,Black,Male,Haiti,<=50K
57,315460,15,0,0,36,Self-emp-not-inc,Prof-school,Married-civ-spouse,Prof-specialty,Husband,White,Male,United-States,<=50K
34,356882,10,0,0,45,Private,Some-college,Married-civ-spouse,Sales,Husband,White,Male,United-States,>50K
43,309932,13,0,0,40,Private,Bachelors,Married-civ-spouse,Craft-repair,Husband,White,Male,United-States,<=50K
37,155064,11,0,0,40,Private,Assoc-voc,Divorced,Prof-specialty,Unmarried,White,Female,United-States,<=50K
31,220066,13,14344,0,50,Private,Bachelors,Never-married,Exec-managerial,Not-in-family,White,Female,United-States,>50K
48,330470,10,0,0,30,Private,Some-college,Married-civ-spouse,Handlers-cleaners,Husband,White,Male,United-States,<=50K
30,355789,9,0,0,50,Federal-gov,HS-grad,Never-married,Adm-clerical,Not-in-family,Black,Female,United-States,<=50K
66,212759,13,6767,0,20,MISSING,Bachelors,Married-civ-spouse,MISSING,Husband,White,Male,United-States,<=50K
74,145463,2,0,0,15,Private,1st-4th,Widowed,Priv-house-serv,Not-in-family,Black,Female,United-States,<=50K
40,297396,10,0,0,60,Private,Some-college,Separated,Exec-managerial,Unmarried,White,Female,United-States,<=50K
39,176335,14,7688,0,65,Private,Masters,Married-civ-spouse,Exec-managerial,Husband,White,Male,United-States,>50K
29,45554,10,0,0,40,Local-gov,Some-college,Divorced,Adm-clerical,Unmarried,White,Female,United-States,<=50K
72,75890,10,0,0,4,MISSING,Some-college,Widowed,MISSING,Unmarried,Asian-Pac-Islander,Female,United-States,<=50K
34,279015,10,0,0,65,Private,Some-college,Never-married,Sales,Not-in-family,White,Male,United-States,<=50K
65,293385,1,0,0,30,MISSING,Preschool,Married-civ-spouse,MISSING,Husband,Black,Male,United-States,<=50K
38,32837,13,0,0,56,Private,Bachelors,Divorced,Prof-specialty,Unmarried,White,Female,United-States,<=50K
42,224203,10,0,0,40,Private,Some-college,Widowed,Sales,Unmarried,Black,Female,United-States,<=50K
34,231238,5,0,0,40,Private,9th,Separated,Farming-fishing,Unmarried,Black,Male,United-States,<=50K
71,55965,4,0,0,10,Private,7th-8th,Widowed,Transport-moving,Not-in-family,White,Male,United-States,<=50K
31,145139,13,0,0,40,Private,Bachelors,Married-civ-spouse,Craft-repair,Husband,White,Male,United-States,>50K
33,130021,9,0,0,40,Private,HS-grad,Married-civ-spouse,Transport-moving,Husband,White,Male,United-States,<=50K
41,213055,12,0,0,50,Private,Assoc-acdm,Never-married,Adm-clerical,Not-in-family,Other,Female,United-States,<=50K
36,178222,13,0,0,60,Local-gov,Bachelors,Divorced,Prof-specialty,Not-in-family,White,Female,United-States,<=50K
62,160155,4,6418,0,40,MISSING,7th-8th,Married-civ-spouse,MISSING,Husband,White,Male,United-States,>50K
44,75227,15,14084,0,40,Private,Prof-school,Never-married,Prof-specialty,Not-in-family,White,Male,United-States,>50K
32,226975,10,0,1876,60,Private,Some-college,Never-married,Sales,Own-child,White,Male,United-States,<=50K
20,38772,6,0,0,50,Private,10th,Never-married,Handlers-cleaners,Unmarried,White,Male,United-States,<=50K
34,133122,13,0,0,40,Private,Bachelors,Married-civ-spouse,Exec-managerial,Husband,White,Male,United-States,<=50K
27,114967,13,0,0,40,Private,Bachelors,Never-married,Tech-support,Not-in-family,White,Male,United-States,<=50K
37,254973,9,0,0,40,Private,HS-grad,Married-civ-spouse,Handlers-cleaners,Wife,White,Female,United-States,>50K
52,74660,14,0,0,40,Private,Masters,Married-civ-spouse,Exec-managerial,Husband,White,Male,United-States,<=50K
36,129263,9,0,0,40,Private,HS-grad,Widowed,Other-service,Not-in-family,White,Female,United-States,<=50K
46,102308,9,0,0,40,Local-gov,HS-grad,Never-married,Craft-repair,Own-child,White,Male,United-States,<=50K
47,503454,8,0,0,40,Private,12th,Never-married,Adm-clerical,Other-relative,Black,Female,United-States,<=50K
28,435842,13,0,0,40,Private,Bachelors,Married-civ-spouse,Exec-managerial,Husband,White,Male,United-States,<=50K
43,274731,13,0,0,40,Private,Bachelors,Married-civ-spouse,Prof-specialty,Husband,White,Male,United-States,>50K
17,246308,7,0,0,20,Local-gov,11th,Never-married,Prof-specialty,Own-child,White,Female,Puerto-Rico,<=50K
46,186078,10,0,0,45,Private,Some-college,Never-married,Machine-op-inspct,Not-in-family,White,Female,United-States,<=50K
59,131869,9,0,0,35,Private,HS-grad,Widowed,Other-service,Not-in-family,White,Female,United-States,<=50K
54,263925,2,0,0,50,Private,1st-4th,Married-civ-spouse,Transport-moving,Husband,White,Male,United-States,<=50K
57,225913,10,0,0,45,Self-emp-not-inc,Some-college,Married-civ-spouse,Transport-moving,Husband,White,Male,United-States,>50K
20,432154,9,0,0,8,Private,HS-grad,Never-married,Sales,Own-child,White,Female,Mexico,<=50K
68,171933,4,0,0,40,Private,7th-8th,Married-civ-spouse,Craft-repair,Husband,White,Male,United-States,<=50K
60,317083,13,0,0,45,Private,Bachelors,Married-civ-spouse,Exec-managerial,Husband,White,Male,United-States,>50K
19,318822,10,0,0,40,Private,Some-college,Never-married,Adm-clerical,Other-relative,White,Female,United-States,<=50K
28,362491,9,0,0,40,Private,HS-grad,Never-married,Handlers-cleaners,Own-child,White,Male,United-States,<=50K
19,292962,9,0,0,40,Local-gov,HS-grad,Never-married,Craft-repair,Other-relative,Black,Female,United-States,<=50K
45,380922,9,0,0,60,Private,HS-grad,Married-civ-spouse,Craft-repair,Husband,White,Male,United-States,>50K
23,197613,10,0,0,40,Private,Some-college,Never-married,Adm-clerical,Not-in-family,White,Female,United-States,<=50K
32,288273,13,0,0,70,Private,Bachelors,Married-civ-spouse,Craft-repair,Husband,White,Male,Mexico,<=50K
40,145441,13,0,0,40,Private,Bachelors,Married-civ-spouse,Prof-specialty,Husband,White,Male,United-States,>50K
24,107882,9,0,0,40,Private,HS-grad,Never-married,Sales,Not-in-family,White,Female,United-States,<=50K
42,52849,10,0,0,40,Private,Some-college,Married-civ-spouse,Machine-op-inspct,Husband,White,Male,United-States,<=50K
18,110142,9,0,0,40,Private,HS-grad,Never-married,Sales,Own-child,White,Female,United-States,<=50K
21,79728,10,0,0,40,MISSING,Some-college,Never-married,MISSING,Own-child,White,Female,United-States,<=50K
33,168981,14,14084,0,50,Private,Masters,Divorced,Exec-managerial,Own-child,White,Female,United-States,>50K
43,339814,10,5178,0,40,Private,Some-college,Married-civ-spouse,Prof-specialty,Husband,White,Male,United-States,>50K
36,47310,9,0,0,40,Private,HS-grad,Never-married,Other-service,Not-in-family,Black,Female,United-States,<=50K
41,220694,13,0,0,37,Private,Bachelors,Divorced,Other-service,Not-in-family,White,Male,United-States,<=50K
68,194746,16,0,0,40,Private,Doctorate,Divorced,Prof-specialty,Not-in-family,White,Female,Cuba,<=50K
22,147227,13,0,0,30,Private,Bachelors,Never-married,Other-service,Not-in-family,White,Male,United-States,<=50K
35,66297,13,0,0,40,Private,Bachelors,Never-married,Prof-specialty,Not-in-family,Asian-Pac-Islander,Female,Philippines,>50K
34,152493,9,0,0,70,Self-emp-not-inc,HS-grad,Married-civ-spouse,Farming-fishing,Husband,White,Male,United-States,<=50K
43,260696,13,0,0,55,Local-gov,Bachelors,Divorced,Prof-specialty,Unmarried,White,Female,United-States,<=50K
38,227794,13,0,0,40,Private,Bachelors,Never-married,Adm-clerical,Not-in-family,Black,Male,United-States,<=50K
34,164190,13,0,0,40,Private,Bachelors,Married-civ-spouse,Exec-managerial,Husband,White,Male,United-States,<=50K
35,72338,9,0,0,56,Local-gov,HS-grad,Divorced,Farming-fishing,Own-child,Asian-Pac-Islander,Male,United-States,<=50K
18,109702,10,0,0,30,Private,Some-college,Never-married,Sales,Own-child,White,Female,United-States,<=50K
28,96219,13,0,0,15,Private,Bachelors,Married-civ-spouse,Other-service,Wife,White,Female,United-States,<=50K
36,168894,11,0,0,40,State-gov,Assoc-voc,Married-spouse-absent,Protective-serv,Own-child,White,Female,Germany,<=50K
21,186648,6,0,0,40,Private,10th,Separated,Machine-op-inspct,Own-child,White,Male,United-States,<=50K
22,231085,10,0,0,30,Private,Some-college,Never-married,Other-service,Own-child,White,Male,United-States,<=50K
55,111625,9,0,0,60,Self-emp-not-inc,HS-grad,Married-civ-spouse,Craft-repair,Husband,White,Male,United-States,<=50K
32,162604,9,0,0,40,Private,HS-grad,Never-married,Machine-op-inspct,Other-relative,Black,Male,United-States,<=50K
52,164530,7,0,0,20,Private,11th,Divorced,Machine-op-inspct,Not-in-family,Black,Female,United-States,<=50K
29,251694,13,0,0,50,Private,Bachelors,Never-married,Farming-fishing,Own-child,White,Male,United-States,<=50K
31,253354,6,0,0,40,Private,10th,Married-civ-spouse,Sales,Husband,White,Male,United-States,<=50K
31,139000,9,0,0,25,Private,HS-grad,Divorced,Sales,Unmarried,White,Female,United-States,<=50K
32,112137,1,4508,0,40,Private,Preschool,Married-civ-spouse,Machine-op-inspct,Wife,Asian-Pac-Islander,Female,Cambodia,<=50K
51,103995,12,0,0,25,Self-emp-inc,Assoc-acdm,Never-married,Sales,Not-in-family,White,Female,United-States,<=50K
60,225526,9,0,0,32,Private,HS-grad,Separated,Sales,Not-in-family,White,Female,United-States,<=50K
45,203653,9,7298,0,40,Private,HS-grad,Married-civ-spouse,Adm-clerical,Husband,Black,Male,United-States,>50K
18,189041,9,0,0,40,MISSING,HS-grad,Never-married,MISSING,Other-relative,White,Male,United-States,<=50K
48,199735,13,0,0,44,Private,Bachelors,Divorced,Priv-house-serv,Not-in-family,White,Female,Germany,<=50K
35,255191,13,0,0,45,Private,Bachelors,Married-civ-spouse,Prof-specialty,Husband,White,Male,United-States,>50K
34,297094,9,0,0,40,Private,HS-grad,Married-civ-spouse,Handlers-cleaners,Husband,Black,Male,United-States,<=50K
28,161290,10,0,0,40,MISSING,Some-college,Never-married,MISSING,Own-child,Black,Female,United-States,<=50K
39,358837,10,0,0,40,Private,Some-college,Never-married,Tech-support,Unmarried,Black,Female,United-States,<=50K
64,183513,9,0,0,25,Private,HS-grad,Never-married,Adm-clerical,Not-in-family,White,Female,United-States,<=50K
45,43479,10,0,0,48,Private,Some-college,Married-civ-spouse,Transport-moving,Husband,White,Male,United-States,<=50K
49,218676,10,0,0,43,Private,Some-college,Married-civ-spouse,Machine-op-inspct,Husband,White,Male,United-States,<=50K
63,201631,5,0,0,40,Private,9th,Married-civ-spouse,Farming-fishing,Husband,Black,Male,United-States,<=50K
35,32126,13,0,0,40,Private,Bachelors,Never-married,Prof-specialty,Not-in-family,White,Female,United-States,<=50K
40,119101,10,5178,0,40,Private,Some-college,Married-civ-spouse,Craft-repair,Husband,White,Male,United-States,>50K
27,31659,10,0,0,45,Private,Some-college,Married-civ-spouse,Craft-repair,Husband,White,Male,United-States,<=50K
47,199058,15,0,0,40,Self-emp-not-inc,Prof-school,Never-married,Prof-specialty,Not-in-family,White,Male,United-States,>50K
36,192443,10,13550,0,40,Federal-gov,Some-college,Never-married,Exec-managerial,Not-in-family,Black,Male,United-States,>50K
26,284078,10,0,0,40,Private,Some-college,Never-married,Adm-clerical,Not-in-family,White,Male,United-States,<=50K
48,176140,7,0,0,40,Private,11th,Divorced,Other-service,Unmarried,Black,Female,United-States,<=50K
21,155066,10,0,0,40,Private,Some-college,Never-married,Craft-repair,Own-child,White,Male,United-States,<=50K
52,37289,14,0,0,40,Federal-gov,Masters,Never-married,Adm-clerical,Not-in-family,White,Female,United-States,>50K
45,359808,12,0,0,40,Federal-gov,Assoc-acdm,Never-married,Exec-managerial,Not-in-family,White,Male,United-States,<=50K
45,421412,9,0,0,45,Private,HS-grad,Married-civ-spouse,Machine-op-inspct,Husband,White,Male,United-States,>50K
17,72321,7,0,0,12,Private,11th,Never-married,Other-service,Other-relative,White,Female,United-States,<=50K
35,225860,11,0,0,40,Private,Assoc-voc,Married-civ-spouse,Craft-repair,Husband,White,Male,United-States,>50K
22,138768,9,0,0,40,Private,HS-grad,Never-married,Adm-clerical,Own-child,White,Male,United-States,<=50K
55,219775,9,0,0,38,Local-gov,HS-grad,Divorced,Other-service,Unmarried,White,Female,United-States,<=50K
49,291783,13,0,0,40,Private,Bachelors,Married-civ-spouse,Craft-repair,Husband,White,Male,United-States,>50K
36,110791,12,0,0,40,Local-gov,Assoc-acdm,Separated,Adm-clerical,Unmarried,White,Female,United-States,<=50K
38,344480,9,4064,0,40,Self-emp-not-inc,HS-grad,Married-civ-spouse,Craft-repair,Husband,White,Male,United-States,<=50K
53,47396,9,0,0,40,Private,HS-grad,Married-civ-spouse,Craft-repair,Husband,White,Male,United-States,<=50K
20,217467,10,0,0,40,Private,Some-college,Never-married,Craft-repair,Own-child,White,Male,United-States,<=50K
44,222434,9,0,0,40,Private,HS-grad,Divorced,Machine-op-inspct,Own-child,White,Male,United-States,<=50K
49,169818,9,0,0,40,Private,HS-grad,Married-civ-spouse,Other-service,Wife,Black,Female,United-States,>50K
55,110748,13,0,1887,40,Private,Bachelors,Married-civ-spouse,Exec-managerial,Husband,White,Male,United-States,>50K
47,158924,9,0,0,40,Private,HS-grad,Married-civ-spouse,Tech-support,Wife,White,Female,United-States,<=50K
42,326083,11,0,0,40,Self-emp-not-inc,Assoc-voc,Married-civ-spouse,Prof-specialty,Husband,White,Male,United-States,<=50K
39,143445,9,0,0,40,Private,HS-grad,Married-civ-spouse,Other-service,Other-relative,Black,Female,United-States,<=50K
63,149698,10,0,0,15,MISSING,Some-college,Married-civ-spouse,MISSING,Husband,White,Male,United-States,<=50K
23,95989,10,0,0,30,Private,Some-college,Never-married,Other-service,Own-child,White,Female,United-States,<=50K
50,124963,13,99999,0,55,Private,Bachelors,Married-civ-spouse,Exec-managerial,Husband,White,Male,United-States,>50K
24,123160,14,0,0,10,State-gov,Masters,Married-spouse-absent,Prof-specialty,Not-in-family,Asian-Pac-Islander,Female,China,<=50K
41,44006,11,0,0,40,Self-emp-not-inc,Assoc-voc,Divorced,Farming-fishing,Not-in-family,White,Male,United-States,<=50K
49,72333,10,0,0,40,Private,Some-college,Divorced,Adm-clerical,Not-in-family,Asian-Pac-Islander,Female,United-States,<=50K
23,181557,9,0,0,25,Private,HS-grad,Never-married,Other-service,Own-child,Black,Male,United-States,<=50K
19,194608,10,0,0,20,Private,Some-college,Never-married,Other-service,Own-child,White,Female,United-States,<=50K
37,127772,13,0,0,50,Private,Bachelors,Married-civ-spouse,Exec-managerial,Husband,White,Male,United-States,>50K
49,38819,13,0,0,50,Self-emp-inc,Bachelors,Married-civ-spouse,Sales,Husband,White,Male,United-States,>50K
41,216968,13,0,0,40,Private,Bachelors,Never-married,Handlers-cleaners,Not-in-family,Black,Male,MISSING,<=50K
29,133625,9,0,0,40,Private,HS-grad,Married-civ-spouse,Handlers-cleaners,Husband,Black,Male,United-States,<=50K
44,288433,10,0,0,40,Private,Some-college,Never-married,Adm-clerical,Own-child,Black,Female,United-States,<=50K
27,192355,13,0,0,50,State-gov,Bachelors,Never-married,Prof-specialty,Not-in-family,White,Male,United-States,<=50K
39,135500,9,0,1977,40,Self-emp-inc,HS-grad,Married-civ-spouse,Exec-managerial,Husband,White,Male,United-States,>50K
37,98776,9,0,0,15,Private,HS-grad,Married-civ-spouse,Farming-fishing,Husband,White,Male,United-States,<=50K
52,141301,9,0,0,40,Private,HS-grad,Divorced,Machine-op-inspct,Not-in-family,White,Female,United-States,<=50K
53,118793,6,0,0,50,Self-emp-not-inc,10th,Married-civ-spouse,Craft-repair,Husband,White,Male,United-States,>50K
39,326400,14,0,0,40,Self-emp-not-inc,Masters,Never-married,Prof-specialty,Not-in-family,White,Male,United-States,<=50K
66,107112,4,0,0,30,MISSING,7th-8th,Never-married,MISSING,Other-relative,Black,Male,United-States,<=50K
48,178686,9,0,0,40,Private,HS-grad,Divorced,Craft-repair,Not-in-family,White,Male,United-States,<=50K
66,140576,4,0,0,40,Private,7th-8th,Married-civ-spouse,Craft-repair,Husband,White,Male,United-States,<=50K
52,256861,13,0,0,50,Private,Bachelors,Married-civ-spouse,Exec-managerial,Husband,White,Male,United-States,<=50K
28,71733,10,0,0,15,Private,Some-college,Separated,Other-service,Unmarried,White,Female,United-States,<=50K
21,241367,10,0,0,10,Private,Some-college,Never-married,Adm-clerical,Own-child,White,Male,United-States,<=50K
28,154571,10,0,0,40,Private,Some-college,Married-civ-spouse,Exec-managerial,Husband,Asian-Pac-Islander,Male,Philippines,<=50K
33,132601,9,0,0,40,Self-emp-inc,HS-grad,Married-civ-spouse,Craft-repair,Husband,White,Male,United-States,>50K
24,90046,13,0,0,40,Private,Bachelors,Separated,Exec-managerial,Not-in-family,White,Female,United-States,<=50K
47,34248,9,0,0,38,Private,HS-grad,Married-civ-spouse,Adm-clerical,Husband,White,Male,United-States,<=50K
60,101096,16,0,0,65,Private,Doctorate,Never-married,Prof-specialty,Not-in-family,White,Female,United-States,>50K
37,73471,13,0,1887,47,Private,Bachelors,Married-civ-spouse,Exec-managerial,Husband,White,Male,United-States,>50K
54,39493,11,0,0,20,Private,Assoc-voc,Married-civ-spouse,Transport-moving,Husband,White,Male,United-States,<=50K
28,261725,2,0,0,40,Private,1st-4th,Never-married,Machine-op-inspct,Not-in-family,White,Female,Mexico,<=50K
26,73392,9,0,0,30,Local-gov,HS-grad,Never-married,Handlers-cleaners,Own-child,Amer-Indian-Eskimo,Male,United-States,<=50K
30,270886,10,0,0,40,Private,Some-college,Never-married,Other-service,Own-child,White,Female,United-States,<=50K
42,136986,9,0,0,35,Private,HS-grad,Married-civ-spouse,Exec-managerial,Husband,White,Male,United-States,>50K
25,123586,10,0,0,40,Private,Some-college,Never-married,Adm-clerical,Unmarried,Other,Male,United-States,<=50K
31,332379,9,0,0,40,Private,HS-grad,Never-married,Machine-op-inspct,Not-in-family,White,Male,United-States,<=50K
20,284737,10,0,0,20,Private,Some-college,Never-married,Other-service,Own-child,White,Male,United-States,<=50K
65,105252,9,0,0,40,Private,HS-grad,Married-civ-spouse,Tech-support,Husband,White,Male,United-States,>50K
44,251305,12,0,0,40,Federal-gov,Assoc-acdm,Married-civ-spouse,Adm-clerical,Husband,White,Male,United-States,>50K
43,153489,13,0,0,50,Private,Bachelors,Married-civ-spouse,Sales,Husband,White,Male,United-States,<=50K
43,95902,12,0,0,40,Federal-gov,Assoc-acdm,Married-civ-spouse,Prof-specialty,Wife,Black,Female,United-States,<=50K
49,99361,15,0,0,45,Private,Prof-school,Married-civ-spouse,Prof-specialty,Husband,White,Male,United-States,<=50K
52,159755,11,0,0,50,MISSING,Assoc-voc,Married-civ-spouse,MISSING,Husband,White,Male,United-States,>50K
55,189933,6,0,0,40,Private,10th,Married-civ-spouse,Craft-repair,Husband,White,Male,United-States,<=50K
51,195638,10,0,0,40,Self-emp-inc,Some-college,Separated,Sales,Not-in-family,White,Female,United-States,<=50K
63,111306,4,0,0,10,Self-emp-not-inc,7th-8th,Widowed,Farming-fishing,Unmarried,White,Female,United-States,<=50K
46,199281,13,0,0,40,Local-gov,Bachelors,Separated,Prof-specialty,Unmarried,White,Male,United-States,<=50K
20,105479,10,0,0,25,Private,Some-college,Never-married,Sales,Not-in-family,White,Female,United-States,<=50K
51,106819,4,0,0,19,Private,7th-8th,Never-married,Handlers-cleaners,Own-child,White,Male,United-States,<=50K
23,210474,10,0,0,30,Private,Some-college,Never-married,Other-service,Own-child,White,Female,United-States,<=50K
41,162140,9,0,2339,40,Private,HS-grad,Divorced,Craft-repair,Not-in-family,White,Male,United-States,<=50K
18,258474,6,0,0,40,Self-emp-not-inc,10th,Never-married,Farming-fishing,Own-child,White,Male,United-States,<=50K
34,327902,13,0,0,55,State-gov,Bachelors,Married-civ-spouse,Prof-specialty,Husband,White,Male,United-States,<=50K
69,370888,12,2964,0,6,Private,Assoc-acdm,Divorced,Adm-clerical,Not-in-family,White,Female,Germany,<=50K
23,41356,12,0,0,32,Federal-gov,Assoc-acdm,Never-married,Exec-managerial,Unmarried,White,Female,United-States,<=50K
27,146719,9,0,0,35,Private,HS-grad,Divorced,Sales,Own-child,White,Female,United-States,<=50K
19,533147,9,0,0,30,Private,HS-grad,Never-married,Adm-clerical,Not-in-family,White,Male,United-States,<=50K
33,357954,9,0,0,35,Private,HS-grad,Married-civ-spouse,Handlers-cleaners,Husband,White,Male,India,<=50K
37,160910,13,7298,0,40,Local-gov,Bachelors,Married-civ-spouse,Adm-clerical,Husband,White,Male,United-States,>50K
37,187748,10,0,0,40,Private,Some-college,Married-civ-spouse,Craft-repair,Husband,White,Male,United-States,<=50K
48,212120,9,0,0,40,Private,HS-grad,Married-civ-spouse,Machine-op-inspct,Husband,White,Male,United-States,>50K
27,332785,9,0,0,38,Local-gov,HS-grad,Never-married,Protective-serv,Own-child,White,Male,United-States,<=50K
43,153160,10,0,0,40,Private,Some-college,Married-civ-spouse,Adm-clerical,Wife,White,Female,United-States,<=50K
38,153976,9,0,0,40,Private,HS-grad,Married-civ-spouse,Craft-repair,Husband,White,Male,United-States,<=50K
66,274451,5,0,0,25,Self-emp-not-inc,9th,Married-civ-spouse,Farming-fishing,Husband,White,Male,United-States,>50K
44,181344,10,0,0,38,Local-gov,Some-college,Married-civ-spouse,Exec-managerial,Husband,Black,Male,United-States,>50K
38,115289,9,0,0,40,Private,HS-grad,Married-civ-spouse,Machine-op-inspct,Husband,White,Male,United-States,<=50K
38,262882,9,0,0,40,Private,HS-grad,Married-civ-spouse,Machine-op-inspct,Wife,White,Female,United-States,<=50K
45,371886,13,0,0,46,Private,Bachelors,Never-married,Prof-specialty,Not-in-family,White,Male,United-States,<=50K
31,184889,9,0,0,20,Private,HS-grad,Never-married,Other-service,Own-child,Black,Female,United-States,<=50K
23,45834,13,0,0,50,Private,Bachelors,Never-married,Exec-managerial,Not-in-family,White,Female,United-States,<=50K
56,403072,10,0,0,50,Self-emp-not-inc,Some-college,Married-civ-spouse,Craft-repair,Husband,White,Male,United-States,>50K
41,147206,8,0,0,40,Private,12th,Married-civ-spouse,Handlers-cleaners,Husband,White,Male,United-States,>50K
24,118023,10,0,0,30,Private,Some-college,Never-married,Handlers-cleaners,Own-child,White,Male,United-States,<=50K
61,197286,5,0,0,40,Private,9th,Married-civ-spouse,Craft-repair,Husband,White,Male,United-States,<=50K
35,226789,10,0,0,58,Private,Some-college,Married-civ-spouse,Exec-managerial,Husband,White,Male,United-States,<=50K
36,347491,13,0,0,50,Private,Bachelors,Married-civ-spouse,Exec-managerial,Husband,White,Male,United-States,>50K
62,139391,10,0,0,24,MISSING,Some-college,Married-civ-spouse,MISSING,Husband,White,Male,United-States,<=50K
20,112137,10,0,0,20,Self-emp-not-inc,Some-college,Never-married,Prof-specialty,Other-relative,Asian-Pac-Islander,Female,South,<=50K
47,303637,9,0,0,49,Private,HS-grad,Married-civ-spouse,Exec-managerial,Husband,White,Male,United-States,>50K
46,125892,10,0,0,40,Local-gov,Some-college,Married-civ-spouse,Protective-serv,Husband,White,Male,United-States,>50K
48,108993,9,0,0,45,Private,HS-grad,Married-civ-spouse,Craft-repair,Husband,White,Male,United-States,>50K
33,243678,10,0,0,40,State-gov,Some-college,Never-married,Tech-support,Not-in-family,White,Female,United-States,<=50K
18,294387,7,0,0,40,Private,11th,Never-married,Handlers-cleaners,Not-in-family,White,Male,United-States,<=50K
29,146949,11,0,0,43,Private,Assoc-voc,Married-civ-spouse,Prof-specialty,Husband,White,Male,United-States,<=50K
20,153583,10,0,0,40,Private,Some-college,Never-married,Adm-clerical,Own-child,White,Female,MISSING,<=50K
37,203070,10,0,0,62,Private,Some-college,Separated,Adm-clerical,Own-child,White,Male,United-States,<=50K
52,240013,14,0,0,70,Self-emp-not-inc,Masters,Married-civ-spouse,Sales,Husband,White,Male,United-States,<=50K
50,204447,14,15024,0,65,Private,Masters,Married-civ-spouse,Exec-managerial,Husband,White,Male,United-States,>50K
37,81853,9,0,0,40,Federal-gov,HS-grad,Divorced,Prof-specialty,Unmarried,Asian-Pac-Islander,Female,MISSING,<=50K
37,421633,14,0,0,40,Private,Masters,Never-married,Exec-managerial,Not-in-family,Black,Female,United-States,>50K
61,191188,6,0,0,20,Private,10th,Widowed,Farming-fishing,Unmarried,White,Male,United-States,<=50K
62,225657,9,0,0,24,MISSING,HS-grad,Married-civ-spouse,MISSING,Husband,White,Male,United-States,<=50K
45,123283,9,0,0,15,Private,HS-grad,Separated,Machine-op-inspct,Unmarried,Black,Female,United-States,<=50K
45,28497,13,0,1485,70,Self-emp-not-inc,Bachelors,Married-civ-spouse,Farming-fishing,Husband,White,Male,United-States,>50K
67,174693,10,0,0,25,Private,Some-college,Widowed,Sales,Not-in-family,White,Female,Nicaragua,<=50K
45,76008,13,0,0,50,Federal-gov,Bachelors,Married-civ-spouse,Exec-managerial,Husband,White,Male,United-States,>50K
32,116508,10,0,0,50,Self-emp-not-inc,Some-college,Married-civ-spouse,Farming-fishing,Husband,White,Male,United-States,>50K
45,155659,13,0,0,60,Private,Bachelors,Married-civ-spouse,Prof-specialty,Husband,White,Male,United-States,>50K
42,287244,9,0,0,55,Private,HS-grad,Married-civ-spouse,Craft-repair,Husband,White,Male,United-States,<=50K
32,857532,9,0,0,40,Private,HS-grad,Never-married,Machine-op-inspct,Own-child,Black,Male,United-States,<=50K
68,116903,11,0,2149,40,Self-emp-not-inc,Assoc-voc,Married-civ-spouse,Prof-specialty,Husband,White,Male,United-States,<=50K
40,183765,12,0,0,40,Local-gov,Assoc-acdm,Never-married,Prof-specialty,Not-in-family,White,Male,United-States,>50K
31,223046,9,0,0,60,Private,HS-grad,Married-civ-spouse,Transport-moving,Husband,White,Male,United-States,<=50K
61,232808,6,0,0,24,Private,10th,Divorced,Other-service,Not-in-family,White,Male,United-States,<=50K
43,37402,14,0,0,25,Private,Masters,Never-married,Exec-managerial,Not-in-family,White,Female,United-States,<=50K
72,217864,9,0,0,40,Federal-gov,HS-grad,Married-civ-spouse,Adm-clerical,Husband,White,Male,United-States,>50K
57,69884,9,0,0,40,Private,HS-grad,Married-civ-spouse,Sales,Husband,White,Male,United-States,>50K
50,134766,13,0,1902,50,Private,Bachelors,Married-civ-spouse,Exec-managerial,Husband,White,Male,United-States,>50K
45,481987,14,0,0,18,Private,Masters,Married-civ-spouse,Tech-support,Husband,White,Male,United-States,>50K
37,83375,9,0,0,40,Private,HS-grad,Divorced,Farming-fishing,Not-in-family,White,Male,United-States,<=50K
60,165630,9,0,1977,40,Federal-gov,HS-grad,Married-civ-spouse,Tech-support,Husband,White,Male,United-States,>50K
37,267085,10,0,0,40,Private,Some-college,Married-civ-spouse,Craft-repair,Husband,White,Male,United-States,<=50K
27,161087,9,0,0,40,Private,HS-grad,Married-civ-spouse,Prof-specialty,Wife,Black,Female,United-States,<=50K
19,55284,9,0,0,35,Private,HS-grad,Never-married,Sales,Own-child,White,Female,United-States,<=50K
29,54932,9,0,0,40,Private,HS-grad,Married-civ-spouse,Machine-op-inspct,Husband,White,Male,United-States,<=50K
38,217054,10,0,0,40,Self-emp-not-inc,Some-college,Divorced,Farming-fishing,Not-in-family,White,Male,United-States,<=50K
23,192978,9,0,0,40,Private,HS-grad,Married-civ-spouse,Handlers-cleaners,Husband,White,Male,United-States,<=50K
47,323798,13,0,0,40,Federal-gov,Bachelors,Married-civ-spouse,Exec-managerial,Husband,White,Male,United-States,>50K
28,224964,9,0,0,25,Private,HS-grad,Never-married,Other-service,Own-child,White,Female,United-States,<=50K
46,319163,9,0,0,40,Private,HS-grad,Married-civ-spouse,Craft-repair,Husband,Black,Male,United-States,<=50K
22,251073,5,0,0,50,Private,9th,Never-married,Other-service,Own-child,White,Male,United-States,<=50K
34,243867,7,0,0,40,Local-gov,11th,Separated,Machine-op-inspct,Not-in-family,Black,Male,United-States,<=50K
57,204751,10,0,0,40,Private,Some-college,Married-civ-spouse,Craft-repair,Husband,White,Male,United-States,>50K
23,352207,11,0,0,20,Private,Assoc-voc,Never-married,Other-service,Own-child,White,Male,United-States,<=50K
58,204021,9,0,0,50,Self-emp-not-inc,HS-grad,Widowed,Exec-managerial,Not-in-family,White,Male,United-States,<=50K
21,151158,10,0,0,25,Private,Some-college,Never-married,Prof-specialty,Own-child,White,Female,United-States,<=50K
41,33310,9,0,0,40,Private,HS-grad,Never-married,Adm-clerical,Not-in-family,White,Female,United-States,<=50K
50,273536,4,0,0,49,Private,7th-8th,Married-civ-spouse,Sales,Husband,Other,Male,Dominican-Republic,<=50K
58,89922,11,15024,0,40,Self-emp-inc,Assoc-voc,Married-civ-spouse,Exec-managerial,Husband,White,Male,United-States,>50K
53,291755,11,0,0,40,Private,Assoc-voc,Married-civ-spouse,Craft-repair,Husband,White,Male,United-States,<=50K
29,351731,10,0,0,40,Private,Some-college,Married-civ-spouse,Prof-specialty,Husband,White,Male,United-States,<=50K
36,203482,9,0,0,40,Private,HS-grad,Married-civ-spouse,Machine-op-inspct,Husband,White,Male,United-States,<=50K
31,49325,9,0,0,40,Private,HS-grad,Married-civ-spouse,Machine-op-inspct,Husband,White,Male,United-States,<=50K
22,433669,12,0,0,36,Private,Assoc-acdm,Never-married,Handlers-cleaners,Not-in-family,White,Male,MISSING,<=50K
49,173584,13,0,0,50,Local-gov,Bachelors,Never-married,Prof-specialty,Not-in-family,White,Female,United-States,<=50K
53,95519,9,0,0,42,Private,HS-grad,Married-civ-spouse,Prof-specialty,Husband,White,Male,United-States,>50K
57,149168,10,0,0,55,Self-emp-not-inc,Some-college,Married-civ-spouse,Exec-managerial,Husband,White,Male,United-States,<=50K
22,83315,9,0,0,40,Private,HS-grad,Never-married,Adm-clerical,Unmarried,White,Male,United-States,<=50K
22,298489,10,0,0,40,Private,Some-college,Never-married,Craft-repair,Own-child,White,Male,United-States,<=50K
40,37618,10,0,0,40,Private,Some-college,Married-civ-spouse,Craft-repair,Husband,White,Male,MISSING,<=50K
25,86872,13,0,0,55,Private,Bachelors,Married-civ-spouse,Exec-managerial,Husband,White,Male,United-States,>50K
49,196571,13,0,0,45,Private,Bachelors,Married-civ-spouse,Sales,Husband,White,Male,United-States,>50K
26,150361,10,0,0,40,Private,Some-college,Never-married,Tech-support,Own-child,White,Female,United-States,<=50K
36,182898,13,7298,0,40,Self-emp-not-inc,Bachelors,Married-civ-spouse,Exec-managerial,Husband,White,Male,United-States,>50K
29,191535,9,0,0,60,Private,HS-grad,Divorced,Craft-repair,Not-in-family,White,Male,United-States,<=50K
69,208869,14,0,0,11,State-gov,Masters,Married-civ-spouse,Prof-specialty,Husband,White,Male,United-States,<=50K
43,397280,12,0,0,50,Private,Assoc-acdm,Never-married,Prof-specialty,Not-in-family,White,Male,United-States,>50K
59,223215,13,0,1977,50,Self-emp-inc,Bachelors,Married-civ-spouse,Exec-managerial,Husband,White,Male,United-States,>50K
28,115971,10,0,0,40,Private,Some-college,Divorced,Adm-clerical,Unmarried,White,Female,United-States,<=50K
51,205884,10,0,0,40,Private,Some-college,Married-civ-spouse,Tech-support,Wife,White,Female,United-States,>50K
26,59306,13,0,0,40,Private,Bachelors,Never-married,Sales,Not-in-family,White,Male,United-States,<=50K
38,149347,10,0,0,60,Private,Some-college,Divorced,Sales,Not-in-family,White,Male,United-States,<=50K
53,216931,4,0,0,38,Local-gov,7th-8th,Married-civ-spouse,Transport-moving,Husband,White,Male,United-States,<=50K
22,274103,13,0,0,10,Federal-gov,Bachelors,Never-married,Prof-specialty,Own-child,White,Male,United-States,<=50K
29,329426,9,0,0,40,Local-gov,HS-grad,Never-married,Protective-serv,Not-in-family,White,Male,United-States,<=50K
20,293091,9,0,0,12,MISSING,HS-grad,Never-married,MISSING,Own-child,White,Male,United-States,<=50K
54,109413,13,0,0,50,Self-emp-not-inc,Bachelors,Married-civ-spouse,Farming-fishing,Husband,White,Male,United-States,<=50K
59,160362,9,0,0,60,Private,HS-grad,Married-civ-spouse,Sales,Husband,White,Male,United-States,<=50K
41,114157,9,0,0,40,Private,HS-grad,Divorced,Machine-op-inspct,Own-child,White,Male,United-States,<=50K
67,330144,14,0,0,48,Self-emp-inc,Masters,Married-civ-spouse,Sales,Husband,White,Male,United-States,>50K
30,342709,9,0,0,40,Private,HS-grad,Married-civ-spouse,Handlers-cleaners,Husband,White,Male,United-States,<=50K
28,127491,9,5721,0,40,Local-gov,HS-grad,Separated,Adm-clerical,Not-in-family,White,Female,United-States,<=50K
21,251603,9,0,0,40,Private,HS-grad,Never-married,Adm-clerical,Not-in-family,White,Female,United-States,<=50K
58,43221,10,0,2415,40,Self-emp-not-inc,Some-college,Married-civ-spouse,Farming-fishing,Husband,White,Male,United-States,>50K
38,40319,10,0,0,42,Private,Some-college,Divorced,Exec-managerial,Not-in-family,White,Female,United-States,<=50K
22,32921,10,0,0,20,Self-emp-not-inc,Some-college,Never-married,Farming-fishing,Own-child,White,Male,United-States,<=50K
46,421223,10,0,0,40,State-gov,Some-college,Never-married,Exec-managerial,Not-in-family,White,Female,United-States,<=50K
38,421446,13,0,0,50,Local-gov,Bachelors,Married-civ-spouse,Exec-managerial,Husband,Black,Male,United-States,>50K
38,252947,10,0,0,40,Private,Some-college,Married-civ-spouse,Handlers-cleaners,Husband,Black,Male,United-States,<=50K
48,139290,6,0,0,48,Private,10th,Separated,Machine-op-inspct,Own-child,White,Female,United-States,<=50K
50,548361,13,0,0,20,Private,Bachelors,Married-civ-spouse,Tech-support,Husband,White,Male,United-States,>50K
65,174904,9,0,0,40,MISSING,HS-grad,Separated,MISSING,Not-in-family,White,Female,United-States,<=50K
55,238192,9,0,1887,40,Federal-gov,HS-grad,Married-civ-spouse,Tech-support,Husband,White,Male,United-States,>50K
38,264627,10,0,0,40,Private,Some-college,Divorced,Adm-clerical,Unmarried,White,Female,United-States,<=50K
54,46704,9,0,0,60,Self-emp-not-inc,HS-grad,Married-civ-spouse,Farming-fishing,Husband,White,Male,United-States,>50K
37,278576,9,0,0,60,Private,HS-grad,Married-civ-spouse,Machine-op-inspct,Husband,White,Male,United-States,>50K
59,395736,9,0,0,40,Private,HS-grad,Married-civ-spouse,Handlers-cleaners,Husband,White,Male,United-States,>50K
36,203717,9,0,0,40,Private,HS-grad,Divorced,Craft-repair,Unmarried,White,Male,United-States,<=50K
48,377757,6,0,0,70,Private,10th,Married-civ-spouse,Sales,Husband,White,Male,United-States,<=50K
47,214702,9,0,0,37,Private,HS-grad,Divorced,Other-service,Unmarried,White,Female,Puerto-Rico,<=50K
27,106935,13,0,0,45,Private,Bachelors,Married-civ-spouse,Exec-managerial,Husband,White,Male,United-States,<=50K
59,53481,10,0,0,50,Private,Some-college,Married-civ-spouse,Sales,Husband,White,Male,United-States,<=50K
55,162205,9,5178,0,72,Private,HS-grad,Married-civ-spouse,Transport-moving,Husband,White,Male,United-States,>50K
52,110748,14,0,0,50,Private,Masters,Married-civ-spouse,Prof-specialty,Husband,White,Male,United-States,>50K
69,230417,16,0,0,40,Private,Doctorate,Married-civ-spouse,Prof-specialty,Husband,White,Male,China,>50K
18,170627,7,0,0,15,Private,11th,Never-married,Other-service,Own-child,White,Female,United-States,<=50K
52,67090,9,0,0,44,Private,HS-grad,Married-civ-spouse,Sales,Husband,White,Male,United-States,<=50K
26,213799,6,0,0,40,Private,10th,Never-married,Handlers-cleaners,Not-in-family,White,Male,United-States,<=50K
19,33487,10,0,0,40,MISSING,Some-college,Never-married,MISSING,Other-relative,Amer-Indian-Eskimo,Female,United-States,<=50K
22,173736,9,0,0,50,Private,HS-grad,Never-married,Craft-repair,Not-in-family,White,Male,United-States,<=50K
48,183486,11,0,0,56,State-gov,Assoc-voc,Divorced,Prof-specialty,Unmarried,White,Female,United-States,>50K
37,354929,12,0,0,38,State-gov,Assoc-acdm,Divorced,Protective-serv,Not-in-family,Black,Male,United-States,<=50K
38,115634,10,0,0,40,Local-gov,Some-college,Married-civ-spouse,Exec-managerial,Husband,White,Male,United-States,<=50K
48,265295,13,0,0,40,Private,Bachelors,Married-civ-spouse,Exec-managerial,Husband,White,Male,United-States,>50K
20,174714,10,0,0,15,Private,Some-college,Never-married,Prof-specialty,Own-child,White,Male,United-States,<=50K
45,223999,5,0,1848,40,Private,9th,Married-civ-spouse,Other-service,Husband,White,Male,United-States,>50K
24,270517,9,0,0,40,Private,HS-grad,Never-married,Other-service,Own-child,White,Female,Mexico,<=50K
62,370881,12,0,0,7,Private,Assoc-acdm,Widowed,Other-service,Not-in-family,White,Female,United-States,<=50K
63,109849,13,0,0,21,Local-gov,Bachelors,Never-married,Prof-specialty,Not-in-family,Black,Female,United-States,<=50K
43,188905,3,0,0,40,Private,5th-6th,Separated,Machine-op-inspct,Not-in-family,White,Female,Mexico,<=50K
39,176186,10,0,0,50,Private,Some-college,Married-civ-spouse,Farming-fishing,Husband,White,Male,United-States,>50K
43,218309,13,0,0,50,Private,Bachelors,Divorced,Sales,Not-in-family,White,Female,United-States,<=50K
25,283087,10,0,0,40,Private,Some-college,Never-married,Exec-managerial,Own-child,Black,Male,United-States,<=50K
21,154165,9,0,0,35,Private,HS-grad,Never-married,Handlers-cleaners,Own-child,White,Female,United-States,<=50K
34,198265,10,3103,0,40,Private,Some-college,Married-civ-spouse,Tech-support,Husband,White,Male,United-States,>50K
48,107373,6,0,0,40,Private,10th,Married-civ-spouse,Transport-moving,Husband,White,Male,United-States,>50K
44,167955,9,0,0,40,Private,HS-grad,Married-civ-spouse,Craft-repair,Husband,White,Male,Poland,<=50K
20,216563,7,0,0,40,MISSING,11th,Never-married,MISSING,Other-relative,White,Male,United-States,<=50K
41,214242,13,0,1887,40,Private,Bachelors,Married-civ-spouse,Prof-specialty,Husband,White,Male,United-States,>50K
39,235379,12,0,0,40,State-gov,Assoc-acdm,Divorced,Prof-specialty,Not-in-family,White,Female,United-States,<=50K
56,381965,13,15024,0,40,Local-gov,Bachelors,Married-civ-spouse,Prof-specialty,Husband,White,Male,United-States,>50K
63,179981,10,0,0,60,Self-emp-not-inc,Some-college,Married-civ-spouse,Exec-managerial,Husband,White,Male,United-States,>50K
28,218887,9,0,0,35,Private,HS-grad,Never-married,Farming-fishing,Unmarried,White,Female,United-States,<=50K
28,250679,9,0,0,40,Private,HS-grad,Married-civ-spouse,Craft-repair,Husband,White,Male,United-States,<=50K
40,235371,11,0,0,40,Private,Assoc-voc,Divorced,Prof-specialty,Unmarried,White,Male,United-States,<=50K
40,237671,10,0,0,40,Private,Some-college,Married-civ-spouse,Tech-support,Wife,White,Female,United-States,>50K
24,130741,13,0,0,40,Private,Bachelors,Never-married,Sales,Own-child,White,Male,United-States,<=50K
19,86860,10,0,0,15,Private,Some-college,Never-married,Exec-managerial,Own-child,White,Male,United-States,<=50K
27,357348,9,0,0,50,Private,HS-grad,Separated,Other-service,Unmarried,White,Female,United-States,<=50K
33,119628,16,0,0,50,State-gov,Doctorate,Married-civ-spouse,Prof-specialty,Husband,Asian-Pac-Islander,Male,Hong,<=50K
33,249716,9,0,0,45,Private,HS-grad,Never-married,Tech-support,Not-in-family,White,Male,United-States,<=50K
24,390348,9,0,0,40,Private,HS-grad,Never-married,Transport-moving,Not-in-family,White,Male,United-States,<=50K
56,119859,10,0,0,40,Private,Some-college,Divorced,Transport-moving,Not-in-family,White,Male,United-States,>50K
54,327769,10,0,0,40,Private,Some-college,Divorced,Craft-repair,Not-in-family,White,Male,United-States,<=50K
31,111423,13,0,0,55,Self-emp-not-inc,Bachelors,Never-married,Craft-repair,Not-in-family,White,Male,United-States,<=50K
21,38251,10,0,0,20,State-gov,Some-college,Never-married,Tech-support,Own-child,White,Female,United-States,<=50K
18,343059,10,0,0,40,Private,Some-college,Never-married,Sales,Own-child,White,Female,United-States,<=50K
41,116379,14,0,0,55,Private,Masters,Married-civ-spouse,Prof-specialty,Husband,Asian-Pac-Islander,Male,Taiwan,>50K
20,194630,9,0,0,40,Private,HS-grad,Never-married,Sales,Not-in-family,White,Male,United-States,<=50K
44,110908,11,0,0,25,Private,Assoc-voc,Married-civ-spouse,Transport-moving,Wife,White,Female,United-States,<=50K
25,114838,15,0,0,8,Private,Prof-school,Never-married,Prof-specialty,Not-in-family,White,Female,Italy,<=50K
40,176602,9,0,0,40,Private,HS-grad,Divorced,Other-service,Not-in-family,Black,Male,United-States,<=50K
43,172826,10,99999,0,55,Self-emp-inc,Some-college,Married-civ-spouse,Sales,Husband,White,Male,United-States,>50K
24,154571,10,0,0,20,Private,Some-college,Never-married,Adm-clerical,Own-child,Asian-Pac-Islander,Male,United-States,<=50K
30,231263,9,0,0,40,Private,HS-grad,Married-civ-spouse,Sales,Husband,White,Male,United-States,<=50K
56,174533,13,0,0,45,Private,Bachelors,Never-married,Exec-managerial,Not-in-family,White,Female,United-States,>50K
44,165108,14,0,0,40,State-gov,Masters,Married-civ-spouse,Prof-specialty,Husband,White,Male,United-States,>50K
64,126233,9,0,0,20,Private,HS-grad,Married-civ-spouse,Exec-managerial,Husband,White,Male,United-States,<=50K
19,141868,9,0,0,40,Private,HS-grad,Never-married,Transport-moving,Own-child,White,Male,United-States,<=50K
21,231931,10,0,0,45,Private,Some-college,Never-married,Sales,Own-child,White,Male,United-States,<=50K
49,166857,5,0,0,40,Private,9th,Divorced,Handlers-cleaners,Not-in-family,White,Female,United-States,<=50K
35,73715,7,0,0,40,Private,11th,Married-civ-spouse,Craft-repair,Husband,White,Male,United-States,<=50K
30,131699,9,0,0,40,Private,HS-grad,Divorced,Transport-moving,Not-in-family,White,Male,United-States,<=50K
45,320818,9,0,0,80,Federal-gov,HS-grad,Married-civ-spouse,Adm-clerical,Husband,Black,Male,United-States,>50K
23,281668,6,0,0,40,MISSING,10th,Never-married,MISSING,Own-child,Black,Female,United-States,<=50K
24,155150,9,0,0,40,Private,HS-grad,Married-civ-spouse,Machine-op-inspct,Husband,White,Male,United-States,<=50K
36,153976,9,0,0,50,Self-emp-not-inc,HS-grad,Married-civ-spouse,Transport-moving,Husband,White,Male,United-States,<=50K
42,183765,12,0,0,40,Self-emp-not-inc,Assoc-acdm,Married-civ-spouse,Sales,Husband,White,Male,MISSING,<=50K
53,105788,13,0,0,50,Federal-gov,Bachelors,Divorced,Exec-managerial,Unmarried,Black,Female,United-States,>50K
61,159822,4,7688,0,40,Private,7th-8th,Married-civ-spouse,Craft-repair,Husband,White,Male,Poland,>50K
45,148171,11,15024,0,40,Private,Assoc-voc,Married-civ-spouse,Craft-repair,Husband,White,Male,United-States,>50K
58,275859,9,8614,0,52,Private,HS-grad,Widowed,Craft-repair,Unmarried,White,Male,Mexico,>50K
48,232840,10,0,0,43,Private,Some-college,Widowed,Adm-clerical,Unmarried,White,Female,United-States,<=50K
39,237943,13,99999,0,70,Private,Bachelors,Married-civ-spouse,Exec-managerial,Husband,White,Male,United-States,>50K
59,126677,10,0,0,50,Private,Some-college,Married-civ-spouse,Exec-managerial,Husband,White,Male,United-States,>50K
39,491000,13,0,0,45,Private,Bachelors,Never-married,Exec-managerial,Other-relative,Black,Male,United-States,<=50K
42,460214,10,0,0,40,Federal-gov,Some-college,Married-civ-spouse,Adm-clerical,Husband,White,Male,United-States,>50K
37,126569,9,0,0,40,Local-gov,HS-grad,Never-married,Craft-repair,Not-in-family,White,Male,United-States,<=50K
25,213383,10,0,0,40,Private,Some-college,Never-married,Tech-support,Own-child,White,Male,United-States,<=50K
30,131568,13,0,0,40,Local-gov,Bachelors,Married-civ-spouse,Prof-specialty,Husband,White,Male,United-States,>50K
39,101146,9,4650,0,40,Private,HS-grad,Divorced,Prof-specialty,Not-in-family,White,Female,United-States,<=50K
22,125905,10,0,0,40,MISSING,Some-college,Never-married,MISSING,Own-child,White,Male,United-States,<=50K
35,278632,9,0,0,40,Self-emp-not-inc,HS-grad,Married-civ-spouse,Craft-repair,Husband,White,Male,United-States,<=50K
23,107801,13,0,0,20,Private,Bachelors,Never-married,Adm-clerical,Own-child,White,Female,United-States,<=50K
26,184026,10,0,0,50,Private,Some-college,Never-married,Prof-specialty,Not-in-family,Other,Male,United-States,<=50K
39,149943,14,0,0,40,Private,Masters,Never-married,Sales,Not-in-family,Asian-Pac-Islander,Male,China,<=50K
23,201145,9,0,0,65,Private,HS-grad,Never-married,Craft-repair,Not-in-family,White,Male,United-States,<=50K
46,357338,13,0,0,40,Private,Bachelors,Married-civ-spouse,Tech-support,Husband,White,Male,United-States,<=50K
49,157272,9,0,0,50,Private,HS-grad,Separated,Sales,Unmarried,White,Male,United-States,<=50K
65,87164,7,0,0,20,Private,11th,Widowed,Sales,Other-relative,White,Female,United-States,<=50K
41,396467,12,0,0,50,Local-gov,Assoc-acdm,Married-civ-spouse,Exec-managerial,Husband,Black,Male,United-States,>50K
34,246439,9,0,0,45,Self-emp-not-inc,HS-grad,Married-civ-spouse,Farming-fishing,Husband,White,Male,United-States,<=50K
32,154950,10,0,0,30,Self-emp-not-inc,Some-college,Married-civ-spouse,Craft-repair,Husband,White,Male,United-States,<=50K
42,236021,9,0,0,40,Private,HS-grad,Married-civ-spouse,Craft-repair,Husband,White,Male,MISSING,>50K
19,197384,10,0,0,10,Private,Some-college,Never-married,Other-service,Own-child,White,Female,United-States,<=50K
25,512771,5,0,0,45,Private,9th,Married-civ-spouse,Transport-moving,Husband,White,Male,United-States,<=50K
56,204254,6,0,0,45,Private,10th,Divorced,Other-service,Unmarried,Black,Female,United-States,<=50K
38,316211,9,0,0,40,Private,HS-grad,Divorced,Craft-repair,Own-child,White,Male,United-States,<=50K
46,173243,9,0,0,40,Private,HS-grad,Married-civ-spouse,Craft-repair,Husband,White,Male,United-States,<=50K
37,140673,10,0,0,40,Private,Some-college,Married-civ-spouse,Sales,Wife,White,Female,United-States,>50K
31,182896,9,0,0,40,Private,HS-grad,Never-married,Craft-repair,Not-in-family,White,Female,United-States,<=50K
79,142171,4,1409,0,35,MISSING,7th-8th,Married-civ-spouse,MISSING,Husband,White,Male,United-States,<=50K
28,338409,13,0,0,40,Private,Bachelors,Married-civ-spouse,Prof-specialty,Wife,Black,Female,Cuba,<=50K
45,227791,10,0,1740,50,Private,Some-college,Married-civ-spouse,Sales,Husband,White,Male,United-States,<=50K
27,367329,11,0,0,40,Private,Assoc-voc,Married-civ-spouse,Farming-fishing,Husband,White,Male,United-States,<=50K
47,168109,9,15024,0,50,Self-emp-not-inc,HS-grad,Married-civ-spouse,Farming-fishing,Husband,White,Male,United-States,>50K
23,520231,10,0,0,45,Private,Some-college,Never-married,Prof-specialty,Not-in-family,White,Female,United-States,<=50K
39,236391,9,0,0,45,Private,HS-grad,Married-civ-spouse,Craft-repair,Husband,White,Male,United-States,<=50K
53,207449,6,0,0,40,Local-gov,10th,Married-civ-spouse,Other-service,Husband,White,Male,United-States,<=50K
57,257200,10,0,0,40,Self-emp-inc,Some-college,Married-civ-spouse,Exec-managerial,Husband,White,Male,United-States,>50K
28,37359,11,99999,0,50,Private,Assoc-voc,Married-civ-spouse,Prof-specialty,Husband,White,Male,United-States,>50K
20,285671,9,0,0,25,Private,HS-grad,Never-married,Other-service,Other-relative,Black,Male,United-States,<=50K
73,29778,9,0,0,37,Private,HS-grad,Widowed,Other-service,Not-in-family,White,Female,United-States,<=50K
22,122346,9,0,0,40,Private,HS-grad,Divorced,Craft-repair,Not-in-family,White,Male,United-States,<=50K
41,223671,9,0,1887,55,Self-emp-inc,HS-grad,Married-civ-spouse,Sales,Husband,White,Male,United-States,>50K
43,99203,11,0,0,40,Self-emp-not-inc,Assoc-voc,Married-civ-spouse,Craft-repair,Husband,White,Male,United-States,<=50K
77,84979,16,20051,0,40,Self-emp-inc,Doctorate,Married-civ-spouse,Farming-fishing,Husband,White,Male,United-States,>50K
59,191965,7,3908,0,28,Private,11th,Married-civ-spouse,Other-service,Wife,White,Female,United-States,<=50K
53,48343,9,0,1902,40,Private,HS-grad,Married-civ-spouse,Transport-moving,Husband,White,Male,United-States,>50K
51,202956,11,0,0,40,Private,Assoc-voc,Married-civ-spouse,Sales,Husband,White,Male,United-States,<=50K
33,126950,9,0,0,60,Private,HS-grad,Married-civ-spouse,Transport-moving,Husband,White,Male,United-States,<=50K
24,42706,11,0,0,60,Private,Assoc-voc,Never-married,Protective-serv,Not-in-family,White,Male,United-States,<=50K
28,37088,13,0,0,50,Self-emp-inc,Bachelors,Never-married,Sales,Not-in-family,White,Male,United-States,<=50K
42,187294,10,0,0,40,Private,Some-college,Divorced,Craft-repair,Unmarried,White,Male,United-States,<=50K
26,219760,9,0,0,16,Local-gov,HS-grad,Never-married,Other-service,Other-relative,White,Male,United-States,<=50K
28,339372,10,0,0,40,Private,Some-college,Never-married,Sales,Not-in-family,White,Male,United-States,<=50K
47,169324,13,0,0,35,Private,Bachelors,Married-civ-spouse,Exec-managerial,Wife,Black,Female,United-States,>50K
50,234373,14,0,1485,40,Private,Masters,Married-civ-spouse,Exec-managerial,Wife,White,Female,United-States,<=50K
19,252292,9,0,0,40,MISSING,HS-grad,Never-married,MISSING,Own-child,White,Male,United-States,<=50K
23,189830,10,0,0,50,Private,Some-college,Married-civ-spouse,Other-service,Husband,Black,Male,United-States,<=50K
23,195532,13,0,0,40,Private,Bachelors,Never-married,Exec-managerial,Own-child,White,Female,United-States,<=50K
30,280927,13,0,0,40,Private,Bachelors,Never-married,Adm-clerical,Not-in-family,White,Female,United-States,<=50K
26,421561,7,0,0,25,Private,11th,Married-civ-spouse,Other-service,Other-relative,White,Male,United-States,<=50K
50,121038,11,0,0,40,Private,Assoc-voc,Married-civ-spouse,Other-service,Wife,Black,Female,United-States,<=50K
38,372484,7,0,0,40,Private,11th,Never-married,Other-service,Own-child,Black,Female,United-States,<=50K
42,170230,14,14084,0,60,Federal-gov,Masters,Never-married,Exec-managerial,Not-in-family,White,Female,United-States,>50K
60,204486,13,0,0,8,MISSING,Bachelors,Married-civ-spouse,MISSING,Husband,White,Male,United-States,>50K
44,291568,9,0,0,40,Private,HS-grad,Married-civ-spouse,Farming-fishing,Husband,Other,Male,United-States,<=50K
39,327435,13,0,0,36,Private,Bachelors,Married-civ-spouse,Prof-specialty,Wife,White,Female,United-States,>50K
29,184806,15,0,0,50,Private,Prof-school,Never-married,Prof-specialty,Other-relative,White,Male,United-States,<=50K
28,48894,9,0,0,40,Private,HS-grad,Married-civ-spouse,Adm-clerical,Own-child,White,Female,United-States,<=50K
35,100375,10,0,0,40,Private,Some-college,Married-spouse-absent,Farming-fishing,Own-child,White,Male,United-States,<=50K
40,124747,9,7298,0,40,Private,HS-grad,Married-civ-spouse,Craft-repair,Wife,White,Female,United-States,>50K
40,145178,10,0,0,30,Private,Some-college,Divorced,Craft-repair,Unmarried,Black,Female,United-States,<=50K
27,141545,9,0,1902,45,Private,HS-grad,Married-civ-spouse,Transport-moving,Husband,White,Male,United-States,<=50K
38,184801,13,0,0,60,Private,Bachelors,Married-civ-spouse,Sales,Husband,White,Male,United-States,>50K
17,48751,7,0,0,40,MISSING,11th,Never-married,MISSING,Own-child,Black,Female,United-States,<=50K
34,20057,10,0,0,38,State-gov,Some-college,Married-spouse-absent,Adm-clerical,Unmarried,Asian-Pac-Islander,Female,Philippines,<=50K
38,105017,9,0,0,40,Private,HS-grad,Divorced,Craft-repair,Unmarried,White,Male,United-States,<=50K
57,262642,9,0,0,40,Private,HS-grad,Never-married,Adm-clerical,Other-relative,White,Female,United-States,<=50K
51,92463,9,0,0,40,Private,HS-grad,Married-civ-spouse,Adm-clerical,Husband,White,Male,United-States,<=50K
39,106347,9,0,0,40,Private,HS-grad,Married-civ-spouse,Transport-moving,Husband,White,Male,United-States,<=50K
26,483822,4,0,0,40,Private,7th-8th,Never-married,Handlers-cleaners,Unmarried,White,Male,Guatemala,<=50K
45,360393,14,0,1902,50,Private,Masters,Married-civ-spouse,Exec-managerial,Husband,White,Male,United-States,>50K
23,82998,10,0,0,30,Private,Some-college,Never-married,Sales,Not-in-family,White,Male,United-States,<=50K
62,210142,11,0,0,50,Private,Assoc-voc,Married-civ-spouse,Exec-managerial,Husband,White,Male,United-States,>50K
52,138611,9,7688,0,55,Self-emp-not-inc,HS-grad,Married-civ-spouse,Sales,Husband,White,Male,United-States,>50K
36,257942,9,0,0,40,Private,HS-grad,Married-civ-spouse,Sales,Husband,White,Male,United-States,<=50K
28,201861,10,0,0,45,Private,Some-college,Married-civ-spouse,Machine-op-inspct,Husband,White,Male,United-States,<=50K
23,280134,9,0,0,40,MISSING,HS-grad,Never-married,MISSING,Own-child,White,Male,United-States,<=50K
27,333296,13,0,0,30,Private,Bachelors,Never-married,Other-service,Not-in-family,White,Male,MISSING,<=50K
46,159869,9,0,0,44,Private,HS-grad,Divorced,Exec-managerial,Not-in-family,White,Male,United-States,<=50K
32,339482,3,0,0,60,Private,5th-6th,Separated,Farming-fishing,Other-relative,White,Male,Mexico,<=50K
47,158451,10,0,0,45,Self-emp-not-inc,Some-college,Divorced,Other-service,Not-in-family,White,Female,United-States,<=50K
50,209464,9,0,0,35,Private,HS-grad,Separated,Other-service,Unmarried,White,Female,United-States,<=50K
22,369387,7,0,0,35,Private,11th,Married-civ-spouse,Craft-repair,Husband,White,Male,United-States,<=50K
38,312528,13,0,0,37,State-gov,Bachelors,Married-civ-spouse,Exec-managerial,Husband,White,Male,United-States,<=50K
39,177181,4,0,0,40,Private,7th-8th,Married-civ-spouse,Transport-moving,Husband,White,Male,United-States,<=50K
39,175390,9,0,0,40,Private,HS-grad,Never-married,Sales,Unmarried,Black,Female,United-States,<=50K
31,382368,10,0,0,40,Private,Some-college,Never-married,Adm-clerical,Not-in-family,White,Male,Germany,<=50K
44,328561,11,0,0,20,Private,Assoc-voc,Married-civ-spouse,Adm-clerical,Other-relative,White,Female,United-States,<=50K
23,229826,9,0,0,40,Private,HS-grad,Never-married,Machine-op-inspct,Own-child,White,Male,United-States,<=50K
42,153132,13,0,0,45,Private,Bachelors,Divorced,Sales,Unmarried,White,Male,MISSING,<=50K
34,213226,13,0,0,65,Private,Bachelors,Never-married,Sales,Not-in-family,White,Male,United-States,>50K
39,74194,9,0,0,55,Private,HS-grad,Married-civ-spouse,Exec-managerial,Husband,White,Male,United-States,<=50K
36,383518,10,99999,0,40,Private,Some-college,Married-civ-spouse,Adm-clerical,Wife,Black,Female,United-States,>50K
40,32627,14,0,0,60,Private,Masters,Married-civ-spouse,Prof-specialty,Husband,White,Male,United-States,<=50K
41,52037,10,0,0,40,Local-gov,Some-college,Divorced,Adm-clerical,Unmarried,White,Female,United-States,<=50K
65,198019,9,0,0,35,MISSING,HS-grad,Widowed,MISSING,Not-in-family,White,Female,United-States,<=50K
46,170850,13,0,1590,40,Private,Bachelors,Divorced,Machine-op-inspct,Not-in-family,White,Male,MISSING,<=50K
51,155403,9,0,0,40,Private,HS-grad,Married-civ-spouse,Adm-clerical,Wife,Black,Female,United-States,<=50K
51,216475,13,0,1564,43,Private,Bachelors,Never-married,Sales,Not-in-family,White,Female,United-States,>50K
37,380614,12,0,0,13,Private,Assoc-acdm,Married-civ-spouse,Prof-specialty,Wife,White,Female,United-States,>50K
41,374764,13,0,0,20,Private,Bachelors,Widowed,Exec-managerial,Unmarried,White,Male,United-States,<=50K
33,37274,10,0,0,40,Private,Some-college,Married-civ-spouse,Sales,Husband,White,Male,United-States,<=50K
19,320014,10,0,0,25,Private,Some-college,Never-married,Other-service,Own-child,White,Male,United-States,<=50K
17,287160,7,0,0,15,Private,11th,Never-married,Other-service,Own-child,White,Female,United-States,<=50K
29,115064,9,0,0,40,Private,HS-grad,Never-married,Other-service,Not-in-family,White,Male,United-States,<=50K
38,196554,15,0,0,35,Private,Prof-school,Separated,Prof-specialty,Not-in-family,White,Male,United-States,>50K
39,140477,9,0,0,10,Private,HS-grad,Never-married,Machine-op-inspct,Not-in-family,White,Female,United-States,<=50K
41,97277,11,0,0,10,Self-emp-not-inc,Assoc-voc,Divorced,Other-service,Unmarried,White,Female,United-States,<=50K
46,146195,12,0,0,36,Private,Assoc-acdm,Divorced,Tech-support,Not-in-family,Black,Female,United-States,<=50K
40,45687,10,4787,0,50,Private,Some-college,Divorced,Other-service,Not-in-family,Black,Male,United-States,>50K
63,109517,10,0,0,43,Private,Some-college,Widowed,Adm-clerical,Unmarried,White,Female,United-States,<=50K
39,113481,13,0,0,45,Private,Bachelors,Married-civ-spouse,Exec-managerial,Husband,White,Male,United-States,>50K
35,475324,13,0,0,40,Federal-gov,Bachelors,Married-civ-spouse,Exec-managerial,Husband,White,Male,United-States,>50K
26,134287,11,0,0,35,Private,Assoc-voc,Never-married,Sales,Own-child,White,Female,United-States,<=50K
39,379350,6,0,0,40,Private,10th,Married-civ-spouse,Craft-repair,Husband,White,Male,United-States,<=50K
25,232991,3,0,0,40,Private,5th-6th,Married-civ-spouse,Machine-op-inspct,Husband,Other,Male,Mexico,<=50K
58,186791,10,0,0,40,Self-emp-inc,Some-college,Married-civ-spouse,Transport-moving,Wife,White,Female,United-States,>50K
65,115498,13,3818,0,10,Self-emp-not-inc,Bachelors,Married-civ-spouse,Sales,Husband,White,Male,United-States,<=50K
51,162943,15,0,0,40,Self-emp-inc,Prof-school,Married-civ-spouse,Prof-specialty,Husband,White,Male,United-States,>50K
34,195576,13,0,0,50,Private,Bachelors,Married-civ-spouse,Exec-managerial,Husband,White,Male,United-States,>50K
41,115411,10,2174,0,45,Private,Some-college,Divorced,Sales,Own-child,White,Male,United-States,<=50K
42,66755,4,0,0,40,Private,7th-8th,Married-civ-spouse,Craft-repair,Husband,Other,Male,United-States,<=50K
20,184678,9,0,0,32,Private,HS-grad,Never-married,Sales,Not-in-family,White,Female,United-States,<=50K
68,133758,4,0,0,10,MISSING,7th-8th,Widowed,MISSING,Not-in-family,Black,Male,United-States,<=50K
28,132686,9,0,0,40,Private,HS-grad,Married-civ-spouse,Handlers-cleaners,Husband,White,Male,United-States,>50K
49,59612,10,0,0,44,Private,Some-college,Married-civ-spouse,Sales,Husband,White,Male,United-States,<=50K
34,137900,9,0,0,35,Private,HS-grad,Never-married,Sales,Not-in-family,White,Female,United-States,<=50K
27,42696,9,0,0,40,Private,HS-grad,Married-spouse-absent,Other-service,Unmarried,White,Female,United-States,<=50K
22,244366,13,0,0,40,Private,Bachelors,Never-married,Prof-specialty,Own-child,White,Male,United-States,<=50K
48,61985,5,0,0,20,MISSING,9th,Separated,MISSING,Not-in-family,Amer-Indian-Eskimo,Female,United-States,<=50K
57,370890,9,0,2258,40,Federal-gov,HS-grad,Never-married,Adm-clerical,Not-in-family,White,Male,United-States,<=50K
37,60227,13,0,0,38,State-gov,Bachelors,Never-married,Adm-clerical,Not-in-family,White,Male,United-States,<=50K
51,177705,13,0,0,50,Private,Bachelors,Divorced,Sales,Not-in-family,White,Male,United-States,>50K
28,299422,4,0,0,40,Private,7th-8th,Married-civ-spouse,Handlers-cleaners,Husband,White,Male,Mexico,<=50K
43,128170,10,7688,0,40,Private,Some-college,Married-civ-spouse,Sales,Husband,White,Male,United-States,>50K
67,197865,10,0,0,40,Private,Some-college,Divorced,Adm-clerical,Not-in-family,White,Female,United-States,<=50K
44,120837,9,0,0,66,Self-emp-not-inc,HS-grad,Married-civ-spouse,Exec-managerial,Husband,White,Male,United-States,<=50K
51,334273,9,0,0,40,Private,HS-grad,Married-civ-spouse,Craft-repair,Husband,White,Male,United-States,<=50K
26,258768,10,2174,0,75,Private,Some-college,Never-married,Transport-moving,Not-in-family,Black,Male,United-States,<=50K
18,201299,10,0,0,40,MISSING,Some-college,Never-married,MISSING,Own-child,White,Female,United-States,<=50K
25,69847,13,0,0,40,Private,Bachelors,Never-married,Adm-clerical,Own-child,Asian-Pac-Islander,Female,United-States,<=50K
20,206681,8,0,0,55,Private,12th,Never-married,Sales,Not-in-family,White,Female,United-States,<=50K
31,196227,9,0,0,40,Private,HS-grad,Separated,Other-service,Not-in-family,White,Female,United-States,<=50K
49,175622,14,0,0,40,Private,Masters,Married-civ-spouse,Prof-specialty,Husband,White,Male,United-States,<=50K
35,77146,9,2829,0,45,Self-emp-not-inc,HS-grad,Married-civ-spouse,Craft-repair,Husband,White,Male,United-States,<=50K
54,166774,14,0,0,45,State-gov,Masters,Never-married,Prof-specialty,Not-in-family,White,Female,United-States,>50K
52,199688,6,0,0,45,Private,10th,Married-civ-spouse,Handlers-cleaners,Husband,White,Male,United-States,<=50K
42,144778,9,0,0,50,Private,HS-grad,Married-civ-spouse,Craft-repair,Husband,White,Male,United-States,<=50K
23,54472,10,0,0,50,Private,Some-college,Married-spouse-absent,Other-service,Not-in-family,White,Female,United-States,<=50K
28,392100,9,0,0,40,Private,HS-grad,Married-civ-spouse,Craft-repair,Own-child,White,Male,United-States,<=50K
64,213945,9,0,0,50,Self-emp-not-inc,HS-grad,Married-civ-spouse,Craft-repair,Husband,White,Male,United-States,<=50K
31,123037,10,0,0,13,State-gov,Some-college,Never-married,Tech-support,Not-in-family,White,Male,United-States,<=50K
33,132705,5,0,0,48,Private,9th,Separated,Adm-clerical,Not-in-family,White,Male,United-States,<=50K
36,116133,9,0,0,57,Self-emp-inc,HS-grad,Married-civ-spouse,Transport-moving,Husband,White,Male,United-States,<=50K
50,128478,9,0,0,70,Private,HS-grad,Married-civ-spouse,Transport-moving,Husband,White,Male,United-States,<=50K
19,369527,10,0,0,40,MISSING,Some-college,Never-married,MISSING,Own-child,White,Female,United-States,<=50K
33,254221,9,0,0,40,Private,HS-grad,Never-married,Adm-clerical,Not-in-family,White,Female,United-States,<=50K
38,54816,11,0,0,40,Private,Assoc-voc,Married-civ-spouse,Craft-repair,Husband,White,Male,United-States,>50K
32,213179,10,0,0,40,Private,Some-college,Divorced,Craft-repair,Own-child,White,Male,United-States,>50K
22,362589,12,0,0,15,Private,Assoc-acdm,Never-married,Sales,Not-in-family,White,Female,United-States,<=50K
20,196643,9,0,0,40,Private,HS-grad,Never-married,Handlers-cleaners,Own-child,White,Male,United-States,<=50K
19,175499,7,0,0,30,MISSING,11th,Never-married,MISSING,Own-child,White,Female,United-States,<=50K
48,118023,15,0,0,13,Private,Prof-school,Divorced,Sales,Not-in-family,White,Male,United-States,<=50K
57,275943,4,0,0,40,Self-emp-not-inc,7th-8th,Married-civ-spouse,Prof-specialty,Husband,White,Male,MISSING,<=50K
23,224059,9,0,0,40,Private,HS-grad,Married-civ-spouse,Machine-op-inspct,Husband,White,Male,United-States,<=50K
27,36851,13,0,0,41,Private,Bachelors,Never-married,Machine-op-inspct,Not-in-family,White,Male,United-States,<=50K
18,174926,5,0,0,15,Private,9th,Never-married,Other-service,Own-child,White,Male,MISSING,<=50K
25,323139,13,0,0,35,Private,Bachelors,Never-married,Handlers-cleaners,Own-child,White,Male,United-States,<=50K
38,115215,6,0,0,40,Self-emp-not-inc,10th,Separated,Machine-op-inspct,Not-in-family,White,Male,United-States,<=50K
38,185325,9,0,0,40,Self-emp-not-inc,HS-grad,Married-civ-spouse,Handlers-cleaners,Husband,White,Male,United-States,>50K
25,34161,8,0,0,30,MISSING,12th,Separated,MISSING,Unmarried,White,Female,United-States,<=50K
24,72310,10,0,0,43,Private,Some-college,Never-married,Sales,Own-child,White,Male,United-States,<=50K
29,112847,11,7298,0,32,Private,Assoc-voc,Married-civ-spouse,Craft-repair,Husband,Asian-Pac-Islander,Male,United-States,>50K
45,224474,13,4934,0,50,Local-gov,Bachelors,Divorced,Prof-specialty,Unmarried,White,Female,United-States,>50K
