age,fnlwgt,education-num,capital-gain,capital-loss,hours-per-week,workclass,education,marital-status,occupation,relationship,race,sex,native-country,income
28,211920,9,0,0,40,Local-gov,HS-grad,Married-civ-spouse,Protective-serv,Husband,White,Male,United-States,<=50K
42,235700,9,0,0,40,Private,HS-grad,Divorced,Handlers-cleaners,Not-in-family,White,Female,United-States,<=50K
44,68729,13,0,0,40,Federal-gov,Bachelors,Married-civ-spouse,Exec-managerial,Husband,Asian-Pac-Islander,Male,United-States,>50K
44,96249,10,3411,0,40,State-gov,Some-college,Married-civ-spouse,Exec-managerial,Husband,White,Male,United-States,<=50K
34,24529,9,0,0,15,Private,HS-grad,Widowed,Adm-clerical,Unmarried,White,Male,United-States,<=50K
40,185145,16,0,0,40,Private,Doctorate,Married-civ-spouse,Prof-specialty,Husband,White,Male,United-States,>50K
26,164583,9,0,0,30,Private,HS-grad,Divorced,Sales,Unmarried,White,Female,United-States,<=50K
57,314153,13,0,1887,55,Private,Bachelors,Married-civ-spouse,Sales,Husband,White,Male,United-States,>50K
50,43764,16,15024,0,50,Private,Doctorate,Married-civ-spouse,Prof-specialty,Husband,White,Male,United-States,>50K
37,99357,12,0,0,30,Private,Assoc-acdm,Never-married,Other-service,Not-in-family,White,Female,United-States,<=50K
42,179557,10,0,0,40,Private,Some-college,Divorced,Tech-support,Not-in-family,White,Female,United-States,<=50K
32,420895,13,0,0,47,Self-emp-not-inc,Bachelors,Married-civ-spouse,Sales,Husband,White,Male,United-States,<=50K
32,295117,13,0,0,40,Private,Bachelors,Married-civ-spouse,Exec-managerial,Husband,Black,Male,England,>50K
51,163998,9,0,0,20,MISSING,HS-grad,Married-spouse-absent,MISSING,Not-in-family,White,Male,United-States,>50K
39,43712,9,7298,0,40,Private,HS-grad,Married-civ-spouse,Exec-managerial,Husband,White,Male,United-States,>50K
40,306225,9,0,0,40,Private,HS-grad,Divorced,Craft-repair,Not-in-family,Asian-Pac-Islander,Female,Japan,<=50K
37,180150,15,0,0,45,Self-emp-not-inc,Prof-school,Married-civ-spouse,Prof-specialty,Husband,White,Male,United-States,>50K
52,279337,9,0,0,40,Federal-gov,HS-grad,Married-civ-spouse,Adm-clerical,Husband,White,Male,United-States,<=50K
22,173736,9,0,0,40,Private,HS-grad,Married-civ-spouse,Craft-repair,Husband,White,Male,United-States,<=50K
17,170320,7,0,0,8,MISSING,11th,Never-married,MISSING,Own-child,White,Female,United-States,<=50K
22,184543,10,0,0,40,Private,Some-college,Divorced,Adm-clerical,Unmarried,White,Female,United-States,<=50K
46,349230,11,0,1848,40,Federal-gov,Assoc-voc,Married-civ-spouse,Tech-support,Husband,White,Male,United-States,>50K
22,150175,10,0,0,20,Private,Some-college,Never-married,Adm-clerical,Own-child,White,Female,United-States,<=50K
26,128553,10,0,0,40,Private,Some-college,Never-married,Exec-managerial,Own-child,Black,Female,United-States,<=50K
28,337664,9,0,0,40,Private,HS-grad,Never-married,Machine-op-inspct,Own-child,White,Male,United-States,<=50K
37,373895,10,0,0,35,Private,Some-college,Separated,Handlers-cleaners,Not-in-family,Black,Male,United-States,<=50K
35,106028,9,0,0,65,Private,HS-grad,Divorced,Farming-fishing,Not-in-family,White,Male,United-States,<=50K
48,373366,2,3781,0,50,Private,1st-4th,Married-civ-spouse,Farming-fishing,Husband,White,Male,Mexico,<=50K
36,306156,10,15024,0,60,Self-emp-inc,Some-college,Married-civ-spouse,Sales,Husband,White,Male,United-States,>50K
31,507875,5,0,0,43,Private,9th,Married-civ-spouse,Machine-op-inspct,Husband,White,Male,United-States,<=50K
29,160512,9,0,0,40,Private,HS-grad,Separated,Adm-clerical,Own-child,White,Female,United-States,<=50K
28,122922,9,0,0,50,Private,HS-grad,Never-married,Exec-managerial,Not-in-family,White,Female,United-States,<=50K
33,422960,10,0,0,60,Self-emp-not-inc,Some-college,Married-civ-spouse,Prof-specialty,Wife,White,Female,United-States,>50K
71,235079,1,0,0,10,Private,Preschool,Widowed,Craft-repair,Unmarried,Black,Male,United-States,<=50K
72,285408,15,0,2246,28,Self-emp-not-inc,Prof-school,Married-civ-spouse,Prof-specialty,Husband,White,Male,United-States,>50K
49,298659,9,0,0,15,Private,HS-grad,Married-civ-spouse,Sales,Husband,White,Male,Mexico,<=50K
49,297884,9,4064,0,50,Private,HS-grad,Married-civ-spouse,Machine-op-inspct,Husband,White,Male,United-States,<=50K
32,386877,11,4650,0,40,Federal-gov,Assoc-voc,Never-married,Tech-support,Own-child,Black,Male,United-States,<=50K
44,45093,9,0,0,70,Private,HS-grad,Married-civ-spouse,Farming-fishing,Husband,White,Male,United-States,<=50K
49,305657,4,0,0,40,Private,7th-8th,Married-civ-spouse,Machine-op-inspct,Husband,White,Male,United-States,<=50K
57,184553,9,0,0,50,Self-emp-not-inc,HS-grad,Married-civ-spouse,Craft-repair,Husband,White,Male,United-States,>50K
42,194710,10,0,0,40,Private,Some-college,Never-married,Exec-managerial,Not-in-family,White,Female,United-States,<=50K
37,361888,13,10520,0,40,Private,Bachelors,Never-married,Prof-specialty,Not-in-family,White,Male,United-States,>50K
64,73986,4,0,0,20,Self-emp-not-inc,7th-8th,Married-civ-spouse,Craft-repair,Husband,White,Male,United-States,<=50K
23,140462,9,0,0,40,Private,HS-grad,Never-married,Machine-op-inspct,Own-child,White,Male,United-States,<=50K
90,155981,13,10566,0,50,Self-emp-not-inc,Bachelors,Married-civ-spouse,Prof-specialty,Husband,White,Male,United-States,<=50K
20,236592,8,0,0,35,Private,12th,Never-married,Prof-specialty,Not-in-family,White,Female,Italy,<=50K
43,50646,9,0,0,70,Private,HS-grad,Married-civ-spouse,Craft-repair,Husband,White,Male,United-States,<=50K
53,96062,10,0,1740,40,Private,Some-college,Married-civ-spouse,Exec-managerial,Husband,White,Male,United-States,<=50K
52,303462,10,0,0,40,State-gov,Some-college,Separated,Protective-serv,Unmarried,White,Male,United-States,<=50K
35,197495,10,0,0,40,State-gov,Some-college,Divorced,Exec-managerial,Not-in-family,Black,Female,United-States,<=50K
46,345073,9,0,0,48,Private,HS-grad,Divorced,Exec-managerial,Not-in-family,White,Male,United-States,>50K
37,222450,3,0,0,40,Private,5th-6th,Married-civ-spouse,Machine-op-inspct,Husband,White,Male,Mexico,<=50K
51,161838,11,0,0,57,Private,Assoc-voc,Married-civ-spouse,Craft-repair,Husband,White,Male,United-States,<=50K
18,234428,7,0,0,20,Private,11th,Never-married,Other-service,Own-child,White,Male,United-States,<=50K
35,187089,11,0,0,42,Private,Assoc-voc,Married-civ-spouse,Exec-managerial,Wife,White,Female,United-States,>50K
24,296045,4,2635,0,38,Private,7th-8th,Married-civ-spouse,Craft-repair,Husband,White,Male,United-States,<=50K
36,356838,8,0,0,35,MISSING,12th,Never-married,MISSING,Not-in-family,White,Male,United-States,<=50K
41,27444,10,0,0,46,Private,Some-college,Married-civ-spouse,Adm-clerical,Husband,White,Male,United-States,>50K
45,209912,13,0,0,40,Private,Bachelors,Married-civ-spouse,Exec-managerial,Husband,Asian-Pac-Islander,Male,India,>50K
27,130856,13,0,0,40,MISSING,Bachelors,Never-married,MISSING,Not-in-family,White,Male,United-States,<=50K
57,212448,13,0,0,45,Private,Bachelors,Divorced,Exec-managerial,Not-in-family,White,Female,United-States,>50K
38,33105,13,0,0,70,Private,Bachelors,Married-civ-spouse,Prof-specialty,Husband,Amer-Indian-Eskimo,Male,United-States,>50K
22,429346,9,0,0,40,Private,HS-grad,Never-married,Adm-clerical,Other-relative,Black,Male,United-States,<=50K
26,177720,12,0,0,45,Private,Assoc-acdm,Divorced,Prof-specialty,Unmarried,White,Female,United-States,<=50K
25,201737,10,0,0,40,Private,Some-college,Divorced,Adm-clerical,Unmarried,White,Female,United-States,<=50K
22,160398,10,0,0,38,Private,Some-college,Never-married,Sales,Other-relative,White,Male,United-States,<=50K
20,49179,10,0,0,35,Private,Some-college,Never-married,Prof-specialty,Not-in-family,White,Male,United-States,<=50K
27,116662,9,0,0,40,Local-gov,HS-grad,Married-civ-spouse,Machine-op-inspct,Husband,White,Male,United-States,<=50K
28,68642,9,0,0,46,Private,HS-grad,Never-married,Other-service,Not-in-family,White,Female,United-States,<=50K
42,334522,9,0,0,40,Private,HS-grad,Married-civ-spouse,Handlers-cleaners,Husband,Black,Male,United-States,<=50K
23,352139,10,0,0,24,Private,Some-college,Never-married,Other-service,Not-in-family,White,Female,United-States,<=50K
24,140001,13,0,0,40,Private,Bachelors,Never-married,Adm-clerical,Not-in-family,White,Male,United-States,<=50K
40,141858,15,0,0,72,State-gov,Prof-school,Married-civ-spouse,Prof-specialty,Husband,White,Male,United-States,<=50K
57,213975,9,0,0,30,Local-gov,HS-grad,Widowed,Other-service,Unmarried,White,Female,United-States,<=50K
57,25124,9,0,0,60,Self-emp-not-inc,HS-grad,Married-civ-spouse,Other-service,Husband,White,Male,United-States,<=50K
46,377622,9,0,0,40,Local-gov,HS-grad,Married-civ-spouse,Other-service,Husband,White,Male,United-States,<=50K
19,269991,9,0,0,40,Private,HS-grad,Never-married,Other-service,Own-child,White,Male,Puerto-Rico,<=50K
50,237729,9,0,2444,72,Private,HS-grad,Widowed,Sales,Not-in-family,White,Female,United-States,>50K
50,120190,14,0,0,45,Local-gov,Masters,Divorced,Prof-specialty,Not-in-family,White,Female,United-States,<=50K
51,302146,7,0,0,40,Private,11th,Never-married,Other-service,Not-in-family,Black,Female,United-States,<=50K
24,172152,13,0,0,25,MISSING,Bachelors,Never-married,MISSING,Not-in-family,Asian-Pac-Islander,Male,Taiwan,<=50K
48,299291,9,0,0,44,Private,HS-grad,Married-civ-spouse,Transport-moving,Husband,White,Male,United-States,<=50K
27,126730,9,0,0,40,Private,HS-grad,Never-married,Sales,Not-in-family,White,Female,United-States,<=50K
39,130620,4,0,0,40,Private,7th-8th,Married-spouse-absent,Machine-op-inspct,Unmarried,Other,Female,Dominican-Republic,<=50K
44,192878,9,0,0,40,Private,HS-grad,Divorced,Prof-specialty,Not-in-family,White,Male,United-States,<=50K
41,132551,14,0,0,35,State-gov,Masters,Divorced,Prof-specialty,Unmarried,White,Female,United-States,<=50K
29,167544,12,0,0,13,Local-gov,Assoc-acdm,Divorced,Other-service,Unmarried,White,Female,United-States,<=50K
22,264102,10,0,0,39,State-gov,Some-college,Never-married,Other-service,Other-relative,Black,Male,Haiti,<=50K
24,119156,9,0,0,40,Private,HS-grad,Never-married,Handlers-cleaners,Own-child,White,Male,United-States,<=50K
21,119474,9,0,0,40,Private,HS-grad,Never-married,Other-service,Other-relative,White,Female,United-States,<=50K
44,181762,13,15024,0,55,Private,Bachelors,Married-civ-spouse,Transport-moving,Husband,White,Male,United-States,>50K
44,115932,14,0,0,40,State-gov,Masters,Married-civ-spouse,Exec-managerial,Husband,White,Male,United-States,<=50K
23,330571,13,0,0,16,Private,Bachelors,Never-married,Prof-specialty,Not-in-family,White,Female,United-States,<=50K
64,34100,10,0,0,4,MISSING,Some-college,Widowed,MISSING,Not-in-family,White,Male,United-States,<=50K
44,30126,10,0,0,40,Private,Some-college,Divorced,Adm-clerical,Unmarried,White,Female,United-States,<=50K
31,173858,15,0,0,40,Private,Prof-school,Married-civ-spouse,Tech-support,Husband,Asian-Pac-Islander,Male,India,<=50K
55,173093,10,0,0,40,Private,Some-college,Divorced,Adm-clerical,Not-in-family,Asian-Pac-Islander,Female,United-States,<=50K
26,167761,13,0,0,50,Private,Bachelors,Married-civ-spouse,Prof-specialty,Husband,White,Male,United-States,>50K
78,136198,13,0,0,15,Local-gov,Bachelors,Married-civ-spouse,Exec-managerial,Husband,White,Male,United-States,<=50K
20,462294,10,0,0,40,Never-worked,Some-college,Never-married,MISSING,Own-child,Black,Male,United-States,<=50K
27,66824,13,3325,0,43,Local-gov,Bachelors,Never-married,Prof-specialty,Not-in-family,Amer-Indian-Eskimo,Female,United-States,<=50K
21,108670,9,0,0,40,Private,HS-grad,Never-married,Prof-specialty,Not-in-family,White,Female,United-States,<=50K
65,338316,10,0,0,40,Self-emp-inc,Some-college,Married-civ-spouse,Sales,Husband,White,Male,United-States,<=50K
40,226585,10,0,0,35,Private,Some-college,Married-civ-spouse,Adm-clerical,Wife,White,Female,United-States,>50K
24,329408,7,0,0,40,Private,11th,Never-married,Handlers-cleaners,Not-in-family,White,Male,United-States,<=50K
37,162494,13,0,0,40,Private,Bachelors,Never-married,Adm-clerical,Not-in-family,White,Female,United-States,<=50K
24,29810,9,0,0,38,Private,HS-grad,Divorced,Sales,Not-in-family,White,Female,United-States,<=50K
27,132326,10,0,0,40,Private,Some-college,Married-civ-spouse,Craft-repair,Husband,White,Male,United-States,<=50K
21,185251,9,0,0,40,Private,HS-grad,Never-married,Sales,Own-child,White,Male,United-States,<=50K
39,222572,14,0,0,43,Local-gov,Masters,Never-married,Prof-specialty,Unmarried,White,Female,United-States,<=50K
42,117583,16,8614,0,60,State-gov,Doctorate,Divorced,Prof-specialty,Not-in-family,White,Female,United-States,>50K
25,106377,10,0,0,40,Private,Some-college,Never-married,Adm-clerical,Own-child,White,Male,United-States,<=50K
45,273194,9,3137,0,35,Private,HS-grad,Married-civ-spouse,Machine-op-inspct,Husband,Black,Male,United-States,<=50K
62,223447,8,0,0,40,MISSING,12th,Divorced,MISSING,Not-in-family,White,Male,Canada,<=50K
19,284652,10,0,0,15,Private,Some-college,Never-married,Adm-clerical,Own-child,White,Female,United-States,<=50K
37,189878,15,0,0,50,Private,Prof-school,Married-civ-spouse,Prof-specialty,Husband,White,Male,United-States,>50K
47,180277,9,0,0,40,Private,HS-grad,Married-civ-spouse,Adm-clerical,Wife,White,Female,Hungary,<=50K
43,96102,10,0,1887,40,Local-gov,Some-college,Married-civ-spouse,Protective-serv,Husband,White,Male,United-States,>50K
27,169815,13,0,0,40,Private,Bachelors,Never-married,Sales,Own-child,White,Male,United-States,<=50K
26,160300,9,0,0,40,Private,HS-grad,Never-married,Machine-op-inspct,Own-child,White,Male,United-States,<=50K
36,306646,13,0,0,55,Private,Bachelors,Married-civ-spouse,Exec-managerial,Husband,White,Male,United-States,>50K
42,22831,9,0,0,40,Private,HS-grad,Never-married,Other-service,Not-in-family,White,Female,United-States,<=50K
37,80638,13,0,0,30,Private,Bachelors,Married-civ-spouse,Other-service,Husband,Asian-Pac-Islander,Male,China,<=50K
30,258170,9,0,0,40,Private,HS-grad,Divorced,Adm-clerical,Not-in-family,White,Female,United-States,<=50K
38,43712,13,7298,0,60,Private,Bachelors,Married-civ-spouse,Prof-specialty,Husband,White,Male,United-States,>50K
19,342384,7,0,2129,55,Self-emp-not-inc,11th,Married-civ-spouse,Craft-repair,Own-child,White,Male,United-States,<=50K
52,165278,11,0,0,40,Self-emp-not-inc,Assoc-voc,Married-civ-spouse,Exec-managerial,Husband,White,Male,United-States,<=50K
39,183620,10,0,0,40,Local-gov,Some-college,Never-married,Protective-serv,Not-in-family,Black,Female,United-States,>50K
49,94606,16,0,0,60,Self-emp-inc,Doctorate,Married-civ-spouse,Prof-specialty,Husband,Black,Male,United-States,>50K
30,292472,10,0,0,55,Self-emp-not-inc,Some-college,Married-civ-spouse,Sales,Husband,Amer-Indian-Eskimo,Male,United-States,>50K
25,363707,9,0,0,40,Private,HS-grad,Married-civ-spouse,Handlers-cleaners,Husband,White,Male,United-States,<=50K
58,33350,9,0,0,35,Private,HS-grad,Divorced,Other-service,Unmarried,White,Female,United-States,<=50K
35,204277,13,0,0,40,Local-gov,Bachelors,Married-civ-spouse,Prof-specialty,Husband,White,Male,United-States,<=50K
39,367260,9,0,0,80,Private,HS-grad,Divorced,Exec-managerial,Not-in-family,White,Male,United-States,<=50K
51,200576,13,0,0,40,Private,Bachelors,Divorced,Adm-clerical,Not-in-family,White,Female,United-States,<=50K
35,278403,15,0,0,80,Private,Prof-school,Married-civ-spouse,Prof-specialty,Husband,White,Male,United-States,>50K
22,459463,8,0,0,50,Private,12th,Married-spouse-absent,Other-service,Unmarried,Black,Female,United-States,<=50K
28,222442,9,0,0,51,Private,HS-grad,Married-civ-spouse,Sales,Husband,White,Male,Cuba,<=50K
19,188864,9,0,0,20,Private,HS-grad,Never-married,Sales,Unmarried,Black,Female,United-States,<=50K
27,194472,9,0,0,60,Private,HS-grad,Never-married,Priv-house-serv,Not-in-family,White,Female,United-States,<=50K
48,245948,9,2174,0,40,Private,HS-grad,Never-married,Machine-op-inspct,Not-in-family,Black,Female,United-States,<=50K
45,187581,11,0,0,40,State-gov,Assoc-voc,Married-civ-spouse,Protective-serv,Husband,White,Male,United-States,<=50K
55,32365,13,0,0,45,Private,Bachelors,Married-civ-spouse,Exec-managerial,Husband,White,Male,United-States,>50K
26,172063,10,0,0,24,Private,Some-college,Never-married,Sales,Own-child,White,Female,United-States,<=50K
22,138542,10,0,0,35,Private,Some-college,Married-civ-spouse,Handlers-cleaners,Husband,White,Male,United-States,<=50K
29,40083,16,0,0,40,Private,Doctorate,Never-married,Prof-specialty,Not-in-family,White,Male,Canada,<=50K
45,156117,11,0,0,32,Private,Assoc-voc,Divorced,Prof-specialty,Not-in-family,White,Female,United-States,<=50K
90,115306,14,0,0,40,Private,Masters,Never-married,Exec-managerial,Own-child,White,Female,United-States,<=50K
60,130684,10,0,0,55,Private,Some-college,Married-civ-spouse,Craft-repair,Husband,White,Male,United-States,<=50K
22,200318,12,0,0,15,Private,Assoc-acdm,Never-married,Adm-clerical,Not-in-family,White,Female,United-States,<=50K
22,203182,13,0,0,20,Private,Bachelors,Never-married,Exec-managerial,Other-relative,White,Female,United-States,<=50K
59,409842,14,0,0,20,MISSING,Masters,Married-civ-spouse,MISSING,Husband,White,Male,United-States,<=50K
59,286967,9,0,0,45,Local-gov,HS-grad,Married-civ-spouse,Transport-moving,Husband,White,Male,United-States,<=50K
35,331831,13,0,0,40,Private,Bachelors,Married-civ-spouse,Sales,Husband,White,Male,United-States,<=50K
28,106951,9,0,0,42,Private,HS-grad,Never-married,Handlers-cleaners,Not-in-family,White,Male,United-States,<=50K
24,163595,9,0,0,40,Private,HS-grad,Never-married,Machine-op-inspct,Own-child,White,Male,United-States,<=50K
49,34998,10,0,0,60,Self-emp-inc,Some-college,Married-civ-spouse,Farming-fishing,Husband,White,Male,United-States,<=50K
23,133985,6,0,0,40,Private,10th,Never-married,Craft-repair,Own-child,Black,Female,United-States,<=50K
35,342824,9,1151,0,40,Private,HS-grad,Never-married,Tech-support,Not-in-family,White,Female,United-States,<=50K
40,133974,10,0,0,40,Private,Some-college,Divorced,Machine-op-inspct,Own-child,White,Male,United-States,<=50K
19,248339,9,0,0,35,Private,HS-grad,Never-married,Craft-repair,Own-child,White,Male,United-States,<=50K
36,20507,9,7688,0,50,Private,HS-grad,Married-civ-spouse,Craft-repair,Husband,White,Male,United-States,>50K
59,168569,15,0,0,50,Private,Prof-school,Never-married,Prof-specialty,Not-in-family,White,Male,United-States,<=50K
45,149865,13,0,0,60,Self-emp-inc,Bachelors,Married-civ-spouse,Machine-op-inspct,Husband,White,Male,United-States,>50K
41,445382,14,0,1977,65,Private,Masters,Married-civ-spouse,Exec-managerial,Husband,White,Male,United-States,>50K
55,325007,12,0,0,25,Private,Assoc-acdm,Married-civ-spouse,Tech-support,Husband,White,Male,United-States,<=50K
36,214604,13,0,0,42,Private,Bachelors,Married-civ-spouse,Sales,Husband,White,Male,United-States,>50K
45,174794,13,0,0,56,Private,Bachelors,Separated,Prof-specialty,Unmarried,White,Female,Germany,<=50K
72,497280,5,0,0,20,Private,9th,Widowed,Other-service,Unmarried,Black,Female,United-States,<=50K
22,199011,9,0,0,20,Self-emp-not-inc,HS-grad,Never-married,Craft-repair,Other-relative,White,Male,United-States,<=50K
27,153546,11,0,0,36,Self-emp-inc,Assoc-voc,Married-civ-spouse,Other-service,Wife,White,Female,United-States,>50K
56,205735,2,0,0,40,Private,1st-4th,Separated,Machine-op-inspct,Unmarried,White,Male,United-States,<=50K
58,49893,10,0,0,45,Private,Some-college,Married-civ-spouse,Sales,Husband,White,Male,United-States,<=50K
35,187711,9,0,0,40,Private,HS-grad,Never-married,Machine-op-inspct,Not-in-family,White,Male,United-States,<=50K
36,398931,13,0,1485,50,Private,Bachelors,Married-civ-spouse,Prof-specialty,Husband,White,Male,United-States,>50K
47,185465,9,0,0,40,Private,HS-grad,Married-civ-spouse,Craft-repair,Husband,Black,Male,United-States,<=50K
25,456604,7,0,0,40,Private,11th,Married-civ-spouse,Machine-op-inspct,Husband,White,Male,United-States,<=50K
30,121308,10,0,0,40,Private,Some-college,Divorced,Sales,Own-child,White,Male,United-States,<=50K
48,237525,13,7688,0,65,Private,Bachelors,Married-civ-spouse,Exec-managerial,Husband,White,Male,United-States,>50K
37,221850,14,0,0,50,Private,Masters,Married-civ-spouse,Exec-managerial,Husband,White,Male,Ecuador,>50K
37,167613,9,0,0,40,Private,HS-grad,Married-civ-spouse,Other-service,Husband,White,Male,United-States,<=50K
33,240763,10,0,0,40,Private,Some-college,Married-civ-spouse,Machine-op-inspct,Husband,Black,Male,United-States,<=50K
26,224426,14,0,0,38,Private,Masters,Never-married,Exec-managerial,Own-child,White,Male,United-States,<=50K
46,285750,9,4064,0,55,Private,HS-grad,Married-civ-spouse,Farming-fishing,Husband,White,Male,United-States,<=50K
43,218558,9,0,0,40,MISSING,HS-grad,Married-civ-spouse,MISSING,Husband,White,Male,United-States,<=50K
45,120131,4,0,0,52,Self-emp-inc,7th-8th,Married-civ-spouse,Exec-managerial,Husband,White,Male,MISSING,<=50K
20,107658,10,0,0,10,Private,Some-college,Never-married,Tech-support,Not-in-family,White,Female,United-States,<=50K
57,24127,13,0,0,8,MISSING,Bachelors,Married-civ-spouse,MISSING,Husband,White,Male,United-States,<=50K
28,185957,9,0,0,40,Private,HS-grad,Married-civ-spouse,Adm-clerical,Wife,White,Female,United-States,<=50K
38,165799,10,0,0,12,Local-gov,Some-college,Never-married,Other-service,Not-in-family,White,Male,United-States,<=50K
62,170984,10,0,0,45,Private,Some-college,Married-civ-spouse,Craft-repair,Husband,White,Male,United-States,<=50K
26,173593,14,0,0,20,Private,Masters,Married-civ-spouse,Machine-op-inspct,Husband,White,Male,Canada,<=50K
20,94057,10,0,0,15,Private,Some-college,Never-married,Other-service,Own-child,White,Male,United-States,<=50K
40,174395,9,0,0,40,Private,HS-grad,Married-civ-spouse,Craft-repair,Husband,White,Male,United-States,<=50K
18,119422,9,0,0,30,Self-emp-inc,HS-grad,Never-married,Other-service,Unmarried,Asian-Pac-Islander,Female,India,<=50K
26,155752,10,0,0,40,Private,Some-college,Married-civ-spouse,Machine-op-inspct,Husband,Black,Male,United-States,<=50K
38,242720,14,0,0,35,Private,Masters,Married-civ-spouse,Prof-specialty,Husband,White,Male,United-States,>50K
31,232475,10,0,0,40,Private,Some-college,Married-civ-spouse,Adm-clerical,Husband,White,Male,United-States,<=50K
52,318351,10,0,0,40,MISSING,Some-college,Married-civ-spouse,MISSING,Wife,White,Female,United-States,>50K
59,316027,9,0,0,45,Private,HS-grad,Married-civ-spouse,Other-service,Husband,White,Male,Cuba,<=50K
67,223257,9,0,0,40,Federal-gov,HS-grad,Widowed,Other-service,Unmarried,White,Male,United-States,<=50K
44,228124,9,0,0,40,Private,HS-grad,Married-spouse-absent,Adm-clerical,Unmarried,Black,Female,United-States,<=50K
23,126346,5,0,0,30,Private,9th,Never-married,Other-service,Unmarried,Black,Female,United-States,<=50K
24,140027,10,0,0,45,Private,Some-college,Never-married,Machine-op-inspct,Own-child,Black,Female,United-States,<=50K
26,190762,10,0,0,18,Private,Some-college,Married-civ-spouse,Sales,Husband,White,Male,United-States,<=50K
38,160035,9,0,0,55,Private,HS-grad,Married-civ-spouse,Craft-repair,Husband,White,Male,United-States,<=50K
33,127894,15,0,0,60,Self-emp-not-inc,Prof-school,Married-civ-spouse,Prof-specialty,Husband,White,Male,United-States,>50K
22,117210,10,0,0,25,Private,Some-college,Never-married,Adm-clerical,Own-child,White,Male,Greece,<=50K
41,47902,13,0,0,50,State-gov,Bachelors,Married-civ-spouse,Adm-clerical,Husband,White,Male,United-States,>50K
32,211751,11,0,0,40,Private,Assoc-voc,Divorced,Other-service,Unmarried,Black,Female,United-States,<=50K
32,169973,14,0,0,38,State-gov,Masters,Never-married,Adm-clerical,Not-in-family,White,Female,United-States,<=50K
37,251396,12,0,0,45,Local-gov,Assoc-acdm,Married-civ-spouse,Prof-specialty,Husband,White,Male,Canada,>50K
77,232894,5,0,0,40,MISSING,9th,Married-civ-spouse,MISSING,Husband,Black,Male,United-States,<=50K
32,330715,10,0,0,40,Private,Some-college,Married-civ-spouse,Craft-repair,Husband,White,Male,United-States,<=50K
47,304857,14,27828,0,40,Private,Masters,Separated,Tech-support,Not-in-family,White,Male,United-States,>50K
30,53285,9,0,0,52,Private,HS-grad,Married-civ-spouse,Sales,Husband,White,Male,United-States,>50K
49,261688,9,5013,0,60,Private,HS-grad,Married-civ-spouse,Craft-repair,Husband,White,Male,United-States,<=50K
29,82242,15,27828,0,45,Private,Prof-school,Never-married,Prof-specialty,Unmarried,White,Male,Germany,>50K
44,267717,14,0,0,42,Private,Masters,Married-civ-spouse,Prof-specialty,Husband,White,Male,United-States,>50K
61,202106,9,0,1902,40,MISSING,HS-grad,Married-civ-spouse,MISSING,Husband,White,Male,United-States,>50K
60,146674,6,0,0,40,Private,10th,Married-civ-spouse,Handlers-cleaners,Husband,Black,Male,United-States,<=50K
53,122109,9,0,1876,38,Private,HS-grad,Separated,Adm-clerical,Unmarried,White,Female,United-States,<=50K
21,140012,10,0,0,20,MISSING,Some-college,Never-married,MISSING,Own-child,White,Male,United-States,<=50K
51,122288,10,0,0,36,Private,Some-college,Widowed,Machine-op-inspct,Unmarried,White,Female,United-States,<=50K
41,252058,13,0,0,40,Private,Bachelors,Never-married,Adm-clerical,Not-in-family,White,Male,United-States,<=50K
43,304175,14,0,0,50,Private,Masters,Married-civ-spouse,Prof-specialty,Husband,White,Male,United-States,>50K
56,77415,7,0,0,50,Private,11th,Married-civ-spouse,Farming-fishing,Husband,White,Male,United-States,<=50K
51,196501,13,14084,0,50,Private,Bachelors,Divorced,Exec-managerial,Not-in-family,White,Male,United-States,>50K
31,149726,9,0,0,50,Self-emp-inc,HS-grad,Married-civ-spouse,Craft-repair,Husband,White,Male,United-States,<=50K
66,261062,14,0,0,40,Local-gov,Masters,Widowed,Prof-specialty,Not-in-family,White,Female,United-States,<=50K
23,167868,11,0,0,40,Private,Assoc-voc,Never-married,Adm-clerical,Not-in-family,White,Female,United-States,<=50K
50,162327,13,0,1902,50,Private,Bachelors,Married-civ-spouse,Adm-clerical,Husband,White,Male,MISSING,>50K
38,183800,12,0,0,40,Private,Assoc-acdm,Married-civ-spouse,Adm-clerical,Husband,White,Male,United-States,<=50K
35,98389,7,0,0,40,Private,11th,Married-civ-spouse,Farming-fishing,Husband,White,Male,United-States,<=50K
51,168539,12,0,0,40,Self-emp-not-inc,Assoc-acdm,Married-civ-spouse,Exec-managerial,Husband,White,Male,United-States,<=50K
20,231286,10,0,0,15,Private,Some-college,Never-married,Handlers-cleaners,Not-in-family,Black,Male,United-States,<=50K
30,177304,9,0,0,40,Private,HS-grad,Married-civ-spouse,Tech-support,Husband,White,Male,United-States,>50K
36,272944,9,0,0,45,Private,HS-grad,Never-married,Transport-moving,Not-in-family,White,Male,United-States,<=50K
49,185859,9,0,0,43,Private,HS-grad,Married-civ-spouse,Craft-repair,Husband,White,Male,United-States,<=50K
39,198841,14,7688,0,45,Private,Masters,Married-civ-spouse,Prof-specialty,Husband,White,Male,United-States,>50K
39,294183,9,0,0,40,Private,HS-grad,Divorced,Exec-managerial,Unmarried,White,Female,United-States,<=50K
30,35724,15,0,0,45,Private,Prof-school,Married-civ-spouse,Prof-specialty,Wife,White,Female,United-States,>50K
32,107218,13,0,0,40,Private,Bachelors,Never-married,Adm-clerical,Not-in-family,Asian-Pac-Islander,Male,United-States,<=50K
24,33432,12,0,0,40,Local-gov,Assoc-acdm,Married-civ-spouse,Other-service,Wife,White,Female,United-States,<=50K
28,33662,14,7298,0,40,Local-gov,Masters,Married-civ-spouse,Prof-specialty,Wife,White,Female,United-States,>50K
65,273569,9,0,0,40,MISSING,HS-grad,Widowed,MISSING,Unmarried,White,Male,United-States,<=50K
56,132026,13,7688,0,45,Private,Bachelors,Married-civ-spouse,Sales,Husband,Black,Male,United-States,>50K
35,186183,9,15024,0,80,Private,HS-grad,Married-civ-spouse,Transport-moving,Husband,White,Male,United-States,>50K
27,211570,7,0,0,40,Private,11th,Never-married,Handlers-cleaners,Other-relative,Black,Male,United-States,<=50K
30,257849,4,0,0,48,Private,7th-8th,Married-civ-spouse,Craft-repair,Husband,White,Male,United-States,<=50K
34,434292,9,0,0,30,Private,HS-grad,Married-civ-spouse,Other-service,Husband,Black,Male,United-States,<=50K
24,321666,12,0,0,20,Private,Assoc-acdm,Never-married,Machine-op-inspct,Own-child,White,Male,United-States,<=50K
39,200153,13,0,0,40,Private,Bachelors,Divorced,Adm-clerical,Not-in-family,White,Male,United-States,<=50K
21,77665,10,0,0,35,MISSING,Some-college,Never-married,MISSING,Own-child,White,Male,United-States,<=50K
28,198197,13,0,0,55,Private,Bachelors,Never-married,Prof-specialty,Not-in-family,White,Male,United-States,>50K
25,176836,10,0,0,60,Private,Some-college,Never-married,Exec-managerial,Not-in-family,White,Female,United-States,<=50K
40,24763,10,6849,0,40,Local-gov,Some-college,Divorced,Transport-moving,Unmarried,White,Male,United-States,<=50K
64,30664,11,0,0,30,Self-emp-not-inc,Assoc-voc,Married-civ-spouse,Farming-fishing,Husband,White,Male,United-States,<=50K
26,144483,11,594,0,35,Private,Assoc-voc,Divorced,Sales,Own-child,White,Female,United-States,<=50K
41,124639,10,0,0,40,Private,Some-college,Separated,Craft-repair,Not-in-family,Black,Male,United-States,<=50K
45,153141,9,0,0,40,Private,HS-grad,Married-civ-spouse,Adm-clerical,Husband,White,Male,MISSING,<=50K
62,151369,9,0,0,40,Local-gov,HS-grad,Never-married,Craft-repair,Not-in-family,White,Male,United-States,<=50K
20,323573,9,0,0,20,Private,HS-grad,Never-married,Other-service,Own-child,White,Female,United-States,<=50K
17,52486,7,0,0,12,Private,11th,Never-married,Other-service,Own-child,White,Female,United-States,<=50K
60,193038,10,0,0,15,Self-emp-not-inc,Some-college,Married-civ-spouse,Farming-fishing,Husband,White,Male,United-States,<=50K
25,49092,13,0,0,40,Private,Bachelors,Never-married,Other-service,Own-child,White,Male,United-States,<=50K
60,139391,9,0,0,42,MISSING,HS-grad,Married-civ-spouse,MISSING,Husband,White,Male,United-States,<=50K
34,42900,13,0,0,50,Private,Bachelors,Married-civ-spouse,Exec-managerial,Husband,White,Male,United-States,>50K
25,185287,10,0,0,40,Private,Some-college,Never-married,Adm-clerical,Not-in-family,White,Male,United-States,<=50K
51,521665,10,0,0,24,MISSING,Some-college,Married-civ-spouse,MISSING,Husband,White,Male,United-States,<=50K
46,456062,16,0,2415,55,Private,Doctorate,Married-civ-spouse,Prof-specialty,Husband,White,Male,United-States,>50K
31,170430,15,0,0,80,Private,Prof-school,Never-married,Prof-specialty,Not-in-family,White,Female,MISSING,<=50K
69,159191,10,0,810,38,State-gov,Some-college,Widowed,Adm-clerical,Not-in-family,White,Female,United-States,<=50K
25,152046,13,0,0,40,Private,Bachelors,Never-married,Prof-specialty,Own-child,White,Female,Guatemala,<=50K
32,175856,10,0,0,40,Private,Some-college,Married-civ-spouse,Sales,Husband,White,Male,United-States,<=50K
46,330087,13,0,0,55,Private,Bachelors,Married-civ-spouse,Exec-managerial,Husband,White,Male,United-States,>50K
21,314645,10,0,0,43,MISSING,Some-college,Never-married,MISSING,Not-in-family,White,Female,United-States,<=50K
60,132529,9,0,0,40,Private,HS-grad,Married-civ-spouse,Craft-repair,Husband,White,Male,United-States,<=50K
38,307404,10,0,0,40,Federal-gov,Some-college,Divorced,Adm-clerical,Unmarried,White,Female,United-States,<=50K
42,175526,9,0,0,40,Private,HS-grad,Married-civ-spouse,Machine-op-inspct,Husband,White,Male,United-States,<=50K
32,364657,10,0,0,50,Private,Some-college,Married-civ-spouse,Exec-managerial,Husband,White,Male,United-States,<=50K
39,89419,11,0,0,40,Private,Assoc-voc,Divorced,Other-service,Not-in-family,Amer-Indian-Eskimo,Female,Columbia,<=50K
44,78374,14,0,0,40,Self-emp-inc,Masters,Divorced,Exec-managerial,Unmarried,Asian-Pac-Islander,Female,United-States,<=50K
22,152744,10,0,0,40,Private,Some-college,Never-married,Other-service,Not-in-family,Asian-Pac-Islander,Female,Philippines,<=50K
56,146660,9,0,0,60,Private,HS-grad,Married-civ-spouse,Craft-repair,Husband,White,Male,United-States,<=50K
41,170230,13,0,0,45,Private,Bachelors,Divorced,Exec-managerial,Unmarried,White,Female,United-States,<=50K
33,123424,13,0,0,40,Self-emp-not-inc,Bachelors,Married-civ-spouse,Exec-managerial,Husband,White,Male,United-States,>50K
36,214816,9,0,0,40,Private,HS-grad,Never-married,Craft-repair,Not-in-family,White,Female,United-States,<=50K
31,231569,13,0,0,50,Private,Bachelors,Never-married,Sales,Not-in-family,Black,Female,United-States,<=50K
46,162852,9,0,0,40,State-gov,HS-grad,Divorced,Adm-clerical,Unmarried,White,Female,United-States,<=50K
25,189656,13,0,0,60,Private,Bachelors,Never-married,Tech-support,Not-in-family,White,Male,United-States,>50K
46,233555,9,0,0,40,Federal-gov,HS-grad,Divorced,Adm-clerical,Unmarried,Black,Female,MISSING,<=50K
63,346975,13,7688,0,36,Private,Bachelors,Married-civ-spouse,Prof-specialty,Wife,White,Female,United-States,>50K
31,130021,9,0,0,45,Private,HS-grad,Married-civ-spouse,Machine-op-inspct,Husband,White,Male,United-States,<=50K
76,93125,9,1424,0,24,Private,HS-grad,Married-civ-spouse,Sales,Husband,White,Male,United-States,<=50K
35,183892,6,0,0,40,Private,10th,Married-civ-spouse,Craft-repair,Husband,White,Male,United-States,<=50K
42,108183,14,0,1902,40,Federal-gov,Masters,Married-civ-spouse,Prof-specialty,Husband,Asian-Pac-Islander,Male,South,>50K
65,31740,10,0,0,45,Self-emp-not-inc,Some-college,Widowed,Exec-managerial,Unmarried,White,Female,United-States,<=50K
23,140764,11,0,0,15,Private,Assoc-voc,Never-married,Other-service,Own-child,White,Female,United-States,<=50K
28,180271,13,0,0,65,Local-gov,Bachelors,Married-civ-spouse,Handlers-cleaners,Husband,White,Male,United-States,>50K
31,340939,13,0,0,40,Self-emp-not-inc,Bachelors,Never-married,Tech-support,Not-in-family,White,Male,United-States,<=50K
37,257588,9,0,0,40,Local-gov,HS-grad,Divorced,Adm-clerical,Unmarried,White,Female,United-States,<=50K
29,134566,14,0,0,20,Private,Masters,Married-civ-spouse,Sales,Husband,White,Male,United-States,<=50K
36,138940,9,0,0,70,Self-emp-not-inc,HS-grad,Married-civ-spouse,Farming-fishing,Husband,White,Male,United-States,<=50K
51,201127,9,0,0,45,Private,HS-grad,Divorced,Sales,Not-in-family,White,Male,United-States,<=50K
54,186117,13,0,0,45,Private,Bachelors,Married-civ-spouse,Craft-repair,Husband,White,Male,United-States,>50K
56,67662,14,0,0,39,State-gov,Masters,Divorced,Prof-specialty,Not-in-family,White,Female,United-States,<=50K
40,409922,10,7298,0,40,Private,Some-college,Married-civ-spouse,Prof-specialty,Husband,White,Male,United-States,>50K
21,164991,9,0,0,38,Private,HS-grad,Divorced,Sales,Unmarried,Amer-Indian-Eskimo,Female,United-States,<=50K
17,126779,7,0,0,20,Private,11th,Never-married,Other-service,Own-child,Black,Male,United-States,<=50K
40,242082,13,0,0,45,Self-emp-not-inc,Bachelors,Married-civ-spouse,Prof-specialty,Husband,White,Male,United-States,>50K
27,37250,10,0,1651,40,Private,Some-college,Married-civ-spouse,Machine-op-inspct,Husband,White,Male,United-States,<=50K
37,26898,9,0,0,12,Private,HS-grad,Divorced,Exec-managerial,Unmarried,White,Female,United-States,<=50K
22,112847,9,0,0,40,Private,HS-grad,Never-married,Adm-clerical,Own-child,Asian-Pac-Islander,Male,United-States,<=50K
41,187821,9,2885,0,40,Private,HS-grad,Married-civ-spouse,Machine-op-inspct,Husband,White,Male,United-States,<=50K
55,185459,14,0,0,50,Private,Masters,Married-civ-spouse,Sales,Husband,White,Male,United-States,>50K
43,55395,10,0,0,40,Private,Some-college,Married-civ-spouse,Craft-repair,Husband,White,Male,United-States,<=50K
23,377121,10,0,0,25,Private,Some-college,Never-married,Other-service,Unmarried,White,Female,United-States,<=50K
42,201723,9,0,0,40,Private,HS-grad,Divorced,Adm-clerical,Unmarried,White,Male,United-States,<=50K
27,188576,13,0,0,40,Private,Bachelors,Separated,Prof-specialty,Not-in-family,Asian-Pac-Islander,Male,Philippines,>50K
51,249741,10,0,0,40,Private,Some-college,Married-civ-spouse,Sales,Husband,White,Male,United-States,<=50K
61,92178,7,0,0,40,Self-emp-not-inc,11th,Married-civ-spouse,Other-service,Husband,White,Male,United-States,<=50K
41,150533,9,2829,0,40,Private,HS-grad,Married-civ-spouse,Sales,Husband,White,Male,United-States,<=50K
18,92112,9,0,0,30,Private,HS-grad,Never-married,Other-service,Own-child,White,Female,United-States,<=50K
81,120478,11,0,0,1,MISSING,Assoc-voc,Divorced,MISSING,Unmarried,White,Female,MISSING,<=50K
61,221447,9,0,0,40,Private,HS-grad,Never-married,Machine-op-inspct,Not-in-family,Black,Female,United-States,<=50K
44,192976,9,0,0,40,Private,HS-grad,Married-civ-spouse,Transport-moving,Husband,Amer-Indian-Eskimo,Male,United-States,<=50K
29,57889,13,0,0,45,Private,Bachelors,Married-civ-spouse,Sales,Husband,White,Male,United-States,>50K
20,344394,10,0,0,30,Private,Some-college,Never-married,Other-service,Not-in-family,White,Female,United-States,<=50K
46,63299,9,0,0,50,Private,HS-grad,Married-civ-spouse,Other-service,Husband,White,Male,United-States,<=50K
37,191137,12,0,0,25,Private,Assoc-acdm,Divorced,Prof-specialty,Unmarried,White,Male,United-States,<=50K
40,167265,14,0,0,43,Private,Masters,Divorced,Prof-specialty,Not-in-family,White,Male,United-States,<=50K
20,232577,10,0,0,40,Private,Some-college,Never-married,Other-service,Unmarried,White,Female,United-States,<=50K
51,144084,9,0,0,40,Private,HS-grad,Never-married,Machine-op-inspct,Own-child,White,Female,United-States,<=50K
47,248145,3,0,0,50,Self-emp-inc,5th-6th,Married-civ-spouse,Transport-moving,Husband,White,Male,Cuba,<=50K
23,109952,10,0,0,60,Private,Some-college,Married-civ-spouse,Craft-repair,Husband,White,Male,United-States,<=50K
41,152742,11,3325,0,40,Private,Assoc-voc,Divorced,Tech-support,Not-in-family,White,Female,United-States,<=50K
34,226443,15,0,0,55,Private,Prof-school,Married-civ-spouse,Prof-specialty,Husband,White,Male,United-States,>50K
31,199883,8,0,0,40,Private,12th,Divorced,Transport-moving,Own-child,White,Male,United-States,<=50K
45,182313,13,7688,0,50,Private,Bachelors,Married-civ-spouse,Exec-managerial,Husband,White,Male,United-States,>50K
20,286166,9,0,0,48,Private,HS-grad,Never-married,Sales,Not-in-family,White,Male,United-States,<=50K
21,212407,9,0,0,40,Private,HS-grad,Never-married,Machine-op-inspct,Other-relative,White,Male,United-States,<=50K
30,36069,12,0,0,40,Private,Assoc-acdm,Married-civ-spouse,Sales,Husband,White,Male,United-States,<=50K
35,298635,13,0,0,50,Private,Bachelors,Never-married,Sales,Not-in-family,Asian-Pac-Islander,Male,United-States,<=50K
33,419895,3,0,0,40,Private,5th-6th,Divorced,Handlers-cleaners,Unmarried,White,Male,Mexico,<=50K
33,162572,13,99999,0,40,Private,Bachelors,Married-civ-spouse,Prof-specialty,Husband,White,Male,United-States,>50K
48,121622,14,0,1380,40,Local-gov,Masters,Never-married,Prof-specialty,Unmarried,White,Female,United-States,<=50K
34,287908,9,0,0,42,State-gov,HS-grad,Never-married,Other-service,Own-child,Black,Male,United-States,<=50K
26,153078,9,0,0,80,Private,HS-grad,Never-married,Adm-clerical,Own-child,Asian-Pac-Islander,Male,MISSING,>50K
34,265706,14,0,0,60,Private,Masters,Never-married,Sales,Unmarried,White,Male,United-States,>50K
41,29762,10,0,0,60,Private,Some-college,Married-civ-spouse,Craft-repair,Husband,White,Male,United-States,<=50K
49,240869,4,0,0,35,Private,7th-8th,Never-married,Other-service,Other-relative,White,Male,United-States,<=50K
54,282680,13,0,0,50,Private,Bachelors,Never-married,Prof-specialty,Not-in-family,White,Female,United-States,<=50K
41,113823,14,0,0,40,Private,Masters,Married-civ-spouse,Prof-specialty,Husband,White,Male,England,<=50K
45,343377,10,0,0,40,Private,Some-college,Married-civ-spouse,Adm-clerical,Husband,White,Male,United-States,<=50K
60,355865,14,0,0,50,Private,Masters,Married-civ-spouse,Exec-managerial,Husband,White,Male,United-States,>50K
39,175972,10,0,0,15,Private,Some-college,Married-civ-spouse,Other-service,Wife,White,Female,United-States,<=50K
28,60288,9,0,0,40,Private,HS-grad,Never-married,Adm-clerical,Own-child,White,Female,United-States,<=50K
35,184655,7,0,0,50,Private,11th,Divorced,Transport-moving,Not-in-family,White,Male,United-States,<=50K
22,162282,11,0,0,40,Private,Assoc-voc,Never-married,Exec-managerial,Own-child,White,Male,United-States,<=50K
46,148489,9,0,0,40,MISSING,HS-grad,Married-spouse-absent,MISSING,Not-in-family,Asian-Pac-Islander,Male,Philippines,<=50K
55,166502,14,0,0,45,Local-gov,Masters,Never-married,Prof-specialty,Not-in-family,White,Female,United-States,<=50K
44,187164,9,0,0,60,Self-emp-not-inc,HS-grad,Divorced,Transport-moving,Unmarried,White,Male,United-States,<=50K
23,27415,7,0,0,40,MISSING,11th,Never-married,MISSING,Own-child,Amer-Indian-Eskimo,Male,United-States,<=50K
48,176732,5,0,0,40,Private,9th,Divorced,Sales,Not-in-family,White,Female,United-States,<=50K
56,67841,9,0,0,40,Self-emp-not-inc,HS-grad,Married-civ-spouse,Sales,Husband,White,Male,United-States,<=50K
29,207064,9,0,0,40,Private,HS-grad,Married-civ-spouse,Craft-repair,Husband,White,Male,United-States,>50K
49,350759,9,0,0,40,MISSING,HS-grad,Married-civ-spouse,MISSING,Husband,White,Male,United-States,<=50K
34,196791,12,0,0,25,Self-emp-not-inc,Assoc-acdm,Married-civ-spouse,Prof-specialty,Wife,White,Female,United-States,>50K
31,153005,13,0,0,40,Local-gov,Bachelors,Married-civ-spouse,Prof-specialty,Husband,White,Male,United-States,>50K
39,160808,10,0,0,40,Self-emp-not-inc,Some-college,Married-civ-spouse,Other-service,Husband,Black,Male,United-States,<=50K
58,222311,9,7688,0,55,Self-emp-not-inc,HS-grad,Married-civ-spouse,Other-service,Husband,White,Male,United-States,>50K
33,203784,11,0,0,62,Self-emp-not-inc,Assoc-voc,Married-civ-spouse,Farming-fishing,Husband,White,Male,United-States,<=50K
55,24694,10,0,0,40,Private,Some-college,Divorced,Prof-specialty,Not-in-family,White,Female,United-States,<=50K
40,78036,11,0,0,65,Federal-gov,Assoc-voc,Married-civ-spouse,Prof-specialty,Wife,White,Female,United-States,>50K
32,192565,9,0,0,40,Private,HS-grad,Married-civ-spouse,Machine-op-inspct,Husband,White,Male,United-States,<=50K
43,316820,10,0,0,84,Self-emp-not-inc,Some-college,Married-civ-spouse,Farming-fishing,Husband,White,Male,United-States,<=50K
25,155320,13,0,0,45,Private,Bachelors,Never-married,Exec-managerial,Own-child,White,Male,United-States,<=50K
32,175931,9,0,0,40,State-gov,HS-grad,Married-civ-spouse,Protective-serv,Husband,White,Male,United-States,<=50K
59,182460,13,0,0,60,Private,Bachelors,Married-civ-spouse,Exec-managerial,Husband,White,Male,United-States,>50K
59,261232,7,0,0,40,Private,11th,Divorced,Farming-fishing,Not-in-family,White,Male,United-States,<=50K
33,112358,10,0,0,32,Private,Some-college,Never-married,Other-service,Not-in-family,White,Male,United-States,<=50K
32,77634,7,0,0,45,Private,11th,Married-civ-spouse,Adm-clerical,Husband,White,Male,United-States,<=50K
50,196232,9,7688,0,50,Private,HS-grad,Married-civ-spouse,Exec-managerial,Husband,White,Male,United-States,>50K
51,141645,10,0,0,40,Private,Some-college,Separated,Exec-managerial,Not-in-family,Black,Female,United-States,<=50K
61,223133,9,0,0,40,Private,HS-grad,Divorced,Handlers-cleaners,Not-in-family,Black,Female,United-States,<=50K
36,89718,9,0,0,40,Private,HS-grad,Married-civ-spouse,Sales,Husband,White,Male,United-States,<=50K
20,169600,10,2176,0,12,Private,Some-college,Never-married,Prof-specialty,Own-child,White,Female,United-States,<=50K
48,154033,9,0,0,52,Private,HS-grad,Divorced,Sales,Not-in-family,White,Female,United-States,<=50K
37,434097,12,0,0,40,Private,Assoc-acdm,Divorced,Craft-repair,Not-in-family,Black,Male,United-States,<=50K
44,242619,10,0,0,40,Private,Some-college,Married-civ-spouse,Machine-op-inspct,Husband,White,Male,United-States,<=50K
57,84231,10,0,0,48,Self-emp-not-inc,Some-college,Married-civ-spouse,Other-service,Husband,White,Male,United-States,<=50K
18,378707,6,0,0,20,Private,10th,Never-married,Sales,Own-child,White,Female,United-States,<=50K
37,83893,11,0,0,40,Private,Assoc-voc,Married-civ-spouse,Adm-clerical,Husband,White,Male,United-States,<=50K
50,189811,13,0,0,40,Private,Bachelors,Married-civ-spouse,Exec-managerial,Husband,White,Male,United-States,>50K
60,240951,9,0,0,40,Private,HS-grad,Divorced,Adm-clerical,Other-relative,White,Female,United-States,<=50K
42,24364,10,0,0,30,Private,Some-college,Married-civ-spouse,Other-service,Wife,Black,Female,United-States,<=50K
32,90446,6,0,0,40,Private,10th,Married-civ-spouse,Craft-repair,Husband,White,Male,United-States,<=50K
18,130389,7,0,0,20,Private,11th,Never-married,Other-service,Own-child,White,Male,Scotland,<=50K
18,115215,9,0,0,25,Private,HS-grad,Never-married,Other-service,Own-child,White,Male,United-States,<=50K
36,169426,9,7298,0,40,Private,HS-grad,Married-civ-spouse,Machine-op-inspct,Husband,White,Male,United-States,>50K
34,198613,7,0,0,25,Private,11th,Married-civ-spouse,Sales,Husband,White,Male,MISSING,<=50K
67,81413,9,0,0,40,Self-emp-inc,HS-grad,Married-civ-spouse,Transport-moving,Husband,White,Male,United-States,<=50K
23,202344,13,0,0,40,Private,Bachelors,Never-married,Prof-specialty,Own-child,White,Female,United-States,<=50K
34,224358,6,0,0,40,Private,10th,Never-married,Other-service,Unmarried,Black,Female,United-States,<=50K
39,172538,13,0,0,50,Self-emp-inc,Bachelors,Married-civ-spouse,Prof-specialty,Husband,White,Male,United-States,>50K
35,186845,13,5178,0,50,Self-emp-inc,Bachelors,Married-civ-spouse,Sales,Own-child,White,Male,United-States,>50K
19,116562,9,0,0,40,Private,HS-grad,Never-married,Other-service,Own-child,White,Female,United-States,<=50K
48,199763,9,0,0,8,Private,HS-grad,Married-civ-spouse,Prof-specialty,Wife,White,Female,United-States,<=50K
48,148549,13,0,0,40,Local-gov,Bachelors,Married-civ-spouse,Prof-specialty,Husband,White,Male,United-States,<=50K
70,35494,9,0,0,30,Private,HS-grad,Married-civ-spouse,Exec-managerial,Husband,White,Male,United-States,<=50K
43,110355,9,0,0,45,Self-emp-not-inc,HS-grad,Married-civ-spouse,Transport-moving,Husband,White,Male,United-States,<=50K
23,210443,13,0,0,40,Private,Bachelors,Never-married,Prof-specialty,Own-child,White,Female,United-States,<=50K
47,357848,9,0,0,40,Private,HS-grad,Married-civ-spouse,Craft-repair,Husband,White,Male,United-States,>50K
56,179625,6,0,0,32,Private,10th,Separated,Other-service,Unmarried,White,Female,United-States,<=50K
35,82552,9,0,0,35,Private,HS-grad,Never-married,Craft-repair,Unmarried,White,Male,United-States,<=50K
28,142712,10,0,0,70,Self-emp-inc,Some-college,Married-civ-spouse,Exec-managerial,Husband,White,Male,United-States,<=50K
50,283676,10,0,0,40,Private,Some-college,Married-civ-spouse,Craft-repair,Husband,White,Male,United-States,>50K
53,312446,13,0,0,60,Private,Bachelors,Married-civ-spouse,Exec-managerial,Husband,White,Male,United-States,>50K
38,53628,11,0,0,35,Self-emp-not-inc,Assoc-voc,Divorced,Exec-managerial,Unmarried,White,Male,United-States,<=50K
60,212856,14,0,0,40,Local-gov,Masters,Married-civ-spouse,Prof-specialty,Husband,White,Male,MISSING,>50K
21,145651,10,0,1602,12,State-gov,Some-college,Never-married,Sales,Own-child,Black,Female,United-States,<=50K
26,58426,9,0,0,50,Private,HS-grad,Married-civ-spouse,Prof-specialty,Husband,White,Male,United-States,<=50K
21,174714,12,0,0,35,Private,Assoc-acdm,Never-married,Adm-clerical,Own-child,White,Male,United-States,<=50K
19,236879,10,0,0,35,Private,Some-college,Never-married,Exec-managerial,Own-child,White,Female,United-States,<=50K
36,393673,12,0,0,50,Private,Assoc-acdm,Married-civ-spouse,Exec-managerial,Wife,White,Female,United-States,>50K
41,238184,9,0,0,40,Self-emp-not-inc,HS-grad,Married-civ-spouse,Farming-fishing,Wife,White,Female,United-States,<=50K
22,219941,10,0,0,40,MISSING,Some-college,Never-married,MISSING,Own-child,Black,Male,United-States,<=50K
55,145214,10,4650,0,20,Private,Some-college,Divorced,Adm-clerical,Unmarried,White,Female,United-States,<=50K
39,237532,9,0,0,54,Self-emp-not-inc,HS-grad,Married-civ-spouse,Sales,Wife,Black,Female,Dominican-Republic,>50K
21,75763,10,0,0,40,Private,Some-college,Married-civ-spouse,Sales,Wife,Amer-Indian-Eskimo,Female,United-States,<=50K
39,98941,13,0,0,40,Private,Bachelors,Never-married,Prof-specialty,Not-in-family,White,Male,United-States,>50K
32,151773,10,0,0,45,Private,Some-college,Married-civ-spouse,Craft-repair,Husband,White,Male,United-States,<=50K
30,293936,9,0,0,50,Private,HS-grad,Never-married,Other-service,Not-in-family,White,Male,MISSING,<=50K
64,180624,12,0,0,30,Private,Assoc-acdm,Never-married,Prof-specialty,Other-relative,White,Female,United-States,<=50K
73,233882,9,0,2457,40,Self-emp-not-inc,HS-grad,Married-civ-spouse,Farming-fishing,Husband,Asian-Pac-Islander,Male,Vietnam,<=50K
54,137678,10,0,0,40,Local-gov,Some-college,Divorced,Adm-clerical,Unmarried,White,Female,United-States,<=50K
37,327120,10,0,0,30,Local-gov,Some-college,Married-civ-spouse,Transport-moving,Husband,White,Male,United-States,<=50K
18,36348,10,0,0,48,MISSING,Some-college,Never-married,MISSING,Own-child,White,Male,United-States,<=50K
51,159755,11,0,0,38,Self-emp-not-inc,Assoc-voc,Married-civ-spouse,Tech-support,Husband,White,Male,United-States,>50K
30,246439,10,0,0,40,Private,Some-college,Divorced,Adm-clerical,Unmarried,White,Male,United-States,<=50K
30,340917,9,0,0,40,Private,HS-grad,Never-married,Craft-repair,Not-in-family,White,Male,United-States,<=50K
50,228057,9,0,0,40,Private,HS-grad,Married-civ-spouse,Transport-moving,Husband,White,Male,United-States,<=50K
43,313022,9,4386,0,40,Private,HS-grad,Married-civ-spouse,Machine-op-inspct,Husband,Black,Male,United-States,>50K
25,251854,7,0,0,40,Private,11th,Never-married,Adm-clerical,Own-child,Black,Female,United-States,<=50K
38,192939,9,0,0,40,Private,HS-grad,Divorced,Craft-repair,Unmarried,White,Male,United-States,<=50K
22,34029,13,0,0,20,Local-gov,Bachelors,Never-married,Prof-specialty,Own-child,White,Female,United-States,<=50K
29,228075,9,0,0,35,Private,HS-grad,Never-married,Adm-clerical,Unmarried,White,Male,Mexico,<=50K
42,190767,11,0,0,40,Private,Assoc-voc,Divorced,Tech-support,Unmarried,White,Female,United-States,<=50K
27,133359,13,0,0,50,MISSING,Bachelors,Married-spouse-absent,MISSING,Not-in-family,White,Male,MISSING,<=50K
47,102771,4,0,0,40,Private,7th-8th,Married-civ-spouse,Handlers-cleaners,Husband,White,Male,Portugal,<=50K
44,144125,13,0,0,40,State-gov,Bachelors,Divorced,Prof-specialty,Not-in-family,White,Female,United-States,<=50K
33,203488,10,0,0,40,Private,Some-college,Divorced,Sales,Not-in-family,White,Male,United-States,<=50K
47,168232,13,7298,0,40,Private,Bachelors,Married-civ-spouse,Adm-clerical,Husband,White,Male,United-States,>50K
33,38223,9,0,0,70,Self-emp-not-inc,HS-grad,Never-married,Farming-fishing,Own-child,White,Male,United-States,<=50K
35,180342,9,0,0,40,Private,HS-grad,Married-civ-spouse,Craft-repair,Husband,White,Male,United-States,<=50K
23,163870,10,0,0,40,Federal-gov,Some-college,Never-married,Armed-Forces,Other-relative,White,Male,United-States,<=50K
43,168412,9,0,0,44,Private,HS-grad,Married-civ-spouse,Sales,Other-relative,White,Female,Poland,<=50K
24,233419,9,0,0,40,Private,HS-grad,Divorced,Exec-managerial,Not-in-family,White,Female,United-States,<=50K
41,280167,14,15024,0,70,Private,Masters,Married-civ-spouse,Exec-managerial,Husband,White,Male,United-States,>50K
54,249096,11,0,0,40,State-gov,Assoc-voc,Married-civ-spouse,Protective-serv,Husband,White,Male,United-States,<=50K
59,361494,9,0,0,40,Private,HS-grad,Married-civ-spouse,Sales,Husband,White,Male,United-States,>50K
21,357029,10,2105,0,20,MISSING,Some-college,Married-civ-spouse,MISSING,Wife,Black,Female,United-States,<=50K
41,443508,13,0,0,48,Private,Bachelors,Married-civ-spouse,Transport-moving,Husband,White,Male,Canada,>50K
19,282698,4,0,0,80,Private,7th-8th,Never-married,Adm-clerical,Own-child,White,Male,United-States,<=50K
53,153486,9,0,0,30,Private,HS-grad,Separated,Transport-moving,Not-in-family,White,Male,United-States,<=50K
17,350995,8,0,0,16,Private,12th,Never-married,Other-service,Own-child,White,Male,United-States,<=50K
19,149528,10,0,0,12,State-gov,Some-college,Never-married,Farming-fishing,Own-child,White,Male,United-States,<=50K
25,138765,13,0,0,20,Private,Bachelors,Never-married,Prof-specialty,Not-in-family,White,Male,United-States,<=50K
34,137814,10,0,0,45,Private,Some-college,Separated,Sales,Not-in-family,White,Male,United-States,<=50K
32,141410,9,0,0,40,Private,HS-grad,Married-civ-spouse,Machine-op-inspct,Husband,Black,Male,United-States,<=50K
43,63503,13,0,0,40,Private,Bachelors,Married-civ-spouse,Prof-specialty,Husband,White,Male,United-States,>50K
29,357781,4,0,0,40,Private,7th-8th,Married-civ-spouse,Farming-fishing,Husband,White,Male,United-States,<=50K
42,455553,9,0,0,40,State-gov,HS-grad,Never-married,Adm-clerical,Unmarried,Black,Female,United-States,<=50K
67,105907,2,0,0,20,Self-emp-not-inc,1st-4th,Widowed,Other-service,Not-in-family,Black,Female,United-States,<=50K
47,101299,9,0,0,40,Private,HS-grad,Married-civ-spouse,Craft-repair,Husband,White,Male,United-States,<=50K
51,123429,14,0,0,50,Private,Masters,Married-civ-spouse,Exec-managerial,Husband,White,Male,United-States,>50K
20,298635,10,0,0,30,Private,Some-college,Never-married,Sales,Own-child,Asian-Pac-Islander,Male,Philippines,<=50K
28,190303,12,0,0,40,MISSING,Assoc-acdm,Never-married,MISSING,Other-relative,White,Male,United-States,<=50K
37,239397,6,0,0,40,Private,10th,Married-civ-spouse,Machine-op-inspct,Husband,White,Male,Mexico,<=50K
47,573583,9,0,0,48,Private,HS-grad,Married-civ-spouse,Transport-moving,Husband,White,Male,Italy,>50K
28,113635,7,0,0,30,MISSING,11th,Never-married,MISSING,Not-in-family,White,Male,United-States,<=50K
19,530454,9,0,0,50,Private,HS-grad,Never-married,Other-service,Not-in-family,White,Female,United-States,<=50K
30,288566,13,0,0,40,Private,Bachelors,Never-married,Other-service,Not-in-family,White,Male,United-States,<=50K
48,138370,14,0,0,50,Self-emp-inc,Masters,Married-spouse-absent,Sales,Not-in-family,Asian-Pac-Islander,Male,India,<=50K
61,35001,4,2885,0,40,Local-gov,7th-8th,Married-civ-spouse,Adm-clerical,Husband,White,Male,United-States,<=50K
56,91545,6,0,0,36,Private,10th,Divorced,Adm-clerical,Unmarried,Black,Female,United-States,<=50K
42,323790,13,0,1977,70,Self-emp-not-inc,Bachelors,Married-civ-spouse,Exec-managerial,Husband,White,Male,United-States,>50K
32,192039,11,0,0,40,Private,Assoc-voc,Married-civ-spouse,Prof-specialty,Wife,White,Female,United-States,>50K
41,443508,9,0,0,50,Self-emp-not-inc,HS-grad,Married-civ-spouse,Exec-managerial,Husband,White,Male,United-States,<=50K
23,268525,9,0,0,48,Private,HS-grad,Married-civ-spouse,Machine-op-inspct,Husband,White,Male,United-States,<=50K
57,35884,9,0,0,40,Private,HS-grad,Divorced,Other-service,Not-in-family,White,Female,United-States,<=50K
46,321327,10,7298,0,45,Private,Some-college,Married-civ-spouse,Transport-moving,Husband,White,Male,United-States,>50K
35,197365,9,0,0,40,Private,HS-grad,Married-civ-spouse,Farming-fishing,Husband,White,Male,United-States,<=50K
36,126569,9,0,0,45,Private,HS-grad,Married-civ-spouse,Prof-specialty,Husband,White,Male,Ecuador,>50K
19,292583,9,0,0,30,Private,HS-grad,Never-married,Other-service,Own-child,White,Female,United-States,<=50K
42,293791,13,0,0,50,State-gov,Bachelors,Married-civ-spouse,Exec-managerial,Husband,White,Male,United-States,>50K
34,92682,9,4865,0,40,Private,HS-grad,Never-married,Adm-clerical,Not-in-family,White,Female,United-States,<=50K
24,159580,13,0,0,75,Private,Bachelors,Never-married,Other-service,Own-child,Black,Female,United-States,<=50K
48,46677,12,0,0,42,Private,Assoc-acdm,Divorced,Exec-managerial,Unmarried,White,Female,United-States,<=50K
32,157747,10,0,0,40,Private,Some-college,Married-civ-spouse,Prof-specialty,Husband,White,Male,United-States,<=50K
24,133520,10,0,0,15,Private,Some-college,Never-married,Sales,Own-child,White,Female,United-States,<=50K
24,306460,9,0,0,40,Private,HS-grad,Never-married,Farming-fishing,Unmarried,White,Male,United-States,<=50K
34,112820,9,2463,0,40,Private,HS-grad,Separated,Handlers-cleaners,Not-in-family,White,Male,United-States,<=50K
39,344743,10,0,0,50,Private,Some-college,Married-civ-spouse,Adm-clerical,Own-child,Black,Female,United-States,>50K
51,103407,9,0,0,40,Private,HS-grad,Divorced,Adm-clerical,Not-in-family,White,Female,United-States,<=50K
27,210313,9,0,0,28,Private,HS-grad,Never-married,Handlers-cleaners,Other-relative,White,Male,Guatemala,<=50K
62,109190,13,15024,0,40,Private,Bachelors,Married-civ-spouse,Exec-managerial,Husband,White,Male,United-States,>50K
18,345285,7,0,0,20,Private,11th,Never-married,Sales,Own-child,White,Female,United-States,<=50K
53,108083,4,0,0,45,Private,7th-8th,Married-civ-spouse,Farming-fishing,Husband,White,Male,United-States,<=50K
52,122109,9,0,323,40,Private,HS-grad,Never-married,Prof-specialty,Unmarried,White,Female,United-States,<=50K
19,291429,9,0,0,25,Private,HS-grad,Never-married,Other-service,Own-child,White,Female,United-States,<=50K
20,161708,10,0,0,35,Private,Some-college,Never-married,Sales,Own-child,White,Female,United-States,<=50K
18,159561,7,0,0,20,Private,11th,Never-married,Transport-moving,Own-child,White,Male,United-States,<=50K
35,308945,9,0,0,40,Local-gov,HS-grad,Married-civ-spouse,Craft-repair,Husband,White,Male,United-States,>50K
59,261816,10,0,0,52,Private,Some-college,Divorced,Exec-managerial,Not-in-family,White,Female,Outlying-US(Guam-USVI-etc),<=50K
68,195881,9,2414,0,40,Self-emp-not-inc,HS-grad,Married-civ-spouse,Farming-fishing,Husband,White,Male,United-States,<=50K
32,159442,15,13550,0,50,Private,Prof-school,Never-married,Sales,Not-in-family,White,Female,United-States,>50K
40,202872,10,0,0,24,Private,Some-college,Divorced,Adm-clerical,Unmarried,White,Female,United-States,<=50K
17,161259,6,0,0,12,MISSING,10th,Never-married,MISSING,Other-relative,White,Male,United-States,<=50K
60,128367,10,3325,0,42,Private,Some-college,Divorced,Prof-specialty,Unmarried,White,Male,United-States,<=50K
42,402367,10,7688,0,45,Private,Some-college,Married-civ-spouse,Transport-moving,Husband,Black,Male,United-States,>50K
57,287229,9,0,0,48,Self-emp-not-inc,HS-grad,Married-civ-spouse,Craft-repair,Husband,White,Male,United-States,>50K
38,108907,9,0,0,40,Private,HS-grad,Divorced,Craft-repair,Not-in-family,White,Male,MISSING,<=50K
23,256278,4,0,0,30,Private,7th-8th,Married-civ-spouse,Handlers-cleaners,Other-relative,Other,Female,El-Salvador,<=50K
61,103575,9,0,0,37,Private,HS-grad,Married-civ-spouse,Craft-repair,Husband,White,Male,United-States,<=50K
55,202220,9,2407,0,35,Private,HS-grad,Married-civ-spouse,Other-service,Wife,Black,Female,United-States,<=50K
52,163027,9,0,0,50,Private,HS-grad,Divorced,Craft-repair,Unmarried,White,Female,United-States,<=50K
44,184105,12,4386,0,40,Private,Assoc-acdm,Married-civ-spouse,Sales,Husband,White,Male,United-States,>50K
24,154373,9,0,0,25,MISSING,HS-grad,Married-civ-spouse,MISSING,Wife,White,Female,United-States,<=50K
47,183486,13,0,0,50,Local-gov,Bachelors,Married-civ-spouse,Prof-specialty,Wife,White,Female,United-States,>50K
58,78104,10,7298,0,60,Self-emp-inc,Some-college,Married-civ-spouse,Exec-managerial,Husband,White,Male,United-States,>50K
38,40955,13,0,0,40,Private,Bachelors,Married-civ-spouse,Prof-specialty,Husband,White,Male,England,>50K
61,28291,13,0,0,40,Federal-gov,Bachelors,Married-civ-spouse,Exec-managerial,Wife,White,Female,United-States,<=50K
58,186991,9,0,0,40,Private,HS-grad,Married-civ-spouse,Machine-op-inspct,Husband,White,Male,United-States,<=50K
51,124963,12,0,0,50,Private,Assoc-acdm,Married-civ-spouse,Sales,Husband,White,Male,United-States,<=50K
36,163278,14,0,0,40,Private,Masters,Never-married,Prof-specialty,Not-in-family,White,Female,United-States,<=50K
50,88926,9,5178,0,40,Private,HS-grad,Married-civ-spouse,Adm-clerical,Wife,White,Female,United-States,>50K
24,346909,9,0,0,44,Private,HS-grad,Married-civ-spouse,Craft-repair,Husband,White,Male,Mexico,<=50K
24,293091,9,0,0,40,Private,HS-grad,Married-civ-spouse,Handlers-cleaners,Husband,White,Male,United-States,<=50K
35,258339,15,0,0,55,Private,Prof-school,Married-civ-spouse,Prof-specialty,Husband,White,Male,United-States,>50K
46,143189,3,0,0,40,Private,5th-6th,Never-married,Machine-op-inspct,Own-child,White,Female,Dominican-Republic,<=50K
42,195584,12,0,0,40,Private,Assoc-acdm,Separated,Adm-clerical,Unmarried,Black,Female,United-States,<=50K
44,138077,13,0,0,32,Private,Bachelors,Divorced,Adm-clerical,Unmarried,White,Female,United-States,<=50K
39,82540,10,0,0,60,Private,Some-college,Married-civ-spouse,Exec-managerial,Husband,White,Male,United-States,<=50K
18,230875,7,0,0,40,Private,11th,Never-married,Adm-clerical,Not-in-family,White,Male,United-States,<=50K
48,184787,4,0,0,50,Self-emp-inc,7th-8th,Married-civ-spouse,Craft-repair,Husband,White,Male,United-States,>50K
35,82051,10,0,0,40,Self-emp-inc,Some-college,Married-civ-spouse,Sales,Wife,White,Female,United-States,<=50K
32,191385,16,0,0,77,Self-emp-inc,Doctorate,Never-married,Prof-specialty,Not-in-family,White,Male,United-States,<=50K
49,197371,11,0,0,40,Local-gov,Assoc-voc,Married-civ-spouse,Craft-repair,Husband,Black,Male,United-States,>50K
17,46496,7,0,0,5,Private,11th,Never-married,Other-service,Own-child,White,Male,United-States,<=50K
55,160362,13,0,0,40,Private,Bachelors,Married-civ-spouse,Adm-clerical,Husband,White,Male,United-States,>50K
52,246197,9,0,0,40,Local-gov,HS-grad,Married-civ-spouse,Craft-repair,Husband,White,Male,United-States,<=50K
48,155664,13,0,0,35,Private,Bachelors,Married-civ-spouse,Adm-clerical,Husband,White,Male,United-States,>50K
39,117166,6,2635,0,40,Private,10th,Married-civ-spouse,Machine-op-inspct,Husband,White,Male,United-States,<=50K
42,250121,7,0,0,40,Private,11th,Married-civ-spouse,Other-service,Wife,White,Female,United-States,<=50K
24,168997,10,0,0,40,Private,Some-college,Married-civ-spouse,Craft-repair,Husband,White,Male,United-States,<=50K
34,248754,7,0,0,40,Private,11th,Never-married,Machine-op-inspct,Not-in-family,White,Male,United-States,<=50K
52,226084,9,0,0,40,Private,HS-grad,Widowed,Priv-house-serv,Other-relative,White,Female,United-States,<=50K
30,296453,13,7298,0,40,Private,Bachelors,Married-civ-spouse,Adm-clerical,Husband,White,Male,United-States,>50K
29,440647,10,0,0,40,Federal-gov,Some-college,Never-married,Adm-clerical,Other-relative,White,Male,United-States,<=50K
35,1226583,13,0,0,52,Private,Bachelors,Married-civ-spouse,Sales,Husband,White,Male,United-States,>50K
38,305597,9,0,0,40,Private,HS-grad,Never-married,Transport-moving,Unmarried,White,Male,United-States,<=50K
24,195808,10,0,0,40,Private,Some-college,Never-married,Machine-op-inspct,Own-child,White,Male,United-States,<=50K
48,216214,7,0,0,40,Private,11th,Married-civ-spouse,Machine-op-inspct,Husband,White,Male,United-States,<=50K
26,192022,13,0,0,40,Private,Bachelors,Never-married,Prof-specialty,Own-child,White,Female,United-States,<=50K
31,169589,14,0,0,30,Private,Masters,Never-married,Prof-specialty,Not-in-family,White,Male,United-States,<=50K
44,395078,9,0,0,40,State-gov,HS-grad,Divorced,Adm-clerical,Not-in-family,White,Female,United-States,<=50K
25,193820,14,0,0,35,Private,Masters,Never-married,Prof-specialty,Own-child,White,Female,United-States,<=50K
75,242108,9,2346,0,15,Self-emp-not-inc,HS-grad,Divorced,Sales,Not-in-family,White,Male,United-States,<=50K
42,152568,9,0,0,40,Private,HS-grad,Widowed,Sales,Unmarried,Amer-Indian-Eskimo,Female,United-States,<=50K
30,248588,8,0,0,40,Private,12th,Divorced,Other-service,Not-in-family,White,Female,United-States,<=50K
24,34918,11,0,0,38,Self-emp-not-inc,Assoc-voc,Never-married,Other-service,Unmarried,White,Female,United-States,<=50K
32,259719,10,0,0,40,Private,Some-college,Divorced,Handlers-cleaners,Unmarried,Black,Male,Nicaragua,<=50K
37,61778,13,0,0,30,Private,Bachelors,Never-married,Farming-fishing,Not-in-family,White,Male,United-States,<=50K
51,197163,15,0,2559,50,Private,Prof-school,Never-married,Prof-specialty,Not-in-family,White,Female,United-States,>50K
24,128487,13,0,0,40,Private,Bachelors,Never-married,Adm-clerical,Not-in-family,White,Female,United-States,<=50K
43,32451,9,0,0,40,Self-emp-not-inc,HS-grad,Married-civ-spouse,Craft-repair,Husband,White,Male,United-States,<=50K
38,177273,9,0,0,35,MISSING,HS-grad,Married-civ-spouse,MISSING,Wife,White,Female,United-States,<=50K
26,55743,9,0,0,30,Private,HS-grad,Never-married,Adm-clerical,Unmarried,Black,Female,United-States,<=50K
20,340475,10,0,0,10,State-gov,Some-college,Never-married,Adm-clerical,Own-child,White,Female,United-States,<=50K
51,160724,13,0,2415,40,Self-emp-not-inc,Bachelors,Married-civ-spouse,Sales,Husband,Asian-Pac-Islander,Male,China,>50K
29,114224,13,0,0,40,Private,Bachelors,Married-civ-spouse,Prof-specialty,Husband,White,Male,United-States,>50K
35,349066,9,0,0,40,State-gov,HS-grad,Divorced,Machine-op-inspct,Own-child,White,Male,United-States,<=50K
22,186573,9,0,0,46,Private,HS-grad,Never-married,Transport-moving,Not-in-family,White,Female,United-States,<=50K
19,150553,10,0,0,18,Private,Some-college,Never-married,Sales,Own-child,Asian-Pac-Islander,Female,Philippines,<=50K
27,390657,9,0,0,40,Private,HS-grad,Married-civ-spouse,Handlers-cleaners,Husband,Black,Male,United-States,<=50K
50,289390,9,0,0,47,Private,HS-grad,Married-civ-spouse,Craft-repair,Husband,White,Male,United-States,<=50K
18,151386,9,0,0,40,Private,HS-grad,Married-spouse-absent,Other-service,Own-child,Black,Male,Jamaica,<=50K
29,190562,9,0,0,56,Private,HS-grad,Divorced,Machine-op-inspct,Unmarried,White,Male,United-States,<=50K
25,32276,13,0,0,40,MISSING,Bachelors,Married-civ-spouse,MISSING,Husband,White,Male,United-States,<=50K
34,119411,9,0,0,40,Local-gov,HS-grad,Divorced,Protective-serv,Unmarried,White,Male,Portugal,<=50K
22,359759,10,0,0,20,Private,Some-college,Never-married,Sales,Not-in-family,Asian-Pac-Islander,Male,Philippines,<=50K
79,165209,9,0,0,40,MISSING,HS-grad,Married-civ-spouse,MISSING,Husband,White,Male,United-States,<=50K
52,68982,13,0,0,50,Private,Bachelors,Married-civ-spouse,Exec-managerial,Husband,White,Male,United-States,>50K
20,304076,7,0,0,20,MISSING,11th,Never-married,MISSING,Own-child,Black,Female,United-States,<=50K
23,118693,13,0,0,35,Private,Bachelors,Never-married,Other-service,Not-in-family,White,Male,United-States,<=50K
28,250135,10,0,0,40,Private,Some-college,Divorced,Exec-managerial,Not-in-family,White,Female,United-States,<=50K
19,125938,8,0,0,40,Private,12th,Never-married,Other-service,Own-child,White,Male,El-Salvador,<=50K
28,175262,9,0,0,40,Private,HS-grad,Married-civ-spouse,Machine-op-inspct,Own-child,White,Male,United-States,<=50K
35,348690,13,0,0,40,Private,Bachelors,Married-civ-spouse,Transport-moving,Husband,White,Male,United-States,<=50K
52,189728,9,0,0,50,Private,HS-grad,Separated,Priv-house-serv,Not-in-family,White,Female,United-States,<=50K
55,199856,9,0,0,50,Private,HS-grad,Married-civ-spouse,Sales,Wife,White,Female,United-States,<=50K
18,252993,8,0,0,40,Private,12th,Never-married,Handlers-cleaners,Own-child,White,Male,Columbia,<=50K
53,205288,9,7688,0,35,Federal-gov,HS-grad,Married-civ-spouse,Adm-clerical,Wife,White,Female,United-States,>50K
39,370585,9,0,0,40,Private,HS-grad,Separated,Machine-op-inspct,Not-in-family,Black,Male,United-States,<=50K
24,116968,13,0,0,45,Private,Bachelors,Never-married,Exec-managerial,Not-in-family,White,Male,United-States,<=50K
38,248919,7,0,0,40,Private,11th,Married-civ-spouse,Craft-repair,Husband,White,Male,Guatemala,<=50K
19,63918,10,0,0,40,Private,Some-college,Never-married,Adm-clerical,Not-in-family,White,Male,United-States,<=50K
35,150125,11,0,0,40,Private,Assoc-voc,Divorced,Other-service,Unmarried,Black,Female,United-States,<=50K
39,229651,13,0,0,50,Local-gov,Bachelors,Married-civ-spouse,Prof-specialty,Husband,White,Male,United-States,>50K
24,177287,8,0,0,38,Private,12th,Never-married,Other-service,Own-child,White,Female,United-States,<=50K
59,90290,10,0,0,34,Private,Some-college,Married-civ-spouse,Prof-specialty,Husband,White,Male,United-States,<=50K
19,61855,9,0,0,30,MISSING,HS-grad,Never-married,MISSING,Other-relative,White,Female,United-States,<=50K
44,228057,4,0,0,40,Private,7th-8th,Married-civ-spouse,Machine-op-inspct,Wife,White,Female,Dominican-Republic,<=50K
60,21101,9,0,0,50,Self-emp-not-inc,HS-grad,Married-civ-spouse,Farming-fishing,Husband,Amer-Indian-Eskimo,Male,United-States,<=50K
27,224849,9,0,0,40,Private,HS-grad,Married-civ-spouse,Craft-repair,Husband,White,Male,United-States,<=50K
23,170091,10,0,0,6,State-gov,Some-college,Never-married,Prof-specialty,Own-child,White,Female,United-States,<=50K
61,36671,9,0,2352,50,Self-emp-not-inc,HS-grad,Married-civ-spouse,Farming-fishing,Husband,White,Male,United-States,<=50K
30,196385,13,15024,0,35,Private,Bachelors,Married-civ-spouse,Prof-specialty,Husband,White,Male,United-States,>50K
21,78374,9,0,0,24,MISSING,HS-grad,Never-married,MISSING,Other-relative,Asian-Pac-Islander,Female,United-States,<=50K
47,216999,9,0,0,45,Private,HS-grad,Married-civ-spouse,Sales,Husband,White,Male,United-States,<=50K
42,31621,12,0,0,40,Federal-gov,Assoc-acdm,Divorced,Adm-clerical,Not-in-family,White,Female,United-States,<=50K
40,115932,13,0,0,60,Private,Bachelors,Married-civ-spouse,Prof-specialty,Husband,White,Male,Ireland,>50K
37,134088,12,0,0,40,Private,Assoc-acdm,Never-married,Adm-clerical,Not-in-family,White,Female,United-States,<=50K
42,117227,14,0,0,45,Local-gov,Masters,Divorced,Prof-specialty,Unmarried,White,Female,United-States,<=50K
29,33315,12,0,0,40,Federal-gov,Assoc-acdm,Divorced,Adm-clerical,Not-in-family,White,Female,United-States,<=50K
74,89667,13,0,0,35,MISSING,Bachelors,Widowed,MISSING,Not-in-family,Other,Female,United-States,<=50K
29,142760,9,0,0,40,Private,HS-grad,Never-married,Handlers-cleaners,Not-in-family,Black,Male,United-States,<=50K
25,124111,13,0,0,40,Private,Bachelors,Never-married,Adm-clerical,Own-child,White,Female,United-States,<=50K
35,452283,9,0,0,40,Private,HS-grad,Divorced,Sales,Own-child,White,Female,United-States,<=50K
20,22966,10,0,0,12,Private,Some-college,Never-married,Other-service,Own-child,White,Male,Canada,<=50K
21,244312,5,0,0,30,Private,9th,Never-married,Craft-repair,Own-child,White,Male,El-Salvador,<=50K
49,47086,13,0,0,40,Self-emp-not-inc,Bachelors,Widowed,Sales,Unmarried,White,Female,United-States,<=50K
33,184833,9,0,0,35,Private,HS-grad,Never-married,Other-service,Not-in-family,White,Female,United-States,<=50K
41,176716,9,0,0,60,Local-gov,HS-grad,Married-civ-spouse,Transport-moving,Husband,White,Male,United-States,<=50K
31,382368,7,0,0,40,Private,11th,Married-civ-spouse,Craft-repair,Husband,White,Male,United-States,<=50K
35,139770,11,0,0,20,MISSING,Assoc-voc,Married-civ-spouse,MISSING,Wife,White,Female,United-States,>50K
42,175133,10,0,0,40,Private,Some-college,Never-married,Machine-op-inspct,Unmarried,Black,Female,United-States,<=50K
30,77689,13,7688,0,50,Self-emp-inc,Bachelors,Married-civ-spouse,Sales,Husband,White,Male,United-States,>50K
42,54611,10,0,0,40,Private,Some-college,Divorced,Farming-fishing,Not-in-family,White,Male,United-States,<=50K
39,114678,9,5455,0,40,Private,HS-grad,Divorced,Other-service,Unmarried,Black,Female,United-States,<=50K
61,180079,16,4064,0,40,Local-gov,Doctorate,Married-civ-spouse,Exec-managerial,Husband,White,Male,United-States,<=50K
34,181934,9,0,0,40,MISSING,HS-grad,Divorced,MISSING,Not-in-family,White,Female,United-States,<=50K
43,47818,13,0,0,40,State-gov,Bachelors,Never-married,Prof-specialty,Not-in-family,White,Female,United-States,<=50K
49,248895,9,0,0,45,Private,HS-grad,Married-civ-spouse,Machine-op-inspct,Husband,White,Male,United-States,<=50K
27,278581,13,0,0,40,Private,Bachelors,Never-married,Sales,Own-child,White,Female,United-States,<=50K
31,356689,13,0,0,40,Local-gov,Bachelors,Married-civ-spouse,Prof-specialty,Husband,White,Male,United-States,<=50K
45,428350,9,0,1740,40,Private,HS-grad,Married-civ-spouse,Machine-op-inspct,Wife,White,Female,United-States,<=50K
50,186272,10,0,0,40,Federal-gov,Some-college,Married-civ-spouse,Exec-managerial,Husband,White,Male,United-States,<=50K
24,122234,10,0,0,20,Private,Some-college,Never-married,Adm-clerical,Not-in-family,Black,Female,MISSING,<=50K
33,167476,7,0,0,7,Self-emp-not-inc,11th,Divorced,Handlers-cleaners,Not-in-family,White,Male,United-States,<=50K
27,339956,9,0,0,60,Private,HS-grad,Married-civ-spouse,Transport-moving,Husband,Black,Male,United-States,<=50K
33,221966,13,2202,0,50,Private,Bachelors,Never-married,Prof-specialty,Not-in-family,White,Male,United-States,<=50K
65,192133,9,2290,0,40,Private,HS-grad,Married-civ-spouse,Craft-repair,Husband,White,Male,Greece,<=50K
39,30916,9,0,0,40,Private,HS-grad,Married-civ-spouse,Craft-repair,Husband,White,Male,United-States,<=50K
42,272910,9,0,0,40,Private,HS-grad,Divorced,Other-service,Not-in-family,White,Female,United-States,<=50K
32,99646,9,0,0,50,Private,HS-grad,Married-civ-spouse,Transport-moving,Husband,White,Male,United-States,<=50K
24,49218,9,0,0,40,Private,HS-grad,Divorced,Machine-op-inspct,Not-in-family,White,Male,United-States,<=50K
29,138537,11,0,0,40,Private,Assoc-voc,Married-civ-spouse,Craft-repair,Husband,Asian-Pac-Islander,Male,Laos,<=50K
18,214617,10,0,0,30,Private,Some-college,Never-married,Handlers-cleaners,Own-child,White,Male,United-States,<=50K
69,130060,9,2387,0,40,Private,HS-grad,Separated,Transport-moving,Unmarried,Black,Female,United-States,<=50K
61,156542,15,0,0,40,Self-emp-inc,Prof-school,Separated,Prof-specialty,Not-in-family,White,Male,United-States,>50K
66,174788,10,0,0,20,Self-emp-not-inc,Some-college,Never-married,Sales,Not-in-family,White,Female,United-States,<=50K
22,347530,9,0,0,35,Private,HS-grad,Separated,Other-service,Unmarried,Black,Female,United-States,<=50K
63,109735,9,0,0,38,State-gov,HS-grad,Divorced,Adm-clerical,Not-in-family,White,Female,United-States,<=50K
50,112351,9,0,0,38,Private,HS-grad,Divorced,Exec-managerial,Unmarried,White,Male,United-States,<=50K
23,239539,9,0,0,40,Private,HS-grad,Never-married,Machine-op-inspct,Own-child,Asian-Pac-Islander,Male,Philippines,<=50K
75,114204,10,0,0,13,MISSING,Some-college,Married-civ-spouse,MISSING,Husband,White,Male,United-States,<=50K
23,182117,12,0,0,60,Private,Assoc-acdm,Never-married,Other-service,Own-child,White,Male,United-States,<=50K
46,394860,13,0,0,38,State-gov,Bachelors,Married-civ-spouse,Prof-specialty,Husband,White,Male,United-States,<=50K
27,335764,7,0,0,35,Private,11th,Married-civ-spouse,Sales,Own-child,Black,Male,United-States,<=50K
21,56582,10,0,0,10,State-gov,Some-college,Never-married,Tech-support,Own-child,White,Male,United-States,<=50K
30,488720,11,0,0,40,Private,Assoc-voc,Married-civ-spouse,Handlers-cleaners,Husband,White,Male,Mexico,<=50K
54,257869,10,0,0,28,Private,Some-college,Separated,Other-service,Not-in-family,White,Male,Columbia,<=50K
42,52781,10,0,0,40,Private,Some-college,Married-civ-spouse,Tech-support,Husband,White,Male,United-States,<=50K
53,142411,11,0,0,40,Private,Assoc-voc,Divorced,Prof-specialty,Unmarried,White,Female,United-States,<=50K
27,106039,13,0,0,50,Private,Bachelors,Divorced,Prof-specialty,Own-child,White,Female,United-States,<=50K
32,252752,14,13550,0,60,Private,Masters,Never-married,Exec-managerial,Not-in-family,White,Female,United-States,>50K
33,113364,9,0,0,45,Private,HS-grad,Never-married,Sales,Not-in-family,White,Male,United-States,<=50K
33,31573,9,0,0,40,Private,HS-grad,Married-civ-spouse,Machine-op-inspct,Husband,White,Male,United-States,<=50K
48,107231,15,99999,0,50,Private,Prof-school,Married-civ-spouse,Exec-managerial,Husband,White,Male,United-States,>50K
42,267138,10,0,0,40,Local-gov,Some-college,Married-civ-spouse,Craft-repair,Husband,Black,Male,United-States,<=50K
28,104024,10,0,0,40,Private,Some-college,Never-married,Sales,Other-relative,White,Female,United-States,<=50K
33,209900,10,0,0,20,Private,Some-college,Never-married,Tech-support,Own-child,White,Male,United-States,<=50K
43,111252,10,0,0,42,Private,Some-college,Married-civ-spouse,Transport-moving,Husband,White,Male,United-States,<=50K
30,137613,14,0,0,20,State-gov,Masters,Married-civ-spouse,Prof-specialty,Husband,Asian-Pac-Islander,Male,Taiwan,<=50K
24,199555,11,0,0,5,Private,Assoc-voc,Never-married,Sales,Unmarried,White,Male,United-States,<=50K
30,125279,9,0,0,40,Private,HS-grad,Married-spouse-absent,Sales,Unmarried,White,Male,United-States,<=50K
43,352005,13,15024,0,45,Private,Bachelors,Married-civ-spouse,Sales,Husband,White,Male,United-States,>50K
41,116825,14,0,0,55,Private,Masters,Married-civ-spouse,Prof-specialty,Husband,White,Male,United-States,>50K
22,311512,10,0,0,15,State-gov,Some-college,Married-civ-spouse,Other-service,Husband,Black,Male,United-States,<=50K
64,190660,9,0,0,40,Local-gov,HS-grad,Divorced,Craft-repair,Not-in-family,White,Male,United-States,>50K
34,187215,13,15024,0,36,Private,Bachelors,Married-civ-spouse,Prof-specialty,Wife,White,Female,United-States,>50K
47,246739,13,99999,0,55,Private,Bachelors,Married-civ-spouse,Exec-managerial,Husband,White,Male,United-States,>50K
27,411950,10,0,0,40,Self-emp-not-inc,Some-college,Married-civ-spouse,Other-service,Husband,White,Male,United-States,<=50K
23,187513,11,0,0,40,Private,Assoc-voc,Never-married,Machine-op-inspct,Own-child,White,Male,United-States,<=50K
45,187033,9,0,2051,40,Private,HS-grad,Married-civ-spouse,Craft-repair,Husband,White,Male,United-States,<=50K
34,165737,14,0,0,43,Private,Masters,Married-civ-spouse,Prof-specialty,Husband,Asian-Pac-Islander,Male,India,>50K
49,125421,9,0,0,40,Private,HS-grad,Married-civ-spouse,Craft-repair,Wife,White,Female,United-States,>50K
36,177907,16,0,0,40,Self-emp-not-inc,Doctorate,Never-married,Prof-specialty,Not-in-family,White,Male,United-States,>50K
39,172425,11,0,0,20,Private,Assoc-voc,Married-civ-spouse,Adm-clerical,Wife,White,Female,United-States,>50K
48,97176,9,0,0,40,Private,HS-grad,Divorced,Adm-clerical,Other-relative,White,Female,United-States,<=50K
49,117095,9,0,0,40,Private,HS-grad,Separated,Machine-op-inspct,Unmarried,White,Female,United-States,<=50K
28,314177,6,0,0,40,Private,10th,Never-married,Handlers-cleaners,Other-relative,Black,Male,United-States,<=50K
43,190044,9,0,0,40,Self-emp-not-inc,HS-grad,Married-civ-spouse,Sales,Husband,White,Male,United-States,<=50K
51,231181,10,0,0,21,Private,Some-college,Never-married,Machine-op-inspct,Not-in-family,White,Male,United-States,<=50K
28,183802,9,0,0,55,Private,HS-grad,Married-civ-spouse,Transport-moving,Husband,White,Male,United-States,<=50K
39,151248,10,0,0,35,Private,Some-college,Divorced,Sales,Other-relative,White,Female,United-States,<=50K
23,230315,10,0,0,40,Private,Some-college,Never-married,Other-service,Not-in-family,Asian-Pac-Islander,Male,Dominican-Republic,<=50K
63,137843,10,7298,0,48,Private,Some-college,Married-civ-spouse,Sales,Husband,White,Male,United-States,>50K
58,186385,16,0,0,8,Private,Doctorate,Never-married,Prof-specialty,Not-in-family,White,Male,United-States,<=50K
45,102147,9,0,0,40,Private,HS-grad,Married-civ-spouse,Craft-repair,Husband,White,Male,United-States,<=50K
21,175166,10,2176,0,40,MISSING,Some-college,Never-married,MISSING,Own-child,White,Female,United-States,<=50K
31,110643,13,0,1977,55,Private,Bachelors,Married-civ-spouse,Exec-managerial,Husband,White,Male,United-States,>50K
61,68268,6,0,0,55,Private,10th,Married-civ-spouse,Farming-fishing,Husband,White,Male,United-States,<=50K
47,216414,16,0,0,40,State-gov,Doctorate,Married-civ-spouse,Prof-specialty,Husband,White,Male,United-States,>50K
26,164018,13,4064,0,50,Private,Bachelors,Married-civ-spouse,Sales,Husband,White,Male,United-States,<=50K
34,254304,9,4508,0,90,Self-emp-not-inc,HS-grad,Married-civ-spouse,Farming-fishing,Husband,White,Male,United-States,<=50K
36,189404,13,0,1977,35,Private,Bachelors,Married-civ-spouse,Sales,Husband,White,Male,United-States,>50K
62,192515,9,0,0,40,Private,HS-grad,Widowed,Farming-fishing,Unmarried,White,Female,United-States,<=50K
41,263339,9,0,0,40,Federal-gov,HS-grad,Married-civ-spouse,Transport-moving,Husband,White,Male,United-States,>50K
41,179533,9,0,0,35,Private,HS-grad,Married-civ-spouse,Transport-moving,Husband,White,Male,United-States,<=50K
75,222789,13,0,0,6,MISSING,Bachelors,Widowed,MISSING,Not-in-family,White,Female,United-States,<=50K
22,216984,9,0,0,40,Private,HS-grad,Never-married,Adm-clerical,Not-in-family,Amer-Indian-Eskimo,Female,United-States,<=50K
44,267521,13,0,0,40,Private,Bachelors,Divorced,Adm-clerical,Unmarried,White,Female,United-States,<=50K
18,173585,9,0,0,18,Private,HS-grad,Never-married,Sales,Own-child,Black,Female,United-States,<=50K
35,170174,9,7298,0,60,Self-emp-not-inc,HS-grad,Married-civ-spouse,Craft-repair,Husband,White,Male,United-States,>50K
64,342494,9,0,0,40,Private,HS-grad,Married-civ-spouse,Machine-op-inspct,Husband,White,Male,United-States,<=50K
44,194049,10,0,0,35,Private,Some-college,Divorced,Other-service,Unmarried,Black,Female,United-States,<=50K
28,37933,9,0,0,48,Private,HS-grad,Never-married,Other-service,Not-in-family,Black,Female,United-States,<=50K
42,115178,13,0,0,15,Private,Bachelors,Divorced,Prof-specialty,Unmarried,White,Female,United-States,<=50K
45,256649,9,0,0,40,Private,HS-grad,Married-civ-spouse,Machine-op-inspct,Husband,Black,Male,United-States,<=50K
17,221129,5,0,0,40,Private,9th,Married-civ-spouse,Other-service,Husband,White,Male,United-States,<=50K
54,172281,9,0,2051,50,Private,HS-grad,Married-civ-spouse,Transport-moving,Husband,White,Male,United-States,<=50K
33,235271,10,0,0,35,Self-emp-not-inc,Some-college,Never-married,Other-service,Not-in-family,White,Male,United-States,<=50K
44,57233,10,0,0,45,Private,Some-college,Married-civ-spouse,Prof-specialty,Husband,White,Male,United-States,<=50K
27,310850,9,0,0,50,Private,HS-grad,Married-civ-spouse,Transport-moving,Husband,White,Male,United-States,<=50K
37,175130,9,0,0,45,Private,HS-grad,Divorced,Adm-clerical,Unmarried,White,Female,United-States,<=50K
35,143152,10,3908,0,27,Private,Some-college,Married-civ-spouse,Adm-clerical,Wife,White,Female,United-States,<=50K
26,80485,13,0,0,38,Local-gov,Bachelors,Never-married,Prof-specialty,Not-in-family,White,Female,United-States,<=50K
35,147258,10,0,1974,40,Private,Some-college,Never-married,Machine-op-inspct,Not-in-family,White,Male,United-States,<=50K
34,351810,13,0,0,45,Private,Bachelors,Never-married,Prof-specialty,Not-in-family,White,Female,Cuba,<=50K
72,303588,9,0,0,20,MISSING,HS-grad,Married-civ-spouse,MISSING,Husband,White,Male,United-States,<=50K
47,402975,10,0,0,40,Federal-gov,Some-college,Married-civ-spouse,Exec-managerial,Husband,Black,Male,United-States,<=50K
62,122033,9,0,0,38,Private,HS-grad,Widowed,Adm-clerical,Not-in-family,White,Female,United-States,<=50K
30,348618,5,0,0,40,Private,9th,Married-civ-spouse,Craft-repair,Husband,Other,Male,Mexico,<=50K
25,157617,9,0,0,40,State-gov,HS-grad,Never-married,Exec-managerial,Not-in-family,White,Male,United-States,<=50K
22,272615,7,0,0,40,Private,11th,Never-married,Craft-repair,Own-child,White,Male,United-States,<=50K
21,257781,10,0,1719,30,Private,Some-college,Never-married,Craft-repair,Own-child,White,Male,United-States,<=50K
47,374580,9,0,0,52,Private,HS-grad,Separated,Sales,Not-in-family,White,Female,United-States,<=50K
35,115215,10,0,0,45,Private,Some-college,Never-married,Transport-moving,Own-child,White,Male,United-States,<=50K
37,161111,13,0,0,40,Private,Bachelors,Never-married,Sales,Not-in-family,White,Female,United-States,<=50K
46,54190,9,0,0,60,Private,HS-grad,Married-civ-spouse,Craft-repair,Husband,White,Male,United-States,<=50K
33,100734,9,0,0,55,Local-gov,HS-grad,Divorced,Tech-support,Not-in-family,White,Female,United-States,<=50K
46,190115,10,0,1887,40,Private,Some-college,Married-civ-spouse,Sales,Husband,White,Male,United-States,>50K
62,265201,13,0,0,40,State-gov,Bachelors,Divorced,Prof-specialty,Not-in-family,White,Male,United-States,<=50K
57,161097,9,0,0,26,Private,HS-grad,Divorced,Sales,Not-in-family,White,Female,United-States,<=50K
22,190968,9,0,0,40,Private,HS-grad,Married-civ-spouse,Other-service,Husband,White,Male,United-States,<=50K
24,241185,9,0,0,48,Private,HS-grad,Never-married,Sales,Not-in-family,White,Female,United-States,<=50K
60,227468,10,0,0,40,Private,Some-college,Widowed,Protective-serv,Not-in-family,Black,Female,United-States,<=50K
63,420629,11,0,0,45,Self-emp-not-inc,Assoc-voc,Married-civ-spouse,Other-service,Husband,White,Male,United-States,<=50K
22,279802,10,0,0,40,Private,Some-college,Never-married,Adm-clerical,Own-child,White,Female,United-States,<=50K
59,114032,13,0,0,40,Private,Bachelors,Divorced,Adm-clerical,Unmarried,White,Female,United-States,<=50K
20,44064,10,0,0,25,Private,Some-college,Never-married,Prof-specialty,Own-child,White,Male,United-States,<=50K
31,63437,9,0,0,40,Private,HS-grad,Never-married,Farming-fishing,Not-in-family,White,Male,Ireland,<=50K
37,389725,8,0,0,35,Private,12th,Divorced,Craft-repair,Own-child,White,Male,United-States,<=50K
42,69333,13,0,0,50,Self-emp-not-inc,Bachelors,Married-civ-spouse,Farming-fishing,Husband,White,Male,United-States,<=50K
18,152246,10,0,0,16,Private,Some-college,Never-married,Other-service,Own-child,Asian-Pac-Islander,Male,United-States,<=50K
29,250967,11,0,1887,48,Private,Assoc-voc,Married-civ-spouse,Machine-op-inspct,Husband,White,Male,United-States,>50K
47,160187,9,14084,0,38,Private,HS-grad,Separated,Prof-specialty,Other-relative,Black,Female,United-States,>50K
62,272209,9,0,0,99,Private,HS-grad,Divorced,Priv-house-serv,Unmarried,Black,Female,United-States,<=50K
62,181014,13,0,0,40,MISSING,Bachelors,Married-civ-spouse,MISSING,Husband,White,Male,United-States,<=50K
47,99911,8,0,0,55,Private,12th,Married-spouse-absent,Exec-managerial,Not-in-family,White,Female,United-States,<=50K
37,82521,13,15024,0,40,Private,Bachelors,Married-civ-spouse,Exec-managerial,Husband,White,Male,United-States,>50K
57,329792,4,0,0,75,Private,7th-8th,Divorced,Transport-moving,Unmarried,White,Male,United-States,<=50K
26,205109,14,0,0,40,Private,Masters,Never-married,Prof-specialty,Not-in-family,White,Female,United-States,<=50K
62,122246,10,8614,0,39,Private,Some-college,Never-married,Craft-repair,Not-in-family,White,Female,United-States,>50K
41,221947,10,0,1887,50,Private,Some-college,Married-civ-spouse,Exec-managerial,Husband,White,Male,United-States,>50K
43,257780,9,0,0,40,Private,HS-grad,Married-civ-spouse,Adm-clerical,Husband,White,Male,United-States,<=50K
33,180859,9,0,0,40,Private,HS-grad,Divorced,Exec-managerial,Not-in-family,White,Male,United-States,<=50K
25,254746,11,0,0,40,Private,Assoc-voc,Never-married,Adm-clerical,Not-in-family,White,Female,United-States,<=50K
20,210338,10,0,0,15,Private,Some-college,Never-married,Other-service,Own-child,White,Female,United-States,<=50K
37,108540,9,0,0,40,Local-gov,HS-grad,Married-civ-spouse,Craft-repair,Husband,White,Male,United-States,<=50K
26,210812,10,0,0,43,Private,Some-college,Divorced,Craft-repair,Not-in-family,White,Male,United-States,<=50K
35,49352,10,0,0,38,State-gov,Some-college,Never-married,Adm-clerical,Own-child,White,Female,United-States,<=50K
43,302041,9,0,0,40,Private,HS-grad,Never-married,Adm-clerical,Not-in-family,Black,Female,United-States,<=50K
37,166497,9,0,0,38,Private,HS-grad,Never-married,Adm-clerical,Own-child,White,Male,United-States,<=50K
65,176796,16,0,0,40,Private,Doctorate,Widowed,Prof-specialty,Not-in-family,White,Female,United-States,<=50K
34,113530,13,0,0,40,Private,Bachelors,Married-civ-spouse,Exec-managerial,Husband,White,Male,United-States,<=50K
25,210095,3,0,0,25,MISSING,5th-6th,Never-married,MISSING,Unmarried,White,Female,El-Salvador,<=50K
36,226918,13,0,0,48,Private,Bachelors,Never-married,Sales,Not-in-family,Black,Male,United-States,<=50K
47,169092,14,0,0,50,Private,Masters,Divorced,Prof-specialty,Unmarried,White,Female,United-States,>50K
66,76212,9,0,0,50,Self-emp-inc,HS-grad,Married-civ-spouse,Transport-moving,Husband,White,Male,United-States,>50K
54,173050,14,7688,0,40,Local-gov,Masters,Married-civ-spouse,Prof-specialty,Husband,White,Male,United-States,>50K
51,165614,14,0,0,55,Private,Masters,Never-married,Prof-specialty,Not-in-family,White,Male,United-States,>50K
41,145441,11,0,0,40,Self-emp-not-inc,Assoc-voc,Married-civ-spouse,Craft-repair,Husband,White,Male,Yugoslavia,<=50K
28,108569,13,0,0,43,Private,Bachelors,Married-civ-spouse,Prof-specialty,Husband,White,Male,United-States,<=50K
46,206357,3,0,0,40,MISSING,5th-6th,Married-civ-spouse,MISSING,Wife,White,Female,Mexico,<=50K
35,167062,9,0,0,40,Private,HS-grad,Married-civ-spouse,Adm-clerical,Husband,White,Male,United-States,<=50K
54,220115,10,0,0,30,Private,Some-college,Divorced,Adm-clerical,Not-in-family,White,Male,United-States,<=50K
35,54953,9,0,0,40,Private,HS-grad,Married-civ-spouse,Craft-repair,Husband,White,Male,United-States,<=50K
22,306967,10,0,0,25,Private,Some-college,Never-married,Adm-clerical,Not-in-family,White,Female,United-States,<=50K
22,211968,10,0,0,40,MISSING,Some-college,Never-married,MISSING,Own-child,White,Female,Iran,<=50K
47,174525,9,3942,0,40,MISSING,HS-grad,Married-civ-spouse,MISSING,Husband,White,Male,MISSING,<=50K
40,130571,9,0,0,40,Private,HS-grad,Never-married,Other-service,Not-in-family,White,Female,United-States,<=50K
48,55237,13,0,0,45,Private,Bachelors,Married-civ-spouse,Craft-repair,Husband,White,Male,United-States,>50K
23,315065,10,0,0,35,Private,Some-college,Never-married,Other-service,Unmarried,White,Male,Mexico,<=50K
23,161708,13,0,0,30,Private,Bachelors,Never-married,Other-service,Own-child,White,Female,United-States,<=50K
21,82497,10,0,0,30,Private,Some-college,Never-married,Other-service,Not-in-family,White,Female,United-States,<=50K
32,183801,9,0,0,40,Private,HS-grad,Divorced,Craft-repair,Own-child,White,Male,United-States,<=50K
37,241463,9,0,1848,65,Self-emp-not-inc,HS-grad,Married-civ-spouse,Exec-managerial,Husband,White,Male,United-States,>50K
30,127610,13,0,0,35,Federal-gov,Bachelors,Never-married,Adm-clerical,Not-in-family,White,Female,United-States,<=50K
59,230899,5,0,0,40,Private,9th,Separated,Machine-op-inspct,Unmarried,White,Female,Mexico,<=50K
26,90277,9,0,0,40,Private,HS-grad,Never-married,Adm-clerical,Own-child,White,Male,MISSING,<=50K
39,186183,14,0,0,40,Private,Masters,Married-civ-spouse,Prof-specialty,Husband,White,Male,United-States,>50K
35,193961,13,0,0,40,Private,Bachelors,Married-civ-spouse,Prof-specialty,Husband,Asian-Pac-Islander,Male,Philippines,>50K
18,434430,9,0,0,30,Private,HS-grad,Never-married,Prof-specialty,Not-in-family,White,Male,United-States,<=50K
53,103931,10,0,0,40,Private,Some-college,Married-civ-spouse,Prof-specialty,Husband,White,Male,United-States,<=50K
72,289930,13,991,0,7,MISSING,Bachelors,Separated,MISSING,Not-in-family,White,Female,United-States,<=50K
20,117109,10,0,0,24,Private,Some-college,Never-married,Adm-clerical,Other-relative,Black,Female,United-States,<=50K
37,397877,13,0,0,40,Local-gov,Bachelors,Married-civ-spouse,Adm-clerical,Husband,White,Male,United-States,>50K
31,261943,10,0,0,40,Private,Some-college,Married-civ-spouse,Exec-managerial,Husband,White,Male,United-States,<=50K
53,200190,10,0,0,40,Private,Some-college,Divorced,Craft-repair,Not-in-family,White,Male,United-States,>50K
32,164197,13,0,0,44,Private,Bachelors,Married-civ-spouse,Craft-repair,Husband,White,Male,United-States,>50K
36,151094,11,0,0,48,Self-emp-not-inc,Assoc-voc,Separated,Exec-managerial,Not-in-family,White,Male,United-States,<=50K
51,94432,9,0,0,55,Self-emp-not-inc,HS-grad,Married-civ-spouse,Farming-fishing,Husband,White,Male,United-States,>50K
32,116677,9,0,0,40,Private,HS-grad,Married-civ-spouse,Craft-repair,Husband,White,Male,United-States,<=50K
57,206206,13,0,0,40,Private,Bachelors,Married-civ-spouse,Sales,Husband,White,Male,United-States,>50K
47,162236,13,0,0,40,Self-emp-not-inc,Bachelors,Never-married,Craft-repair,Not-in-family,White,Female,United-States,<=50K
42,240255,11,0,0,40,Private,Assoc-voc,Married-civ-spouse,Prof-specialty,Husband,Black,Male,United-States,>50K
19,20469,9,0,0,12,MISSING,HS-grad,Never-married,MISSING,Other-relative,Asian-Pac-Islander,Female,South,<=50K
30,27153,9,0,0,50,Private,HS-grad,Never-married,Handlers-cleaners,Not-in-family,White,Male,United-States,<=50K
40,162098,9,0,0,30,Private,HS-grad,Divorced,Adm-clerical,Unmarried,White,Female,United-States,<=50K
23,174413,13,0,0,40,Private,Bachelors,Never-married,Exec-managerial,Not-in-family,White,Female,United-States,<=50K
35,283237,9,0,0,40,Private,HS-grad,Never-married,Machine-op-inspct,Own-child,White,Male,United-States,<=50K
29,251854,13,0,0,40,Private,Bachelors,Never-married,Adm-clerical,Not-in-family,Black,Female,United-States,<=50K
22,238917,2,0,0,24,Private,1st-4th,Never-married,Machine-op-inspct,Not-in-family,White,Male,Mexico,<=50K
55,82098,9,0,0,55,Private,HS-grad,Married-civ-spouse,Exec-managerial,Husband,Asian-Pac-Islander,Male,United-States,<=50K
45,107231,13,0,0,45,Self-emp-not-inc,Bachelors,Divorced,Prof-specialty,Not-in-family,White,Male,France,<=50K
47,334039,13,7298,0,44,Private,Bachelors,Married-civ-spouse,Exec-managerial,Husband,White,Male,United-States,>50K
21,242912,9,0,0,35,Private,HS-grad,Never-married,Other-service,Other-relative,White,Female,United-States,<=50K
20,138768,9,0,0,30,Private,HS-grad,Never-married,Transport-moving,Own-child,White,Male,United-States,<=50K
29,358124,9,0,0,52,Private,HS-grad,Never-married,Other-service,Other-relative,Black,Female,United-States,<=50K
28,215955,13,3103,0,40,Private,Bachelors,Married-civ-spouse,Exec-managerial,Husband,White,Male,United-States,>50K
30,207564,10,0,0,40,Private,Some-college,Married-civ-spouse,Adm-clerical,Wife,White,Female,United-States,<=50K
48,114561,13,0,0,36,Private,Bachelors,Married-spouse-absent,Prof-specialty,Other-relative,Asian-Pac-Islander,Female,Philippines,>50K
18,202516,9,0,0,35,MISSING,HS-grad,Never-married,MISSING,Own-child,White,Female,United-States,<=50K
24,228649,13,0,0,38,Private,Bachelors,Never-married,Adm-clerical,Own-child,White,Male,United-States,<=50K
67,37092,4,0,0,4,MISSING,7th-8th,Married-civ-spouse,MISSING,Husband,White,Male,United-States,<=50K
20,41432,10,0,0,46,Private,Some-college,Never-married,Adm-clerical,Own-child,White,Female,United-States,<=50K
24,493034,9,13550,0,50,Self-emp-inc,HS-grad,Never-married,Other-service,Not-in-family,Black,Male,United-States,>50K
40,129298,9,0,0,45,Self-emp-not-inc,HS-grad,Married-civ-spouse,Other-service,Husband,White,Male,United-States,<=50K
18,34125,6,0,0,28,Private,10th,Never-married,Other-service,Own-child,White,Female,United-States,<=50K
18,338632,7,0,0,16,Private,11th,Never-married,Other-service,Own-child,White,Male,United-States,<=50K
34,194325,9,0,0,45,Local-gov,HS-grad,Married-civ-spouse,Transport-moving,Husband,White,Male,United-States,<=50K
18,79443,5,0,0,40,Private,9th,Never-married,Machine-op-inspct,Own-child,White,Male,Mexico,<=50K
68,45508,3,0,0,22,Private,5th-6th,Married-spouse-absent,Sales,Not-in-family,White,Male,United-States,<=50K
47,93449,9,0,0,60,Private,HS-grad,Married-civ-spouse,Craft-repair,Husband,Asian-Pac-Islander,Male,Japan,<=50K
47,275095,10,0,0,40,Private,Some-college,Divorced,Machine-op-inspct,Not-in-family,White,Female,United-States,<=50K
21,351084,9,0,0,40,Private,HS-grad,Never-married,Adm-clerical,Not-in-family,White,Female,United-States,<=50K
50,63000,10,0,0,60,Private,Some-college,Married-civ-spouse,Sales,Husband,White,Male,United-States,>50K
58,300623,9,0,0,40,State-gov,HS-grad,Divorced,Adm-clerical,Unmarried,White,Female,United-States,<=50K
47,114770,9,0,0,32,Private,HS-grad,Divorced,Other-service,Own-child,White,Female,United-States,<=50K
57,190997,13,0,0,50,Private,Bachelors,Married-civ-spouse,Exec-managerial,Husband,White,Male,United-States,>50K
64,114994,9,0,0,20,Private,HS-grad,Married-civ-spouse,Other-service,Husband,White,Male,United-States,<=50K
56,92215,5,0,0,40,Private,9th,Divorced,Craft-repair,Not-in-family,White,Female,United-States,>50K
34,191291,10,0,0,40,Private,Some-college,Never-married,Craft-repair,Not-in-family,White,Male,United-States,<=50K
24,293324,9,0,0,40,Private,HS-grad,Married-civ-spouse,Machine-op-inspct,Husband,White,Male,United-States,<=50K
30,169589,10,0,0,40,Private,Some-college,Married-civ-spouse,Adm-clerical,Husband,White,Male,United-States,<=50K
61,159046,4,0,0,40,Private,7th-8th,Married-civ-spouse,Transport-moving,Husband,White,Male,United-States,<=50K
27,271714,10,0,0,30,Private,Some-college,Never-married,Other-service,Own-child,White,Female,United-States,<=50K
29,198493,11,0,0,40,State-gov,Assoc-voc,Married-civ-spouse,Protective-serv,Husband,White,Male,United-States,>50K
42,212206,14,0,1887,48,MISSING,Masters,Married-civ-spouse,MISSING,Wife,White,Female,United-States,>50K
61,226989,9,4865,0,40,MISSING,HS-grad,Divorced,MISSING,Not-in-family,White,Male,United-States,<=50K
34,37210,9,0,0,50,Private,HS-grad,Never-married,Adm-clerical,Own-child,White,Male,United-States,<=50K
22,138768,10,0,0,50,Private,Some-college,Never-married,Exec-managerial,Own-child,White,Male,United-States,<=50K
24,141040,10,0,0,40,Private,Some-college,Never-married,Adm-clerical,Own-child,Black,Female,United-States,<=50K
25,150553,5,0,0,40,Private,9th,Married-spouse-absent,Adm-clerical,Unmarried,Asian-Pac-Islander,Female,Vietnam,<=50K
31,114324,11,0,0,40,Private,Assoc-voc,Never-married,Other-service,Not-in-family,Black,Female,United-States,<=50K
45,148900,13,0,0,50,Private,Bachelors,Married-civ-spouse,Prof-specialty,Husband,White,Male,United-States,>50K
35,334291,10,0,0,50,Private,Some-college,Married-civ-spouse,Craft-repair,Husband,White,Male,United-States,<=50K
35,113481,16,0,0,60,Private,Doctorate,Married-civ-spouse,Prof-specialty,Husband,White,Male,United-States,<=50K
69,28197,9,0,0,60,MISSING,HS-grad,Married-civ-spouse,MISSING,Husband,White,Male,United-States,>50K
45,118291,10,0,0,80,Private,Some-college,Never-married,Craft-repair,Not-in-family,White,Female,United-States,<=50K
25,221757,9,3325,0,45,Private,HS-grad,Divorced,Craft-repair,Not-in-family,White,Male,United-States,<=50K
21,109667,10,0,0,40,Private,Some-college,Never-married,Other-service,Own-child,White,Male,United-States,<=50K
53,539864,10,0,0,20,Private,Some-college,Divorced,Craft-repair,Not-in-family,White,Male,United-States,<=50K
21,176356,12,0,0,20,Private,Assoc-acdm,Never-married,Adm-clerical,Own-child,White,Female,United-States,<=50K
40,79036,11,0,0,50,Private,Assoc-voc,Divorced,Transport-moving,Not-in-family,White,Male,United-States,>50K
31,47151,9,0,0,56,Private,HS-grad,Never-married,Other-service,Not-in-family,White,Female,United-States,<=50K
38,43712,7,0,1887,45,Self-emp-not-inc,11th,Married-civ-spouse,Exec-managerial,Husband,White,Male,United-States,>50K
26,162312,10,0,0,20,Private,Some-college,Never-married,Adm-clerical,Not-in-family,Asian-Pac-Islander,Male,Philippines,<=50K
43,184846,9,0,0,60,Private,HS-grad,Widowed,Machine-op-inspct,Unmarried,White,Female,United-States,<=50K
44,387844,8,0,0,40,Local-gov,12th,Married-civ-spouse,Handlers-cleaners,Husband,White,Male,United-States,<=50K
34,96245,9,0,0,40,Self-emp-not-inc,HS-grad,Married-civ-spouse,Machine-op-inspct,Husband,White,Male,United-States,<=50K
21,157893,9,0,0,40,Private,HS-grad,Never-married,Transport-moving,Own-child,White,Female,United-States,<=50K
40,111483,13,7298,0,40,Private,Bachelors,Married-civ-spouse,Exec-managerial,Husband,White,Male,United-States,>50K
21,190227,10,0,0,40,Private,Some-college,Never-married,Adm-clerical,Own-child,White,Male,United-States,<=50K
53,215790,10,0,0,22,Private,Some-college,Widowed,Adm-clerical,Other-relative,White,Female,United-States,<=50K
17,224073,7,0,0,20,Private,11th,Never-married,Sales,Own-child,White,Male,United-States,<=50K
59,145574,12,0,0,35,MISSING,Assoc-acdm,Married-civ-spouse,MISSING,Husband,White,Male,United-States,>50K
26,221626,9,0,1579,20,Self-emp-not-inc,HS-grad,Married-civ-spouse,Other-service,Wife,White,Female,United-States,<=50K
50,100480,14,0,0,60,Local-gov,Masters,Married-civ-spouse,Exec-managerial,Husband,White,Male,United-States,>50K
45,178922,9,0,0,20,Private,HS-grad,Never-married,Sales,Not-in-family,White,Female,United-States,<=50K
36,206521,13,0,0,60,Private,Bachelors,Married-civ-spouse,Sales,Husband,White,Male,United-States,>50K
45,209482,14,0,0,45,Local-gov,Masters,Married-civ-spouse,Prof-specialty,Wife,White,Female,United-States,>50K
33,361497,9,0,0,70,Private,HS-grad,Never-married,Transport-moving,Not-in-family,White,Male,United-States,<=50K
59,453067,10,0,0,36,Private,Some-college,Married-civ-spouse,Prof-specialty,Husband,White,Male,United-States,>50K
52,254285,16,0,1887,70,State-gov,Doctorate,Married-civ-spouse,Prof-specialty,Husband,White,Male,Germany,>50K
45,374450,9,5178,0,40,Local-gov,HS-grad,Married-civ-spouse,Transport-moving,Wife,White,Female,United-States,>50K
36,108997,9,0,0,40,Private,HS-grad,Divorced,Adm-clerical,Unmarried,White,Female,United-States,<=50K
56,130454,13,0,0,40,Federal-gov,Bachelors,Married-civ-spouse,Prof-specialty,Husband,White,Male,United-States,>50K
51,143741,10,0,0,40,Private,Some-college,Married-civ-spouse,Other-service,Wife,White,Female,United-States,>50K
20,238917,9,0,0,40,Private,HS-grad,Never-married,Craft-repair,Other-relative,White,Male,El-Salvador,<=50K
28,84547,13,0,0,40,Private,Bachelors,Married-civ-spouse,Tech-support,Husband,White,Male,United-States,>50K
65,36209,6,0,0,22,Private,10th,Married-civ-spouse,Handlers-cleaners,Husband,White,Male,United-States,>50K
23,243190,10,0,0,20,MISSING,Some-college,Never-married,MISSING,Own-child,Asian-Pac-Islander,Male,China,<=50K
25,211231,9,0,0,48,Private,HS-grad,Married-civ-spouse,Tech-support,Other-relative,White,Female,United-States,>50K
43,188280,14,914,0,40,Local-gov,Masters,Divorced,Prof-specialty,Unmarried,White,Female,United-States,<=50K
47,206659,10,0,0,40,Private,Some-college,Divorced,Adm-clerical,Other-relative,White,Female,United-States,<=50K
18,60981,6,0,0,30,Private,10th,Never-married,Other-service,Own-child,White,Female,United-States,<=50K
24,33088,7,0,0,40,Private,11th,Never-married,Handlers-cleaners,Not-in-family,White,Male,United-States,<=50K
31,316672,9,0,0,40,Private,HS-grad,Never-married,Other-service,Unmarried,White,Female,Mexico,<=50K
48,184682,9,0,0,18,MISSING,HS-grad,Never-married,MISSING,Own-child,White,Female,United-States,<=50K
28,199998,9,0,0,25,Private,HS-grad,Separated,Other-service,Not-in-family,White,Female,United-States,<=50K
58,113806,13,7688,0,30,Self-emp-inc,Bachelors,Married-civ-spouse,Exec-managerial,Husband,White,Male,United-States,>50K
23,160951,9,2597,0,40,Private,HS-grad,Never-married,Craft-repair,Own-child,Black,Male,United-States,<=50K
42,156580,10,0,0,37,Private,Some-college,Married-civ-spouse,Machine-op-inspct,Wife,White,Female,United-States,>50K
26,190350,13,0,0,35,Local-gov,Bachelors,Never-married,Prof-specialty,Own-child,Black,Female,United-States,<=50K
62,134768,16,7688,0,40,Private,Doctorate,Married-civ-spouse,Prof-specialty,Husband,White,Male,MISSING,>50K
63,46907,13,0,0,8,MISSING,Bachelors,Married-civ-spouse,MISSING,Husband,White,Male,United-States,>50K
47,232628,9,0,0,40,Private,HS-grad,Married-civ-spouse,Craft-repair,Husband,Black,Male,United-States,<=50K
19,188669,10,0,0,25,Private,Some-college,Never-married,Sales,Own-child,White,Female,United-States,<=50K
68,146645,16,20051,0,50,MISSING,Doctorate,Married-civ-spouse,MISSING,Husband,White,Male,United-States,>50K
31,651396,9,0,1594,30,Private,HS-grad,Never-married,Sales,Own-child,White,Female,United-States,<=50K
20,40060,10,0,0,56,MISSING,Some-college,Never-married,MISSING,Own-child,White,Male,United-States,<=50K
47,103020,4,0,0,40,Private,7th-8th,Married-civ-spouse,Machine-op-inspct,Wife,Other,Female,Puerto-Rico,<=50K
39,101020,8,0,0,40,Private,12th,Married-civ-spouse,Machine-op-inspct,Husband,White,Male,United-States,<=50K
17,226717,8,0,0,20,Private,12th,Never-married,Handlers-cleaners,Own-child,White,Male,United-States,<=50K
47,189680,13,0,1977,40,Private,Bachelors,Married-civ-spouse,Sales,Husband,White,Male,United-States,>50K
21,83033,10,0,0,25,Private,Some-college,Never-married,Other-service,Not-in-family,White,Female,Germany,<=50K
27,704108,14,0,0,40,Private,Masters,Never-married,Prof-specialty,Not-in-family,White,Male,United-States,<=50K
25,431861,9,0,0,40,Private,HS-grad,Married-civ-spouse,Transport-moving,Husband,White,Male,United-States,<=50K
43,184625,9,0,0,40,Private,HS-grad,Married-civ-spouse,Adm-clerical,Wife,White,Female,United-States,>50K
42,116632,16,0,0,45,Private,Doctorate,Married-civ-spouse,Prof-specialty,Husband,White,Male,United-States,>50K
33,377283,13,0,0,50,Private,Bachelors,Separated,Sales,Not-in-family,White,Female,United-States,>50K
39,165799,9,0,0,40,Private,HS-grad,Married-civ-spouse,Exec-managerial,Husband,White,Male,United-States,<=50K
27,51025,9,0,0,40,Private,HS-grad,Never-married,Other-service,Not-in-family,White,Female,United-States,<=50K
35,170092,9,0,0,20,Private,HS-grad,Married-spouse-absent,Other-service,Unmarried,Black,Female,United-States,<=50K
27,188711,10,0,0,30,MISSING,Some-college,Divorced,MISSING,Not-in-family,White,Male,United-States,<=50K
19,343200,10,0,0,25,Private,Some-college,Never-married,Sales,Own-child,White,Female,United-States,<=50K
35,45937,9,0,0,40,Private,HS-grad,Never-married,Machine-op-inspct,Not-in-family,White,Female,United-States,<=50K
29,142443,13,0,0,60,Local-gov,Bachelors,Married-civ-spouse,Prof-specialty,Husband,White,Male,United-States,<=50K
49,94638,9,0,0,40,Private,HS-grad,Separated,Adm-clerical,Unmarried,White,Female,United-States,<=50K
30,204374,13,0,1741,48,Private,Bachelors,Never-married,Sales,Not-in-family,White,Male,United-States,<=50K
19,38619,10,0,0,66,Private,Some-college,Never-married,Farming-fishing,Own-child,White,Male,United-States,<=50K
41,187881,10,3942,0,40,Private,Some-college,Married-civ-spouse,Sales,Husband,White,Male,United-States,<=50K
66,132055,9,0,1825,40,State-gov,HS-grad,Married-civ-spouse,Exec-managerial,Husband,White,Male,United-States,>50K
44,165492,10,0,0,40,Private,Some-college,Married-civ-spouse,Sales,Husband,White,Male,United-States,>50K
28,188711,13,0,0,20,Private,Bachelors,Never-married,Transport-moving,Unmarried,White,Male,United-States,<=50K
38,117528,13,0,0,45,Private,Bachelors,Never-married,Other-service,Other-relative,White,Female,United-States,<=50K
24,611029,6,0,0,40,Private,10th,Married-civ-spouse,Handlers-cleaners,Husband,White,Male,United-States,<=50K
29,53642,11,0,0,40,Private,Assoc-voc,Married-civ-spouse,Adm-clerical,Husband,White,Male,United-States,<=50K
26,165510,9,0,0,40,Private,HS-grad,Divorced,Craft-repair,Unmarried,White,Male,United-States,<=50K
27,244315,9,0,0,40,Private,HS-grad,Divorced,Craft-repair,Other-relative,Other,Male,United-States,<=50K
32,198211,11,0,0,40,Local-gov,Assoc-voc,Married-spouse-absent,Craft-repair,Not-in-family,White,Male,United-States,<=50K
72,82635,7,0,0,40,MISSING,11th,Married-civ-spouse,MISSING,Husband,White,Male,United-States,<=50K
32,155781,10,0,0,40,Private,Some-college,Married-civ-spouse,Handlers-cleaners,Husband,White,Male,United-States,<=50K
25,29599,9,0,0,40,Private,HS-grad,Never-married,Farming-fishing,Not-in-family,White,Male,United-States,<=50K
19,57206,9,0,0,20,Private,HS-grad,Never-married,Sales,Own-child,White,Female,United-States,<=50K
27,36440,15,0,0,65,Private,Prof-school,Never-married,Prof-specialty,Not-in-family,White,Female,United-States,>50K
34,188900,13,0,0,40,Private,Bachelors,Married-civ-spouse,Exec-managerial,Wife,White,Female,United-States,<=50K
28,197905,9,0,0,50,Private,HS-grad,Married-civ-spouse,Craft-repair,Husband,White,Male,United-States,<=50K
49,224393,13,0,0,55,Private,Bachelors,Married-civ-spouse,Exec-managerial,Husband,White,Male,United-States,>50K
33,206512,10,0,0,40,Private,Some-college,Divorced,Prof-specialty,Not-in-family,White,Male,United-States,<=50K
51,306785,9,0,0,40,Private,HS-grad,Divorced,Adm-clerical,Not-in-family,White,Female,United-States,<=50K
18,76142,7,0,0,8,State-gov,11th,Never-married,Other-service,Own-child,White,Male,United-States,<=50K
45,275995,13,0,0,50,Private,Bachelors,Married-civ-spouse,Tech-support,Husband,White,Male,United-States,>50K
26,183224,10,0,0,35,Private,Some-college,Never-married,Adm-clerical,Own-child,Asian-Pac-Islander,Female,United-States,<=50K
44,124924,11,0,0,44,Local-gov,Assoc-voc,Never-married,Craft-repair,Not-in-family,White,Male,United-States,<=50K
25,143280,6,0,0,24,Private,10th,Never-married,Priv-house-serv,Own-child,White,Female,United-States,<=50K
37,264503,9,0,0,40,Local-gov,HS-grad,Married-civ-spouse,Protective-serv,Husband,White,Male,United-States,<=50K
69,122850,6,0,0,20,Local-gov,10th,Married-civ-spouse,Exec-managerial,Husband,White,Male,United-States,<=50K
39,194004,9,0,0,70,Self-emp-not-inc,HS-grad,Married-civ-spouse,Sales,Husband,White,Male,United-States,<=50K
18,142751,6,0,0,40,Private,10th,Never-married,Handlers-cleaners,Not-in-family,White,Male,United-States,<=50K
34,81206,9,0,0,40,Private,HS-grad,Divorced,Handlers-cleaners,Not-in-family,Black,Male,United-States,<=50K
30,326104,9,0,0,40,Local-gov,HS-grad,Married-civ-spouse,Protective-serv,Husband,White,Male,United-States,>50K
65,258561,13,0,0,20,Private,Bachelors,Married-civ-spouse,Other-service,Husband,White,Male,United-States,<=50K
56,117872,11,0,0,40,Private,Assoc-voc,Married-civ-spouse,Craft-repair,Husband,Black,Male,United-States,>50K
41,340682,9,0,0,40,Local-gov,HS-grad,Divorced,Adm-clerical,Not-in-family,White,Female,United-States,<=50K
45,71823,10,0,0,20,Federal-gov,Some-college,Married-civ-spouse,Adm-clerical,Husband,Black,Male,United-States,<=50K
57,200316,10,0,0,40,Private,Some-college,Married-civ-spouse,Craft-repair,Husband,White,Male,United-States,>50K
30,331419,12,4787,0,50,Private,Assoc-acdm,Never-married,Craft-repair,Not-in-family,White,Male,United-States,>50K
34,420749,9,0,0,30,Private,HS-grad,Married-civ-spouse,Craft-repair,Husband,White,Male,Germany,<=50K
25,406955,9,0,0,40,Federal-gov,HS-grad,Never-married,Adm-clerical,Other-relative,White,Female,United-States,<=50K
45,298130,9,0,0,25,Self-emp-not-inc,HS-grad,Married-civ-spouse,Exec-managerial,Husband,White,Male,United-States,<=50K
23,69847,13,0,0,20,Private,Bachelors,Never-married,Prof-specialty,Own-child,Asian-Pac-Islander,Female,United-States,<=50K
52,139347,9,0,0,40,Private,HS-grad,Married-civ-spouse,Transport-moving,Wife,White,Female,United-States,<=50K
27,105598,9,0,0,40,Private,HS-grad,Never-married,Adm-clerical,Not-in-family,White,Male,United-States,<=50K
46,96552,10,0,0,17,Private,Some-college,Divorced,Machine-op-inspct,Own-child,White,Female,United-States,<=50K
22,194031,10,0,0,15,Private,Some-college,Never-married,Other-service,Own-child,White,Female,United-States,<=50K
22,195532,13,8614,0,40,Private,Bachelors,Never-married,Prof-specialty,Not-in-family,White,Female,United-States,>50K
51,143822,10,7298,0,40,Private,Some-college,Married-civ-spouse,Craft-repair,Husband,White,Male,United-States,>50K
39,195253,15,0,0,45,Self-emp-not-inc,Prof-school,Married-civ-spouse,Prof-specialty,Husband,White,Male,United-States,>50K
29,380560,5,0,0,40,Private,9th,Married-civ-spouse,Machine-op-inspct,Husband,White,Male,Mexico,<=50K
25,186294,9,0,0,50,Private,HS-grad,Never-married,Adm-clerical,Not-in-family,White,Female,United-States,<=50K
50,40623,10,0,0,40,Private,Some-college,Divorced,Sales,Not-in-family,White,Female,United-States,<=50K
30,37646,10,0,0,40,Private,Some-college,Married-civ-spouse,Handlers-cleaners,Husband,White,Male,United-States,<=50K
30,381153,10,0,0,40,Private,Some-college,Married-civ-spouse,Craft-repair,Husband,White,Male,United-States,<=50K
62,162825,9,0,0,40,Private,HS-grad,Married-civ-spouse,Machine-op-inspct,Husband,White,Male,United-States,>50K
59,75804,9,0,0,65,Self-emp-not-inc,HS-grad,Married-civ-spouse,Farming-fishing,Husband,White,Male,United-States,>50K
35,360799,9,7298,0,40,Private,HS-grad,Married-civ-spouse,Craft-repair,Husband,White,Male,United-States,>50K
57,375868,14,0,0,40,Private,Masters,Married-civ-spouse,Adm-clerical,Husband,White,Male,United-States,<=50K
40,118001,6,0,0,40,Private,10th,Married-civ-spouse,Craft-repair,Husband,Black,Male,United-States,<=50K
23,216129,12,0,0,30,Self-emp-not-inc,Assoc-acdm,Never-married,Craft-repair,Not-in-family,White,Male,United-States,<=50K
28,137296,12,0,0,40,Private,Assoc-acdm,Never-married,Other-service,Not-in-family,Black,Female,United-States,<=50K
36,88967,7,0,0,65,Private,11th,Never-married,Transport-moving,Unmarried,Amer-Indian-Eskimo,Male,United-States,<=50K
36,146625,7,0,0,12,Private,11th,Widowed,Other-service,Unmarried,Black,Female,United-States,<=50K
25,191921,10,0,0,40,Private,Some-college,Never-married,Transport-moving,Own-child,White,Male,United-States,<=50K
63,102479,13,0,0,40,Private,Bachelors,Divorced,Exec-managerial,Not-in-family,White,Female,United-States,<=50K
33,178615,12,0,0,40,Private,Assoc-acdm,Married-civ-spouse,Craft-repair,Husband,White,Male,United-States,<=50K
23,336360,4,0,0,40,Private,7th-8th,Never-married,Craft-repair,Own-child,Black,Male,United-States,<=50K
21,275190,10,0,0,20,Private,Some-college,Never-married,Sales,Own-child,White,Female,United-States,<=50K
39,98948,12,0,0,40,Private,Assoc-acdm,Never-married,Sales,Not-in-family,White,Female,United-States,<=50K
53,239284,9,0,0,40,Private,HS-grad,Divorced,Adm-clerical,Unmarried,White,Female,United-States,<=50K
36,223433,14,7688,0,50,Private,Masters,Married-civ-spouse,Sales,Husband,White,Male,United-States,>50K
30,159589,14,0,0,46,MISSING,Masters,Married-civ-spouse,MISSING,Husband,White,Male,United-States,>50K
20,170038,9,0,0,40,Private,HS-grad,Never-married,Sales,Not-in-family,White,Female,United-States,<=50K
37,103925,13,0,0,50,Self-emp-not-inc,Bachelors,Married-civ-spouse,Sales,Wife,White,Female,United-States,<=50K
39,269323,10,0,0,40,Private,Some-college,Married-civ-spouse,Exec-managerial,Husband,White,Male,United-States,>50K
39,172855,9,0,0,40,Private,HS-grad,Divorced,Adm-clerical,Unmarried,Black,Female,United-States,<=50K
46,116789,9,0,0,40,Private,HS-grad,Married-civ-spouse,Adm-clerical,Husband,White,Male,United-States,>50K
39,160728,9,2977,0,40,Private,HS-grad,Divorced,Machine-op-inspct,Unmarried,White,Male,United-States,<=50K
30,311696,7,0,0,30,Private,11th,Married-civ-spouse,Other-service,Wife,Black,Female,United-States,<=50K
26,269060,9,0,0,40,Private,HS-grad,Never-married,Adm-clerical,Not-in-family,White,Female,United-States,<=50K
43,427382,14,0,0,50,Private,Masters,Never-married,Prof-specialty,Not-in-family,White,Male,United-States,>50K
31,340917,9,14344,0,40,Private,HS-grad,Never-married,Craft-repair,Unmarried,White,Male,United-States,>50K
23,167424,10,0,0,35,Private,Some-college,Never-married,Other-service,Own-child,White,Female,United-States,<=50K
43,110970,13,0,1902,40,Private,Bachelors,Married-civ-spouse,Prof-specialty,Husband,White,Male,United-States,>50K
53,30290,9,0,0,40,Private,HS-grad,Never-married,Sales,Not-in-family,White,Female,United-States,<=50K
50,226735,10,0,0,70,Private,Some-college,Married-civ-spouse,Protective-serv,Husband,Black,Male,United-States,>50K
61,260167,9,0,0,40,Local-gov,HS-grad,Widowed,Prof-specialty,Not-in-family,White,Female,United-States,<=50K
21,180339,10,0,0,45,Private,Some-college,Never-married,Adm-clerical,Not-in-family,White,Female,United-States,<=50K
34,58305,9,0,1573,40,Private,HS-grad,Married-civ-spouse,Craft-repair,Husband,White,Male,United-States,<=50K
30,164552,13,0,1876,40,Federal-gov,Bachelors,Never-married,Prof-specialty,Not-in-family,White,Male,United-States,<=50K
40,187702,10,0,0,50,Private,Some-college,Never-married,Exec-managerial,Not-in-family,White,Male,United-States,>50K
49,115784,11,0,0,45,Private,Assoc-voc,Married-civ-spouse,Handlers-cleaners,Husband,White,Male,United-States,<=50K
53,236873,14,0,0,40,Local-gov,Masters,Married-civ-spouse,Exec-managerial,Husband,Black,Male,United-States,>50K
51,125417,14,0,0,42,Self-emp-not-inc,Masters,Married-civ-spouse,Exec-managerial,Husband,White,Male,United-States,>50K
58,100960,5,0,0,40,Private,9th,Married-civ-spouse,Handlers-cleaners,Husband,White,Male,United-States,<=50K
61,97128,13,0,0,45,Private,Bachelors,Married-civ-spouse,Sales,Husband,White,Male,United-States,>50K
36,132879,9,0,0,45,Private,HS-grad,Divorced,Exec-managerial,Unmarried,White,Male,United-States,<=50K
55,98361,13,15024,0,55,Private,Bachelors,Married-civ-spouse,Exec-managerial,Husband,White,Male,United-States,>50K
31,374833,2,0,0,40,Private,1st-4th,Married-civ-spouse,Handlers-cleaners,Husband,White,Male,Mexico,<=50K
37,193855,9,0,1902,50,Private,HS-grad,Married-civ-spouse,Craft-repair,Husband,White,Male,United-States,<=50K
64,222966,4,0,0,40,State-gov,7th-8th,Married-civ-spouse,Other-service,Wife,Black,Female,United-States,<=50K
60,114263,13,0,0,40,Private,Bachelors,Divorced,Exec-managerial,Not-in-family,White,Female,Hungary,>50K
46,345911,10,0,0,40,Local-gov,Some-college,Divorced,Transport-moving,Not-in-family,White,Female,United-States,<=50K
27,212232,10,0,0,40,State-gov,Some-college,Married-civ-spouse,Exec-managerial,Husband,Black,Male,United-States,>50K
27,269354,13,0,0,25,Private,Bachelors,Married-civ-spouse,Sales,Husband,White,Male,MISSING,<=50K
48,207946,9,0,0,52,Private,HS-grad,Divorced,Adm-clerical,Unmarried,White,Female,United-States,<=50K
19,378418,9,0,0,40,State-gov,HS-grad,Never-married,Tech-support,Own-child,White,Female,United-States,<=50K
67,123393,9,6418,0,58,Self-emp-not-inc,HS-grad,Married-civ-spouse,Transport-moving,Husband,White,Male,United-States,>50K
34,269723,9,2977,0,50,Private,HS-grad,Divorced,Exec-managerial,Unmarried,White,Female,United-States,<=50K
27,276776,10,0,0,40,Federal-gov,Some-college,Married-civ-spouse,Tech-support,Husband,White,Male,United-States,>50K
17,210547,6,0,0,40,MISSING,10th,Never-married,MISSING,Own-child,White,Male,United-States,<=50K
42,113147,12,0,0,40,Private,Assoc-acdm,Married-civ-spouse,Prof-specialty,Husband,Black,Male,United-States,<=50K
28,70100,13,0,0,20,State-gov,Bachelors,Never-married,Prof-specialty,Not-in-family,White,Male,United-States,<=50K
25,144259,9,0,0,50,Private,HS-grad,Never-married,Craft-repair,Own-child,Black,Male,United-States,<=50K
54,38795,5,0,0,40,Private,9th,Separated,Craft-repair,Unmarried,White,Male,United-States,<=50K
35,200445,9,0,1974,40,Private,HS-grad,Never-married,Machine-op-inspct,Own-child,White,Male,United-States,<=50K
34,54850,13,0,1590,50,Private,Bachelors,Never-married,Exec-managerial,Not-in-family,White,Male,United-States,<=50K
41,253770,10,7298,0,40,Federal-gov,Some-college,Married-civ-spouse,Transport-moving,Wife,White,Female,United-States,>50K
30,176123,6,0,0,40,Private,10th,Never-married,Machine-op-inspct,Other-relative,Asian-Pac-Islander,Male,Vietnam,<=50K
53,95647,5,0,0,50,Private,9th,Married-civ-spouse,Handlers-cleaners,Husband,White,Male,United-States,<=50K
37,209214,3,0,0,40,Private,5th-6th,Never-married,Machine-op-inspct,Unmarried,White,Female,Mexico,<=50K
19,138153,10,0,0,10,Private,Some-college,Never-married,Adm-clerical,Own-child,White,Female,United-States,<=50K
48,355890,13,0,0,55,MISSING,Bachelors,Married-civ-spouse,MISSING,Husband,White,Male,United-States,>50K
30,347166,9,0,0,60,Private,HS-grad,Never-married,Exec-managerial,Not-in-family,White,Male,United-States,<=50K
66,244661,13,0,0,40,Private,Bachelors,Married-civ-spouse,Adm-clerical,Husband,Asian-Pac-Islander,Male,Philippines,<=50K
18,387568,6,0,0,10,Private,10th,Never-married,Sales,Own-child,White,Male,United-States,<=50K
43,265266,9,0,0,40,Private,HS-grad,Married-civ-spouse,Craft-repair,Husband,White,Male,United-States,<=50K
32,244147,13,0,1876,50,Private,Bachelors,Never-married,Prof-specialty,Not-in-family,White,Male,United-States,<=50K
47,126204,10,0,0,40,Federal-gov,Some-college,Divorced,Adm-clerical,Not-in-family,White,Female,United-States,<=50K
43,167599,7,0,0,25,Private,11th,Married-civ-spouse,Handlers-cleaners,Wife,White,Female,United-States,<=50K
48,180446,6,0,0,40,Private,10th,Married-civ-spouse,Machine-op-inspct,Husband,Black,Male,United-States,<=50K
24,29591,13,0,0,40,Federal-gov,Bachelors,Never-married,Prof-specialty,Not-in-family,Other,Female,United-States,<=50K
51,158948,9,0,0,84,Private,HS-grad,Married-civ-spouse,Transport-moving,Husband,White,Male,United-States,>50K
40,27242,9,0,0,84,Self-emp-not-inc,HS-grad,Married-civ-spouse,Farming-fishing,Husband,White,Male,United-States,<=50K
52,48925,10,0,0,40,Private,Some-college,Married-civ-spouse,Adm-clerical,Husband,White,Male,United-States,<=50K
23,267471,8,0,0,25,Private,12th,Never-married,Sales,Own-child,White,Female,United-States,<=50K
43,260696,14,0,0,20,Self-emp-not-inc,Masters,Divorced,Prof-specialty,Not-in-family,White,Female,United-States,<=50K
32,194426,13,15024,0,40,Private,Bachelors,Married-civ-spouse,Tech-support,Husband,White,Male,United-States,>50K
31,206823,13,0,0,50,Federal-gov,Bachelors,Divorced,Protective-serv,Not-in-family,White,Male,United-States,>50K
36,279721,9,0,0,40,Private,HS-grad,Married-civ-spouse,Transport-moving,Husband,White,Male,United-States,<=50K
34,202210,9,0,0,40,Private,HS-grad,Never-married,Other-service,Unmarried,Black,Female,United-States,<=50K
80,252466,11,0,0,24,Private,Assoc-voc,Married-civ-spouse,Craft-repair,Husband,White,Male,United-States,<=50K
26,101027,9,0,0,48,Private,HS-grad,Married-civ-spouse,Sales,Husband,White,Male,United-States,<=50K
41,116493,9,13550,0,44,Private,HS-grad,Divorced,Craft-repair,Not-in-family,White,Male,United-States,>50K
23,156423,13,0,0,20,State-gov,Bachelors,Never-married,Prof-specialty,Own-child,White,Female,United-States,<=50K
59,153484,13,15024,0,50,Private,Bachelors,Married-civ-spouse,Craft-repair,Husband,White,Male,United-States,>50K
31,113667,9,0,0,25,Private,HS-grad,Never-married,Sales,Unmarried,Black,Female,United-States,<=50K
20,287681,10,0,0,36,MISSING,Some-college,Never-married,MISSING,Own-child,White,Male,United-States,<=50K
29,184723,10,0,0,40,Federal-gov,Some-college,Never-married,Other-service,Not-in-family,White,Female,United-States,>50K
21,202214,12,0,0,10,Private,Assoc-acdm,Never-married,Adm-clerical,Not-in-family,White,Female,United-States,<=50K
51,319054,9,0,0,60,Local-gov,HS-grad,Married-civ-spouse,Transport-moving,Husband,Black,Male,United-States,<=50K
34,271933,9,0,0,40,Private,HS-grad,Married-civ-spouse,Handlers-cleaners,Wife,White,Female,United-States,<=50K
53,225339,10,0,0,40,Federal-gov,Some-college,Widowed,Adm-clerical,Not-in-family,Black,Female,United-States,<=50K
36,135416,10,0,0,50,Self-emp-not-inc,Some-college,Married-civ-spouse,Other-service,Wife,White,Female,United-States,<=50K
55,359972,13,0,1887,40,Private,Bachelors,Married-civ-spouse,Exec-managerial,Husband,White,Male,United-States,>50K
31,196025,16,0,0,60,Private,Doctorate,Married-spouse-absent,Prof-specialty,Not-in-family,Asian-Pac-Islander,Male,China,<=50K
28,206125,10,0,0,40,Private,Some-college,Married-civ-spouse,Craft-repair,Husband,White,Male,United-States,<=50K
30,60426,9,0,0,40,Private,HS-grad,Married-civ-spouse,Adm-clerical,Own-child,Amer-Indian-Eskimo,Female,United-States,<=50K
62,31577,9,0,0,18,MISSING,HS-grad,Married-civ-spouse,MISSING,Husband,White,Male,United-States,<=50K
50,157043,14,2202,0,30,Local-gov,Masters,Divorced,Prof-specialty,Not-in-family,Black,Female,MISSING,<=50K
34,183811,10,0,0,40,Private,Some-college,Never-married,Handlers-cleaners,Not-in-family,White,Male,United-States,<=50K
52,114062,9,0,0,40,Private,HS-grad,Divorced,Craft-repair,Unmarried,White,Female,United-States,<=50K
18,389147,9,0,0,30,State-gov,HS-grad,Never-married,Sales,Not-in-family,Black,Female,United-States,<=50K
56,75214,15,0,0,32,Self-emp-inc,Prof-school,Married-civ-spouse,Prof-specialty,Husband,White,Male,United-States,>50K
27,245661,9,0,0,40,Private,HS-grad,Separated,Machine-op-inspct,Own-child,White,Female,United-States,<=50K
43,341204,10,0,0,40,Private,Some-college,Divorced,Adm-clerical,Not-in-family,White,Female,United-States,<=50K
43,206139,13,0,0,50,Private,Bachelors,Married-civ-spouse,Prof-specialty,Husband,White,Male,United-States,>50K
34,30497,13,15024,0,60,Private,Bachelors,Married-civ-spouse,Exec-managerial,Husband,White,Male,United-States,>50K
25,108779,14,0,0,40,Private,Masters,Separated,Other-service,Own-child,White,Female,United-States,<=50K
31,188246,12,0,0,50,Private,Assoc-acdm,Divorced,Craft-repair,Not-in-family,White,Male,United-States,>50K
19,112269,10,0,0,40,Private,Some-college,Never-married,Other-service,Other-relative,White,Female,United-States,<=50K
30,229895,6,0,0,40,Private,10th,Divorced,Other-service,Unmarried,White,Female,United-States,<=50K
29,206903,15,0,0,55,Self-emp-inc,Prof-school,Married-civ-spouse,Prof-specialty,Husband,White,Male,United-States,>50K
37,35330,9,0,0,42,Self-emp-not-inc,HS-grad,Married-civ-spouse,Other-service,Husband,White,Male,United-States,<=50K
39,230467,13,0,1092,40,Private,Bachelors,Never-married,Sales,Own-child,White,Male,Germany,<=50K
42,222884,13,0,0,40,State-gov,Bachelors,Divorced,Adm-clerical,Not-in-family,White,Male,United-States,<=50K
45,183710,5,0,0,40,Self-emp-not-inc,9th,Married-civ-spouse,Farming-fishing,Husband,White,Male,United-States,<=50K
40,93955,10,0,0,40,Private,Some-college,Married-civ-spouse,Prof-specialty,Wife,White,Female,United-States,<=50K
20,278391,10,0,0,25,Private,Some-college,Never-married,Adm-clerical,Own-child,White,Male,Nicaragua,<=50K
45,330535,9,3325,0,40,Private,HS-grad,Never-married,Adm-clerical,Not-in-family,White,Male,United-States,<=50K
36,213008,12,0,0,40,Self-emp-inc,Assoc-acdm,Married-civ-spouse,Exec-managerial,Husband,White,Male,United-States,>50K
38,322143,13,0,0,10,Self-emp-not-inc,Bachelors,Married-civ-spouse,Other-service,Husband,White,Male,United-States,<=50K
35,186934,9,7688,0,50,Private,HS-grad,Married-civ-spouse,Exec-managerial,Husband,White,Male,United-States,>50K
21,201179,9,0,0,40,Private,HS-grad,Never-married,Adm-clerical,Own-child,White,Male,United-States,<=50K
47,218676,14,0,0,45,Self-emp-not-inc,Masters,Married-civ-spouse,Exec-managerial,Husband,White,Male,United-States,<=50K
38,210610,12,0,0,40,Private,Assoc-acdm,Married-civ-spouse,Tech-support,Husband,White,Male,United-States,>50K
29,266070,13,0,0,80,Self-emp-inc,Bachelors,Divorced,Prof-specialty,Not-in-family,White,Female,United-States,<=50K
39,194668,9,0,0,16,Self-emp-not-inc,HS-grad,Married-civ-spouse,Exec-managerial,Husband,White,Male,United-States,<=50K
19,243373,8,1055,0,40,Private,12th,Never-married,Sales,Other-relative,White,Male,United-States,<=50K
42,29962,13,0,0,48,Self-emp-not-inc,Bachelors,Married-civ-spouse,Sales,Husband,White,Male,United-States,<=50K
41,371382,10,0,0,40,Federal-gov,Some-college,Married-civ-spouse,Exec-managerial,Husband,Black,Male,United-States,>50K
34,243776,9,0,0,40,Private,HS-grad,Divorced,Craft-repair,Unmarried,White,Male,United-States,<=50K
23,141003,9,0,0,60,MISSING,HS-grad,Never-married,MISSING,Own-child,White,Male,United-States,<=50K
29,219906,13,0,0,25,Local-gov,Bachelors,Married-civ-spouse,Prof-specialty,Wife,White,Female,United-States,>50K
43,154210,9,2829,0,60,Private,HS-grad,Married-civ-spouse,Other-service,Husband,Asian-Pac-Islander,Male,China,<=50K
40,33126,14,0,0,50,Self-emp-inc,Masters,Married-civ-spouse,Craft-repair,Husband,White,Male,United-States,<=50K
26,294493,13,0,0,40,Private,Bachelors,Never-married,Craft-repair,Other-relative,White,Male,United-States,<=50K
45,176917,9,0,0,40,Private,HS-grad,Never-married,Handlers-cleaners,Other-relative,White,Male,United-States,<=50K
45,186473,9,0,0,40,Private,HS-grad,Divorced,Adm-clerical,Unmarried,White,Female,United-States,<=50K
24,69640,13,0,0,40,Private,Bachelors,Never-married,Sales,Own-child,White,Male,United-States,<=50K
47,27624,11,0,0,55,Private,Assoc-voc,Never-married,Other-service,Not-in-family,White,Female,United-States,<=50K
21,383603,6,0,0,35,Private,10th,Never-married,Other-service,Not-in-family,White,Female,United-States,<=50K
64,144182,9,0,0,23,Private,HS-grad,Widowed,Prof-specialty,Not-in-family,White,Female,United-States,<=50K
67,92061,9,0,0,8,MISSING,HS-grad,Widowed,MISSING,Other-relative,White,Female,United-States,<=50K
29,241431,14,7298,0,40,Private,Masters,Married-civ-spouse,Sales,Husband,White,Male,United-States,>50K
27,315640,14,0,0,20,State-gov,Masters,Never-married,Prof-specialty,Not-in-family,Asian-Pac-Islander,Male,China,<=50K
49,133917,16,0,1902,60,State-gov,Doctorate,Married-civ-spouse,Prof-specialty,Husband,Black,Male,MISSING,>50K
40,70761,12,0,0,40,Private,Assoc-acdm,Never-married,Tech-support,Not-in-family,Black,Male,United-States,<=50K
58,374108,10,0,0,40,Private,Some-college,Divorced,Prof-specialty,Unmarried,White,Female,United-States,<=50K
61,139391,10,0,0,16,Private,Some-college,Never-married,Tech-support,Own-child,White,Male,United-States,<=50K
34,112564,9,0,0,45,Private,HS-grad,Married-civ-spouse,Transport-moving,Husband,White,Male,United-States,<=50K
37,359001,11,15024,0,50,Private,Assoc-voc,Married-civ-spouse,Transport-moving,Husband,White,Male,United-States,>50K
35,287658,10,0,0,40,Private,Some-college,Never-married,Adm-clerical,Unmarried,Black,Male,United-States,<=50K
52,29623,8,0,0,40,Federal-gov,12th,Never-married,Other-service,Unmarried,Black,Female,United-States,<=50K
54,36480,9,15024,0,50,Private,HS-grad,Married-civ-spouse,Sales,Husband,White,Male,United-States,>50K
29,95423,9,0,0,80,Private,HS-grad,Married-AF-spouse,Transport-moving,Husband,White,Male,United-States,<=50K
41,190591,12,0,0,40,Private,Assoc-acdm,Divorced,Exec-managerial,Not-in-family,Black,Female,Jamaica,<=50K
33,93206,3,0,0,40,Private,5th-6th,Married-civ-spouse,Farming-fishing,Husband,Asian-Pac-Islander,Male,Philippines,<=50K
33,194901,9,0,0,45,Private,HS-grad,Married-civ-spouse,Craft-repair,Husband,White,Male,United-States,<=50K
36,117312,12,0,0,60,Private,Assoc-acdm,Divorced,Tech-support,Not-in-family,White,Female,United-States,<=50K
46,162034,9,0,0,40,MISSING,HS-grad,Married-civ-spouse,MISSING,Husband,White,Male,United-States,<=50K
30,117963,13,0,0,40,Private,Bachelors,Married-civ-spouse,Adm-clerical,Husband,White,Male,United-States,>50K
38,412296,9,0,0,28,Private,HS-grad,Divorced,Craft-repair,Own-child,White,Male,United-States,<=50K
41,351350,10,0,0,40,Local-gov,Some-college,Divorced,Protective-serv,Unmarried,White,Female,United-States,<=50K
36,185744,10,0,0,35,Private,Some-college,Married-civ-spouse,Exec-managerial,Wife,White,Female,United-States,>50K
31,163516,10,0,0,40,Private,Some-college,Widowed,Adm-clerical,Unmarried,White,Female,United-States,<=50K
28,167094,6,0,0,50,MISSING,10th,Divorced,MISSING,Not-in-family,White,Male,United-States,<=50K
41,184378,9,0,0,40,Private,HS-grad,Separated,Craft-repair,Not-in-family,White,Male,United-States,<=50K
29,220419,13,0,0,56,Local-gov,Bachelors,Never-married,Protective-serv,Not-in-family,White,Male,United-States,<=50K
33,116539,9,0,0,40,Self-emp-not-inc,HS-grad,Married-civ-spouse,Craft-repair,Husband,White,Male,United-States,<=50K
43,113324,9,0,1902,40,Private,HS-grad,Married-civ-spouse,Craft-repair,Husband,White,Male,United-States,>50K
35,111387,5,0,0,40,Private,9th,Never-married,Craft-repair,Not-in-family,White,Male,United-States,<=50K
54,188809,16,0,0,50,State-gov,Doctorate,Never-married,Exec-managerial,Not-in-family,White,Female,United-States,>50K
31,145162,13,0,0,60,Self-emp-not-inc,Bachelors,Married-civ-spouse,Exec-managerial,Husband,White,Male,MISSING,>50K
26,245465,12,0,0,30,Private,Assoc-acdm,Never-married,Sales,Own-child,White,Male,United-States,<=50K
19,216937,9,0,0,60,Private,HS-grad,Never-married,Handlers-cleaners,Other-relative,Other,Female,Guatemala,<=50K
26,164938,9,0,0,40,Private,HS-grad,Married-civ-spouse,Sales,Husband,White,Male,United-States,<=50K
51,101432,9,0,0,40,Private,HS-grad,Married-civ-spouse,Craft-repair,Husband,White,Male,United-States,<=50K
56,51662,7,0,0,40,Self-emp-not-inc,11th,Married-civ-spouse,Other-service,Wife,White,Female,United-States,<=50K
67,45537,14,0,0,40,MISSING,Masters,Married-civ-spouse,MISSING,Husband,Black,Male,United-States,>50K
51,123011,14,0,1977,35,Local-gov,Masters,Married-civ-spouse,Prof-specialty,Husband,White,Male,United-States,>50K
60,116707,7,0,0,40,Private,11th,Divorced,Protective-serv,Not-in-family,White,Male,United-States,<=50K
50,197322,7,0,0,50,Private,11th,Married-civ-spouse,Exec-managerial,Husband,White,Male,United-States,>50K
61,248595,2,0,0,40,Local-gov,1st-4th,Married-civ-spouse,Other-service,Husband,White,Male,Mexico,<=50K
22,32732,10,0,0,50,MISSING,Some-college,Never-married,MISSING,Own-child,White,Male,United-States,<=50K
23,119156,9,0,0,40,Private,HS-grad,Married-civ-spouse,Craft-repair,Husband,White,Male,United-States,<=50K
43,281422,12,0,0,45,Private,Assoc-acdm,Never-married,Adm-clerical,Not-in-family,Black,Female,United-States,<=50K
20,183083,10,0,0,20,MISSING,Some-college,Never-married,MISSING,Own-child,White,Female,United-States,<=50K
21,132243,12,0,0,5,Private,Assoc-acdm,Never-married,Other-service,Own-child,White,Female,United-States,<=50K
45,38950,13,0,0,40,Private,Bachelors,Never-married,Craft-repair,Not-in-family,White,Male,United-States,<=50K
40,196234,9,0,0,40,Local-gov,HS-grad,Divorced,Craft-repair,Own-child,White,Female,Puerto-Rico,<=50K
58,489085,13,0,0,40,Local-gov,Bachelors,Married-civ-spouse,Prof-specialty,Husband,Black,Male,United-States,<=50K
18,184416,6,0,0,30,MISSING,10th,Never-married,MISSING,Own-child,Black,Male,United-States,<=50K
31,66815,9,0,0,50,Private,HS-grad,Married-civ-spouse,Craft-repair,Husband,White,Male,United-States,<=50K
27,115705,10,0,0,50,Self-emp-not-inc,Some-college,Never-married,Sales,Not-in-family,White,Male,United-States,<=50K
23,222835,13,0,0,30,Private,Bachelors,Never-married,Other-service,Own-child,White,Female,United-States,<=50K
52,181677,6,0,0,30,Private,10th,Married-civ-spouse,Transport-moving,Husband,White,Male,United-States,>50K
27,178709,14,0,0,40,Private,Masters,Never-married,Machine-op-inspct,Not-in-family,White,Female,United-States,<=50K
46,273575,13,15024,0,40,Private,Bachelors,Married-civ-spouse,Transport-moving,Husband,White,Male,United-States,>50K
36,409189,10,0,0,40,Self-emp-not-inc,Some-college,Married-civ-spouse,Craft-repair,Husband,White,Male,United-States,>50K
29,148431,12,7688,0,45,Private,Assoc-acdm,Married-civ-spouse,Sales,Wife,Other,Female,United-States,>50K
76,329355,9,0,0,13,Local-gov,HS-grad,Widowed,Other-service,Not-in-family,White,Female,United-States,<=50K
31,440129,10,0,0,40,State-gov,Some-college,Divorced,Protective-serv,Not-in-family,White,Male,United-States,>50K
50,44368,10,0,0,40,Private,Some-college,Married-civ-spouse,Exec-managerial,Husband,White,Male,United-States,<=50K
22,117618,13,0,0,25,MISSING,Bachelors,Never-married,MISSING,Not-in-family,White,Male,United-States,<=50K
74,129879,9,15831,0,40,Private,HS-grad,Widowed,Adm-clerical,Not-in-family,White,Female,United-States,>50K
32,213389,10,0,1726,38,State-gov,Some-college,Divorced,Protective-serv,Unmarried,White,Female,United-States,<=50K
24,36058,13,0,0,50,Private,Bachelors,Never-married,Sales,Not-in-family,White,Male,United-States,<=50K
23,149224,9,0,0,40,Private,HS-grad,Never-married,Sales,Not-in-family,White,Male,United-States,<=50K
17,94366,6,0,0,6,MISSING,10th,Never-married,MISSING,Other-relative,White,Male,United-States,<=50K
31,304212,10,0,0,45,Self-emp-inc,Some-college,Never-married,Exec-managerial,Own-child,White,Male,United-States,<=50K
41,113555,10,7298,0,50,Private,Some-college,Married-civ-spouse,Craft-repair,Husband,Amer-Indian-Eskimo,Male,United-States,>50K
34,220362,13,0,0,40,Private,Bachelors,Never-married,Exec-managerial,Own-child,White,Male,United-States,<=50K
26,244495,5,0,0,35,Private,9th,Never-married,Other-service,Not-in-family,White,Male,United-States,<=50K
50,24185,13,0,0,38,State-gov,Bachelors,Married-civ-spouse,Exec-managerial,Husband,White,Male,United-States,>50K
60,188236,6,0,0,40,Private,10th,Widowed,Tech-support,Unmarried,White,Female,United-States,<=50K
51,169364,10,0,0,40,Private,Some-college,Divorced,Handlers-cleaners,Not-in-family,White,Female,Ireland,<=50K
39,121590,10,4787,0,40,Private,Some-college,Never-married,Prof-specialty,Not-in-family,Black,Male,United-States,>50K
41,331651,15,0,0,50,Private,Prof-school,Married-civ-spouse,Exec-managerial,Wife,White,Female,Japan,>50K
56,107314,10,0,0,40,Federal-gov,Some-college,Divorced,Adm-clerical,Not-in-family,Black,Female,United-States,<=50K
19,423863,10,0,0,35,MISSING,Some-college,Never-married,MISSING,Own-child,White,Female,United-States,<=50K
41,209344,9,0,0,40,Self-emp-not-inc,HS-grad,Married-civ-spouse,Sales,Other-relative,White,Female,Cuba,<=50K
55,141807,13,0,0,60,Self-emp-inc,Bachelors,Married-civ-spouse,Sales,Husband,White,Male,United-States,>50K
27,96226,9,0,0,70,Private,HS-grad,Married-civ-spouse,Craft-repair,Husband,White,Male,United-States,<=50K
38,219902,9,0,0,30,Private,HS-grad,Separated,Transport-moving,Unmarried,Black,Female,United-States,<=50K
21,253190,9,0,0,40,Private,HS-grad,Never-married,Other-service,Own-child,White,Male,United-States,<=50K
53,608184,13,0,1902,40,Private,Bachelors,Married-civ-spouse,Exec-managerial,Husband,Black,Male,United-States,>50K
53,123011,9,0,0,40,Private,HS-grad,Divorced,Transport-moving,Not-in-family,White,Male,United-States,>50K
39,401832,10,0,0,48,Private,Some-college,Married-civ-spouse,Exec-managerial,Husband,White,Male,United-States,<=50K
44,210525,10,0,0,40,Private,Some-college,Married-civ-spouse,Transport-moving,Husband,White,Male,United-States,<=50K
43,243580,13,0,0,40,Private,Bachelors,Married-civ-spouse,Prof-specialty,Husband,White,Male,United-States,>50K
31,49398,10,0,0,40,Private,Some-college,Married-civ-spouse,Tech-support,Husband,White,Male,United-States,<=50K
39,232854,9,0,0,40,Private,HS-grad,Divorced,Transport-moving,Not-in-family,White,Male,United-States,<=50K
28,249870,15,0,0,50,Private,Prof-school,Never-married,Prof-specialty,Not-in-family,Black,Male,United-States,<=50K
32,566117,10,0,0,40,Federal-gov,Some-college,Divorced,Adm-clerical,Unmarried,White,Female,United-States,<=50K
29,253262,10,0,0,40,Private,Some-college,Never-married,Craft-repair,Not-in-family,White,Female,United-States,<=50K
72,52138,16,0,2392,25,Self-emp-not-inc,Doctorate,Married-civ-spouse,Prof-specialty,Husband,White,Male,United-States,>50K
20,263612,10,0,0,40,Private,Some-college,Never-married,Adm-clerical,Own-child,Black,Female,Haiti,<=50K
24,110371,8,0,0,40,Private,12th,Never-married,Machine-op-inspct,Unmarried,White,Male,Mexico,<=50K
21,204425,10,0,0,20,State-gov,Some-college,Never-married,Exec-managerial,Own-child,White,Female,United-States,<=50K
19,199441,9,0,0,40,Private,HS-grad,Never-married,Prof-specialty,Not-in-family,White,Female,United-States,<=50K
18,189924,9,0,0,24,Private,HS-grad,Never-married,Sales,Own-child,White,Female,United-States,<=50K
49,209057,10,0,0,40,Private,Some-college,Divorced,Tech-support,Not-in-family,White,Male,United-States,<=50K
37,188576,16,0,0,40,Private,Doctorate,Married-civ-spouse,Prof-specialty,Husband,Asian-Pac-Islander,Male,MISSING,<=50K
52,74024,14,0,0,45,Private,Masters,Married-civ-spouse,Prof-specialty,Husband,White,Male,United-States,>50K
48,146919,10,0,0,45,Private,Some-college,Divorced,Adm-clerical,Unmarried,White,Female,United-States,<=50K
26,195734,9,2354,0,40,Private,HS-grad,Never-married,Adm-clerical,Own-child,White,Female,United-States,<=50K
70,133248,9,0,0,14,MISSING,HS-grad,Married-civ-spouse,MISSING,Husband,White,Male,United-States,<=50K
23,216853,11,0,0,25,Federal-gov,Assoc-voc,Married-civ-spouse,Handlers-cleaners,Husband,White,Male,United-States,<=50K
34,204470,14,0,0,50,Private,Masters,Married-civ-spouse,Exec-managerial,Husband,White,Male,United-States,>50K
52,217210,9,0,0,40,Self-emp-not-inc,HS-grad,Widowed,Other-service,Other-relative,Black,Female,United-States,<=50K
36,129573,12,0,0,60,Private,Assoc-acdm,Married-civ-spouse,Sales,Husband,White,Male,United-States,>50K
18,376647,9,2176,0,25,Private,HS-grad,Never-married,Handlers-cleaners,Own-child,White,Male,United-States,<=50K
20,24967,9,0,0,47,Private,HS-grad,Never-married,Farming-fishing,Own-child,White,Male,United-States,<=50K
60,234854,16,0,1902,40,State-gov,Doctorate,Married-civ-spouse,Prof-specialty,Husband,White,Male,United-States,>50K
33,213887,9,0,0,40,Private,HS-grad,Divorced,Farming-fishing,Not-in-family,White,Male,United-States,<=50K
28,407672,13,0,0,40,Local-gov,Bachelors,Never-married,Prof-specialty,Not-in-family,White,Female,United-States,<=50K
30,177596,10,0,0,36,Private,Some-college,Never-married,Other-service,Unmarried,White,Female,United-States,<=50K
40,179735,11,0,0,50,Private,Assoc-voc,Divorced,Adm-clerical,Unmarried,White,Female,United-States,<=50K
19,137578,9,0,0,53,Self-emp-not-inc,HS-grad,Never-married,Other-service,Own-child,White,Male,United-States,<=50K
33,175023,9,0,0,37,State-gov,HS-grad,Married-civ-spouse,Protective-serv,Husband,White,Male,United-States,<=50K
30,308812,10,0,0,60,Private,Some-college,Never-married,Sales,Not-in-family,White,Female,United-States,<=50K
36,180419,9,0,0,45,Self-emp-inc,HS-grad,Married-civ-spouse,Farming-fishing,Husband,White,Male,United-States,<=50K
61,162678,3,0,0,40,State-gov,5th-6th,Married-civ-spouse,Transport-moving,Husband,White,Male,United-States,<=50K
36,323726,10,0,0,40,State-gov,Some-college,Never-married,Tech-support,Unmarried,Black,Female,United-States,<=50K
29,169662,9,0,0,40,Self-emp-not-inc,HS-grad,Married-civ-spouse,Craft-repair,Husband,White,Male,United-States,<=50K
21,206891,4,0,0,38,Private,7th-8th,Never-married,Farming-fishing,Own-child,White,Female,United-States,<=50K
26,190469,13,0,0,40,Private,Bachelors,Never-married,Tech-support,Not-in-family,White,Male,United-States,<=50K
35,41777,8,0,0,20,Private,12th,Never-married,Farming-fishing,Not-in-family,White,Male,United-States,<=50K
43,222756,14,0,0,40,Federal-gov,Masters,Married-civ-spouse,Craft-repair,Husband,White,Male,United-States,<=50K
32,161153,9,0,1902,55,Self-emp-inc,HS-grad,Married-civ-spouse,Farming-fishing,Husband,White,Male,United-States,>50K
41,154076,10,0,0,50,Private,Some-college,Married-civ-spouse,Adm-clerical,Husband,White,Male,United-States,>50K
21,170800,9,0,0,30,Private,HS-grad,Never-married,Sales,Own-child,White,Female,United-States,<=50K
17,232900,7,0,0,25,Private,11th,Never-married,Handlers-cleaners,Own-child,White,Male,United-States,<=50K
56,201822,4,0,2002,40,Private,7th-8th,Married-civ-spouse,Handlers-cleaners,Husband,White,Male,United-States,<=50K
46,229737,13,0,0,50,Private,Bachelors,Married-civ-spouse,Sales,Husband,White,Male,India,>50K
43,240170,13,0,0,50,Self-emp-not-inc,Bachelors,Married-civ-spouse,Exec-managerial,Husband,White,Male,Germany,<=50K
46,133169,11,0,0,40,Private,Assoc-voc,Married-civ-spouse,Craft-repair,Husband,White,Male,United-States,<=50K
29,212102,9,0,0,30,Private,HS-grad,Separated,Other-service,Unmarried,Black,Female,United-States,<=50K
30,40338,9,0,0,40,Local-gov,HS-grad,Married-civ-spouse,Craft-repair,Husband,White,Male,United-States,<=50K
34,178615,9,0,0,40,Private,HS-grad,Married-civ-spouse,Machine-op-inspct,Husband,White,Male,United-States,<=50K
20,162688,11,0,0,40,Private,Assoc-voc,Never-married,Other-service,Own-child,White,Male,United-States,<=50K
53,311269,9,0,0,40,Private,HS-grad,Divorced,Other-service,Not-in-family,White,Female,United-States,<=50K
19,35245,9,0,0,40,Private,HS-grad,Never-married,Transport-moving,Own-child,White,Male,United-States,<=50K
26,213385,10,0,0,20,Private,Some-college,Never-married,Other-service,Not-in-family,White,Male,United-States,<=50K
43,336513,10,0,1902,40,Private,Some-college,Married-civ-spouse,Exec-managerial,Husband,White,Male,United-States,>50K
45,142719,13,0,0,40,Self-emp-inc,Bachelors,Married-civ-spouse,Exec-managerial,Husband,White,Male,United-States,>50K
47,379118,4,0,0,60,Private,7th-8th,Married-civ-spouse,Craft-repair,Husband,Black,Male,United-States,>50K
62,33365,9,0,0,40,Local-gov,HS-grad,Widowed,Other-service,Not-in-family,White,Female,Canada,<=50K
31,189461,12,0,0,41,Private,Assoc-acdm,Divorced,Adm-clerical,Unmarried,White,Female,United-States,<=50K
72,117017,9,0,0,8,MISSING,HS-grad,Married-civ-spouse,MISSING,Husband,White,Male,United-States,<=50K
38,140117,10,0,0,20,Self-emp-not-inc,Some-college,Never-married,Other-service,Not-in-family,White,Female,United-States,<=50K
44,222504,10,0,0,45,Private,Some-college,Married-civ-spouse,Adm-clerical,Wife,White,Female,United-States,>50K
73,130391,9,0,0,36,Self-emp-not-inc,HS-grad,Never-married,Other-service,Not-in-family,White,Female,United-States,<=50K
17,237078,7,0,0,35,MISSING,11th,Never-married,MISSING,Own-child,White,Female,United-States,<=50K
49,50748,13,1506,0,35,Private,Bachelors,Widowed,Prof-specialty,Unmarried,White,Female,United-States,<=50K
56,73684,4,0,0,40,Private,7th-8th,Married-civ-spouse,Craft-repair,Husband,White,Male,Portugal,<=50K
38,299810,9,0,0,40,Private,HS-grad,Married-civ-spouse,Handlers-cleaners,Husband,Black,Male,United-States,<=50K
26,276624,10,0,0,40,Private,Some-college,Married-civ-spouse,Protective-serv,Husband,White,Male,United-States,<=50K
69,76968,5,0,0,25,Self-emp-not-inc,9th,Married-civ-spouse,Farming-fishing,Husband,White,Male,United-States,<=50K
23,216889,9,0,0,40,Private,HS-grad,Never-married,Handlers-cleaners,Not-in-family,White,Male,United-States,<=50K
60,202473,11,0,0,40,Local-gov,Assoc-voc,Married-civ-spouse,Other-service,Husband,White,Male,United-States,<=50K
44,85440,9,0,0,45,Private,HS-grad,Married-civ-spouse,Adm-clerical,Husband,White,Male,United-States,<=50K
43,33729,13,0,0,45,Self-emp-inc,Bachelors,Married-civ-spouse,Sales,Husband,White,Male,United-States,>50K
67,431426,12,20051,0,4,Self-emp-not-inc,Assoc-acdm,Married-civ-spouse,Exec-managerial,Wife,White,Female,United-States,>50K
54,170562,10,0,0,48,Private,Some-college,Married-civ-spouse,Exec-managerial,Husband,White,Male,United-States,>50K
47,110669,13,0,0,50,Private,Bachelors,Separated,Prof-specialty,Unmarried,White,Female,United-States,<=50K
25,218667,9,0,0,40,Private,HS-grad,Married-civ-spouse,Handlers-cleaners,Husband,White,Male,United-States,<=50K
46,155933,13,0,1602,8,Private,Bachelors,Never-married,Machine-op-inspct,Not-in-family,White,Female,United-States,<=50K
22,228752,9,0,0,40,Private,HS-grad,Never-married,Handlers-cleaners,Not-in-family,White,Male,United-States,<=50K
34,169564,9,0,0,40,Private,HS-grad,Divorced,Machine-op-inspct,Unmarried,White,Female,United-States,<=50K
39,172538,9,0,0,50,Private,HS-grad,Married-civ-spouse,Prof-specialty,Husband,White,Male,United-States,>50K
27,119793,13,0,0,40,Private,Bachelors,Married-civ-spouse,Craft-repair,Husband,White,Male,United-States,<=50K
32,323055,9,0,0,40,Private,HS-grad,Married-civ-spouse,Craft-repair,Husband,White,Male,United-States,<=50K
27,214858,9,0,0,40,Private,HS-grad,Married-civ-spouse,Other-service,Own-child,White,Male,United-States,<=50K
70,102610,6,0,0,32,Private,10th,Married-civ-spouse,Handlers-cleaners,Husband,White,Male,United-States,<=50K
32,351869,10,0,1485,45,Private,Some-college,Married-civ-spouse,Transport-moving,Husband,White,Male,United-States,>50K
30,208043,13,0,0,55,Private,Bachelors,Married-civ-spouse,Sales,Husband,White,Male,United-States,>50K
64,269512,13,0,0,40,State-gov,Bachelors,Divorced,Tech-support,Not-in-family,White,Male,United-States,<=50K
55,89182,8,0,0,40,Private,12th,Divorced,Machine-op-inspct,Not-in-family,White,Female,Italy,<=50K
55,326297,9,0,0,25,Private,HS-grad,Separated,Adm-clerical,Not-in-family,White,Female,United-States,<=50K
53,247651,4,0,0,56,Private,7th-8th,Divorced,Machine-op-inspct,Unmarried,Black,Female,United-States,<=50K
38,67317,13,0,0,60,Self-emp-not-inc,Bachelors,Married-civ-spouse,Farming-fishing,Husband,White,Male,United-States,<=50K
28,263600,9,0,0,40,Local-gov,HS-grad,Married-civ-spouse,Protective-serv,Husband,White,Male,United-States,>50K
49,402462,13,0,0,30,Private,Bachelors,Married-spouse-absent,Transport-moving,Unmarried,White,Male,Columbia,<=50K
21,452640,9,0,0,40,Private,HS-grad,Never-married,Craft-repair,Not-in-family,White,Male,United-States,<=50K
43,323713,9,0,0,40,Private,HS-grad,Married-civ-spouse,Machine-op-inspct,Husband,White,Male,United-States,<=50K
36,164866,12,0,0,50,Self-emp-inc,Assoc-acdm,Separated,Exec-managerial,Not-in-family,White,Male,United-States,<=50K
30,183000,14,0,0,45,Local-gov,Masters,Married-civ-spouse,Prof-specialty,Husband,White,Male,United-States,<=50K
32,255004,10,0,0,40,Local-gov,Some-college,Never-married,Craft-repair,Not-in-family,White,Male,United-States,<=50K
23,368739,13,0,0,40,State-gov,Bachelors,Never-married,Prof-specialty,Not-in-family,White,Female,United-States,<=50K
41,204235,11,0,0,40,Private,Assoc-voc,Married-civ-spouse,Sales,Husband,White,Male,United-States,>50K
21,205940,10,0,0,40,MISSING,Some-college,Never-married,MISSING,Own-child,White,Female,United-States,<=50K
49,216453,11,0,0,45,Federal-gov,Assoc-voc,Divorced,Exec-managerial,Unmarried,Black,Female,United-States,<=50K
39,342448,13,0,0,45,Private,Bachelors,Married-civ-spouse,Adm-clerical,Husband,White,Male,United-States,<=50K
42,284758,9,0,0,40,Private,HS-grad,Divorced,Exec-managerial,Unmarried,White,Female,United-States,<=50K
31,178449,15,0,0,40,Local-gov,Prof-school,Married-civ-spouse,Prof-specialty,Husband,White,Male,United-States,>50K
22,210781,13,0,0,35,Private,Bachelors,Never-married,Adm-clerical,Own-child,White,Female,United-States,<=50K
41,210094,9,0,0,40,State-gov,HS-grad,Never-married,Other-service,Not-in-family,White,Female,United-States,<=50K
41,219591,9,0,0,40,Private,HS-grad,Never-married,Adm-clerical,Own-child,White,Male,United-States,<=50K
31,323069,12,0,880,45,Private,Assoc-acdm,Divorced,Sales,Unmarried,White,Female,United-States,<=50K
19,106306,10,0,0,40,Private,Some-college,Divorced,Other-service,Own-child,White,Female,United-States,<=50K
44,183342,15,0,0,55,Private,Prof-school,Married-civ-spouse,Exec-managerial,Husband,White,Male,United-States,>50K
29,168479,14,0,0,40,Private,Masters,Married-civ-spouse,Prof-specialty,Husband,White,Male,United-States,>50K
48,204629,14,0,0,50,Private,Masters,Married-civ-spouse,Exec-managerial,Husband,White,Male,United-States,>50K
26,48099,13,0,0,40,Federal-gov,Bachelors,Never-married,Exec-managerial,Not-in-family,White,Female,United-States,<=50K
32,203674,12,0,880,36,Private,Assoc-acdm,Divorced,Prof-specialty,Unmarried,White,Female,United-States,<=50K
26,176795,13,0,0,40,Private,Bachelors,Never-married,Adm-clerical,Own-child,White,Female,United-States,>50K
54,185936,5,0,0,15,MISSING,9th,Divorced,MISSING,Not-in-family,White,Female,United-States,<=50K
43,240504,10,0,0,70,Self-emp-inc,Some-college,Married-civ-spouse,Exec-managerial,Husband,White,Male,United-States,>50K
52,152795,9,0,0,52,Local-gov,HS-grad,Married-civ-spouse,Protective-serv,Husband,White,Male,United-States,>50K
33,236379,13,0,0,45,Private,Bachelors,Married-civ-spouse,Sales,Husband,White,Male,United-States,<=50K
36,207789,9,0,0,52,Private,HS-grad,Divorced,Exec-managerial,Not-in-family,White,Male,United-States,<=50K
69,179813,6,0,0,10,Local-gov,10th,Married-civ-spouse,Transport-moving,Husband,White,Male,United-States,<=50K
39,176634,12,0,0,40,Private,Assoc-acdm,Never-married,Tech-support,Not-in-family,White,Female,United-States,<=50K
28,153869,7,0,0,40,Private,11th,Married-civ-spouse,Craft-repair,Husband,White,Male,United-States,<=50K
39,154641,11,0,0,40,Private,Assoc-voc,Married-civ-spouse,Adm-clerical,Husband,White,Male,United-States,<=50K
35,82622,9,0,0,50,Private,HS-grad,Divorced,Exec-managerial,Not-in-family,White,Male,United-States,<=50K
33,198660,13,0,0,50,Private,Bachelors,Married-civ-spouse,Sales,Husband,White,Male,United-States,<=50K
39,160623,12,0,0,40,Private,Assoc-acdm,Never-married,Craft-repair,Own-child,White,Male,United-States,<=50K
33,231826,2,0,0,40,Private,1st-4th,Married-civ-spouse,Handlers-cleaners,Husband,White,Male,Mexico,<=50K
64,149698,15,0,0,40,Self-emp-not-inc,Prof-school,Married-civ-spouse,Prof-specialty,Husband,White,Male,United-States,>50K
47,55377,13,0,0,40,Federal-gov,Bachelors,Never-married,Adm-clerical,Unmarried,Black,Male,United-States,>50K
45,182655,13,0,0,45,Private,Bachelors,Divorced,Other-service,Not-in-family,White,Male,MISSING,>50K
23,117618,10,0,0,35,Private,Some-college,Never-married,Handlers-cleaners,Own-child,White,Male,United-States,<=50K
44,144778,10,0,0,45,Private,Some-college,Separated,Exec-managerial,Not-in-family,White,Male,United-States,>50K
41,108945,9,14344,0,40,State-gov,HS-grad,Never-married,Transport-moving,Not-in-family,White,Female,United-States,>50K
33,255004,10,0,0,50,Private,Some-college,Never-married,Sales,Not-in-family,White,Male,United-States,<=50K
27,267147,9,0,0,40,Private,HS-grad,Never-married,Sales,Own-child,White,Male,United-States,<=50K
68,140852,9,0,0,40,Self-emp-inc,HS-grad,Married-civ-spouse,Sales,Husband,White,Male,United-States,<=50K
39,33975,9,0,0,50,Self-emp-inc,HS-grad,Married-civ-spouse,Craft-repair,Husband,White,Male,United-States,<=50K
40,57233,9,0,0,60,Self-emp-inc,HS-grad,Married-civ-spouse,Exec-managerial,Husband,White,Male,United-States,>50K
29,119429,9,0,0,40,Private,HS-grad,Never-married,Craft-repair,Not-in-family,Black,Male,United-States,<=50K
27,70657,10,0,0,35,Self-emp-not-inc,Some-college,Never-married,Craft-repair,Not-in-family,White,Male,United-States,<=50K
28,201099,9,0,0,40,Local-gov,HS-grad,Never-married,Transport-moving,Own-child,Black,Female,United-States,<=50K
25,38488,9,0,0,40,Private,HS-grad,Never-married,Adm-clerical,Own-child,White,Female,United-States,<=50K
36,83471,9,0,0,20,Private,HS-grad,Widowed,Other-service,Unmarried,Asian-Pac-Islander,Female,United-States,<=50K
23,162551,13,0,0,20,Private,Bachelors,Never-married,Adm-clerical,Not-in-family,Asian-Pac-Islander,Female,United-States,<=50K
18,167147,8,0,0,24,Private,12th,Never-married,Sales,Own-child,White,Male,United-States,<=50K
25,190350,6,0,0,35,Private,10th,Married-civ-spouse,Other-service,Own-child,White,Female,United-States,<=50K
28,114967,13,0,0,40,Private,Bachelors,Married-civ-spouse,Prof-specialty,Husband,White,Male,United-States,>50K
42,376072,9,0,0,30,Private,HS-grad,Married-civ-spouse,Transport-moving,Husband,White,Male,United-States,<=50K
34,193565,7,0,0,40,Private,11th,Married-civ-spouse,Craft-repair,Husband,White,Male,United-States,<=50K
48,155509,10,0,0,40,Private,Some-college,Never-married,Craft-repair,Not-in-family,Black,Female,United-States,<=50K
72,271352,6,0,0,12,MISSING,10th,Divorced,MISSING,Not-in-family,White,Male,United-States,<=50K
60,259803,13,0,0,45,Local-gov,Bachelors,Married-civ-spouse,Prof-specialty,Wife,White,Female,United-States,>50K
61,133969,9,0,0,63,Self-emp-not-inc,HS-grad,Married-civ-spouse,Sales,Husband,Asian-Pac-Islander,Male,South,<=50K
26,203777,10,0,0,37,Private,Some-college,Never-married,Sales,Not-in-family,Black,Female,United-States,<=50K
31,379798,10,0,0,40,Private,Some-college,Married-civ-spouse,Sales,Husband,White,Male,United-States,>50K
39,206951,13,0,0,40,Private,Bachelors,Married-civ-spouse,Prof-specialty,Husband,White,Male,United-States,>50K
50,38795,13,0,0,50,Private,Bachelors,Married-civ-spouse,Prof-specialty,Husband,White,Male,United-States,<=50K
20,653574,10,0,0,33,Private,Some-college,Never-married,Other-service,Own-child,White,Male,El-Salvador,<=50K
40,506329,16,0,0,40,State-gov,Doctorate,Married-civ-spouse,Prof-specialty,Husband,Asian-Pac-Islander,Male,Taiwan,>50K
57,208311,13,0,0,80,MISSING,Bachelors,Married-civ-spouse,MISSING,Husband,White,Male,United-States,>50K
27,193898,13,0,0,52,Private,Bachelors,Divorced,Exec-managerial,Not-in-family,White,Male,United-States,<=50K
48,240231,13,0,0,40,Private,Bachelors,Married-civ-spouse,Exec-managerial,Husband,Asian-Pac-Islander,Male,Japan,>50K
66,182470,15,0,0,25,Self-emp-not-inc,Prof-school,Married-civ-spouse,Prof-specialty,Husband,White,Male,United-States,>50K
36,261241,9,0,0,50,Private,HS-grad,Married-civ-spouse,Machine-op-inspct,Husband,White,Male,United-States,>50K
22,214716,9,0,0,40,Private,HS-grad,Never-married,Other-service,Own-child,White,Female,United-States,<=50K
47,160131,10,0,0,40,Self-emp-not-inc,Some-college,Divorced,Craft-repair,Not-in-family,White,Male,United-States,<=50K
33,150570,9,0,0,40,State-gov,HS-grad,Divorced,Adm-clerical,Not-in-family,White,Male,United-States,<=50K
56,28729,7,0,0,40,Private,11th,Separated,Machine-op-inspct,Not-in-family,White,Female,United-States,<=50K
40,188693,14,0,0,35,State-gov,Masters,Married-civ-spouse,Prof-specialty,Husband,White,Male,United-States,>50K
47,186410,15,0,0,60,Self-emp-inc,Prof-school,Never-married,Other-service,Not-in-family,White,Male,United-States,>50K
34,157165,10,0,0,40,Private,Some-college,Divorced,Other-service,Unmarried,White,Female,United-States,<=50K
19,277974,10,0,0,35,Private,Some-college,Never-married,Sales,Own-child,White,Male,United-States,<=50K
53,157069,12,0,0,40,Private,Assoc-acdm,Married-civ-spouse,Machine-op-inspct,Husband,White,Male,United-States,>50K
41,197093,10,0,0,20,Private,Some-college,Never-married,Other-service,Not-in-family,Black,Male,United-States,<=50K
22,403519,9,0,0,40,Private,HS-grad,Married-civ-spouse,Machine-op-inspct,Husband,White,Male,United-States,<=50K
27,706026,7,0,0,40,Private,11th,Married-civ-spouse,Handlers-cleaners,Husband,White,Male,United-States,<=50K
32,108116,13,0,1902,60,Private,Bachelors,Married-civ-spouse,Exec-managerial,Husband,White,Male,United-States,>50K
47,139145,10,0,0,60,Private,Some-college,Divorced,Adm-clerical,Not-in-family,White,Female,United-States,<=50K
43,405374,10,0,0,40,MISSING,Some-college,Separated,MISSING,Not-in-family,Black,Male,United-States,<=50K
38,300975,14,0,1485,40,Private,Masters,Married-civ-spouse,Other-service,Husband,Black,Male,MISSING,<=50K
24,184678,13,0,0,40,Local-gov,Bachelors,Never-married,Prof-specialty,Not-in-family,White,Female,United-States,<=50K
25,152503,10,0,0,40,State-gov,Some-college,Never-married,Tech-support,Not-in-family,Black,Male,United-States,<=50K
44,213416,3,0,0,40,Private,5th-6th,Married-civ-spouse,Machine-op-inspct,Husband,White,Male,Mexico,<=50K
34,231826,9,0,0,40,Local-gov,HS-grad,Married-civ-spouse,Prof-specialty,Husband,White,Male,El-Salvador,<=50K
20,289116,10,0,0,5,MISSING,Some-college,Never-married,MISSING,Own-child,White,Female,United-States,<=50K
30,326199,5,2580,0,40,Private,9th,Married-civ-spouse,Craft-repair,Husband,White,Male,United-States,<=50K
28,31493,13,0,0,40,Private,Bachelors,Never-married,Craft-repair,Own-child,White,Male,United-States,>50K
23,177265,9,0,0,45,Local-gov,HS-grad,Never-married,Other-service,Own-child,White,Female,United-States,<=50K
26,165673,9,0,0,40,Private,HS-grad,Married-civ-spouse,Sales,Husband,White,Male,United-States,<=50K
36,66173,13,0,0,50,Private,Bachelors,Never-married,Adm-clerical,Not-in-family,White,Female,United-States,<=50K
50,148953,9,0,0,50,Private,HS-grad,Married-civ-spouse,Transport-moving,Husband,White,Male,United-States,>50K
40,199303,9,0,0,40,Private,HS-grad,Married-civ-spouse,Adm-clerical,Husband,White,Male,United-States,<=50K
33,280111,7,0,0,38,Private,11th,Never-married,Adm-clerical,Unmarried,Black,Female,United-States,<=50K
26,136309,13,0,0,40,Private,Bachelors,Never-married,Other-service,Not-in-family,White,Male,United-States,<=50K
37,189251,16,0,0,40,Private,Doctorate,Separated,Prof-specialty,Unmarried,White,Female,United-States,<=50K
51,314007,9,0,0,40,Federal-gov,HS-grad,Divorced,Exec-managerial,Not-in-family,White,Female,United-States,<=50K
66,186032,11,2964,0,30,MISSING,Assoc-voc,Widowed,MISSING,Not-in-family,White,Female,United-States,<=50K
32,79586,13,0,0,40,Private,Bachelors,Married-civ-spouse,Prof-specialty,Husband,Asian-Pac-Islander,Male,India,<=50K
44,235786,10,7298,0,45,Private,Some-college,Married-civ-spouse,Prof-specialty,Husband,White,Male,United-States,>50K
30,106742,8,0,0,75,Self-emp-not-inc,12th,Married-civ-spouse,Transport-moving,Husband,White,Male,United-States,<=50K
63,146196,13,0,0,40,MISSING,Bachelors,Married-civ-spouse,MISSING,Husband,White,Male,United-States,<=50K
30,213722,9,0,0,40,Private,HS-grad,Never-married,Handlers-cleaners,Own-child,White,Male,United-States,<=50K
25,175128,9,0,0,40,Private,HS-grad,Married-civ-spouse,Transport-moving,Husband,White,Male,United-States,<=50K
32,173351,9,0,0,48,Private,HS-grad,Married-civ-spouse,Craft-repair,Husband,White,Male,United-States,<=50K
49,163352,15,0,0,85,Self-emp-not-inc,Prof-school,Married-civ-spouse,Prof-specialty,Husband,White,Male,United-States,>50K
53,194791,9,0,0,45,Private,HS-grad,Married-civ-spouse,Farming-fishing,Husband,White,Male,United-States,<=50K
52,199265,9,0,0,40,Self-emp-not-inc,HS-grad,Divorced,Craft-repair,Not-in-family,Black,Male,United-States,<=50K
41,182108,14,27828,0,35,Private,Masters,Never-married,Prof-specialty,Not-in-family,White,Female,United-States,>50K
43,152958,9,0,0,35,Self-emp-not-inc,HS-grad,Married-civ-spouse,Exec-managerial,Husband,White,Male,United-States,>50K
59,83542,12,0,0,40,Self-emp-not-inc,Assoc-acdm,Divorced,Tech-support,Not-in-family,White,Male,United-States,<=50K
34,101709,9,0,0,40,Private,HS-grad,Separated,Transport-moving,Not-in-family,Asian-Pac-Islander,Male,United-States,<=50K
42,374790,5,0,0,40,Private,9th,Divorced,Craft-repair,Not-in-family,White,Male,United-States,<=50K
30,187618,9,0,0,50,Private,HS-grad,Married-civ-spouse,Exec-managerial,Husband,White,Male,United-States,<=50K
42,220776,9,0,0,40,Private,HS-grad,Separated,Handlers-cleaners,Unmarried,White,Male,Poland,<=50K
51,35211,14,0,0,40,Local-gov,Masters,Married-civ-spouse,Prof-specialty,Husband,Amer-Indian-Eskimo,Male,United-States,<=50K
28,141957,13,0,0,50,Private,Bachelors,Married-civ-spouse,Prof-specialty,Husband,White,Male,United-States,<=50K
22,36011,11,0,0,30,Private,Assoc-voc,Never-married,Prof-specialty,Not-in-family,White,Male,United-States,<=50K
34,283921,9,0,0,50,Private,HS-grad,Married-civ-spouse,Transport-moving,Husband,White,Male,United-States,<=50K
29,197932,9,0,0,40,Private,HS-grad,Married-civ-spouse,Handlers-cleaners,Wife,White,Female,Mexico,>50K
41,265266,12,0,0,40,Private,Assoc-acdm,Married-civ-spouse,Tech-support,Husband,White,Male,United-States,<=50K
23,315065,6,0,0,60,Private,10th,Never-married,Other-service,Unmarried,White,Male,Mexico,<=50K
24,103064,9,0,0,55,Private,HS-grad,Never-married,Sales,Own-child,White,Female,United-States,<=50K
19,112432,9,0,0,58,Private,HS-grad,Married-civ-spouse,Handlers-cleaners,Husband,White,Male,United-States,<=50K
30,117393,9,0,0,40,Private,HS-grad,Never-married,Sales,Not-in-family,White,Female,United-States,<=50K
26,183171,7,1055,0,32,Private,11th,Never-married,Other-service,Own-child,Black,Male,United-States,<=50K
27,200492,13,0,0,40,Local-gov,Bachelors,Never-married,Prof-specialty,Own-child,White,Female,United-States,<=50K
41,165309,13,0,0,40,Private,Bachelors,Divorced,Adm-clerical,Unmarried,White,Female,United-States,<=50K
30,411560,9,0,0,40,MISSING,HS-grad,Married-civ-spouse,MISSING,Husband,Black,Male,United-States,<=50K
42,245317,6,0,0,50,Private,10th,Married-civ-spouse,Transport-moving,Husband,White,Male,United-States,<=50K
31,502752,13,0,0,40,Private,Bachelors,Married-civ-spouse,Adm-clerical,Wife,White,Female,United-States,>50K
36,200360,10,0,0,40,Private,Some-college,Never-married,Craft-repair,Not-in-family,White,Male,United-States,<=50K
21,57951,10,0,0,30,Private,Some-college,Never-married,Other-service,Own-child,White,Female,United-States,<=50K
35,538583,7,3674,0,40,Private,11th,Separated,Transport-moving,Not-in-family,Black,Male,United-States,<=50K
63,167967,14,0,0,46,Private,Masters,Married-civ-spouse,Handlers-cleaners,Husband,White,Male,United-States,<=50K
53,233722,12,0,0,40,Local-gov,Assoc-acdm,Never-married,Adm-clerical,Not-in-family,Black,Male,United-States,<=50K
39,376455,15,0,1887,50,Federal-gov,Prof-school,Married-civ-spouse,Prof-specialty,Husband,White,Male,United-States,>50K
33,207172,9,0,0,40,Federal-gov,HS-grad,Never-married,Exec-managerial,Not-in-family,White,Female,United-States,<=50K
20,307149,10,0,0,35,MISSING,Some-college,Never-married,MISSING,Own-child,White,Female,United-States,<=50K
27,146460,10,0,0,40,Private,Some-college,Never-married,Machine-op-inspct,Not-in-family,White,Female,United-States,<=50K
58,35551,13,0,0,70,Self-emp-not-inc,Bachelors,Married-civ-spouse,Exec-managerial,Husband,White,Male,United-States,>50K
36,199501,10,0,0,38,Private,Some-college,Divorced,Exec-managerial,Unmarried,Black,Female,United-States,<=50K
19,167087,9,0,0,40,Private,HS-grad,Never-married,Adm-clerical,Not-in-family,White,Female,United-States,<=50K
33,258932,9,0,0,40,Private,HS-grad,Divorced,Exec-managerial,Not-in-family,White,Female,United-States,<=50K
29,144784,9,0,0,40,Private,HS-grad,Never-married,Other-service,Not-in-family,Black,Female,United-States,<=50K
38,309122,6,0,0,40,Private,10th,Divorced,Machine-op-inspct,Not-in-family,White,Female,United-States,<=50K
32,206365,9,0,0,40,Private,HS-grad,Never-married,Other-service,Not-in-family,Black,Female,United-States,<=50K
21,207923,10,0,0,15,Private,Some-college,Married-spouse-absent,Adm-clerical,Own-child,White,Female,United-States,<=50K
69,171050,9,0,0,9,MISSING,HS-grad,Widowed,MISSING,Not-in-family,White,Female,United-States,<=50K
27,292120,9,0,0,45,Private,HS-grad,Divorced,Tech-support,Not-in-family,White,Female,United-States,<=50K
28,211032,7,0,0,40,Self-emp-not-inc,11th,Never-married,Craft-repair,Not-in-family,White,Male,Mexico,<=50K
68,152157,9,0,0,20,MISSING,HS-grad,Widowed,MISSING,Not-in-family,White,Female,United-States,<=50K
31,213643,9,3908,0,40,Private,HS-grad,Married-civ-spouse,Sales,Husband,White,Male,United-States,<=50K
61,188172,16,0,0,5,MISSING,Doctorate,Widowed,MISSING,Not-in-family,White,Female,United-States,<=50K
54,29887,9,0,0,56,Local-gov,HS-grad,Married-civ-spouse,Exec-managerial,Husband,White,Male,United-States,<=50K
40,104235,14,0,0,99,Self-emp-inc,Masters,Never-married,Other-service,Own-child,White,Male,United-States,<=50K
17,126771,8,0,0,7,Private,12th,Never-married,Prof-specialty,Own-child,White,Male,United-States,<=50K
34,223267,9,0,0,50,Private,HS-grad,Never-married,Exec-managerial,Other-relative,White,Male,United-States,<=50K
46,165754,16,0,0,45,Self-emp-not-inc,Doctorate,Never-married,Prof-specialty,Not-in-family,White,Female,United-States,<=50K
23,325921,11,0,0,36,Private,Assoc-voc,Never-married,Prof-specialty,Not-in-family,White,Female,United-States,<=50K
32,210541,13,0,0,30,Private,Bachelors,Divorced,Sales,Unmarried,White,Female,United-States,<=50K
63,181153,9,0,0,35,Private,HS-grad,Married-civ-spouse,Sales,Husband,White,Male,United-States,<=50K
35,35854,10,0,0,40,MISSING,Some-college,Never-married,MISSING,Own-child,White,Female,United-States,<=50K
26,283217,10,0,0,40,Local-gov,Some-college,Never-married,Protective-serv,Own-child,White,Male,United-States,<=50K
41,125461,10,0,0,40,Private,Some-college,Divorced,Craft-repair,Not-in-family,White,Male,United-States,>50K
23,413345,13,0,0,60,Private,Bachelors,Never-married,Adm-clerical,Not-in-family,White,Female,United-States,<=50K
27,373499,3,0,0,60,Private,5th-6th,Never-married,Other-service,Not-in-family,White,Male,El-Salvador,<=50K
48,109814,15,0,1977,45,Private,Prof-school,Married-civ-spouse,Prof-specialty,Husband,White,Male,United-States,>50K
44,248973,13,0,0,65,Private,Bachelors,Divorced,Adm-clerical,Not-in-family,Black,Male,United-States,<=50K
19,159313,9,0,0,40,Private,HS-grad,Never-married,Handlers-cleaners,Not-in-family,White,Male,United-States,<=50K
19,571853,9,0,0,30,Private,HS-grad,Never-married,Other-service,Own-child,White,Male,United-States,<=50K
52,128871,4,0,0,64,Private,7th-8th,Divorced,Machine-op-inspct,Not-in-family,White,Female,United-States,<=50K
39,190728,9,0,0,40,Private,HS-grad,Never-married,Adm-clerical,Not-in-family,White,Female,United-States,<=50K
47,111994,9,0,0,34,Private,HS-grad,Married-civ-spouse,Other-service,Husband,White,Male,United-States,<=50K
29,375078,4,0,0,40,Private,7th-8th,Married-civ-spouse,Other-service,Wife,White,Female,Mexico,<=50K
23,565313,10,2202,0,80,Private,Some-college,Never-married,Other-service,Own-child,Black,Male,United-States,<=50K
21,197747,10,0,0,24,Private,Some-college,Never-married,Sales,Own-child,White,Female,United-States,<=50K
37,174308,9,0,0,40,Self-emp-not-inc,HS-grad,Married-civ-spouse,Craft-repair,Husband,White,Male,United-States,<=50K
20,179423,10,0,0,8,Private,Some-college,Never-married,Handlers-cleaners,Own-child,White,Female,United-States,<=50K
38,143774,10,0,0,45,State-gov,Some-college,Separated,Exec-managerial,Not-in-family,White,Female,United-States,<=50K
39,67433,13,0,0,40,Private,Bachelors,Never-married,Exec-managerial,Not-in-family,White,Female,United-States,<=50K
22,218343,9,0,0,40,Private,HS-grad,Never-married,Other-service,Own-child,White,Female,United-States,<=50K
36,181065,12,0,0,40,Private,Assoc-acdm,Married-civ-spouse,Tech-support,Husband,White,Male,United-States,>50K
50,187465,7,0,0,40,Private,11th,Divorced,Sales,Not-in-family,White,Female,United-States,<=50K
23,41031,10,0,0,35,Federal-gov,Some-college,Never-married,Sales,Not-in-family,White,Female,United-States,<=50K
44,262684,9,0,1504,45,Private,HS-grad,Divorced,Adm-clerical,Not-in-family,White,Female,United-States,<=50K
38,159179,9,0,0,40,Private,HS-grad,Married-civ-spouse,Craft-repair,Husband,White,Male,United-States,<=50K
36,284616,10,0,0,40,Private,Some-college,Married-civ-spouse,Exec-managerial,Husband,White,Male,United-States,<=50K
51,99316,8,0,0,50,Private,12th,Divorced,Transport-moving,Unmarried,White,Male,United-States,<=50K
47,207540,4,0,0,40,Self-emp-inc,7th-8th,Married-civ-spouse,Craft-repair,Husband,White,Male,MISSING,<=50K
38,226106,10,0,0,40,Private,Some-college,Never-married,Adm-clerical,Unmarried,Black,Female,United-States,<=50K
37,188774,13,0,0,55,Self-emp-not-inc,Bachelors,Never-married,Protective-serv,Not-in-family,White,Male,United-States,>50K
57,257200,9,0,0,40,Private,HS-grad,Married-civ-spouse,Machine-op-inspct,Husband,White,Male,United-States,<=50K
19,224241,10,0,0,20,Private,Some-college,Never-married,Sales,Own-child,White,Female,United-States,<=50K
65,215908,9,0,2174,40,State-gov,HS-grad,Married-civ-spouse,Adm-clerical,Husband,White,Male,United-States,>50K
45,556652,9,0,0,40,Local-gov,HS-grad,Married-civ-spouse,Craft-repair,Husband,Black,Male,United-States,>50K
41,201981,9,0,0,40,Private,HS-grad,Divorced,Craft-repair,Own-child,White,Male,United-States,<=50K
27,180553,9,0,0,40,Private,HS-grad,Separated,Machine-op-inspct,Unmarried,White,Female,United-States,<=50K
53,187830,11,0,0,40,Self-emp-not-inc,Assoc-voc,Separated,Craft-repair,Not-in-family,White,Male,Poland,<=50K
38,181716,8,0,0,48,Private,12th,Married-civ-spouse,Craft-repair,Husband,White,Male,United-States,<=50K
37,245372,13,0,0,15,Self-emp-not-inc,Bachelors,Divorced,Tech-support,Not-in-family,White,Male,United-States,<=50K
49,181717,11,0,0,36,Private,Assoc-voc,Separated,Prof-specialty,Own-child,White,Female,United-States,<=50K
24,228960,12,0,0,40,Private,Assoc-acdm,Never-married,Adm-clerical,Own-child,White,Female,United-States,<=50K
22,269474,9,0,0,40,Self-emp-not-inc,HS-grad,Never-married,Farming-fishing,Own-child,White,Male,United-States,<=50K
41,141642,9,0,0,40,Private,HS-grad,Never-married,Other-service,Not-in-family,White,Female,United-States,<=50K
66,102686,14,0,0,20,Self-emp-not-inc,Masters,Married-civ-spouse,Exec-managerial,Husband,White,Male,United-States,>50K
63,186809,13,0,0,30,MISSING,Bachelors,Married-civ-spouse,MISSING,Husband,White,Male,United-States,>50K
54,137815,8,4101,0,40,State-gov,12th,Never-married,Other-service,Own-child,White,Male,United-States,<=50K
46,312015,9,0,0,40,State-gov,HS-grad,Never-married,Other-service,Not-in-family,Black,Female,United-States,<=50K
43,170730,13,0,1977,50,Private,Bachelors,Married-civ-spouse,Exec-managerial,Husband,White,Male,United-States,>50K
35,153976,9,0,0,60,Self-emp-inc,HS-grad,Married-civ-spouse,Exec-managerial,Husband,White,Male,United-States,<=50K
34,303867,13,0,0,40,Private,Bachelors,Married-civ-spouse,Prof-specialty,Husband,White,Male,United-States,>50K
23,225724,10,0,0,25,Private,Some-college,Never-married,Prof-specialty,Own-child,White,Female,United-States,<=50K
27,263552,9,0,0,50,Private,HS-grad,Never-married,Adm-clerical,Not-in-family,White,Male,United-States,<=50K
40,204235,14,99999,0,50,Self-emp-not-inc,Masters,Married-civ-spouse,Exec-managerial,Husband,White,Male,United-States,>50K
36,195516,9,0,0,40,Private,HS-grad,Divorced,Machine-op-inspct,Not-in-family,White,Male,United-States,<=50K
51,355551,9,0,0,45,Private,HS-grad,Never-married,Craft-repair,Unmarried,White,Female,Mexico,<=50K
32,191731,10,0,0,40,Local-gov,Some-college,Never-married,Adm-clerical,Unmarried,Black,Female,United-States,<=50K
22,141698,9,0,0,40,Private,HS-grad,Never-married,Craft-repair,Own-child,White,Male,United-States,<=50K
23,23438,9,0,0,40,Local-gov,HS-grad,Never-married,Prof-specialty,Not-in-family,White,Female,United-States,<=50K
23,65481,9,0,0,40,Private,HS-grad,Married-civ-spouse,Machine-op-inspct,Wife,White,Female,United-States,>50K
37,37238,13,0,0,45,Private,Bachelors,Never-married,Exec-managerial,Not-in-family,White,Male,United-States,<=50K
41,303510,9,0,0,40,Private,HS-grad,Married-civ-spouse,Exec-managerial,Husband,White,Male,United-States,<=50K
42,304302,9,0,0,40,State-gov,HS-grad,Married-civ-spouse,Transport-moving,Husband,Amer-Indian-Eskimo,Male,United-States,<=50K
28,250135,14,0,1902,55,Local-gov,Masters,Married-civ-spouse,Prof-specialty,Wife,White,Female,United-States,<=50K
59,52822,13,0,0,60,Self-emp-inc,Bachelors,Married-civ-spouse,Craft-repair,Husband,White,Male,United-States,<=50K
63,125954,9,2174,0,40,Private,HS-grad,Never-married,Machine-op-inspct,Not-in-family,White,Male,United-States,<=50K
35,163582,6,0,0,16,MISSING,10th,Divorced,MISSING,Unmarried,White,Female,MISSING,<=50K
61,167347,10,0,0,35,Local-gov,Some-college,Married-civ-spouse,Adm-clerical,Husband,White,Male,United-States,<=50K
44,310255,10,0,0,60,Private,Some-college,Married-civ-spouse,Craft-repair,Husband,White,Male,United-States,>50K
19,185695,10,0,0,20,Private,Some-college,Never-married,Other-service,Own-child,White,Female,United-States,<=50K
37,348739,15,0,0,50,Self-emp-not-inc,Prof-school,Married-civ-spouse,Prof-specialty,Husband,White,Male,United-States,>50K
41,119266,9,0,0,40,Private,HS-grad,Married-civ-spouse,Other-service,Husband,White,Male,United-States,<=50K
52,91048,9,0,0,35,Private,HS-grad,Divorced,Machine-op-inspct,Own-child,Black,Female,United-States,<=50K
19,240686,7,0,0,25,Private,11th,Never-married,Sales,Own-child,White,Female,United-States,<=50K
34,227689,11,0,0,64,Private,Assoc-voc,Divorced,Tech-support,Not-in-family,White,Female,United-States,<=50K
19,93518,10,0,0,20,Private,Some-college,Never-married,Sales,Own-child,White,Female,United-States,<=50K
28,190067,13,0,1564,40,Private,Bachelors,Never-married,Prof-specialty,Own-child,White,Female,United-States,>50K
71,138145,5,0,0,40,Private,9th,Married-civ-spouse,Other-service,Husband,White,Male,United-States,<=50K
23,169188,10,0,0,25,Private,Some-college,Married-civ-spouse,Exec-managerial,Wife,White,Female,United-States,<=50K
55,83401,3,0,0,40,Private,5th-6th,Widowed,Machine-op-inspct,Unmarried,White,Female,United-States,<=50K
41,176663,9,0,0,40,State-gov,HS-grad,Married-civ-spouse,Adm-clerical,Wife,White,Female,United-States,<=50K
27,153475,13,0,0,40,Private,Bachelors,Never-married,Sales,Not-in-family,White,Female,United-States,<=50K
54,338620,14,0,0,52,Private,Masters,Married-civ-spouse,Exec-managerial,Husband,White,Male,United-States,>50K
30,170065,10,0,0,40,Private,Some-college,Married-civ-spouse,Craft-repair,Husband,White,Male,United-States,<=50K
35,292185,13,0,0,40,Private,Bachelors,Married-civ-spouse,Adm-clerical,Husband,White,Male,United-States,<=50K
22,315974,10,0,0,40,Private,Some-college,Never-married,Sales,Not-in-family,White,Female,United-States,<=50K
29,409201,10,0,0,40,State-gov,Some-college,Married-civ-spouse,Adm-clerical,Husband,White,Male,United-States,<=50K
49,188823,9,0,0,42,Private,HS-grad,Divorced,Prof-specialty,Not-in-family,White,Male,United-States,<=50K
35,117528,11,0,0,40,MISSING,Assoc-voc,Married-civ-spouse,MISSING,Wife,White,Female,United-States,>50K
35,207066,13,10520,0,45,Private,Bachelors,Never-married,Sales,Not-in-family,White,Male,United-States,>50K
70,237065,3,2346,0,40,Private,5th-6th,Widowed,Other-service,Other-relative,White,Female,MISSING,<=50K
19,258470,9,0,0,40,Private,HS-grad,Never-married,Handlers-cleaners,Not-in-family,White,Male,United-States,<=50K
53,22978,14,0,0,50,Private,Masters,Married-civ-spouse,Exec-managerial,Wife,White,Female,United-States,>50K
42,156580,13,0,0,40,Private,Bachelors,Married-civ-spouse,Sales,Wife,White,Female,Puerto-Rico,<=50K
37,154210,10,0,0,40,Private,Some-college,Married-civ-spouse,Craft-repair,Husband,Asian-Pac-Islander,Male,Hong,<=50K
17,438996,6,0,0,40,Private,10th,Never-married,Other-service,Other-relative,White,Male,Mexico,<=50K
39,193689,9,0,0,65,Self-emp-not-inc,HS-grad,Never-married,Exec-managerial,Not-in-family,White,Male,United-States,<=50K
40,382499,9,0,0,50,Private,HS-grad,Divorced,Adm-clerical,Unmarried,White,Female,United-States,<=50K
42,271521,10,0,0,40,Local-gov,Some-college,Married-civ-spouse,Protective-serv,Husband,Other,Male,United-States,>50K
39,218490,13,0,1848,40,Private,Bachelors,Married-civ-spouse,Sales,Husband,White,Male,United-States,>50K
40,191342,13,0,0,40,Private,Bachelors,Married-civ-spouse,Exec-managerial,Husband,Asian-Pac-Islander,Male,China,>50K
49,76482,9,0,0,40,Private,HS-grad,Married-civ-spouse,Craft-repair,Husband,White,Male,United-States,<=50K
34,353270,11,0,0,40,Local-gov,Assoc-voc,Never-married,Craft-repair,Own-child,White,Female,United-States,<=50K
63,207385,10,0,0,30,Private,Some-college,Married-civ-spouse,Sales,Husband,White,Male,United-States,<=50K
36,174308,7,0,0,40,Private,11th,Divorced,Transport-moving,Not-in-family,White,Male,United-States,<=50K
24,211345,10,0,0,40,Private,Some-college,Never-married,Other-service,Own-child,White,Female,Mexico,<=50K
35,106967,14,0,0,40,Private,Masters,Never-married,Sales,Not-in-family,White,Female,United-States,<=50K
48,139212,10,0,0,40,Self-emp-not-inc,Some-college,Divorced,Craft-repair,Not-in-family,White,Male,United-States,<=50K
46,192779,12,0,2258,38,State-gov,Assoc-acdm,Divorced,Adm-clerical,Unmarried,White,Male,United-States,>50K
42,65372,10,0,0,40,Private,Some-college,Never-married,Adm-clerical,Own-child,White,Female,United-States,<=50K
22,52596,10,0,0,8,Private,Some-college,Never-married,Sales,Own-child,White,Male,United-States,<=50K
25,245369,9,0,0,35,Self-emp-not-inc,HS-grad,Separated,Craft-repair,Own-child,White,Male,United-States,<=50K
18,190325,7,0,0,30,Private,11th,Never-married,Craft-repair,Own-child,White,Male,United-States,<=50K
20,198148,9,0,0,40,Private,HS-grad,Never-married,Adm-clerical,Own-child,White,Male,United-States,<=50K
40,224799,13,0,0,45,Private,Bachelors,Married-civ-spouse,Prof-specialty,Husband,White,Male,United-States,<=50K
26,252406,9,0,0,40,Private,HS-grad,Separated,Adm-clerical,Unmarried,White,Female,United-States,<=50K
19,385901,10,0,0,22,MISSING,Some-college,Never-married,MISSING,Own-child,White,Male,United-States,<=50K
23,138892,9,0,0,40,Private,HS-grad,Never-married,Machine-op-inspct,Own-child,Black,Male,United-States,<=50K
34,115040,9,0,0,44,Private,HS-grad,Married-civ-spouse,Craft-repair,Husband,White,Male,United-States,<=50K
21,438139,9,0,0,50,Private,HS-grad,Never-married,Sales,Not-in-family,White,Male,United-States,<=50K
33,287878,10,0,0,26,Private,Some-college,Married-civ-spouse,Other-service,Wife,White,Female,United-States,<=50K
37,183800,13,0,0,40,Private,Bachelors,Married-civ-spouse,Exec-managerial,Husband,White,Male,United-States,>50K
25,192273,13,0,0,40,Private,Bachelors,Married-civ-spouse,Prof-specialty,Husband,White,Male,United-States,<=50K
36,67728,13,0,0,50,Self-emp-not-inc,Bachelors,Married-civ-spouse,Sales,Husband,White,Male,United-States,>50K
24,201680,9,0,0,60,Private,HS-grad,Never-married,Adm-clerical,Unmarried,White,Male,United-States,<=50K
52,22428,13,0,0,60,Federal-gov,Bachelors,Married-civ-spouse,Protective-serv,Husband,White,Male,United-States,>50K
37,138940,7,0,0,37,Self-emp-not-inc,11th,Never-married,Farming-fishing,Own-child,White,Male,United-States,<=50K
55,178644,5,0,0,55,Private,9th,Married-civ-spouse,Craft-repair,Husband,White,Male,United-States,<=50K
58,147707,7,0,0,40,Private,11th,Married-civ-spouse,Sales,Husband,White,Male,United-States,<=50K
31,236391,10,0,0,40,Private,Some-college,Never-married,Sales,Not-in-family,White,Female,United-States,<=50K
43,207685,9,0,0,40,Private,HS-grad,Married-civ-spouse,Machine-op-inspct,Husband,White,Male,United-States,<=50K
22,29810,10,0,0,30,Private,Some-college,Never-married,Transport-moving,Own-child,White,Female,United-States,<=50K
22,324922,9,0,0,50,Private,HS-grad,Never-married,Machine-op-inspct,Not-in-family,White,Male,United-States,<=50K
19,97215,10,0,0,25,Private,Some-college,Separated,Sales,Unmarried,White,Female,United-States,<=50K
19,242001,10,0,0,40,MISSING,Some-college,Never-married,MISSING,Own-child,White,Female,United-States,<=50K
34,173495,9,0,0,40,Private,HS-grad,Divorced,Transport-moving,Not-in-family,White,Male,United-States,<=50K
49,241753,9,0,0,40,Self-emp-not-inc,HS-grad,Divorced,Other-service,Unmarried,White,Female,United-States,<=50K
65,171584,13,0,0,40,Private,Bachelors,Never-married,Exec-managerial,Not-in-family,White,Male,United-States,<=50K
40,119225,11,0,0,40,Private,Assoc-voc,Married-civ-spouse,Prof-specialty,Husband,White,Male,United-States,<=50K
30,208668,12,0,0,25,Private,Assoc-acdm,Never-married,Prof-specialty,Not-in-family,Black,Female,United-States,<=50K
26,272618,13,0,0,55,Private,Bachelors,Married-civ-spouse,Sales,Husband,White,Male,United-States,<=50K
55,175127,13,7688,0,38,State-gov,Bachelors,Married-civ-spouse,Adm-clerical,Husband,White,Male,United-States,>50K
67,228200,9,0,0,20,Private,HS-grad,Married-civ-spouse,Priv-house-serv,Wife,Black,Female,United-States,<=50K
38,64875,10,0,0,60,Private,Some-college,Never-married,Farming-fishing,Unmarried,White,Male,United-States,<=50K
31,159187,9,0,0,40,Private,HS-grad,Divorced,Transport-moving,Own-child,White,Male,United-States,<=50K
22,96862,10,0,0,40,State-gov,Some-college,Never-married,Adm-clerical,Own-child,White,Female,United-States,<=50K
21,124242,10,0,0,40,MISSING,Some-college,Never-married,MISSING,Own-child,White,Female,United-States,<=50K
17,258872,7,0,0,5,MISSING,11th,Never-married,MISSING,Own-child,White,Female,United-States,<=50K
35,61343,9,0,0,40,MISSING,HS-grad,Married-civ-spouse,MISSING,Husband,White,Male,United-States,<=50K
62,192866,10,0,0,20,Private,Some-college,Widowed,Other-service,Not-in-family,White,Female,United-States,<=50K
21,176356,10,0,0,10,MISSING,Some-college,Never-married,MISSING,Own-child,White,Female,Germany,<=50K
27,188941,10,3908,0,40,Private,Some-college,Married-civ-spouse,Tech-support,Husband,White,Male,United-States,<=50K
61,321117,9,0,0,40,Local-gov,HS-grad,Married-civ-spouse,Protective-serv,Husband,White,Male,United-States,<=50K
54,166459,15,99999,0,60,Self-emp-inc,Prof-school,Married-civ-spouse,Prof-specialty,Husband,White,Male,United-States,>50K
35,135289,9,0,0,60,Self-emp-inc,HS-grad,Married-civ-spouse,Other-service,Husband,White,Male,United-States,<=50K
23,201682,13,0,0,40,Private,Bachelors,Married-civ-spouse,Adm-clerical,Other-relative,White,Female,United-States,<=50K
50,131982,9,0,0,60,Self-emp-not-inc,HS-grad,Married-civ-spouse,Other-service,Husband,Asian-Pac-Islander,Male,South,<=50K
22,336215,12,0,0,25,Private,Assoc-acdm,Never-married,Adm-clerical,Not-in-family,White,Female,United-States,<=50K
29,227890,9,0,0,40,Private,HS-grad,Never-married,Protective-serv,Other-relative,Black,Male,United-States,<=50K
20,126822,10,0,0,15,State-gov,Some-college,Never-married,Prof-specialty,Own-child,White,Female,United-States,<=50K
22,351381,11,0,0,40,Private,Assoc-voc,Never-married,Adm-clerical,Not-in-family,White,Female,United-States,<=50K
49,54260,13,0,0,40,Private,Bachelors,Married-civ-spouse,Prof-specialty,Husband,White,Male,United-States,>50K
28,24153,6,0,0,40,Federal-gov,10th,Married-civ-spouse,Other-service,Wife,Amer-Indian-Eskimo,Female,United-States,<=50K
33,171215,14,0,0,40,Private,Masters,Never-married,Adm-clerical,Own-child,White,Male,United-States,<=50K
34,234386,12,0,0,50,Private,Assoc-acdm,Divorced,Craft-repair,Not-in-family,White,Male,United-States,<=50K
38,357870,8,0,0,50,Private,12th,Never-married,Machine-op-inspct,Not-in-family,Black,Female,United-States,<=50K
40,272240,9,0,0,40,Private,HS-grad,Divorced,Machine-op-inspct,Not-in-family,White,Female,United-States,<=50K
30,115426,13,0,0,40,Private,Bachelors,Married-civ-spouse,Sales,Husband,White,Male,United-States,>50K
27,376936,9,0,0,40,Private,HS-grad,Never-married,Craft-repair,Not-in-family,White,Male,United-States,<=50K
59,56392,10,0,1579,60,Self-emp-not-inc,Some-college,Married-civ-spouse,Farming-fishing,Husband,White,Male,United-States,<=50K
18,478380,7,0,0,25,Private,11th,Never-married,Sales,Own-child,White,Female,United-States,<=50K
47,331650,9,0,0,8,MISSING,HS-grad,Married-civ-spouse,MISSING,Wife,White,Female,United-States,>50K
60,167670,13,0,0,35,Private,Bachelors,Married-civ-spouse,Prof-specialty,Husband,White,Male,United-States,<=50K
31,114691,9,0,0,40,Private,HS-grad,Married-civ-spouse,Machine-op-inspct,Husband,White,Male,United-States,>50K
22,151790,10,0,0,30,Private,Some-college,Married-civ-spouse,Sales,Wife,White,Female,Germany,<=50K
32,70985,9,4064,0,40,Self-emp-not-inc,HS-grad,Married-civ-spouse,Farming-fishing,Husband,White,Male,United-States,<=50K
44,245317,10,0,0,56,Private,Some-college,Married-civ-spouse,Craft-repair,Husband,White,Male,United-States,>50K
42,294431,14,0,0,40,Federal-gov,Masters,Married-civ-spouse,Prof-specialty,Husband,White,Male,United-States,<=50K
45,205424,13,0,0,40,Private,Bachelors,Never-married,Prof-specialty,Not-in-family,White,Male,United-States,>50K
43,147110,10,0,0,48,Private,Some-college,Never-married,Adm-clerical,Unmarried,White,Male,United-States,>50K
25,113948,11,0,0,45,Self-emp-not-inc,Assoc-voc,Married-civ-spouse,Other-service,Wife,White,Female,United-States,<=50K
34,34104,14,7688,0,38,State-gov,Masters,Married-civ-spouse,Prof-specialty,Husband,White,Male,United-States,>50K
29,188675,10,0,0,40,MISSING,Some-college,Divorced,MISSING,Own-child,Black,Male,United-States,<=50K
44,240043,6,0,0,30,Private,10th,Married-spouse-absent,Adm-clerical,Unmarried,Black,Female,United-States,<=50K
36,356824,9,0,0,40,Private,HS-grad,Divorced,Sales,Not-in-family,White,Female,United-States,<=50K
33,24504,10,0,0,60,Self-emp-not-inc,Some-college,Married-civ-spouse,Craft-repair,Husband,White,Male,United-States,<=50K
32,36302,10,0,0,50,Private,Some-college,Married-civ-spouse,Adm-clerical,Husband,White,Male,United-States,<=50K
20,71475,10,0,0,40,Private,Some-college,Never-married,Adm-clerical,Own-child,White,Female,United-States,<=50K
40,75313,13,7688,0,66,Federal-gov,Bachelors,Married-civ-spouse,Prof-specialty,Husband,White,Male,United-States,>50K
26,157028,14,0,0,55,Private,Masters,Never-married,Prof-specialty,Not-in-family,White,Male,United-States,>50K
24,377725,13,0,0,40,MISSING,Bachelors,Never-married,MISSING,Not-in-family,White,Female,United-States,<=50K
17,160049,6,0,0,12,Private,10th,Never-married,Other-service,Own-child,White,Female,United-States,<=50K
32,94235,9,0,0,40,Private,HS-grad,Married-civ-spouse,Craft-repair,Husband,White,Male,United-States,>50K
46,102308,13,0,2415,40,Self-emp-not-inc,Bachelors,Married-civ-spouse,Sales,Husband,White,Male,United-States,>50K
81,201398,14,0,0,60,Private,Masters,Widowed,Prof-specialty,Unmarried,White,Male,MISSING,<=50K
50,176969,9,0,1590,40,Federal-gov,HS-grad,Divorced,Prof-specialty,Not-in-family,White,Male,United-States,<=50K
38,84570,10,0,0,40,Local-gov,Some-college,Never-married,Adm-clerical,Own-child,Amer-Indian-Eskimo,Female,United-States,<=50K
35,112271,10,0,0,45,Private,Some-college,Married-civ-spouse,Craft-repair,Husband,White,Male,United-States,<=50K
32,440129,10,0,0,38,Private,Some-college,Married-civ-spouse,Handlers-cleaners,Husband,White,Male,Mexico,<=50K
59,31840,9,0,0,40,Federal-gov,HS-grad,Married-civ-spouse,Craft-repair,Husband,White,Male,United-States,>50K
45,106113,10,0,0,40,Private,Some-college,Married-civ-spouse,Exec-managerial,Husband,White,Male,United-States,>50K
18,83451,9,0,0,30,Private,HS-grad,Never-married,Other-service,Own-child,White,Female,United-States,<=50K
31,60186,13,0,0,40,State-gov,Bachelors,Divorced,Prof-specialty,Not-in-family,White,Male,United-States,<=50K
44,203943,13,0,0,35,Private,Bachelors,Married-civ-spouse,Exec-managerial,Husband,Black,Male,United-States,>50K
63,165667,9,0,0,40,Self-emp-inc,HS-grad,Married-civ-spouse,Exec-managerial,Husband,White,Male,United-States,<=50K
59,530099,10,0,1887,55,Private,Some-college,Married-civ-spouse,Craft-repair,Husband,White,Male,United-States,>50K
54,29909,7,0,0,43,Private,11th,Married-civ-spouse,Other-service,Wife,White,Female,United-States,<=50K
49,586657,13,7298,0,40,Federal-gov,Bachelors,Married-civ-spouse,Exec-managerial,Husband,White,Male,United-States,>50K
55,264834,13,0,0,40,Federal-gov,Bachelors,Never-married,Prof-specialty,Not-in-family,White,Female,United-States,<=50K
24,138938,10,0,0,40,Private,Some-college,Divorced,Adm-clerical,Not-in-family,White,Female,United-States,<=50K
44,291566,9,0,0,60,Private,HS-grad,Never-married,Craft-repair,Not-in-family,Black,Male,United-States,<=50K
47,34248,11,0,0,40,Private,Assoc-voc,Married-civ-spouse,Sales,Husband,White,Male,United-States,>50K
37,191841,13,8614,0,40,State-gov,Bachelors,Never-married,Adm-clerical,Not-in-family,White,Female,United-States,>50K
39,45607,9,0,0,56,Local-gov,HS-grad,Married-civ-spouse,Protective-serv,Husband,White,Male,United-States,<=50K
58,203039,5,0,0,40,Self-emp-not-inc,9th,Separated,Craft-repair,Not-in-family,White,Male,United-States,<=50K
39,204756,10,0,0,20,MISSING,Some-college,Divorced,MISSING,Not-in-family,White,Female,United-States,<=50K
30,116666,14,0,0,50,Self-emp-not-inc,Masters,Divorced,Prof-specialty,Not-in-family,Asian-Pac-Islander,Male,India,>50K
21,256356,7,0,0,40,Private,11th,Never-married,Priv-house-serv,Other-relative,White,Female,Mexico,<=50K
57,403625,10,0,0,60,MISSING,Some-college,Married-civ-spouse,MISSING,Husband,Asian-Pac-Islander,Male,United-States,>50K
50,20795,10,0,0,40,Local-gov,Some-college,Married-civ-spouse,Protective-serv,Husband,White,Male,United-States,>50K
49,181307,15,15024,0,65,Self-emp-not-inc,Prof-school,Married-civ-spouse,Prof-specialty,Husband,White,Male,United-States,>50K
70,195739,6,0,0,45,Private,10th,Widowed,Craft-repair,Unmarried,White,Male,United-States,<=50K
41,67671,14,0,0,50,Local-gov,Masters,Married-civ-spouse,Prof-specialty,Husband,White,Male,United-States,<=50K
76,312500,3,0,0,40,MISSING,5th-6th,Widowed,MISSING,Unmarried,White,Female,United-States,<=50K
39,99146,13,0,1887,60,Federal-gov,Bachelors,Married-civ-spouse,Protective-serv,Husband,White,Male,United-States,>50K
23,143062,9,0,0,40,Private,HS-grad,Never-married,Sales,Own-child,White,Male,United-States,<=50K
37,168496,9,0,0,10,Self-emp-not-inc,HS-grad,Divorced,Handlers-cleaners,Own-child,White,Male,United-States,<=50K
27,168107,13,0,0,40,Private,Bachelors,Married-civ-spouse,Craft-repair,Husband,White,Male,United-States,<=50K
46,261059,14,0,1977,50,Private,Masters,Married-civ-spouse,Prof-specialty,Husband,White,Male,United-States,>50K
37,324019,12,0,0,40,Private,Assoc-acdm,Never-married,Adm-clerical,Not-in-family,White,Female,United-States,<=50K
22,32616,10,0,0,30,Private,Some-college,Never-married,Other-service,Not-in-family,White,Female,United-States,<=50K
27,116358,10,0,1980,40,Private,Some-college,Never-married,Craft-repair,Own-child,Asian-Pac-Islander,Male,Philippines,<=50K
18,51789,10,0,0,8,Private,Some-college,Never-married,Other-service,Own-child,White,Male,United-States,<=50K
53,169182,6,0,0,40,Private,10th,Married-spouse-absent,Machine-op-inspct,Not-in-family,White,Female,Columbia,<=50K
33,355856,12,0,0,60,Private,Assoc-acdm,Married-civ-spouse,Sales,Husband,Asian-Pac-Islander,Male,United-States,<=50K
30,101859,4,0,0,50,Private,7th-8th,Never-married,Craft-repair,Not-in-family,White,Male,United-States,<=50K
23,296613,10,0,0,32,MISSING,Some-college,Never-married,MISSING,Own-child,White,Female,United-States,<=50K
23,191910,10,0,0,40,MISSING,Some-college,Never-married,MISSING,Other-relative,White,Male,United-States,<=50K
42,153414,13,0,0,40,Private,Bachelors,Married-civ-spouse,Sales,Husband,Black,Male,United-States,>50K
53,186087,9,0,0,40,Federal-gov,HS-grad,Divorced,Tech-support,Unmarried,White,Male,United-States,<=50K
46,72619,10,0,0,40,Private,Some-college,Married-civ-spouse,Exec-managerial,Wife,White,Female,United-States,>50K
67,45814,4,0,0,40,Self-emp-not-inc,7th-8th,Married-civ-spouse,Farming-fishing,Husband,White,Male,United-States,<=50K
45,185385,9,0,0,40,Private,HS-grad,Married-civ-spouse,Machine-op-inspct,Husband,White,Male,United-States,<=50K
51,204322,11,0,0,40,Private,Assoc-voc,Married-civ-spouse,Handlers-cleaners,Husband,White,Male,United-States,>50K
33,124407,13,0,0,40,Private,Bachelors,Never-married,Prof-specialty,Not-in-family,White,Female,United-States,<=50K
24,230248,4,0,0,40,Private,7th-8th,Separated,Machine-op-inspct,Own-child,White,Male,United-States,<=50K
30,54608,13,0,0,40,Private,Bachelors,Married-civ-spouse,Adm-clerical,Husband,White,Male,United-States,<=50K
18,188076,7,0,0,20,Private,11th,Never-married,Other-service,Own-child,White,Female,United-States,<=50K
46,130779,10,0,0,40,Private,Some-college,Married-civ-spouse,Adm-clerical,Husband,White,Male,United-States,<=50K
45,266860,13,0,0,50,Private,Bachelors,Married-civ-spouse,Exec-managerial,Husband,White,Male,United-States,>50K
31,127215,10,0,0,40,Private,Some-college,Married-civ-spouse,Sales,Husband,White,Male,United-States,<=50K
29,289991,9,0,0,55,Private,HS-grad,Never-married,Transport-moving,Unmarried,White,Male,United-States,<=50K
48,204990,9,0,0,33,Private,HS-grad,Never-married,Tech-support,Unmarried,Black,Female,Jamaica,<=50K
36,218542,12,0,0,40,Federal-gov,Assoc-acdm,Married-civ-spouse,Adm-clerical,Wife,White,Female,United-States,>50K
56,99359,9,0,1617,40,Private,HS-grad,Divorced,Adm-clerical,Unmarried,White,Female,United-States,<=50K
48,250674,11,0,0,60,Self-emp-inc,Assoc-voc,Married-civ-spouse,Craft-repair,Husband,White,Male,United-States,<=50K
45,145290,9,0,0,40,Self-emp-inc,HS-grad,Married-civ-spouse,Other-service,Husband,White,Male,United-States,>50K
28,184831,10,0,0,40,Private,Some-college,Never-married,Craft-repair,Unmarried,White,Male,United-States,<=50K
55,80445,13,0,0,40,Private,Bachelors,Married-civ-spouse,Craft-repair,Husband,White,Male,United-States,<=50K
30,154587,9,0,0,40,Private,HS-grad,Never-married,Other-service,Not-in-family,White,Male,Puerto-Rico,<=50K
22,138513,10,0,0,40,Private,Some-college,Never-married,Craft-repair,Own-child,White,Male,United-States,<=50K
23,180052,9,0,0,40,Private,HS-grad,Never-married,Other-service,Own-child,White,Male,United-States,<=50K
28,183151,9,0,0,50,Private,HS-grad,Married-civ-spouse,Craft-repair,Husband,White,Male,United-States,<=50K
43,151089,9,0,0,50,Self-emp-inc,HS-grad,Married-civ-spouse,Sales,Husband,White,Male,United-States,<=50K
19,355477,9,0,0,25,Private,HS-grad,Never-married,Other-service,Own-child,Black,Male,United-States,<=50K
18,84253,7,0,0,24,Private,11th,Never-married,Other-service,Own-child,White,Female,United-States,<=50K
30,48214,14,0,0,50,State-gov,Masters,Married-civ-spouse,Prof-specialty,Wife,White,Female,United-States,>50K
34,191856,10,7298,0,40,Private,Some-college,Married-civ-spouse,Exec-managerial,Wife,White,Female,United-States,>50K
42,162003,16,0,0,36,Private,Doctorate,Never-married,Prof-specialty,Not-in-family,White,Male,United-States,>50K
42,126098,9,0,0,40,Private,HS-grad,Separated,Craft-repair,Unmarried,Black,Female,United-States,<=50K
45,38240,9,0,0,40,Private,HS-grad,Divorced,Craft-repair,Not-in-family,White,Male,United-States,<=50K
31,187560,9,2174,0,40,Private,HS-grad,Never-married,Adm-clerical,Not-in-family,White,Male,United-States,<=50K
41,277390,13,0,0,30,MISSING,Bachelors,Married-civ-spouse,MISSING,Wife,White,Female,United-States,>50K
20,203240,12,0,0,30,Private,Assoc-acdm,Never-married,Adm-clerical,Not-in-family,White,Female,United-States,<=50K
50,123044,14,0,0,60,MISSING,Masters,Married-civ-spouse,MISSING,Husband,White,Male,United-States,>50K
30,97521,13,0,0,50,Private,Bachelors,Married-civ-spouse,Sales,Husband,White,Male,United-States,>50K
49,251180,4,2407,0,50,Private,7th-8th,Married-civ-spouse,Transport-moving,Husband,White,Male,United-States,<=50K
50,240612,13,0,0,60,Self-emp-not-inc,Bachelors,Divorced,Prof-specialty,Not-in-family,White,Female,United-States,<=50K
22,249727,10,0,0,30,Private,Some-college,Never-married,Adm-clerical,Own-child,White,Male,United-States,<=50K
43,198096,9,7688,0,40,Local-gov,HS-grad,Married-civ-spouse,Craft-repair,Husband,White,Male,United-States,>50K
55,296085,12,0,0,40,Local-gov,Assoc-acdm,Married-civ-spouse,Prof-specialty,Husband,Asian-Pac-Islander,Male,United-States,>50K
27,242097,11,0,0,50,Private,Assoc-voc,Married-civ-spouse,Transport-moving,Husband,White,Male,United-States,<=50K
35,205338,9,0,0,40,Private,HS-grad,Married-civ-spouse,Craft-repair,Husband,White,Male,United-States,<=50K
27,136448,13,0,0,40,Private,Bachelors,Never-married,Adm-clerical,Not-in-family,Black,Female,United-States,<=50K
44,153489,9,0,0,40,Private,HS-grad,Never-married,Other-service,Unmarried,White,Male,United-States,<=50K
41,225193,9,0,0,40,Private,HS-grad,Married-civ-spouse,Sales,Husband,White,Male,United-States,<=50K
17,244589,7,0,0,40,Private,11th,Never-married,Sales,Own-child,White,Female,United-States,<=50K
29,242482,9,0,0,32,Private,HS-grad,Never-married,Other-service,Not-in-family,White,Male,United-States,<=50K
28,89718,9,2202,0,48,Private,HS-grad,Never-married,Sales,Not-in-family,White,Female,United-States,<=50K
27,216481,10,0,0,40,Private,Some-college,Widowed,Adm-clerical,Unmarried,White,Female,United-States,<=50K
44,206878,9,0,0,15,Private,HS-grad,Never-married,Sales,Other-relative,White,Female,United-States,<=50K
24,698418,10,0,0,25,Private,Some-college,Never-married,Adm-clerical,Own-child,Black,Female,United-States,<=50K
21,202871,9,0,0,44,Private,HS-grad,Never-married,Sales,Own-child,White,Male,United-States,<=50K
22,264874,10,0,0,40,Private,Some-college,Never-married,Tech-support,Other-relative,White,Female,United-States,<=50K
25,238964,10,0,0,60,Private,Some-college,Married-civ-spouse,Craft-repair,Husband,White,Male,United-States,>50K
20,114746,7,0,1762,40,MISSING,11th,Married-spouse-absent,MISSING,Own-child,Asian-Pac-Islander,Female,South,<=50K
49,179869,9,0,0,40,Federal-gov,HS-grad,Married-civ-spouse,Craft-repair,Husband,White,Male,United-States,>50K
38,43770,10,4650,0,72,Private,Some-college,Separated,Other-service,Not-in-family,White,Female,United-States,<=50K
81,136063,9,0,0,30,Self-emp-not-inc,HS-grad,Married-civ-spouse,Exec-managerial,Husband,White,Male,United-States,<=50K
50,311551,14,7688,0,50,Local-gov,Masters,Married-civ-spouse,Prof-specialty,Husband,White,Male,United-States,>50K
74,192290,6,0,0,20,Private,10th,Married-civ-spouse,Adm-clerical,Husband,White,Male,United-States,<=50K
52,174964,9,0,0,40,Private,HS-grad,Married-civ-spouse,Sales,Husband,White,Male,United-States,>50K
32,239150,10,0,0,40,Private,Some-college,Never-married,Craft-repair,Not-in-family,Black,Male,United-States,<=50K
49,188694,13,0,0,40,Private,Bachelors,Never-married,Exec-managerial,Not-in-family,White,Male,United-States,>50K
33,173806,14,0,0,30,State-gov,Masters,Never-married,Prof-specialty,Not-in-family,White,Male,United-States,<=50K
23,182615,10,0,0,40,Private,Some-college,Never-married,Adm-clerical,Own-child,White,Male,United-States,<=50K
49,185041,14,0,1977,40,Private,Masters,Married-civ-spouse,Exec-managerial,Husband,White,Male,United-States,>50K
43,218558,13,3325,0,40,Private,Bachelors,Married-spouse-absent,Prof-specialty,Not-in-family,White,Male,United-States,<=50K
44,243636,11,0,0,40,Federal-gov,Assoc-voc,Married-civ-spouse,Craft-repair,Husband,White,Male,United-States,>50K
46,160061,10,0,0,40,Private,Some-college,Married-civ-spouse,Machine-op-inspct,Husband,Black,Male,United-States,<=50K
45,204205,10,0,0,50,Self-emp-inc,Some-college,Married-civ-spouse,Exec-managerial,Husband,White,Male,United-States,>50K
38,32271,10,0,0,40,Private,Some-college,Married-civ-spouse,Craft-repair,Husband,White,Male,United-States,<=50K
37,220237,13,5178,0,40,Private,Bachelors,Married-civ-spouse,Exec-managerial,Husband,White,Male,United-States,>50K
54,225307,7,0,0,50,Private,11th,Divorced,Craft-repair,Own-child,White,Female,United-States,>50K
44,227399,11,0,0,40,Private,Assoc-voc,Married-civ-spouse,Exec-managerial,Husband,Black,Male,United-States,<=50K
45,347321,9,0,0,40,Private,HS-grad,Never-married,Craft-repair,Not-in-family,White,Male,United-States,<=50K
19,119075,10,0,0,50,Private,Some-college,Never-married,Handlers-cleaners,Own-child,White,Male,United-States,<=50K
33,159303,9,0,0,40,Private,HS-grad,Divorced,Other-service,Unmarried,White,Female,United-States,<=50K
18,301948,9,34095,0,3,Private,HS-grad,Never-married,Protective-serv,Own-child,White,Male,United-States,<=50K
20,184045,10,0,0,30,Private,Some-college,Never-married,Sales,Unmarried,Black,Female,United-States,<=50K
68,174695,10,0,0,25,Without-pay,Some-college,Married-spouse-absent,Farming-fishing,Unmarried,White,Female,United-States,<=50K
57,214061,9,0,0,40,Private,HS-grad,Divorced,Adm-clerical,Not-in-family,White,Female,United-States,<=50K
30,197058,12,0,0,40,Private,Assoc-acdm,Never-married,Prof-specialty,Not-in-family,White,Female,United-States,<=50K
29,389857,9,0,0,50,Self-emp-not-inc,HS-grad,Never-married,Craft-repair,Not-in-family,White,Male,United-States,>50K
42,52781,14,0,1902,40,Federal-gov,Masters,Married-civ-spouse,Prof-specialty,Husband,White,Male,United-States,>50K
47,302711,7,0,0,40,Private,11th,Divorced,Adm-clerical,Unmarried,White,Female,United-States,<=50K
19,217039,10,0,0,28,Private,Some-college,Never-married,Adm-clerical,Own-child,White,Male,United-States,<=50K
34,144949,6,0,0,45,Private,10th,Married-civ-spouse,Craft-repair,Husband,White,Male,United-States,>50K
29,179008,9,0,0,55,Private,HS-grad,Married-civ-spouse,Farming-fishing,Husband,White,Male,United-States,<=50K
36,154835,9,0,0,40,Private,HS-grad,Separated,Adm-clerical,Own-child,Asian-Pac-Islander,Female,Philippines,<=50K
69,277588,9,0,0,10,Private,HS-grad,Married-civ-spouse,Sales,Husband,White,Male,United-States,<=50K
40,220563,8,0,0,40,Private,12th,Divorced,Craft-repair,Not-in-family,White,Male,United-States,<=50K
57,124137,10,0,0,40,Self-emp-inc,Some-college,Married-civ-spouse,Exec-managerial,Husband,White,Male,United-States,<=50K
18,23233,6,0,0,40,MISSING,10th,Never-married,MISSING,Own-child,White,Male,United-States,<=50K
33,216908,6,0,0,40,MISSING,10th,Never-married,MISSING,Other-relative,White,Male,United-States,<=50K
21,236769,4,0,0,40,Self-emp-not-inc,7th-8th,Never-married,Craft-repair,Not-in-family,White,Male,United-States,<=50K
23,335453,13,0,0,20,State-gov,Bachelors,Never-married,Tech-support,Not-in-family,White,Female,United-States,<=50K
26,365289,9,0,0,40,Private,HS-grad,Divorced,Machine-op-inspct,Not-in-family,White,Male,United-States,<=50K
54,329266,9,0,0,44,Private,HS-grad,Married-civ-spouse,Craft-repair,Husband,White,Male,United-States,>50K
40,111483,13,0,0,40,Self-emp-inc,Bachelors,Never-married,Prof-specialty,Own-child,White,Male,United-States,<=50K
48,82098,10,0,0,65,Self-emp-not-inc,Some-college,Married-civ-spouse,Exec-managerial,Husband,Asian-Pac-Islander,Male,United-States,<=50K
31,201122,10,0,0,40,Private,Some-college,Married-civ-spouse,Exec-managerial,Husband,White,Male,United-States,>50K
20,329530,5,0,0,40,Private,9th,Never-married,Priv-house-serv,Own-child,White,Male,Mexico,<=50K
36,297449,13,14084,0,40,Private,Bachelors,Divorced,Prof-specialty,Not-in-family,White,Male,United-States,>50K
21,237051,10,0,0,25,Private,Some-college,Never-married,Other-service,Own-child,White,Female,United-States,<=50K
38,71701,11,0,0,40,Private,Assoc-voc,Never-married,Craft-repair,Not-in-family,White,Female,Portugal,<=50K
56,157749,10,0,0,60,Private,Some-college,Married-civ-spouse,Farming-fishing,Husband,White,Male,United-States,>50K
25,509866,9,0,0,78,Private,HS-grad,Never-married,Transport-moving,Not-in-family,White,Male,United-States,<=50K
43,28451,13,0,0,37,State-gov,Bachelors,Married-civ-spouse,Prof-specialty,Husband,White,Male,United-States,>50K
41,41090,9,0,2002,60,Private,HS-grad,Married-civ-spouse,Craft-repair,Husband,White,Male,United-States,<=50K
72,298070,11,6723,0,25,Private,Assoc-voc,Separated,Other-service,Unmarried,White,Female,United-States,<=50K
34,244064,9,0,0,40,Private,HS-grad,Never-married,Machine-op-inspct,Unmarried,Black,Male,United-States,<=50K
24,100321,13,0,0,45,Private,Bachelors,Married-civ-spouse,Prof-specialty,Husband,White,Male,United-States,<=50K
35,257416,11,0,0,40,Private,Assoc-voc,Never-married,Craft-repair,Own-child,Black,Male,United-States,<=50K
28,182344,9,0,0,40,Private,HS-grad,Never-married,Other-service,Not-in-family,Black,Male,United-States,<=50K
19,158603,6,0,0,25,MISSING,10th,Never-married,MISSING,Own-child,Black,Male,United-States,<=50K
30,341187,4,0,0,35,Private,7th-8th,Separated,Transport-moving,Not-in-family,White,Male,United-States,<=50K
63,167501,10,20051,0,10,Self-emp-not-inc,Some-college,Married-civ-spouse,Prof-specialty,Wife,White,Female,United-States,>50K
25,21472,10,0,0,22,Self-emp-not-inc,Some-college,Never-married,Other-service,Not-in-family,White,Female,United-States,<=50K
28,109001,9,0,0,40,Private,HS-grad,Never-married,Craft-repair,Not-in-family,White,Male,United-States,<=50K
74,173929,16,0,0,25,Self-emp-not-inc,Doctorate,Married-spouse-absent,Prof-specialty,Not-in-family,White,Male,United-States,>50K
45,185397,12,0,0,40,Private,Assoc-acdm,Divorced,Craft-repair,Not-in-family,White,Male,United-States,<=50K
34,381153,9,0,0,40,Private,HS-grad,Married-civ-spouse,Exec-managerial,Husband,White,Male,United-States,>50K
30,85708,9,0,0,40,Self-emp-not-inc,HS-grad,Married-civ-spouse,Craft-repair,Husband,White,Male,United-States,<=50K
23,125491,10,0,0,35,Private,Some-college,Never-married,Other-service,Not-in-family,Asian-Pac-Islander,Female,Vietnam,<=50K
46,166809,9,0,0,40,Private,HS-grad,Divorced,Adm-clerical,Unmarried,White,Female,United-States,<=50K
22,133833,10,0,0,40,Private,Some-college,Never-married,Adm-clerical,Own-child,White,Female,United-States,<=50K
26,336404,9,0,0,40,Private,HS-grad,Married-civ-spouse,Protective-serv,Husband,White,Male,United-States,<=50K
68,144761,9,0,1668,20,Local-gov,HS-grad,Widowed,Protective-serv,Not-in-family,White,Male,United-States,<=50K
38,252250,12,0,0,56,Local-gov,Assoc-acdm,Married-civ-spouse,Protective-serv,Husband,White,Male,United-States,>50K
40,177905,11,7688,0,44,Private,Assoc-voc,Married-civ-spouse,Exec-managerial,Husband,White,Male,United-States,>50K
42,413297,10,0,0,40,Private,Some-college,Married-civ-spouse,Tech-support,Husband,White,Male,United-States,<=50K
46,264210,10,0,0,20,Private,Some-college,Married-civ-spouse,Farming-fishing,Wife,White,Female,United-States,<=50K
38,107302,10,0,0,60,Private,Some-college,Married-civ-spouse,Sales,Husband,White,Male,United-States,>50K
19,229756,9,0,0,50,Private,HS-grad,Never-married,Sales,Own-child,White,Male,United-States,<=50K
21,134746,10,0,0,35,MISSING,Some-college,Never-married,MISSING,Own-child,White,Female,United-States,<=50K
47,431515,11,0,0,40,Private,Assoc-voc,Married-civ-spouse,Craft-repair,Husband,White,Male,United-States,>50K
51,157327,3,0,0,8,MISSING,5th-6th,Married-civ-spouse,MISSING,Husband,Black,Male,United-States,<=50K
42,230684,13,5013,0,40,Private,Bachelors,Married-civ-spouse,Prof-specialty,Husband,White,Male,United-States,<=50K
20,151105,12,0,0,25,Private,Assoc-acdm,Never-married,Sales,Own-child,White,Female,United-States,<=50K
20,196745,10,0,0,16,Private,Some-college,Never-married,Other-service,Own-child,White,Female,United-States,<=50K
47,145290,9,0,2415,50,Self-emp-not-inc,HS-grad,Married-civ-spouse,Exec-managerial,Husband,White,Male,United-States,>50K
33,251421,12,0,0,50,Private,Assoc-acdm,Divorced,Prof-specialty,Not-in-family,White,Male,United-States,<=50K
19,164658,10,0,0,60,Self-emp-inc,Some-college,Never-married,Farming-fishing,Own-child,White,Male,United-States,<=50K
42,68729,10,0,0,40,Private,Some-college,Never-married,Craft-repair,Not-in-family,Asian-Pac-Islander,Male,United-States,<=50K
47,134671,9,0,0,40,Self-emp-not-inc,HS-grad,Married-spouse-absent,Craft-repair,Not-in-family,White,Male,United-States,<=50K
27,103634,9,0,0,38,Private,HS-grad,Divorced,Adm-clerical,Not-in-family,White,Male,United-States,<=50K
28,62535,9,0,0,43,Private,HS-grad,Married-civ-spouse,Craft-repair,Husband,White,Male,United-States,<=50K
35,111387,10,0,1579,40,Private,Some-college,Married-civ-spouse,Handlers-cleaners,Husband,White,Male,United-States,<=50K
42,97142,4,0,0,40,Private,7th-8th,Married-civ-spouse,Transport-moving,Husband,White,Male,United-States,<=50K
71,172046,4,0,0,50,Self-emp-not-inc,7th-8th,Married-civ-spouse,Farming-fishing,Husband,White,Male,United-States,<=50K
55,141807,9,13550,0,40,MISSING,HS-grad,Never-married,MISSING,Not-in-family,White,Male,United-States,>50K
17,48703,7,0,0,30,MISSING,11th,Never-married,MISSING,Own-child,White,Female,United-States,<=50K
43,387839,9,0,0,40,MISSING,HS-grad,Never-married,MISSING,Other-relative,White,Female,United-States,<=50K
55,143030,9,0,0,40,Private,HS-grad,Divorced,Machine-op-inspct,Not-in-family,White,Female,United-States,<=50K
44,205474,13,0,0,40,Private,Bachelors,Married-civ-spouse,Sales,Husband,White,Male,United-States,>50K
41,184102,7,0,0,40,Private,11th,Divorced,Other-service,Not-in-family,White,Male,United-States,<=50K
33,70164,13,0,0,60,Local-gov,Bachelors,Never-married,Prof-specialty,Not-in-family,Amer-Indian-Eskimo,Male,United-States,<=50K
43,254146,10,0,1902,40,Private,Some-college,Married-civ-spouse,Craft-repair,Husband,White,Male,United-States,>50K
36,205607,13,0,0,40,Self-emp-not-inc,Bachelors,Divorced,Prof-specialty,Not-in-family,Black,Female,United-States,>50K
38,160808,9,4386,0,48,Private,HS-grad,Married-civ-spouse,Craft-repair,Husband,Black,Male,United-States,<=50K
29,110134,10,0,0,40,Private,Some-college,Divorced,Machine-op-inspct,Not-in-family,White,Male,United-States,<=50K
28,239130,10,0,0,50,Private,Some-college,Never-married,Exec-managerial,Not-in-family,White,Male,United-States,<=50K
50,193884,4,0,0,40,Private,7th-8th,Married-civ-spouse,Craft-repair,Husband,White,Male,Ecuador,<=50K
48,148738,10,0,0,40,State-gov,Some-college,Divorced,Other-service,Own-child,White,Male,United-States,<=50K
44,476391,10,0,0,40,Private,Some-college,Divorced,Farming-fishing,Not-in-family,White,Female,United-States,<=50K
22,31387,13,2885,0,25,Private,Bachelors,Married-civ-spouse,Adm-clerical,Own-child,Amer-Indian-Eskimo,Female,United-States,<=50K
28,36601,10,0,0,35,Private,Some-college,Never-married,Other-service,Unmarried,White,Female,United-States,<=50K
27,200500,4,0,0,45,Private,7th-8th,Married-civ-spouse,Transport-moving,Husband,White,Male,United-States,<=50K
23,39844,9,0,0,50,Self-emp-inc,HS-grad,Never-married,Transport-moving,Not-in-family,White,Male,United-States,<=50K
42,217826,9,0,0,40,Private,HS-grad,Never-married,Craft-repair,Own-child,Black,Male,MISSING,<=50K
26,244495,9,0,0,48,Private,HS-grad,Married-civ-spouse,Craft-repair,Husband,White,Male,United-States,<=50K
36,240323,10,0,0,40,Private,Some-college,Widowed,Adm-clerical,Unmarried,Black,Female,United-States,<=50K
35,241001,9,0,0,44,Private,HS-grad,Married-civ-spouse,Machine-op-inspct,Husband,White,Male,United-States,<=50K
50,172942,10,0,0,28,Private,Some-college,Divorced,Other-service,Own-child,White,Male,United-States,<=50K
39,150061,14,15020,0,60,Private,Masters,Divorced,Exec-managerial,Unmarried,Black,Female,United-States,>50K
54,378747,6,0,0,45,Private,10th,Separated,Transport-moving,Unmarried,Black,Male,United-States,>50K
53,137192,13,0,0,50,Private,Bachelors,Divorced,Exec-managerial,Unmarried,Asian-Pac-Islander,Male,United-States,<=50K
58,61474,9,0,0,55,Self-emp-not-inc,HS-grad,Married-civ-spouse,Sales,Husband,White,Male,United-States,>50K
54,140359,4,0,3900,40,Private,7th-8th,Divorced,Machine-op-inspct,Unmarried,White,Female,United-States,<=50K
42,124692,9,0,0,40,Private,HS-grad,Married-civ-spouse,Handlers-cleaners,Husband,White,Male,United-States,<=50K
43,184378,13,0,0,35,Private,Bachelors,Married-civ-spouse,Prof-specialty,Husband,White,Male,United-States,<=50K
61,253101,13,0,0,24,MISSING,Bachelors,Divorced,MISSING,Not-in-family,White,Female,United-States,<=50K
23,189017,13,0,0,55,Private,Bachelors,Never-married,Sales,Not-in-family,White,Male,United-States,<=50K
28,194690,4,0,0,60,Private,7th-8th,Separated,Other-service,Own-child,White,Male,Mexico,<=50K
58,87510,6,0,0,40,Self-emp-not-inc,10th,Married-civ-spouse,Craft-repair,Husband,White,Male,United-States,<=50K
22,418405,10,0,0,40,Private,Some-college,Married-civ-spouse,Craft-repair,Husband,White,Male,United-States,<=50K
41,202168,10,0,0,60,Private,Some-college,Married-civ-spouse,Exec-managerial,Husband,White,Male,United-States,>50K
48,121424,13,0,0,55,Private,Bachelors,Married-civ-spouse,Exec-managerial,Husband,White,Male,United-States,>50K
50,193871,13,0,0,40,Private,Bachelors,Divorced,Exec-managerial,Unmarried,White,Female,United-States,<=50K
22,184975,9,0,0,3,Private,HS-grad,Married-spouse-absent,Other-service,Own-child,White,Female,United-States,<=50K
17,193830,7,0,0,20,Private,11th,Never-married,Sales,Own-child,White,Female,United-States,<=50K
33,155343,9,3103,0,40,Private,HS-grad,Married-civ-spouse,Sales,Husband,White,Male,United-States,>50K
20,291979,9,0,0,40,Private,HS-grad,Never-married,Sales,Own-child,White,Male,United-States,<=50K
19,333953,8,0,0,30,Private,12th,Never-married,Other-service,Other-relative,White,Female,United-States,<=50K
45,122195,9,0,0,40,Private,HS-grad,Widowed,Craft-repair,Unmarried,Black,Female,United-States,<=50K
19,383637,9,0,0,20,Private,HS-grad,Never-married,Other-service,Own-child,White,Male,United-States,<=50K
57,103809,9,0,0,40,Private,HS-grad,Never-married,Sales,Unmarried,White,Female,United-States,<=50K
37,42044,10,0,0,84,Self-emp-not-inc,Some-college,Married-civ-spouse,Farming-fishing,Husband,White,Male,United-States,<=50K
26,292303,9,0,0,40,Private,HS-grad,Never-married,Handlers-cleaners,Own-child,White,Female,United-States,<=50K
50,144361,9,0,0,50,Private,HS-grad,Married-civ-spouse,Machine-op-inspct,Husband,White,Male,United-States,>50K
58,371064,9,0,0,20,Private,HS-grad,Married-civ-spouse,Farming-fishing,Husband,White,Male,United-States,<=50K
39,241153,14,0,0,50,Self-emp-inc,Masters,Married-civ-spouse,Exec-managerial,Husband,White,Male,United-States,<=50K
35,139770,9,6849,0,40,Private,HS-grad,Never-married,Adm-clerical,Own-child,White,Female,United-States,<=50K
50,308764,9,0,0,40,Local-gov,HS-grad,Widowed,Transport-moving,Unmarried,White,Female,United-States,<=50K
23,520759,9,0,0,30,Private,HS-grad,Never-married,Other-service,Not-in-family,Black,Male,United-States,<=50K
28,148429,9,0,0,40,Private,HS-grad,Married-civ-spouse,Machine-op-inspct,Husband,White,Male,United-States,<=50K
23,205939,9,0,0,38,Private,HS-grad,Married-civ-spouse,Craft-repair,Husband,White,Male,United-States,<=50K
52,175029,6,0,0,35,Self-emp-not-inc,10th,Married-civ-spouse,Craft-repair,Husband,White,Male,United-States,<=50K
53,152810,6,0,0,40,Self-emp-not-inc,10th,Married-civ-spouse,Craft-repair,Husband,White,Male,United-States,<=50K
39,215095,7,0,0,30,Private,11th,Never-married,Prof-specialty,Unmarried,White,Female,Puerto-Rico,<=50K
35,202027,14,7688,0,55,Self-emp-not-inc,Masters,Married-civ-spouse,Exec-managerial,Husband,White,Male,United-States,>50K
31,345497,6,0,0,40,MISSING,10th,Married-civ-spouse,MISSING,Husband,White,Male,United-States,<=50K
38,193372,10,0,0,40,Private,Some-college,Never-married,Exec-managerial,Own-child,White,Female,United-States,<=50K
36,171482,10,0,0,56,Local-gov,Some-college,Married-civ-spouse,Protective-serv,Husband,White,Male,United-States,>50K
21,57711,9,0,0,30,Private,HS-grad,Never-married,Other-service,Not-in-family,White,Female,United-States,<=50K
40,153031,14,7298,0,35,Local-gov,Masters,Married-civ-spouse,Prof-specialty,Husband,White,Male,United-States,>50K
70,232871,10,0,0,30,Self-emp-inc,Some-college,Married-civ-spouse,Exec-managerial,Husband,White,Male,United-States,<=50K
22,48347,10,0,0,40,Private,Some-college,Never-married,Tech-support,Own-child,White,Male,United-States,<=50K
50,268553,9,7298,0,40,Private,HS-grad,Married-civ-spouse,Transport-moving,Husband,White,Male,United-States,>50K
28,314659,10,0,0,42,Private,Some-college,Never-married,Machine-op-inspct,Not-in-family,White,Male,United-States,<=50K
52,284329,11,15024,0,40,Private,Assoc-voc,Married-civ-spouse,Prof-specialty,Husband,White,Male,United-States,>50K
27,279608,3,0,0,40,Private,5th-6th,Married-civ-spouse,Farming-fishing,Husband,White,Male,Mexico,<=50K
41,126622,7,0,0,40,Private,11th,Divorced,Handlers-cleaners,Unmarried,White,Female,United-States,<=50K
22,289984,10,0,0,25,MISSING,Some-college,Never-married,MISSING,Not-in-family,Black,Female,United-States,<=50K
18,170544,7,0,0,20,Private,11th,Never-married,Sales,Own-child,White,Male,United-States,<=50K
41,151504,13,7688,0,50,Private,Bachelors,Married-civ-spouse,Exec-managerial,Husband,White,Male,United-States,>50K
65,80174,9,1848,0,50,Private,HS-grad,Divorced,Exec-managerial,Other-relative,White,Female,United-States,<=50K
40,201734,10,0,0,48,Private,Some-college,Never-married,Handlers-cleaners,Not-in-family,White,Male,United-States,<=50K
38,112093,7,0,0,40,Private,11th,Married-civ-spouse,Transport-moving,Husband,White,Male,United-States,<=50K
18,280603,7,0,0,30,Private,11th,Never-married,Sales,Own-child,White,Female,United-States,<=50K
47,282830,12,0,0,40,Federal-gov,Assoc-acdm,Married-civ-spouse,Adm-clerical,Husband,Black,Male,United-States,>50K
54,37289,14,0,0,55,Private,Masters,Married-civ-spouse,Exec-managerial,Wife,White,Female,United-States,>50K
44,193494,10,0,0,72,Private,Some-college,Married-civ-spouse,Transport-moving,Husband,White,Male,United-States,>50K
27,105189,9,4865,0,50,Federal-gov,HS-grad,Divorced,Adm-clerical,Not-in-family,White,Male,United-States,<=50K
35,205852,9,0,0,40,Private,HS-grad,Married-civ-spouse,Handlers-cleaners,Husband,White,Male,United-States,<=50K
36,215373,13,0,0,70,Private,Bachelors,Never-married,Exec-managerial,Not-in-family,White,Male,United-States,<=50K
59,169982,13,0,2002,50,Private,Bachelors,Married-civ-spouse,Exec-managerial,Husband,White,Male,United-States,<=50K
29,161155,12,0,0,50,Private,Assoc-acdm,Married-civ-spouse,Prof-specialty,Husband,White,Male,United-States,<=50K
42,135056,9,0,0,40,Private,HS-grad,Never-married,Sales,Own-child,White,Female,United-States,<=50K
54,166398,10,0,0,35,Local-gov,Some-college,Divorced,Exec-managerial,Unmarried,Black,Female,United-States,<=50K
42,42907,9,0,0,48,Private,HS-grad,Divorced,Machine-op-inspct,Unmarried,White,Male,United-States,<=50K
34,82623,9,0,0,20,Private,HS-grad,Married-civ-spouse,Other-service,Husband,White,Male,United-States,<=50K
32,199539,10,0,0,40,Local-gov,Some-college,Married-civ-spouse,Protective-serv,Husband,White,Male,United-States,>50K
21,254904,9,0,0,30,Private,HS-grad,Never-married,Craft-repair,Not-in-family,White,Female,United-States,<=50K
32,230224,12,0,0,35,State-gov,Assoc-acdm,Married-civ-spouse,Other-service,Husband,White,Male,United-States,<=50K
48,47686,7,0,0,40,Private,11th,Married-civ-spouse,Other-service,Wife,White,Female,United-States,<=50K
21,234108,9,0,0,40,Private,HS-grad,Never-married,Sales,Not-in-family,White,Male,United-States,<=50K
62,148113,6,0,0,40,Private,10th,Married-civ-spouse,Craft-repair,Husband,Black,Male,United-States,<=50K
37,219546,11,4386,0,44,Private,Assoc-voc,Married-civ-spouse,Craft-repair,Husband,White,Male,United-States,>50K
47,142581,10,0,0,40,Federal-gov,Some-college,Married-civ-spouse,Adm-clerical,Husband,Black,Male,United-States,>50K
34,33117,10,0,0,40,Private,Some-college,Married-civ-spouse,Other-service,Husband,White,Male,United-States,<=50K
36,214378,9,0,0,40,Private,HS-grad,Divorced,Prof-specialty,Own-child,White,Female,United-States,>50K
57,139452,9,0,0,16,Local-gov,HS-grad,Divorced,Adm-clerical,Not-in-family,White,Female,United-States,<=50K
41,117585,9,0,1485,40,Private,HS-grad,Married-civ-spouse,Exec-managerial,Husband,White,Male,United-States,>50K
35,82552,12,0,0,40,Private,Assoc-acdm,Married-civ-spouse,Tech-support,Husband,White,Male,United-States,<=50K
30,363296,9,0,0,72,Private,HS-grad,Never-married,Handlers-cleaners,Unmarried,Black,Male,United-States,<=50K
21,197918,9,0,0,40,Private,HS-grad,Never-married,Transport-moving,Own-child,White,Male,United-States,<=50K
36,233533,10,0,0,60,Self-emp-not-inc,Some-college,Married-civ-spouse,Craft-repair,Husband,White,Male,United-States,>50K
34,127195,10,0,0,40,Private,Some-college,Married-civ-spouse,Exec-managerial,Husband,White,Male,United-States,<=50K
47,148724,9,0,0,40,Private,HS-grad,Married-civ-spouse,Sales,Husband,Black,Male,United-States,<=50K
50,163921,9,0,0,48,Self-emp-inc,HS-grad,Married-civ-spouse,Sales,Husband,White,Male,United-States,>50K
30,124420,9,4650,0,40,Self-emp-inc,HS-grad,Divorced,Exec-managerial,Not-in-family,White,Male,United-States,<=50K
67,217028,14,0,0,40,Private,Masters,Never-married,Other-service,Not-in-family,White,Female,United-States,<=50K
37,51158,10,7298,0,36,Local-gov,Some-college,Married-civ-spouse,Tech-support,Wife,White,Female,United-States,>50K
26,212798,13,0,0,45,Private,Bachelors,Never-married,Exec-managerial,Not-in-family,White,Female,United-States,<=50K
54,169719,13,3103,0,40,Private,Bachelors,Married-civ-spouse,Sales,Husband,White,Male,United-States,>50K
31,215047,13,0,0,50,Private,Bachelors,Never-married,Adm-clerical,Not-in-family,White,Male,United-States,<=50K
39,344855,14,0,1977,20,Local-gov,Masters,Married-civ-spouse,Prof-specialty,Wife,White,Female,United-States,>50K
57,109973,9,0,0,40,Local-gov,HS-grad,Divorced,Other-service,Not-in-family,White,Female,United-States,<=50K
29,204516,14,0,0,15,State-gov,Masters,Married-civ-spouse,Prof-specialty,Husband,White,Male,United-States,<=50K
29,121523,7,0,0,60,Private,11th,Married-civ-spouse,Transport-moving,Husband,White,Male,United-States,<=50K
38,242080,10,0,0,55,Private,Some-college,Married-civ-spouse,Sales,Husband,White,Male,United-States,>50K
21,118657,9,0,0,40,Private,HS-grad,Separated,Machine-op-inspct,Other-relative,White,Male,United-States,<=50K
50,177927,9,0,0,40,Private,HS-grad,Divorced,Protective-serv,Not-in-family,White,Male,United-States,<=50K
30,310889,10,0,0,55,Private,Some-college,Never-married,Handlers-cleaners,Not-in-family,White,Male,United-States,<=50K
21,198822,9,0,0,35,Private,HS-grad,Never-married,Adm-clerical,Own-child,White,Female,United-States,<=50K
36,215392,13,0,0,40,Private,Bachelors,Divorced,Tech-support,Not-in-family,White,Female,United-States,<=50K
24,190457,10,0,0,40,Private,Some-college,Never-married,Adm-clerical,Own-child,White,Female,United-States,<=50K
46,220269,10,0,0,40,Private,Some-college,Married-civ-spouse,Tech-support,Husband,White,Male,United-States,>50K
54,383365,13,0,0,70,Self-emp-inc,Bachelors,Married-civ-spouse,Sales,Husband,White,Male,United-States,>50K
47,193061,10,0,0,60,Private,Some-college,Divorced,Exec-managerial,Not-in-family,White,Male,United-States,<=50K
35,314897,4,0,0,40,Private,7th-8th,Married-civ-spouse,Craft-repair,Husband,White,Male,Puerto-Rico,<=50K
37,218249,7,0,0,30,Self-emp-not-inc,11th,Divorced,Prof-specialty,Unmarried,Black,Female,United-States,<=50K
38,233194,9,0,0,40,Private,HS-grad,Married-civ-spouse,Sales,Husband,Black,Male,United-States,>50K
38,333651,13,15024,0,70,Private,Bachelors,Married-civ-spouse,Prof-specialty,Husband,White,Male,United-States,>50K
43,144928,9,0,0,60,Self-emp-not-inc,HS-grad,Never-married,Farming-fishing,Not-in-family,White,Male,United-States,<=50K
55,277034,10,0,0,40,Private,Some-college,Divorced,Protective-serv,Not-in-family,White,Male,United-States,<=50K
36,188972,16,0,0,10,Self-emp-not-inc,Doctorate,Separated,Prof-specialty,Unmarried,White,Female,Canada,<=50K
32,263908,13,0,0,40,Private,Bachelors,Married-civ-spouse,Prof-specialty,Husband,White,Male,United-States,<=50K
28,294936,13,0,0,45,Private,Bachelors,Married-civ-spouse,Prof-specialty,Husband,White,Male,United-States,<=50K
28,119793,10,0,0,40,Private,Some-college,Never-married,Adm-clerical,Own-child,White,Male,United-States,<=50K
48,125120,10,0,0,37,Private,Some-college,Married-civ-spouse,Adm-clerical,Wife,White,Female,United-States,<=50K
34,192002,13,0,0,40,Private,Bachelors,Married-civ-spouse,Exec-managerial,Husband,White,Male,United-States,>50K
26,229977,5,0,0,35,Private,9th,Married-civ-spouse,Craft-repair,Husband,White,Male,United-States,<=50K
27,284741,10,0,0,30,Private,Some-college,Never-married,Sales,Not-in-family,White,Female,United-States,<=50K
46,189762,12,0,0,56,Private,Assoc-acdm,Never-married,Tech-support,Not-in-family,White,Male,United-States,<=50K
25,211497,10,0,0,40,Private,Some-college,Married-civ-spouse,Exec-managerial,Husband,White,Male,United-States,<=50K
40,200496,13,0,0,40,Private,Bachelors,Separated,Sales,Not-in-family,White,Male,United-States,<=50K
17,86786,6,0,0,40,MISSING,10th,Never-married,MISSING,Own-child,White,Female,United-States,<=50K
49,195612,10,7298,0,40,Private,Some-college,Married-civ-spouse,Exec-managerial,Husband,White,Male,United-States,>50K
23,240049,1,0,0,40,Private,Preschool,Never-married,Other-service,Not-in-family,Asian-Pac-Islander,Female,Laos,<=50K
37,241174,13,0,0,99,Private,Bachelors,Married-civ-spouse,Prof-specialty,Husband,White,Male,United-States,>50K
36,284166,9,0,0,60,Private,HS-grad,Never-married,Sales,Unmarried,White,Male,United-States,>50K
22,496025,10,0,0,40,Private,Some-college,Married-civ-spouse,Machine-op-inspct,Husband,White,Male,Mexico,<=50K
28,167536,12,0,0,40,Local-gov,Assoc-acdm,Widowed,Prof-specialty,Unmarried,White,Male,United-States,<=50K
36,166988,13,0,0,40,Private,Bachelors,Married-civ-spouse,Prof-specialty,Wife,White,Female,United-States,>50K
22,287988,10,0,0,15,MISSING,Some-college,Never-married,MISSING,Not-in-family,White,Male,United-States,<=50K
18,298133,10,0,0,40,MISSING,Some-college,Never-married,MISSING,Own-child,White,Male,United-States,<=50K
51,134808,9,0,0,40,Local-gov,HS-grad,Widowed,Other-service,Unmarried,White,Female,United-States,<=50K
25,25386,11,0,0,40,Private,Assoc-voc,Never-married,Other-service,Unmarried,Amer-Indian-Eskimo,Female,United-States,<=50K
46,33842,10,3103,0,40,Private,Some-college,Married-civ-spouse,Transport-moving,Husband,White,Male,United-States,>50K
34,180871,13,0,0,55,State-gov,Bachelors,Married-civ-spouse,Adm-clerical,Husband,White,Male,United-States,<=50K
54,172175,10,0,0,40,Self-emp-inc,Some-college,Married-civ-spouse,Transport-moving,Husband,White,Male,United-States,>50K
23,522881,3,0,0,35,Private,5th-6th,Married-civ-spouse,Other-service,Husband,White,Male,Mexico,<=50K
27,230563,9,0,0,40,Private,HS-grad,Never-married,Adm-clerical,Own-child,White,Female,United-States,<=50K
39,167482,12,0,0,50,Self-emp-inc,Assoc-acdm,Married-civ-spouse,Exec-managerial,Husband,White,Male,United-States,>50K
33,70447,9,0,0,40,Private,HS-grad,Never-married,Transport-moving,Other-relative,Asian-Pac-Islander,Male,United-States,<=50K
26,383306,8,0,0,40,Private,12th,Married-civ-spouse,Craft-repair,Husband,White,Male,United-States,<=50K
37,219546,13,3411,0,47,Private,Bachelors,Married-civ-spouse,Exec-managerial,Other-relative,White,Male,United-States,<=50K
32,199765,13,7688,0,50,Self-emp-inc,Bachelors,Married-civ-spouse,Craft-repair,Husband,White,Male,United-States,>50K
31,99928,14,0,0,50,Private,Masters,Married-civ-spouse,Prof-specialty,Wife,White,Female,United-States,<=50K
49,66385,9,5013,0,40,Private,HS-grad,Married-civ-spouse,Sales,Husband,White,Male,United-States,<=50K
22,72310,7,0,0,65,Private,11th,Never-married,Transport-moving,Not-in-family,White,Male,United-States,<=50K
27,189702,4,0,0,40,Private,7th-8th,Married-civ-spouse,Craft-repair,Husband,White,Male,United-States,<=50K
20,122244,9,0,0,28,MISSING,HS-grad,Never-married,MISSING,Not-in-family,White,Female,United-States,<=50K
41,149385,9,0,0,30,MISSING,HS-grad,Never-married,MISSING,Not-in-family,White,Female,United-States,<=50K
21,117606,10,0,0,40,Private,Some-college,Never-married,Prof-specialty,Not-in-family,White,Female,United-States,<=50K
17,566049,6,0,0,8,Private,10th,Never-married,Other-service,Own-child,White,Male,United-States,<=50K
54,375134,11,0,0,40,Local-gov,Assoc-voc,Divorced,Craft-repair,Not-in-family,White,Male,United-States,<=50K
26,276075,10,0,0,40,Federal-gov,Some-college,Married-civ-spouse,Adm-clerical,Husband,Black,Male,United-States,<=50K
52,118025,13,99999,0,50,Private,Bachelors,Married-civ-spouse,Exec-managerial,Husband,White,Male,United-States,>50K
21,170108,10,0,0,40,Private,Some-college,Never-married,Other-service,Own-child,White,Male,United-States,<=50K
26,396482,13,0,0,48,Private,Bachelors,Never-married,Sales,Not-in-family,White,Female,United-States,<=50K
28,194940,9,0,0,40,Private,HS-grad,Married-civ-spouse,Machine-op-inspct,Husband,White,Male,United-States,<=50K
19,218471,9,0,1602,30,MISSING,HS-grad,Never-married,MISSING,Own-child,White,Female,United-States,<=50K
56,211804,13,15024,0,50,Self-emp-inc,Bachelors,Married-civ-spouse,Sales,Husband,White,Male,United-States,>50K
19,80710,9,0,0,40,MISSING,HS-grad,Never-married,MISSING,Own-child,White,Female,United-States,<=50K
44,106682,9,0,0,60,Private,HS-grad,Married-civ-spouse,Sales,Husband,White,Male,United-States,<=50K
30,235271,13,0,0,40,Local-gov,Bachelors,Married-civ-spouse,Protective-serv,Husband,White,Male,United-States,>50K
63,171635,13,0,0,40,Private,Bachelors,Married-civ-spouse,Sales,Husband,White,Male,United-States,<=50K
28,410450,13,0,0,48,Private,Bachelors,Divorced,Other-service,Unmarried,White,Female,England,>50K
38,37028,10,0,0,38,Private,Some-college,Divorced,Sales,Unmarried,White,Female,United-States,<=50K
42,118947,13,0,0,40,Private,Bachelors,Married-civ-spouse,Exec-managerial,Husband,White,Male,United-States,>50K
32,125856,9,0,0,40,Federal-gov,HS-grad,Divorced,Craft-repair,Unmarried,White,Male,United-States,<=50K
59,159048,9,0,0,40,Private,HS-grad,Divorced,Other-service,Not-in-family,White,Female,United-States,<=50K
33,335625,10,0,0,40,MISSING,Some-college,Divorced,MISSING,Not-in-family,White,Female,United-States,<=50K
32,245487,3,0,0,40,Private,5th-6th,Married-civ-spouse,Machine-op-inspct,Husband,Amer-Indian-Eskimo,Male,Mexico,<=50K
47,370119,13,15024,0,50,Self-emp-not-inc,Bachelors,Married-civ-spouse,Sales,Husband,White,Male,United-States,>50K
56,151474,5,0,0,40,Private,9th,Divorced,Sales,Unmarried,White,Female,United-States,<=50K
37,113120,11,0,0,40,Private,Assoc-voc,Divorced,Prof-specialty,Not-in-family,White,Female,United-States,<=50K
50,230951,13,0,0,40,Private,Bachelors,Married-civ-spouse,Sales,Husband,White,Male,United-States,<=50K
43,35236,9,0,0,40,Self-emp-not-inc,HS-grad,Married-spouse-absent,Craft-repair,Not-in-family,White,Male,United-States,<=50K
61,503675,10,0,0,60,Self-emp-not-inc,Some-college,Married-civ-spouse,Sales,Husband,Black,Male,United-States,>50K
45,199058,13,0,0,48,Private,Bachelors,Married-civ-spouse,Exec-managerial,Husband,White,Male,MISSING,<=50K
41,50122,11,0,0,50,Private,Assoc-voc,Divorced,Sales,Own-child,White,Male,United-States,<=50K
29,354558,9,0,0,60,Private,HS-grad,Married-civ-spouse,Sales,Husband,White,Male,United-States,<=50K
43,135342,10,0,0,50,Self-emp-inc,Some-college,Married-civ-spouse,Exec-managerial,Husband,White,Male,United-States,>50K
63,181863,13,0,0,27,Private,Bachelors,Never-married,Sales,Not-in-family,White,Male,United-States,<=50K
24,183410,10,0,0,17,Private,Some-college,Never-married,Sales,Own-child,White,Female,United-States,<=50K
50,161438,9,0,0,50,Private,HS-grad,Married-civ-spouse,Exec-managerial,Husband,White,Male,United-States,>50K
26,179633,9,0,0,40,Private,HS-grad,Never-married,Tech-support,Other-relative,White,Male,United-States,<=50K
36,89083,11,0,0,40,Federal-gov,Assoc-voc,Married-civ-spouse,Tech-support,Husband,White,Male,United-States,<=50K
30,115040,9,0,0,25,Local-gov,HS-grad,Married-civ-spouse,Handlers-cleaners,Other-relative,White,Male,United-States,<=50K
59,296253,9,0,0,40,Private,HS-grad,Divorced,Exec-managerial,Not-in-family,White,Female,United-States,<=50K
48,317360,14,0,0,40,Local-gov,Masters,Married-civ-spouse,Prof-specialty,Wife,White,Female,United-States,>50K
46,358533,10,0,0,40,Private,Some-college,Married-civ-spouse,Protective-serv,Husband,Black,Male,United-States,>50K
42,226020,9,0,0,60,Local-gov,HS-grad,Separated,Other-service,Not-in-family,Black,Female,MISSING,<=50K
37,164526,16,14084,0,45,Self-emp-not-inc,Doctorate,Never-married,Prof-specialty,Not-in-family,White,Male,United-States,>50K
35,148015,13,0,0,40,Private,Bachelors,Never-married,Sales,Own-child,Black,Female,United-States,<=50K
19,28967,10,0,0,40,MISSING,Some-college,Never-married,MISSING,Not-in-family,White,Male,United-States,<=50K
44,170924,10,7298,0,40,Private,Some-college,Married-civ-spouse,Craft-repair,Husband,White,Male,United-States,>50K
36,58602,3,0,0,35,Private,5th-6th,Never-married,Other-service,Not-in-family,White,Male,United-States,<=50K
31,164309,10,0,0,38,Private,Some-college,Divorced,Adm-clerical,Unmarried,White,Female,United-States,<=50K
53,238481,11,0,1485,40,Private,Assoc-voc,Married-civ-spouse,Exec-managerial,Husband,White,Male,United-States,<=50K
43,316183,4,0,0,40,Private,7th-8th,Married-civ-spouse,Machine-op-inspct,Husband,White,Male,United-States,<=50K
51,186303,13,0,0,40,Private,Bachelors,Married-civ-spouse,Sales,Husband,White,Male,United-States,>50K
24,402778,5,0,0,12,Private,9th,Never-married,Handlers-cleaners,Own-child,White,Male,United-States,<=50K
34,209768,9,0,0,40,Self-emp-not-inc,HS-grad,Married-civ-spouse,Exec-managerial,Husband,White,Male,United-States,<=50K
44,198270,12,0,0,43,Private,Assoc-acdm,Divorced,Prof-specialty,Not-in-family,White,Female,United-States,<=50K
38,203169,11,0,0,50,Private,Assoc-voc,Married-civ-spouse,Craft-repair,Husband,White,Male,United-States,>50K
33,134886,9,0,0,20,Private,HS-grad,Never-married,Sales,Own-child,White,Female,United-States,<=50K
47,135803,9,0,0,25,Private,HS-grad,Married-civ-spouse,Other-service,Husband,Asian-Pac-Islander,Male,Philippines,<=50K
44,101214,13,0,0,44,Private,Bachelors,Divorced,Sales,Unmarried,White,Male,United-States,>50K
42,342865,9,0,0,40,Private,HS-grad,Married-civ-spouse,Sales,Husband,White,Male,United-States,<=50K
41,120277,13,0,0,40,Private,Bachelors,Married-civ-spouse,Prof-specialty,Husband,White,Male,United-States,>50K
46,236852,13,0,0,45,Self-emp-not-inc,Bachelors,Married-civ-spouse,Sales,Husband,White,Male,United-States,>50K
42,219591,13,0,0,55,Private,Bachelors,Married-civ-spouse,Adm-clerical,Husband,White,Male,United-States,>50K
62,102631,10,0,0,50,Self-emp-not-inc,Some-college,Widowed,Farming-fishing,Unmarried,White,Female,United-States,<=50K
26,109080,10,0,0,60,Private,Some-college,Married-civ-spouse,Sales,Husband,White,Male,United-States,<=50K
54,117674,14,0,0,40,Private,Masters,Married-civ-spouse,Prof-specialty,Husband,White,Male,United-States,>50K
28,145284,9,0,0,70,Private,HS-grad,Divorced,Transport-moving,Not-in-family,White,Male,United-States,<=50K
23,287681,9,0,0,40,Private,HS-grad,Never-married,Craft-repair,Own-child,White,Male,Columbia,<=50K
90,214594,4,2653,0,40,Local-gov,7th-8th,Married-civ-spouse,Protective-serv,Husband,White,Male,United-States,<=50K
31,62165,9,0,0,40,Private,HS-grad,Never-married,Other-service,Own-child,Black,Male,United-States,<=50K
48,349986,11,0,0,40,Private,Assoc-voc,Married-spouse-absent,Prof-specialty,Not-in-family,White,Male,United-States,<=50K
48,30575,11,0,0,70,Self-emp-inc,Assoc-voc,Married-civ-spouse,Craft-repair,Husband,White,Male,United-States,>50K
47,34458,4,0,0,10,MISSING,7th-8th,Married-civ-spouse,MISSING,Husband,White,Male,United-States,<=50K
38,89202,10,0,0,40,Self-emp-not-inc,Some-college,Divorced,Craft-repair,Not-in-family,White,Male,United-States,<=50K
56,179594,9,0,0,48,Self-emp-not-inc,HS-grad,Married-civ-spouse,Exec-managerial,Husband,White,Male,United-States,<=50K
81,100675,2,0,0,15,Private,1st-4th,Married-civ-spouse,Prof-specialty,Husband,White,Male,Poland,<=50K
50,305319,4,0,0,40,Private,7th-8th,Married-civ-spouse,Craft-repair,Husband,White,Male,United-States,<=50K
34,61272,13,0,0,40,Private,Bachelors,Never-married,Exec-managerial,Not-in-family,White,Female,United-States,<=50K
42,200187,11,0,0,32,Private,Assoc-voc,Divorced,Other-service,Unmarried,White,Female,United-States,<=50K
20,197496,10,0,0,30,Private,Some-college,Never-married,Sales,Own-child,White,Male,MISSING,<=50K
38,181943,13,0,0,35,Private,Bachelors,Never-married,Adm-clerical,Not-in-family,White,Female,United-States,<=50K
47,158451,14,0,0,2,Private,Masters,Married-civ-spouse,Prof-specialty,Wife,White,Female,United-States,>50K
34,80249,10,0,0,72,Self-emp-inc,Some-college,Married-civ-spouse,Farming-fishing,Husband,White,Male,United-States,<=50K
56,200316,10,0,0,35,Private,Some-college,Married-civ-spouse,Adm-clerical,Husband,White,Male,United-States,<=50K
27,250314,5,0,0,40,Private,9th,Married-civ-spouse,Protective-serv,Husband,White,Male,Guatemala,<=50K
25,102476,13,0,0,50,Private,Bachelors,Never-married,Prof-specialty,Not-in-family,White,Male,United-States,<=50K
42,123816,9,0,0,40,Private,HS-grad,Divorced,Machine-op-inspct,Not-in-family,Black,Female,United-States,<=50K
53,394474,12,0,0,40,Private,Assoc-acdm,Never-married,Adm-clerical,Unmarried,Black,Female,United-States,<=50K
31,248178,10,0,0,35,Private,Some-college,Married-civ-spouse,Other-service,Husband,Black,Male,United-States,<=50K
51,133461,10,0,0,40,Private,Some-college,Married-civ-spouse,Exec-managerial,Husband,White,Male,United-States,<=50K
58,292379,13,0,0,40,Local-gov,Bachelors,Married-civ-spouse,Exec-managerial,Husband,White,Male,United-States,<=50K
37,176014,9,0,0,50,Private,HS-grad,Married-civ-spouse,Sales,Husband,White,Male,United-States,<=50K
68,117542,9,1409,0,15,MISSING,HS-grad,Married-civ-spouse,MISSING,Husband,White,Male,United-States,<=50K
54,171924,13,0,0,48,Private,Bachelors,Married-civ-spouse,Tech-support,Husband,White,Male,United-States,<=50K
36,199947,10,0,0,30,Private,Some-college,Divorced,Machine-op-inspct,Own-child,White,Female,United-States,<=50K
59,159937,9,0,0,48,Private,HS-grad,Married-civ-spouse,Sales,Husband,White,Male,United-States,<=50K
28,98010,10,0,0,40,Private,Some-college,Married-spouse-absent,Adm-clerical,Own-child,White,Female,United-States,<=50K
20,306639,10,0,0,20,Private,Some-college,Never-married,Handlers-cleaners,Own-child,White,Male,United-States,<=50K
73,90557,7,0,0,8,MISSING,11th,Married-civ-spouse,MISSING,Husband,White,Male,United-States,<=50K
46,149161,10,0,0,60,Private,Some-college,Married-civ-spouse,Exec-managerial,Husband,Asian-Pac-Islander,Male,MISSING,<=50K
31,27856,9,0,0,8,Private,HS-grad,Never-married,Other-service,Unmarried,White,Female,United-States,<=50K
43,170214,10,0,0,50,Private,Some-college,Married-civ-spouse,Exec-managerial,Husband,White,Male,United-States,>50K
32,172714,9,0,0,40,Private,HS-grad,Never-married,Craft-repair,Own-child,White,Male,United-States,<=50K
43,59107,9,4101,0,40,Private,HS-grad,Separated,Other-service,Not-in-family,White,Female,United-States,<=50K
46,191357,13,0,0,40,Private,Bachelors,Married-civ-spouse,Tech-support,Husband,White,Male,United-States,<=50K
35,189404,10,0,1740,40,Self-emp-inc,Some-college,Married-civ-spouse,Sales,Husband,White,Male,United-States,<=50K
22,141003,11,0,0,30,Private,Assoc-voc,Never-married,Other-service,Own-child,White,Male,United-States,<=50K
53,191025,10,0,0,43,Private,Some-college,Divorced,Adm-clerical,Not-in-family,White,Female,United-States,<=50K
32,154950,15,0,0,40,Private,Prof-school,Never-married,Prof-specialty,Not-in-family,White,Male,United-States,<=50K
31,227325,10,0,0,40,Private,Some-college,Never-married,Craft-repair,Not-in-family,White,Male,United-States,<=50K
27,167405,9,0,0,40,Private,HS-grad,Married-spouse-absent,Farming-fishing,Own-child,White,Female,Mexico,<=50K
21,113106,10,0,0,30,Private,Some-college,Never-married,Other-service,Own-child,White,Female,United-States,<=50K
37,272471,9,0,0,40,Local-gov,HS-grad,Divorced,Adm-clerical,Unmarried,White,Female,United-States,<=50K
26,417941,13,0,0,40,Private,Bachelors,Never-married,Exec-managerial,Not-in-family,White,Female,United-States,<=50K
21,260254,9,0,0,40,Private,HS-grad,Never-married,Craft-repair,Not-in-family,White,Male,United-States,<=50K
45,474617,9,5455,0,40,Private,HS-grad,Divorced,Sales,Unmarried,Black,Male,United-States,<=50K
28,315287,10,0,0,40,Private,Some-college,Never-married,Prof-specialty,Not-in-family,Black,Male,United-States,<=50K
26,90915,12,0,0,15,Private,Assoc-acdm,Never-married,Other-service,Own-child,Black,Female,United-States,<=50K
48,171095,12,0,0,40,Private,Assoc-acdm,Divorced,Exec-managerial,Unmarried,White,Female,England,<=50K
57,169071,9,0,0,28,Private,HS-grad,Divorced,Sales,Unmarried,White,Female,United-States,<=50K
25,367306,10,0,0,40,Private,Some-college,Never-married,Adm-clerical,Own-child,White,Female,United-States,<=50K
19,176634,9,0,0,40,State-gov,HS-grad,Never-married,Adm-clerical,Own-child,White,Female,United-States,<=50K
22,264710,13,0,0,40,State-gov,Bachelors,Never-married,Tech-support,Own-child,White,Female,United-States,<=50K
33,340332,13,0,0,45,Private,Bachelors,Separated,Exec-managerial,Not-in-family,Black,Female,United-States,<=50K
51,185283,10,0,0,45,Private,Some-college,Married-civ-spouse,Exec-managerial,Husband,White,Male,United-States,>50K
67,172756,2,2062,0,34,Private,1st-4th,Widowed,Machine-op-inspct,Not-in-family,White,Female,Ecuador,<=50K
26,133373,10,0,0,42,Private,Some-college,Never-married,Sales,Own-child,White,Male,United-States,<=50K
32,144064,13,0,0,40,Private,Bachelors,Never-married,Tech-support,Not-in-family,White,Male,United-States,<=50K
38,91857,10,0,0,41,Private,Some-college,Married-civ-spouse,Craft-repair,Husband,White,Male,United-States,<=50K
39,49308,13,0,0,40,Private,Bachelors,Divorced,Prof-specialty,Not-in-family,White,Male,United-States,<=50K
28,181291,13,0,1564,50,Private,Bachelors,Never-married,Exec-managerial,Not-in-family,White,Female,United-States,>50K
26,247025,10,0,0,40,Private,Some-college,Never-married,Handlers-cleaners,Not-in-family,White,Male,United-States,<=50K
41,195258,10,0,0,40,Local-gov,Some-college,Married-civ-spouse,Protective-serv,Husband,White,Male,United-States,>50K
40,74949,10,0,0,40,Local-gov,Some-college,Never-married,Exec-managerial,Not-in-family,White,Male,United-States,<=50K
40,103474,9,0,0,30,Private,HS-grad,Married-civ-spouse,Sales,Wife,White,Female,United-States,<=50K
48,200471,10,0,0,40,Self-emp-not-inc,Some-college,Married-civ-spouse,Craft-repair,Husband,White,Male,United-States,<=50K
38,182609,13,0,0,50,Private,Bachelors,Married-civ-spouse,Sales,Husband,White,Male,Poland,<=50K
44,98779,6,4386,0,60,Private,10th,Married-civ-spouse,Machine-op-inspct,Husband,White,Male,United-States,<=50K
75,31195,9,0,0,20,Local-gov,HS-grad,Divorced,Adm-clerical,Not-in-family,White,Female,United-States,<=50K
28,45613,10,0,0,40,Private,Some-college,Never-married,Priv-house-serv,Not-in-family,White,Female,United-States,<=50K
28,355259,14,0,0,40,Private,Masters,Never-married,Prof-specialty,Not-in-family,White,Female,United-States,>50K
41,355756,10,0,0,40,State-gov,Some-college,Never-married,Prof-specialty,Not-in-family,White,Male,United-States,<=50K
34,31391,9,0,0,53,Local-gov,HS-grad,Married-civ-spouse,Protective-serv,Husband,White,Male,United-States,>50K
39,356838,9,0,0,12,Private,HS-grad,Never-married,Farming-fishing,Own-child,White,Male,United-States,<=50K
55,193130,13,0,0,40,Private,Bachelors,Married-civ-spouse,Prof-specialty,Husband,White,Male,United-States,>50K
33,355996,6,0,0,40,Private,10th,Never-married,Handlers-cleaners,Not-in-family,White,Male,United-States,<=50K
24,153082,9,0,0,30,Private,HS-grad,Never-married,Sales,Not-in-family,White,Male,United-States,<=50K
52,125796,9,0,0,40,Federal-gov,HS-grad,Never-married,Adm-clerical,Not-in-family,Black,Male,United-States,<=50K
22,171176,9,0,0,48,Private,HS-grad,Never-married,Other-service,Not-in-family,White,Female,MISSING,<=50K
40,173590,14,0,0,50,Private,Masters,Married-civ-spouse,Exec-managerial,Husband,White,Male,United-States,>50K
46,164877,10,0,0,44,Private,Some-college,Married-civ-spouse,Craft-repair,Husband,White,Male,United-States,<=50K
21,118712,9,0,0,35,Private,HS-grad,Never-married,Craft-repair,Unmarried,White,Male,United-States,<=50K
51,24344,12,0,0,40,Private,Assoc-acdm,Never-married,Adm-clerical,Not-in-family,White,Female,United-States,<=50K
77,155761,10,0,0,8,Self-emp-inc,Some-college,Married-civ-spouse,Sales,Husband,White,Male,United-States,<=50K
20,105585,10,0,0,25,Private,Some-college,Never-married,Sales,Own-child,White,Male,United-States,<=50K
22,205940,13,0,0,40,Private,Bachelors,Never-married,Exec-managerial,Not-in-family,White,Female,United-States,<=50K
20,290504,9,0,0,40,Private,HS-grad,Never-married,Other-service,Other-relative,White,Male,United-States,<=50K
51,160703,8,0,0,45,Private,12th,Married-civ-spouse,Craft-repair,Husband,White,Male,United-States,<=50K
37,175720,6,0,0,40,Private,10th,Never-married,Handlers-cleaners,Not-in-family,White,Male,United-States,<=50K
40,119101,10,0,1887,68,Private,Some-college,Married-civ-spouse,Craft-repair,Husband,White,Male,United-States,>50K
39,32146,10,0,0,40,Private,Some-college,Never-married,Craft-repair,Not-in-family,White,Male,United-States,<=50K
40,73025,9,0,0,30,Private,HS-grad,Married-civ-spouse,Other-service,Husband,Asian-Pac-Islander,Male,China,<=50K
53,177647,9,0,0,40,Federal-gov,HS-grad,Married-civ-spouse,Tech-support,Husband,White,Male,France,>50K
30,226396,9,0,0,30,Private,HS-grad,Married-civ-spouse,Other-service,Wife,White,Female,United-States,<=50K
24,32616,13,0,0,40,MISSING,Bachelors,Divorced,MISSING,Not-in-family,White,Female,United-States,<=50K
55,276229,10,0,0,40,Private,Some-college,Divorced,Tech-support,Not-in-family,White,Female,United-States,<=50K
31,31600,13,0,0,40,Private,Bachelors,Never-married,Prof-specialty,Not-in-family,White,Female,United-States,<=50K
53,215572,9,0,0,40,Private,HS-grad,Never-married,Craft-repair,Not-in-family,White,Male,United-States,<=50K
29,405177,6,0,0,40,Private,10th,Separated,Sales,Unmarried,White,Female,United-States,<=50K
26,165235,13,0,0,40,Private,Bachelors,Never-married,Adm-clerical,Own-child,Asian-Pac-Islander,Female,Thailand,<=50K
33,129707,10,0,0,50,Federal-gov,Some-college,Never-married,Exec-managerial,Not-in-family,White,Male,United-States,<=50K
62,250091,13,0,0,5,MISSING,Bachelors,Divorced,MISSING,Not-in-family,White,Male,United-States,<=50K
44,171615,9,0,0,45,Private,HS-grad,Married-civ-spouse,Transport-moving,Husband,White,Male,United-States,<=50K
37,149297,9,0,0,30,Private,HS-grad,Never-married,Handlers-cleaners,Not-in-family,Amer-Indian-Eskimo,Male,United-States,<=50K
17,265657,7,0,0,25,Private,11th,Never-married,Other-service,Own-child,White,Male,United-States,<=50K
31,234537,10,0,0,60,Self-emp-not-inc,Some-college,Married-civ-spouse,Craft-repair,Husband,White,Male,United-States,<=50K
24,172146,5,0,1721,40,Private,9th,Never-married,Machine-op-inspct,Not-in-family,White,Male,United-States,<=50K
60,178792,9,0,0,40,Private,HS-grad,Widowed,Handlers-cleaners,Not-in-family,White,Female,United-States,<=50K
42,54102,11,0,0,40,Private,Assoc-voc,Divorced,Adm-clerical,Unmarried,White,Female,United-States,<=50K
63,78383,9,0,0,45,Self-emp-not-inc,HS-grad,Married-civ-spouse,Farming-fishing,Husband,White,Male,United-States,<=50K
41,33658,10,0,0,45,Local-gov,Some-college,Married-civ-spouse,Protective-serv,Husband,White,Male,United-States,>50K
44,336513,10,0,0,45,Private,Some-college,Married-civ-spouse,Prof-specialty,Husband,White,Male,United-States,<=50K
40,259307,10,0,0,50,Private,Some-college,Never-married,Exec-managerial,Not-in-family,White,Male,United-States,<=50K
35,352188,9,0,0,40,Private,HS-grad,Never-married,Tech-support,Not-in-family,White,Male,United-States,<=50K
39,143123,11,0,2415,40,Self-emp-inc,Assoc-voc,Married-civ-spouse,Craft-repair,Husband,White,Male,United-States,>50K
45,266860,14,15024,0,50,Private,Masters,Married-civ-spouse,Exec-managerial,Husband,White,Male,United-States,>50K
39,250157,13,0,0,63,Private,Bachelors,Never-married,Prof-specialty,Not-in-family,White,Female,United-States,<=50K
46,215943,9,0,0,40,Private,HS-grad,Divorced,Prof-specialty,Unmarried,White,Female,United-States,<=50K
21,243842,9,0,0,40,Private,HS-grad,Married-civ-spouse,Farming-fishing,Husband,White,Male,United-States,<=50K
36,172256,9,0,0,44,Private,HS-grad,Married-civ-spouse,Machine-op-inspct,Husband,White,Male,United-States,>50K
53,208321,9,0,1740,40,Private,HS-grad,Married-civ-spouse,Other-service,Husband,Black,Male,United-States,<=50K
55,200235,9,0,0,50,MISSING,HS-grad,Married-civ-spouse,MISSING,Husband,White,Male,United-States,>50K
22,178390,9,0,0,40,Private,HS-grad,Never-married,Handlers-cleaners,Own-child,White,Male,United-States,<=50K
28,190367,9,0,0,45,Private,HS-grad,Married-civ-spouse,Machine-op-inspct,Husband,White,Male,United-States,<=50K
27,66473,13,0,0,50,Self-emp-not-inc,Bachelors,Married-civ-spouse,Exec-managerial,Husband,White,Male,United-States,<=50K
23,314539,9,0,0,40,Private,HS-grad,Married-civ-spouse,Sales,Husband,White,Male,United-States,<=50K
42,174216,15,0,0,38,Self-emp-not-inc,Prof-school,Married-civ-spouse,Prof-specialty,Husband,White,Male,United-States,>50K
37,241998,13,0,0,50,Private,Bachelors,Married-civ-spouse,Tech-support,Husband,White,Male,United-States,>50K
55,157639,10,0,0,40,State-gov,Some-college,Married-civ-spouse,Protective-serv,Husband,White,Male,United-States,>50K
47,39986,13,0,0,40,Local-gov,Bachelors,Married-civ-spouse,Prof-specialty,Husband,White,Male,United-States,<=50K
57,264148,9,0,0,45,Self-emp-not-inc,HS-grad,Married-civ-spouse,Farming-fishing,Husband,White,Male,United-States,<=50K
67,171564,9,20051,0,30,Self-emp-inc,HS-grad,Married-civ-spouse,Prof-specialty,Wife,White,Female,England,>50K
31,102130,14,0,0,45,Local-gov,Masters,Married-civ-spouse,Prof-specialty,Husband,White,Male,United-States,<=50K
33,178107,13,0,0,20,Private,Bachelors,Never-married,Craft-repair,Own-child,White,Male,United-States,<=50K
43,424094,16,0,0,40,State-gov,Doctorate,Never-married,Prof-specialty,Not-in-family,White,Female,United-States,<=50K
23,161478,10,0,0,23,Private,Some-college,Never-married,Other-service,Own-child,Asian-Pac-Islander,Female,United-States,<=50K
35,240389,10,0,0,43,Private,Some-college,Married-civ-spouse,Sales,Husband,White,Male,United-States,>50K
20,39478,10,0,0,70,Private,Some-college,Never-married,Machine-op-inspct,Not-in-family,White,Male,United-States,<=50K
42,101593,13,0,0,42,Local-gov,Bachelors,Married-civ-spouse,Protective-serv,Husband,White,Male,United-States,<=50K
50,183638,9,0,0,40,Private,HS-grad,Widowed,Sales,Unmarried,White,Female,United-States,<=50K
45,114032,15,0,0,60,Private,Prof-school,Married-civ-spouse,Prof-specialty,Husband,White,Male,United-States,>50K
20,366929,10,0,0,35,Private,Some-college,Never-married,Adm-clerical,Own-child,White,Female,United-States,<=50K
26,118497,9,0,0,50,Private,HS-grad,Married-civ-spouse,Transport-moving,Husband,White,Male,United-States,<=50K
33,207267,6,3418,0,35,Private,10th,Separated,Other-service,Unmarried,White,Female,United-States,<=50K
55,154580,6,2580,0,40,Private,10th,Married-civ-spouse,Other-service,Husband,Black,Male,United-States,<=50K
34,159442,9,0,0,30,Private,HS-grad,Never-married,Prof-specialty,Not-in-family,White,Female,United-States,<=50K
45,99971,9,0,0,50,Private,HS-grad,Married-civ-spouse,Transport-moving,Husband,White,Male,United-States,<=50K
26,134945,9,0,0,40,Private,HS-grad,Never-married,Machine-op-inspct,Other-relative,White,Male,United-States,<=50K
48,115971,9,0,0,50,Self-emp-not-inc,HS-grad,Married-civ-spouse,Sales,Husband,White,Male,United-States,<=50K
20,173724,10,0,0,20,Private,Some-college,Never-married,Handlers-cleaners,Own-child,White,Male,United-States,<=50K
37,198841,11,0,0,40,Private,Assoc-voc,Married-civ-spouse,Craft-repair,Husband,White,Male,United-States,>50K
21,211391,10,0,0,27,Private,Some-college,Never-married,Adm-clerical,Not-in-family,White,Female,United-States,<=50K
28,181776,10,0,0,40,Private,Some-college,Never-married,Adm-clerical,Not-in-family,White,Female,United-States,<=50K
23,214542,10,0,0,50,Self-emp-inc,Some-college,Never-married,Prof-specialty,Not-in-family,White,Male,United-States,<=50K
38,260997,10,0,0,40,Private,Some-college,Married-civ-spouse,Machine-op-inspct,Husband,Black,Male,United-States,<=50K
60,163665,10,0,0,16,Private,Some-college,Married-civ-spouse,Protective-serv,Husband,White,Male,United-States,>50K
43,170785,10,0,0,55,Self-emp-inc,Some-college,Married-civ-spouse,Sales,Husband,White,Male,United-States,<=50K
43,334946,9,0,0,40,Private,HS-grad,Married-civ-spouse,Handlers-cleaners,Husband,Black,Male,United-States,<=50K
35,187053,13,0,0,50,Self-emp-inc,Bachelors,Separated,Prof-specialty,Not-in-family,White,Female,United-States,<=50K
40,183404,10,0,0,8,Private,Some-college,Separated,Other-service,Unmarried,White,Female,United-States,<=50K
31,312667,5,0,0,40,Private,9th,Married-civ-spouse,Craft-repair,Husband,White,Male,United-States,<=50K
46,155654,9,0,0,40,Private,HS-grad,Married-civ-spouse,Other-service,Wife,White,Female,United-States,<=50K
26,197156,9,0,0,30,State-gov,HS-grad,Divorced,Adm-clerical,Own-child,White,Female,United-States,<=50K
22,334693,10,0,0,40,State-gov,Some-college,Never-married,Adm-clerical,Own-child,White,Female,United-States,<=50K
20,117789,10,0,0,40,MISSING,Some-college,Never-married,MISSING,Own-child,White,Female,United-States,<=50K
39,352628,12,0,0,50,Local-gov,Assoc-acdm,Married-civ-spouse,Craft-repair,Wife,White,Female,United-States,>50K
65,420277,10,0,0,40,Private,Some-college,Married-civ-spouse,Protective-serv,Husband,White,Male,United-States,<=50K
31,331126,13,0,0,48,Local-gov,Bachelors,Never-married,Protective-serv,Own-child,Black,Male,United-States,<=50K
33,275369,4,0,0,35,Private,7th-8th,Separated,Handlers-cleaners,Not-in-family,Black,Male,Haiti,<=50K
21,250051,10,0,0,10,Private,Some-college,Never-married,Prof-specialty,Own-child,White,Female,United-States,<=50K
77,209507,10,0,0,40,Self-emp-not-inc,Some-college,Never-married,Craft-repair,Not-in-family,White,Male,United-States,<=50K
38,255621,9,0,0,40,Private,HS-grad,Married-civ-spouse,Other-service,Husband,White,Male,United-States,<=50K
45,217953,9,0,0,40,Private,HS-grad,Married-civ-spouse,Craft-repair,Husband,Other,Male,Mexico,<=50K
35,204621,12,0,0,40,Private,Assoc-acdm,Divorced,Other-service,Own-child,White,Female,United-States,<=50K
41,277488,4,0,0,36,Private,7th-8th,Married-civ-spouse,Farming-fishing,Husband,White,Male,United-States,<=50K
34,80933,9,0,1672,40,Private,HS-grad,Married-civ-spouse,Craft-repair,Husband,White,Male,United-States,<=50K
46,340718,7,0,0,40,Federal-gov,11th,Widowed,Adm-clerical,Not-in-family,White,Female,United-States,<=50K
57,211804,13,3103,0,50,Private,Bachelors,Married-civ-spouse,Prof-specialty,Husband,White,Male,United-States,>50K
19,271446,10,0,0,25,Private,Some-college,Never-married,Other-service,Own-child,White,Female,United-States,<=50K
18,165316,9,0,0,30,Private,HS-grad,Never-married,Transport-moving,Own-child,White,Male,United-States,<=50K
21,123727,10,0,0,28,MISSING,Some-college,Never-married,MISSING,Not-in-family,White,Female,United-States,<=50K
33,511517,9,0,0,40,Private,HS-grad,Married-civ-spouse,Prof-specialty,Husband,White,Male,United-States,<=50K
50,767403,9,3103,0,40,Private,HS-grad,Married-civ-spouse,Machine-op-inspct,Husband,White,Male,United-States,>50K
38,70282,14,15024,0,2,MISSING,Masters,Married-civ-spouse,MISSING,Wife,Black,Female,United-States,>50K
34,73199,7,0,0,40,Private,11th,Never-married,Other-service,Own-child,Asian-Pac-Islander,Male,Philippines,<=50K
28,192200,13,0,0,40,Private,Bachelors,Married-civ-spouse,Prof-specialty,Husband,White,Male,MISSING,<=50K
19,166153,10,0,0,30,Private,Some-college,Never-married,Other-service,Own-child,White,Female,United-States,<=50K
23,177087,7,0,0,35,Private,11th,Never-married,Adm-clerical,Unmarried,Black,Male,United-States,<=50K
62,226733,9,0,0,40,Private,HS-grad,Married-civ-spouse,Adm-clerical,Husband,White,Male,United-States,>50K
46,190487,9,0,0,28,Private,HS-grad,Divorced,Priv-house-serv,Unmarried,White,Female,Ecuador,<=50K
23,239322,9,0,0,40,Private,HS-grad,Divorced,Sales,Not-in-family,White,Male,United-States,<=50K
20,275691,9,0,0,28,Private,HS-grad,Never-married,Handlers-cleaners,Own-child,White,Male,United-States,<=50K
73,190078,10,0,0,35,Self-emp-not-inc,Some-college,Married-civ-spouse,Exec-managerial,Husband,White,Male,United-States,<=50K
42,90693,13,0,0,70,Self-emp-inc,Bachelors,Married-civ-spouse,Exec-managerial,Husband,White,Male,United-States,<=50K
29,228860,10,0,0,35,Private,Some-college,Married-civ-spouse,Other-service,Husband,White,Male,United-States,<=50K
19,46400,10,0,0,24,MISSING,Some-college,Never-married,MISSING,Not-in-family,White,Female,United-States,<=50K
17,182070,7,0,0,16,Local-gov,11th,Never-married,Other-service,Own-child,White,Female,United-States,<=50K
29,253814,13,0,0,45,Private,Bachelors,Never-married,Exec-managerial,Not-in-family,White,Female,United-States,<=50K
49,147322,11,0,0,40,Private,Assoc-voc,Married-civ-spouse,Machine-op-inspct,Wife,White,Female,Peru,<=50K
30,129707,10,0,1848,40,Private,Some-college,Married-civ-spouse,Sales,Husband,White,Male,United-States,>50K
49,50474,9,0,0,40,Private,HS-grad,Married-civ-spouse,Exec-managerial,Husband,White,Male,United-States,<=50K
21,292264,9,0,0,35,Private,HS-grad,Never-married,Craft-repair,Not-in-family,White,Male,United-States,<=50K
48,273828,3,0,0,40,Private,5th-6th,Never-married,Handlers-cleaners,Not-in-family,White,Male,Mexico,<=50K
47,174533,10,0,0,40,Self-emp-not-inc,Some-college,Married-civ-spouse,Craft-repair,Husband,White,Male,United-States,<=50K
29,151476,10,0,0,40,Private,Some-college,Separated,Sales,Not-in-family,White,Female,United-States,<=50K
41,306405,10,0,0,40,Private,Some-college,Married-civ-spouse,Tech-support,Wife,White,Female,United-States,<=50K
38,141550,6,0,0,40,Private,10th,Divorced,Craft-repair,Not-in-family,White,Male,United-States,<=50K
23,636017,10,0,0,40,Private,Some-college,Never-married,Other-service,Own-child,Black,Male,United-States,<=50K
70,334666,9,0,0,12,Local-gov,HS-grad,Widowed,Adm-clerical,Not-in-family,White,Female,United-States,<=50K
21,193130,10,0,0,40,Local-gov,Some-college,Never-married,Adm-clerical,Not-in-family,White,Female,United-States,<=50K
44,173981,9,0,0,40,Private,HS-grad,Married-civ-spouse,Craft-repair,Husband,White,Male,United-States,<=50K
36,578377,14,0,0,40,Local-gov,Masters,Married-civ-spouse,Prof-specialty,Wife,White,Female,United-States,<=50K
36,107410,9,0,0,40,Private,HS-grad,Married-civ-spouse,Sales,Husband,White,Male,United-States,<=50K
42,159911,9,0,0,40,Private,HS-grad,Divorced,Other-service,Unmarried,White,Female,United-States,<=50K
46,216414,10,0,0,40,Local-gov,Some-college,Married-civ-spouse,Protective-serv,Husband,White,Male,United-States,>50K
30,235271,13,0,0,40,Private,Bachelors,Married-civ-spouse,Sales,Husband,White,Male,United-States,>50K
58,192806,4,0,0,33,Private,7th-8th,Never-married,Handlers-cleaners,Not-in-family,White,Female,United-States,<=50K
30,159773,13,0,0,45,Local-gov,Bachelors,Married-civ-spouse,Protective-serv,Husband,White,Male,United-States,>50K
32,205072,9,0,0,48,Self-emp-not-inc,HS-grad,Married-civ-spouse,Transport-moving,Husband,White,Male,United-States,<=50K
29,263005,14,0,0,45,Private,Masters,Married-civ-spouse,Exec-managerial,Husband,White,Male,Germany,<=50K
36,340091,16,0,0,36,State-gov,Doctorate,Married-civ-spouse,Prof-specialty,Wife,White,Female,United-States,>50K
31,148607,10,0,0,40,Private,Some-college,Divorced,Machine-op-inspct,Not-in-family,White,Male,United-States,<=50K
37,82576,15,14084,0,36,Private,Prof-school,Divorced,Prof-specialty,Not-in-family,White,Male,United-States,>50K
43,115562,9,0,0,40,Federal-gov,HS-grad,Married-civ-spouse,Machine-op-inspct,Husband,White,Male,United-States,<=50K
70,207627,9,2228,0,24,MISSING,HS-grad,Married-civ-spouse,MISSING,Husband,White,Male,United-States,<=50K
90,171956,10,0,0,40,Private,Some-college,Separated,Adm-clerical,Own-child,White,Female,Puerto-Rico,<=50K
54,82551,11,0,0,10,Self-emp-not-inc,Assoc-voc,Married-civ-spouse,Tech-support,Other-relative,White,Female,United-States,<=50K
26,324854,13,0,0,40,Private,Bachelors,Never-married,Prof-specialty,Not-in-family,White,Female,United-States,>50K
29,242597,13,0,0,40,Private,Bachelors,Never-married,Tech-support,Not-in-family,White,Male,United-States,<=50K
36,370156,9,0,0,38,Private,HS-grad,Divorced,Adm-clerical,Unmarried,White,Female,United-States,<=50K
28,218039,9,0,0,40,Private,HS-grad,Married-civ-spouse,Craft-repair,Husband,White,Male,United-States,<=50K
36,312206,9,0,0,40,Private,HS-grad,Married-civ-spouse,Machine-op-inspct,Husband,White,Male,United-States,<=50K
23,39603,10,0,0,40,Federal-gov,Some-college,Never-married,Craft-repair,Unmarried,Amer-Indian-Eskimo,Male,United-States,<=50K
28,199903,13,0,0,20,Private,Bachelors,Never-married,Adm-clerical,Not-in-family,White,Female,United-States,<=50K
80,132728,9,0,0,20,Self-emp-not-inc,HS-grad,Never-married,Exec-managerial,Not-in-family,White,Male,United-States,<=50K
43,287008,14,0,0,35,Federal-gov,Masters,Married-civ-spouse,Protective-serv,Husband,White,Male,United-States,>50K
63,152163,9,0,0,40,Local-gov,HS-grad,Married-civ-spouse,Protective-serv,Husband,White,Male,United-States,<=50K
41,144002,13,0,0,60,Self-emp-not-inc,Bachelors,Married-civ-spouse,Exec-managerial,Husband,White,Male,United-States,>50K
36,114988,9,0,0,40,Private,HS-grad,Never-married,Other-service,Not-in-family,White,Female,United-States,<=50K
54,139347,9,0,0,40,Private,HS-grad,Widowed,Adm-clerical,Unmarried,White,Female,United-States,<=50K
25,390657,10,0,0,40,Private,Some-college,Never-married,Other-service,Not-in-family,Black,Male,United-States,<=50K
51,203953,9,0,0,40,MISSING,HS-grad,Married-civ-spouse,MISSING,Husband,White,Male,United-States,>50K
20,155775,9,0,0,30,Private,HS-grad,Never-married,Craft-repair,Own-child,White,Male,United-States,<=50K
34,175761,13,0,0,60,Self-emp-inc,Bachelors,Married-civ-spouse,Prof-specialty,Husband,White,Male,United-States,>50K
18,283637,10,0,0,40,Private,Some-college,Never-married,Adm-clerical,Not-in-family,White,Male,United-States,<=50K
33,182926,13,15024,0,50,Private,Bachelors,Married-civ-spouse,Exec-managerial,Husband,White,Male,United-States,>50K
33,173005,13,0,1848,45,Local-gov,Bachelors,Married-civ-spouse,Adm-clerical,Husband,White,Male,United-States,>50K
48,135525,12,0,0,40,Private,Assoc-acdm,Divorced,Adm-clerical,Not-in-family,White,Female,United-States,<=50K
29,205249,14,0,0,40,Private,Masters,Married-civ-spouse,Exec-managerial,Husband,Asian-Pac-Islander,Male,Japan,<=50K
18,301867,9,0,0,20,Private,HS-grad,Never-married,Sales,Own-child,Amer-Indian-Eskimo,Female,United-States,<=50K
49,168262,6,0,0,48,Private,10th,Divorced,Other-service,Not-in-family,White,Male,United-States,<=50K
38,154669,9,0,0,60,Private,HS-grad,Separated,Sales,Not-in-family,White,Male,United-States,<=50K
59,195176,13,0,0,72,Private,Bachelors,Married-civ-spouse,Sales,Husband,White,Male,United-States,<=50K
26,330695,10,0,0,40,Private,Some-college,Married-civ-spouse,Machine-op-inspct,Husband,White,Male,United-States,<=50K
42,189956,13,0,0,30,Local-gov,Bachelors,Divorced,Prof-specialty,Unmarried,Black,Female,United-States,<=50K
36,282092,12,0,0,40,Private,Assoc-acdm,Never-married,Tech-support,Not-in-family,White,Female,United-States,<=50K
44,290403,11,0,0,40,Local-gov,Assoc-voc,Divorced,Protective-serv,Own-child,White,Female,Cuba,<=50K
41,129060,10,0,0,40,Local-gov,Some-college,Divorced,Adm-clerical,Unmarried,Black,Female,United-States,<=50K
43,131435,13,0,0,40,Private,Bachelors,Divorced,Other-service,Not-in-family,White,Female,United-States,<=50K
60,202226,10,0,0,44,Private,Some-college,Divorced,Craft-repair,Own-child,White,Male,United-States,>50K
41,69333,9,0,0,45,Private,HS-grad,Married-civ-spouse,Craft-repair,Husband,White,Male,United-States,>50K
35,35330,9,0,0,40,Private,HS-grad,Married-civ-spouse,Craft-repair,Husband,White,Male,United-States,<=50K
34,398988,13,0,0,40,Private,Bachelors,Never-married,Sales,Not-in-family,White,Male,United-States,<=50K
34,35683,12,0,0,10,Local-gov,Assoc-acdm,Divorced,Adm-clerical,Unmarried,White,Female,United-States,<=50K
26,197764,13,0,0,40,Local-gov,Bachelors,Never-married,Prof-specialty,Not-in-family,White,Female,United-States,<=50K
58,165695,9,0,0,70,Self-emp-not-inc,HS-grad,Divorced,Exec-managerial,Not-in-family,White,Male,United-States,<=50K
20,218215,10,0,0,40,Private,Some-college,Never-married,Adm-clerical,Own-child,White,Female,United-States,<=50K
25,66935,9,0,0,35,Private,HS-grad,Never-married,Craft-repair,Not-in-family,White,Male,United-States,<=50K
35,276153,13,4650,0,40,Private,Bachelors,Never-married,Tech-support,Not-in-family,Asian-Pac-Islander,Female,United-States,<=50K
55,189721,9,0,0,20,Self-emp-not-inc,HS-grad,Married-civ-spouse,Craft-repair,Husband,White,Male,United-States,<=50K
43,168071,9,0,0,44,Private,HS-grad,Married-civ-spouse,Exec-managerial,Husband,White,Male,United-States,<=50K
43,300528,10,0,0,40,Private,Some-college,Married-civ-spouse,Transport-moving,Husband,White,Male,United-States,<=50K
50,231196,13,0,0,50,Self-emp-not-inc,Bachelors,Divorced,Sales,Not-in-family,White,Male,United-States,<=50K
39,152587,9,0,0,40,Self-emp-not-inc,HS-grad,Never-married,Craft-repair,Own-child,White,Male,United-States,<=50K
52,117700,9,0,0,40,Private,HS-grad,Divorced,Adm-clerical,Not-in-family,White,Female,United-States,<=50K
33,205649,12,0,0,20,Private,Assoc-acdm,Married-spouse-absent,Craft-repair,Not-in-family,White,Male,United-States,<=50K
28,39388,11,0,0,60,Self-emp-not-inc,Assoc-voc,Married-civ-spouse,Farming-fishing,Husband,White,Male,United-States,<=50K
20,116830,9,0,0,40,Private,HS-grad,Never-married,Machine-op-inspct,Not-in-family,White,Male,United-States,<=50K
56,212864,9,0,0,40,Local-gov,HS-grad,Married-civ-spouse,Transport-moving,Husband,White,Male,United-States,>50K
55,56645,13,0,0,40,Private,Bachelors,Widowed,Farming-fishing,Own-child,Asian-Pac-Islander,Male,United-States,<=50K
35,63921,9,0,0,40,Private,HS-grad,Married-civ-spouse,Machine-op-inspct,Husband,White,Male,United-States,<=50K
52,198744,9,0,0,40,Private,HS-grad,Widowed,Sales,Not-in-family,White,Female,United-States,<=50K
24,50400,10,0,0,40,Private,Some-college,Married-civ-spouse,Sales,Husband,Amer-Indian-Eskimo,Male,United-States,<=50K
38,31053,9,0,0,40,Private,HS-grad,Divorced,Exec-managerial,Unmarried,White,Female,United-States,<=50K
34,118551,13,0,0,40,Private,Bachelors,Never-married,Tech-support,Not-in-family,White,Female,United-States,<=50K
31,289731,10,0,0,40,Private,Some-college,Married-civ-spouse,Craft-repair,Husband,White,Male,United-States,<=50K
51,120781,15,99999,0,70,Self-emp-not-inc,Prof-school,Married-civ-spouse,Prof-specialty,Husband,Other,Male,India,>50K
19,146679,10,0,0,30,Private,Some-college,Never-married,Exec-managerial,Own-child,Black,Male,United-States,<=50K
33,155343,9,0,0,40,Private,HS-grad,Never-married,Machine-op-inspct,Unmarried,White,Male,United-States,<=50K
24,113936,13,0,0,40,Private,Bachelors,Never-married,Prof-specialty,Own-child,White,Male,United-States,<=50K
59,167963,9,0,0,40,Private,HS-grad,Never-married,Adm-clerical,Unmarried,White,Male,United-States,<=50K
27,346406,13,0,0,50,State-gov,Bachelors,Never-married,Prof-specialty,Unmarried,White,Male,United-States,<=50K
31,175548,9,0,0,35,Private,HS-grad,Never-married,Other-service,Not-in-family,Other,Female,United-States,<=50K
26,120238,13,3325,0,40,Private,Bachelors,Never-married,Craft-repair,Not-in-family,White,Male,United-States,<=50K
39,191103,9,0,0,40,Private,HS-grad,Never-married,Other-service,Not-in-family,White,Male,United-States,<=50K
41,49156,9,0,0,40,Private,HS-grad,Married-civ-spouse,Craft-repair,Husband,White,Male,United-States,<=50K
26,78172,10,0,0,40,Private,Some-college,Married-AF-spouse,Protective-serv,Husband,White,Male,United-States,<=50K
17,63734,6,0,0,20,Private,10th,Never-married,Handlers-cleaners,Own-child,White,Male,United-States,<=50K
31,144949,9,0,0,40,Local-gov,HS-grad,Divorced,Craft-repair,Unmarried,White,Male,United-States,<=50K
41,315834,13,0,1876,40,Private,Bachelors,Never-married,Prof-specialty,Not-in-family,White,Female,United-States,<=50K
47,161311,9,0,0,30,Private,HS-grad,Divorced,Machine-op-inspct,Unmarried,White,Female,United-States,<=50K
33,392812,13,0,0,45,Private,Bachelors,Married-civ-spouse,Exec-managerial,Husband,White,Male,United-States,>50K
28,30771,10,0,0,40,Private,Some-college,Never-married,Adm-clerical,Unmarried,Black,Female,United-States,<=50K
34,209101,13,5178,0,55,Private,Bachelors,Married-civ-spouse,Exec-managerial,Husband,White,Male,United-States,>50K
34,386877,9,0,0,40,Private,HS-grad,Married-civ-spouse,Machine-op-inspct,Husband,Black,Male,United-States,<=50K
23,216181,10,0,0,36,Private,Some-college,Never-married,Sales,Own-child,White,Male,Iran,<=50K
46,375606,16,0,0,40,Private,Doctorate,Never-married,Prof-specialty,Not-in-family,White,Male,United-States,>50K
61,195453,9,0,0,50,Private,HS-grad,Married-civ-spouse,Exec-managerial,Husband,White,Male,United-States,>50K
34,103371,11,0,0,40,State-gov,Assoc-voc,Never-married,Adm-clerical,Unmarried,White,Female,United-States,<=50K
28,291374,8,0,0,40,Private,12th,Never-married,Sales,Unmarried,Black,Female,United-States,<=50K
32,199046,11,0,0,2,MISSING,Assoc-voc,Never-married,MISSING,Unmarried,White,Female,United-States,<=50K
31,339482,2,0,0,40,Private,1st-4th,Married-civ-spouse,Machine-op-inspct,Husband,White,Male,Mexico,<=50K
31,197023,11,0,0,40,Private,Assoc-voc,Married-civ-spouse,Machine-op-inspct,Husband,Amer-Indian-Eskimo,Male,United-States,<=50K
30,319280,10,0,0,40,Federal-gov,Some-college,Never-married,Craft-repair,Not-in-family,White,Male,United-States,<=50K
40,178417,9,0,0,35,Private,HS-grad,Married-civ-spouse,Craft-repair,Husband,White,Male,United-States,<=50K
28,190525,13,0,0,46,Private,Bachelors,Married-civ-spouse,Exec-managerial,Husband,White,Male,United-States,>50K
19,39026,9,0,0,30,Private,HS-grad,Never-married,Other-service,Not-in-family,White,Male,United-States,<=50K
63,106648,9,0,0,12,Self-emp-not-inc,HS-grad,Married-civ-spouse,Other-service,Husband,White,Male,United-States,<=50K
22,34310,10,0,0,25,State-gov,Some-college,Never-married,Transport-moving,Own-child,White,Male,United-States,<=50K
63,272425,11,0,0,40,Self-emp-inc,Assoc-voc,Married-civ-spouse,Exec-managerial,Husband,White,Male,United-States,>50K
47,96854,13,0,0,40,Federal-gov,Bachelors,Married-civ-spouse,Prof-specialty,Husband,White,Male,United-States,>50K
49,125421,9,0,0,38,Private,HS-grad,Divorced,Adm-clerical,Unmarried,White,Female,United-States,<=50K
55,92215,9,0,0,45,Private,HS-grad,Never-married,Adm-clerical,Not-in-family,White,Female,United-States,<=50K
19,376683,10,2036,0,30,Private,Some-college,Never-married,Other-service,Unmarried,Black,Female,United-States,<=50K
32,447066,13,15024,0,50,Private,Bachelors,Married-civ-spouse,Sales,Husband,Black,Male,United-States,>50K
34,116677,10,0,0,40,Private,Some-college,Married-civ-spouse,Handlers-cleaners,Husband,White,Male,United-States,<=50K
56,161662,13,0,0,42,Private,Bachelors,Married-civ-spouse,Exec-managerial,Husband,White,Male,United-States,>50K
36,343476,9,0,0,30,Private,HS-grad,Divorced,Craft-repair,Not-in-family,White,Male,United-States,<=50K
39,86143,3,0,0,40,Private,5th-6th,Married-civ-spouse,Other-service,Husband,Asian-Pac-Islander,Male,Philippines,<=50K
41,131591,9,0,0,45,Private,HS-grad,Married-civ-spouse,Adm-clerical,Husband,Black,Male,United-States,<=50K
24,223811,10,0,0,40,Private,Some-college,Married-civ-spouse,Craft-repair,Husband,White,Male,United-States,<=50K
59,43221,5,0,0,60,Private,9th,Married-civ-spouse,Transport-moving,Husband,White,Male,United-States,>50K
46,106092,9,0,0,45,Private,HS-grad,Married-civ-spouse,Exec-managerial,Husband,White,Male,United-States,>50K
33,314310,9,0,0,20,Private,HS-grad,Married-spouse-absent,Sales,Not-in-family,White,Male,United-States,<=50K
25,410240,9,0,0,40,Private,HS-grad,Never-married,Craft-repair,Own-child,White,Male,United-States,<=50K
24,461678,6,0,0,40,Local-gov,10th,Never-married,Other-service,Not-in-family,White,Male,United-States,<=50K
22,201569,13,0,0,20,State-gov,Bachelors,Never-married,Prof-specialty,Own-child,White,Female,United-States,<=50K
48,58683,10,0,0,70,Self-emp-not-inc,Some-college,Married-civ-spouse,Sales,Husband,White,Male,United-States,>50K
22,234880,10,0,0,25,Private,Some-college,Never-married,Adm-clerical,Own-child,White,Female,United-States,<=50K
36,189382,9,0,0,40,Private,HS-grad,Married-civ-spouse,Adm-clerical,Wife,White,Female,United-States,>50K
17,82041,7,0,0,40,Private,11th,Never-married,Handlers-cleaners,Own-child,White,Male,Canada,<=50K
44,160785,13,0,0,60,Private,Bachelors,Married-civ-spouse,Sales,Husband,White,Male,United-States,>50K
60,227266,9,0,0,33,Private,HS-grad,Divorced,Sales,Not-in-family,White,Female,United-States,<=50K
45,116163,9,0,0,40,Private,HS-grad,Separated,Exec-managerial,Not-in-family,White,Female,United-States,<=50K
27,330132,13,0,0,40,Private,Bachelors,Married-civ-spouse,Tech-support,Wife,White,Female,United-States,>50K
38,223004,10,0,0,75,Local-gov,Some-college,Divorced,Protective-serv,Not-in-family,White,Male,United-States,<=50K
64,312498,13,0,0,40,Private,Bachelors,Married-civ-spouse,Sales,Husband,White,Male,United-States,<=50K
39,238415,13,0,0,50,Private,Bachelors,Married-civ-spouse,Exec-managerial,Husband,White,Male,United-States,>50K
31,331065,13,0,1408,40,Private,Bachelors,Never-married,Exec-managerial,Not-in-family,White,Female,United-States,<=50K
28,156257,10,0,0,60,Private,Some-college,Married-civ-spouse,Craft-repair,Husband,White,Male,United-States,>50K
39,134475,13,0,1762,40,Self-emp-not-inc,Bachelors,Divorced,Adm-clerical,Not-in-family,White,Male,United-States,<=50K
46,167381,9,0,0,40,Federal-gov,HS-grad,Married-civ-spouse,Adm-clerical,Wife,White,Female,United-States,>50K
18,80163,10,0,0,20,Private,Some-college,Never-married,Sales,Own-child,White,Female,United-States,<=50K
53,151580,11,4386,0,40,State-gov,Assoc-voc,Married-civ-spouse,Prof-specialty,Husband,White,Male,United-States,>50K
34,204461,14,0,0,50,State-gov,Masters,Married-civ-spouse,Prof-specialty,Husband,White,Male,United-States,>50K
17,52967,6,0,0,6,Private,10th,Never-married,Other-service,Own-child,White,Female,United-States,<=50K
41,343121,9,0,0,36,Private,HS-grad,Divorced,Adm-clerical,Unmarried,White,Female,United-States,<=50K
27,149624,10,0,0,30,Private,Some-college,Married-civ-spouse,Adm-clerical,Husband,White,Male,United-States,<=50K
35,26999,13,0,0,42,Private,Bachelors,Separated,Exec-managerial,Unmarried,White,Female,United-States,<=50K
39,237943,13,0,0,30,Private,Bachelors,Married-civ-spouse,Sales,Husband,White,Male,United-States,>50K
33,260782,10,0,0,41,Private,Some-college,Married-civ-spouse,Craft-repair,Husband,White,Male,United-States,>50K
45,222011,13,0,0,40,Federal-gov,Bachelors,Married-civ-spouse,Handlers-cleaners,Husband,White,Male,United-States,<=50K
22,165065,10,0,0,40,MISSING,Some-college,Never-married,MISSING,Own-child,White,Female,Italy,<=50K
62,273454,4,0,0,40,Private,7th-8th,Married-civ-spouse,Protective-serv,Husband,White,Male,Cuba,<=50K
35,361888,10,0,0,40,Private,Some-college,Divorced,Machine-op-inspct,Unmarried,White,Male,United-States,<=50K
49,202874,9,0,0,40,MISSING,HS-grad,Separated,MISSING,Unmarried,White,Female,Columbia,<=50K
30,229504,9,0,0,50,Private,HS-grad,Married-civ-spouse,Craft-repair,Husband,White,Male,United-States,<=50K
34,115488,9,0,0,40,Private,HS-grad,Married-civ-spouse,Sales,Husband,White,Male,United-States,<=50K
36,135293,13,1506,0,45,Private,Bachelors,Divorced,Prof-specialty,Unmarried,White,Female,MISSING,<=50K
21,34443,10,0,0,50,MISSING,Some-college,Never-married,MISSING,Own-child,White,Male,United-States,<=50K
35,22055,10,0,0,60,Private,Some-college,Married-civ-spouse,Prof-specialty,Husband,Amer-Indian-Eskimo,Male,United-States,<=50K
39,187098,15,15024,0,47,Private,Prof-school,Married-civ-spouse,Exec-managerial,Wife,White,Female,United-States,>50K
32,207937,10,0,0,40,Private,Some-college,Never-married,Craft-repair,Not-in-family,White,Male,United-States,<=50K
35,56352,11,0,0,40,Private,Assoc-voc,Married-civ-spouse,Other-service,Husband,White,Male,Puerto-Rico,<=50K
43,169031,9,0,0,40,Private,HS-grad,Married-civ-spouse,Machine-op-inspct,Husband,White,Male,United-States,<=50K
21,538319,10,0,0,40,Private,Some-college,Never-married,Other-service,Own-child,White,Female,Puerto-Rico,<=50K
20,200089,3,0,0,30,Private,5th-6th,Never-married,Handlers-cleaners,Unmarried,White,Male,Guatemala,<=50K
25,178843,13,0,0,15,Private,Bachelors,Never-married,Prof-specialty,Own-child,White,Female,United-States,<=50K
66,188220,9,0,0,35,Local-gov,HS-grad,Widowed,Adm-clerical,Unmarried,White,Female,United-States,>50K
44,145160,16,0,0,40,Private,Doctorate,Married-civ-spouse,Prof-specialty,Husband,White,Male,United-States,>50K
39,126336,9,0,0,40,State-gov,HS-grad,Divorced,Prof-specialty,Not-in-family,White,Male,United-States,<=50K
19,238969,9,0,0,10,Private,HS-grad,Never-married,Handlers-cleaners,Own-child,White,Male,United-States,<=50K
17,132755,7,0,0,15,Private,11th,Never-married,Sales,Own-child,White,Male,United-States,<=50K
25,229287,13,0,0,25,Private,Bachelors,Never-married,Exec-managerial,Other-relative,White,Female,United-States,<=50K
47,171968,13,0,0,60,Self-emp-not-inc,Bachelors,Widowed,Exec-managerial,Unmarried,Asian-Pac-Islander,Female,Thailand,<=50K
36,107125,9,0,0,50,Private,HS-grad,Married-civ-spouse,Tech-support,Husband,White,Male,United-States,<=50K
47,350759,9,0,0,40,Self-emp-inc,HS-grad,Married-civ-spouse,Exec-managerial,Husband,White,Male,United-States,>50K
38,208379,13,0,0,8,Private,Bachelors,Never-married,Machine-op-inspct,Not-in-family,White,Female,United-States,<=50K
58,169982,10,0,0,40,MISSING,Some-college,Married-civ-spouse,MISSING,Husband,White,Male,United-States,>50K
44,230684,9,0,0,45,Private,HS-grad,Married-civ-spouse,Transport-moving,Husband,White,Male,United-States,<=50K
21,199915,10,0,0,35,MISSING,Some-college,Never-married,MISSING,Own-child,White,Female,United-States,<=50K
24,54560,9,0,0,45,Private,HS-grad,Married-civ-spouse,Transport-moving,Husband,White,Male,United-States,<=50K
35,22641,9,0,0,40,Self-emp-not-inc,HS-grad,Married-civ-spouse,Transport-moving,Husband,Amer-Indian-Eskimo,Male,United-States,<=50K
48,147397,9,0,0,36,Federal-gov,HS-grad,Married-civ-spouse,Adm-clerical,Husband,White,Male,United-States,<=50K
31,149507,11,3464,0,38,Private,Assoc-voc,Married-civ-spouse,Craft-repair,Husband,White,Male,United-States,<=50K
55,368727,10,0,0,40,Private,Some-college,Divorced,Craft-repair,Not-in-family,White,Male,United-States,<=50K
32,236543,8,0,0,54,Private,12th,Divorced,Protective-serv,Own-child,White,Male,Mexico,<=50K
30,143392,13,0,0,40,Private,Bachelors,Married-civ-spouse,Adm-clerical,Wife,White,Female,United-States,<=50K
53,46155,9,0,0,40,Private,HS-grad,Married-civ-spouse,Priv-house-serv,Other-relative,White,Female,United-States,<=50K
24,177526,13,0,0,15,State-gov,Bachelors,Never-married,Prof-specialty,Not-in-family,White,Male,United-States,<=50K
23,151888,10,0,0,40,Private,Some-college,Never-married,Sales,Own-child,White,Male,United-States,<=50K
28,153291,9,0,0,35,Self-emp-inc,HS-grad,Never-married,Adm-clerical,Own-child,White,Female,United-States,<=50K
59,244554,7,0,0,35,Private,11th,Divorced,Other-service,Not-in-family,Black,Female,United-States,<=50K
40,244945,9,0,0,40,Private,HS-grad,Married-civ-spouse,Craft-repair,Husband,White,Male,United-States,<=50K
22,310152,10,3325,0,40,Private,Some-college,Never-married,Other-service,Not-in-family,White,Male,United-States,<=50K
32,124052,9,0,0,50,Self-emp-inc,HS-grad,Married-civ-spouse,Sales,Husband,White,Male,United-States,<=50K
39,122353,13,0,0,45,State-gov,Bachelors,Married-civ-spouse,Prof-specialty,Husband,White,Male,United-States,>50K
30,33678,9,0,0,40,Private,HS-grad,Never-married,Sales,Own-child,White,Male,United-States,<=50K
31,286911,10,0,0,38,State-gov,Some-college,Married-civ-spouse,Adm-clerical,Husband,White,Male,United-States,<=50K
23,203139,10,0,0,40,Private,Some-college,Never-married,Other-service,Other-relative,White,Female,United-States,<=50K
70,268832,11,0,0,24,Self-emp-not-inc,Assoc-voc,Married-civ-spouse,Farming-fishing,Husband,White,Male,United-States,>50K
29,84366,6,0,0,40,Private,10th,Married-spouse-absent,Adm-clerical,Unmarried,White,Female,Mexico,<=50K
67,190661,16,7896,0,50,Local-gov,Doctorate,Never-married,Prof-specialty,Not-in-family,White,Female,United-States,>50K
26,104045,13,0,0,40,Private,Bachelors,Never-married,Exec-managerial,Not-in-family,White,Female,United-States,<=50K
39,35890,12,0,0,40,Private,Assoc-acdm,Married-civ-spouse,Machine-op-inspct,Husband,White,Male,United-States,<=50K
19,69182,10,0,0,27,Private,Some-college,Never-married,Other-service,Own-child,White,Female,United-States,<=50K
36,162312,9,0,0,70,Private,HS-grad,Never-married,Craft-repair,Not-in-family,Asian-Pac-Islander,Male,South,<=50K
41,73199,13,0,0,40,State-gov,Bachelors,Married-civ-spouse,Exec-managerial,Husband,Asian-Pac-Islander,Male,United-States,<=50K
23,233472,13,0,0,40,Private,Bachelors,Never-married,Exec-managerial,Not-in-family,White,Male,United-States,<=50K
28,328949,15,0,0,60,Private,Prof-school,Married-civ-spouse,Prof-specialty,Husband,White,Male,United-States,<=50K
50,195322,16,0,0,40,Self-emp-inc,Doctorate,Separated,Prof-specialty,Not-in-family,White,Male,United-States,>50K
37,75024,9,0,0,25,Private,HS-grad,Divorced,Sales,Unmarried,White,Female,Canada,<=50K
25,193379,12,0,0,45,Private,Assoc-acdm,Never-married,Craft-repair,Not-in-family,White,Male,United-States,<=50K
38,184655,9,0,1740,48,Private,HS-grad,Married-civ-spouse,Craft-repair,Husband,White,Male,United-States,<=50K
90,82628,9,2964,0,12,Self-emp-not-inc,HS-grad,Never-married,Exec-managerial,Not-in-family,White,Male,United-States,<=50K
46,353512,9,0,0,40,Private,HS-grad,Married-civ-spouse,Machine-op-inspct,Husband,White,Male,United-States,>50K
51,134447,9,0,0,70,Self-emp-not-inc,HS-grad,Married-civ-spouse,Craft-repair,Husband,White,Male,United-States,<=50K
35,275522,4,0,0,80,Private,7th-8th,Widowed,Other-service,Unmarried,White,Female,United-States,<=50K
31,165148,9,0,0,12,Private,HS-grad,Separated,Exec-managerial,Unmarried,White,Female,United-States,<=50K
53,313243,10,0,2444,45,Private,Some-college,Separated,Craft-repair,Not-in-family,White,Male,United-States,>50K
18,25837,7,0,0,72,MISSING,11th,Never-married,MISSING,Own-child,White,Male,United-States,<=50K
47,194360,9,0,0,7,Local-gov,HS-grad,Married-civ-spouse,Other-service,Wife,White,Female,United-States,>50K
23,126945,13,0,0,40,Private,Bachelors,Married-civ-spouse,Exec-managerial,Husband,White,Male,United-States,<=50K
47,175925,6,0,2179,52,Private,10th,Married-civ-spouse,Sales,Husband,White,Male,United-States,<=50K
64,45817,5,0,0,50,MISSING,9th,Married-civ-spouse,MISSING,Husband,White,Male,United-States,<=50K
29,297544,9,0,0,40,Private,HS-grad,Married-civ-spouse,Craft-repair,Husband,White,Male,United-States,<=50K
28,27956,15,0,0,99,Private,Prof-school,Married-civ-spouse,Prof-specialty,Husband,Asian-Pac-Islander,Male,Philippines,<=50K
54,227832,8,0,0,40,Private,12th,Married-civ-spouse,Craft-repair,Husband,White,Male,United-States,<=50K
40,207578,12,0,1977,60,Private,Assoc-acdm,Married-civ-spouse,Tech-support,Husband,White,Male,United-States,>50K
33,69727,4,0,0,40,Private,7th-8th,Married-civ-spouse,Farming-fishing,Husband,White,Male,Mexico,<=50K
61,160625,13,4386,0,15,MISSING,Bachelors,Married-civ-spouse,MISSING,Husband,White,Male,United-States,>50K
39,249392,14,0,0,72,Local-gov,Masters,Married-civ-spouse,Prof-specialty,Husband,White,Male,United-States,<=50K
25,176047,9,2176,0,40,Private,HS-grad,Never-married,Machine-op-inspct,Own-child,White,Female,United-States,<=50K
73,153127,10,0,0,10,Private,Some-college,Widowed,Priv-house-serv,Unmarried,White,Female,United-States,<=50K
27,126060,13,0,0,40,Private,Bachelors,Never-married,Exec-managerial,Not-in-family,White,Female,United-States,<=50K
32,167990,14,14084,0,40,Private,Masters,Never-married,Exec-managerial,Not-in-family,White,Male,United-States,>50K
57,101338,13,0,0,20,Self-emp-inc,Bachelors,Married-civ-spouse,Exec-managerial,Husband,White,Male,United-States,<=50K
31,317761,13,0,0,40,MISSING,Bachelors,Never-married,MISSING,Not-in-family,White,Male,United-States,<=50K
47,386136,12,0,0,40,Private,Assoc-acdm,Married-civ-spouse,Prof-specialty,Husband,White,Male,United-States,>50K
29,109621,9,0,0,40,Private,HS-grad,Married-civ-spouse,Craft-repair,Husband,White,Male,United-States,<=50K
36,186865,16,0,0,60,Private,Doctorate,Married-civ-spouse,Prof-specialty,Husband,White,Male,United-States,>50K
28,31935,10,0,0,40,Private,Some-college,Divorced,Adm-clerical,Not-in-family,White,Female,United-States,<=50K
53,233369,10,0,0,40,Private,Some-college,Widowed,Exec-managerial,Unmarried,White,Female,United-States,<=50K
25,47011,13,0,0,20,MISSING,Bachelors,Never-married,MISSING,Own-child,White,Male,United-States,<=50K
35,190964,13,0,0,40,Local-gov,Bachelors,Married-civ-spouse,Craft-repair,Husband,White,Male,United-States,<=50K
29,247445,9,0,0,45,Private,HS-grad,Divorced,Sales,Not-in-family,White,Male,United-States,<=50K
52,447579,9,0,0,40,State-gov,HS-grad,Divorced,Adm-clerical,Not-in-family,White,Female,England,<=50K
64,210082,9,0,0,40,Private,HS-grad,Widowed,Adm-clerical,Not-in-family,White,Female,United-States,<=50K
21,303588,10,0,0,30,MISSING,Some-college,Never-married,MISSING,Own-child,White,Female,United-States,<=50K
40,63745,11,0,0,40,Private,Assoc-voc,Never-married,Adm-clerical,Not-in-family,White,Female,United-States,<=50K
45,175958,5,0,0,40,Local-gov,9th,Never-married,Other-service,Own-child,White,Male,United-States,<=50K
19,197714,9,0,0,35,Private,HS-grad,Never-married,Sales,Own-child,White,Female,United-States,<=50K
30,123178,6,0,0,50,Private,10th,Never-married,Craft-repair,Not-in-family,White,Male,United-States,<=50K
72,56559,9,0,0,12,Private,HS-grad,Married-civ-spouse,Sales,Husband,White,Male,United-States,<=50K
34,245378,13,0,0,45,Private,Bachelors,Married-civ-spouse,Exec-managerial,Husband,White,Male,United-States,<=50K
41,155657,7,0,0,40,Private,11th,Never-married,Handlers-cleaners,Other-relative,Black,Female,United-States,<=50K
31,236599,13,0,0,45,Private,Bachelors,Married-civ-spouse,Exec-managerial,Husband,White,Male,United-States,>50K
42,70055,9,0,0,40,Private,HS-grad,Married-civ-spouse,Handlers-cleaners,Husband,White,Male,United-States,<=50K
24,241857,10,0,0,35,Private,Some-college,Never-married,Adm-clerical,Not-in-family,Black,Female,United-States,<=50K
20,107801,12,0,2205,18,Private,Assoc-acdm,Never-married,Other-service,Own-child,White,Female,United-States,<=50K
51,108233,12,0,0,40,Private,Assoc-acdm,Separated,Other-service,Not-in-family,Black,Female,United-States,<=50K
62,205643,15,0,0,45,Private,Prof-school,Married-civ-spouse,Craft-repair,Husband,White,Male,United-States,>50K
81,147097,13,0,0,5,MISSING,Bachelors,Widowed,MISSING,Not-in-family,White,Male,United-States,<=50K
46,161337,10,0,0,40,Federal-gov,Some-college,Divorced,Tech-support,Not-in-family,White,Male,United-States,<=50K
41,282964,10,0,0,40,Private,Some-college,Divorced,Adm-clerical,Not-in-family,White,Female,United-States,<=50K
55,226875,9,4064,0,40,Private,HS-grad,Married-civ-spouse,Sales,Husband,White,Male,United-States,<=50K
25,267431,13,0,0,55,Private,Bachelors,Never-married,Prof-specialty,Own-child,Black,Female,United-States,<=50K
51,168660,7,0,0,40,Private,11th,Married-civ-spouse,Handlers-cleaners,Husband,White,Male,United-States,<=50K
84,388384,4,0,0,10,Private,7th-8th,Married-civ-spouse,Prof-specialty,Husband,Black,Male,United-States,<=50K
20,55465,9,0,0,35,Private,HS-grad,Never-married,Other-service,Own-child,White,Male,United-States,<=50K
39,187127,10,0,0,40,Local-gov,Some-college,Married-civ-spouse,Exec-managerial,Husband,White,Male,United-States,<=50K
24,140001,9,0,0,35,Private,HS-grad,Never-married,Sales,Own-child,White,Male,El-Salvador,<=50K
59,103948,9,0,0,60,Self-emp-inc,HS-grad,Married-civ-spouse,Sales,Husband,White,Male,United-States,>50K
28,206088,13,0,0,40,Private,Bachelors,Never-married,Sales,Not-in-family,White,Female,United-States,<=50K
20,190772,12,0,0,40,Private,Assoc-acdm,Never-married,Other-service,Not-in-family,White,Female,United-States,<=50K
53,83434,13,0,0,21,Private,Bachelors,Never-married,Other-service,Not-in-family,Asian-Pac-Islander,Female,Japan,>50K
26,137951,6,0,0,40,MISSING,10th,Separated,MISSING,Other-relative,White,Female,Puerto-Rico,<=50K
28,96020,13,0,0,50,Private,Bachelors,Married-civ-spouse,Exec-managerial,Wife,White,Female,United-States,>50K
37,151771,4,0,0,40,Private,7th-8th,Married-civ-spouse,Craft-repair,Husband,White,Male,United-States,<=50K
20,471452,10,0,0,30,Private,Some-college,Never-married,Other-service,Own-child,White,Male,United-States,<=50K
21,296158,9,0,0,40,Private,HS-grad,Never-married,Other-service,Own-child,White,Male,United-States,<=50K
58,280309,12,5178,0,60,Private,Assoc-acdm,Married-civ-spouse,Exec-managerial,Husband,White,Male,United-States,>50K
28,188171,12,0,0,60,Private,Assoc-acdm,Never-married,Transport-moving,Own-child,White,Male,United-States,<=50K
37,187411,13,0,0,50,Self-emp-not-inc,Bachelors,Married-civ-spouse,Transport-moving,Husband,White,Male,MISSING,<=50K
30,167476,10,0,0,60,Private,Some-college,Married-civ-spouse,Transport-moving,Husband,White,Male,United-States,<=50K
28,140108,14,0,0,50,Private,Masters,Divorced,Prof-specialty,Not-in-family,White,Female,United-States,<=50K
25,138765,10,0,0,40,Private,Some-college,Married-civ-spouse,Machine-op-inspct,Husband,White,Male,United-States,<=50K
40,67852,9,0,0,35,Private,HS-grad,Divorced,Transport-moving,Not-in-family,White,Male,United-States,<=50K
67,81761,14,0,0,2,MISSING,Masters,Married-civ-spouse,MISSING,Husband,White,Male,United-States,<=50K
60,24872,10,0,0,30,Private,Some-college,Separated,Transport-moving,Not-in-family,Amer-Indian-Eskimo,Female,United-States,<=50K
54,86837,9,0,1902,40,Private,HS-grad,Married-civ-spouse,Craft-repair,Husband,Asian-Pac-Islander,Male,United-States,>50K
29,169544,11,0,0,40,Private,Assoc-voc,Never-married,Tech-support,Not-in-family,White,Male,United-States,<=50K
29,177398,14,0,0,40,Local-gov,Masters,Married-civ-spouse,Prof-specialty,Wife,White,Female,United-States,>50K
60,290593,14,0,0,40,MISSING,Masters,Married-civ-spouse,MISSING,Husband,White,Male,United-States,<=50K
28,201844,9,0,0,40,MISSING,HS-grad,Separated,MISSING,Unmarried,White,Female,Mexico,<=50K
27,114967,13,0,0,40,Private,Bachelors,Never-married,Sales,Own-child,White,Male,United-States,<=50K
49,168211,10,0,1485,40,Private,Some-college,Married-civ-spouse,Craft-repair,Husband,White,Male,United-States,>50K
42,102343,15,0,0,72,State-gov,Prof-school,Married-civ-spouse,Prof-specialty,Husband,Asian-Pac-Islander,Male,India,>50K
32,496743,13,0,0,40,Private,Bachelors,Never-married,Prof-specialty,Own-child,White,Male,United-States,<=50K
44,239539,13,0,0,40,Federal-gov,Bachelors,Married-civ-spouse,Adm-clerical,Husband,Asian-Pac-Islander,Male,Philippines,>50K
39,192251,9,0,0,40,Private,HS-grad,Never-married,Adm-clerical,Own-child,White,Female,United-States,>50K
67,407618,5,2050,0,40,MISSING,9th,Divorced,MISSING,Not-in-family,White,Female,United-States,<=50K
18,126125,9,0,0,20,Private,HS-grad,Never-married,Other-service,Own-child,White,Male,United-States,<=50K
30,195750,9,0,0,27,Private,HS-grad,Never-married,Handlers-cleaners,Own-child,White,Male,United-States,<=50K
32,183811,9,2829,0,40,Private,HS-grad,Married-civ-spouse,Handlers-cleaners,Husband,White,Male,United-States,<=50K
37,164526,13,0,0,40,Private,Bachelors,Married-civ-spouse,Prof-specialty,Husband,White,Male,United-States,<=50K
48,171986,9,0,0,15,Self-emp-not-inc,HS-grad,Divorced,Prof-specialty,Not-in-family,White,Male,United-States,<=50K
71,45801,9,0,0,70,MISSING,HS-grad,Married-civ-spouse,MISSING,Husband,White,Male,United-States,<=50K
26,151626,13,0,0,45,Private,Bachelors,Never-married,Prof-specialty,Not-in-family,Black,Female,United-States,<=50K
26,154571,10,0,0,45,Private,Some-college,Never-married,Machine-op-inspct,Not-in-family,Asian-Pac-Islander,Male,United-States,>50K
23,141264,10,0,0,40,Private,Some-college,Never-married,Exec-managerial,Other-relative,Black,Female,United-States,<=50K
31,73796,10,0,0,30,Private,Some-college,Widowed,Exec-managerial,Unmarried,White,Female,United-States,<=50K
28,32291,13,2174,0,40,Private,Bachelors,Never-married,Prof-specialty,Not-in-family,White,Female,United-States,<=50K
52,123780,9,0,0,38,Private,HS-grad,Married-civ-spouse,Adm-clerical,Wife,White,Female,United-States,<=50K
53,55861,9,0,0,40,Private,HS-grad,Married-civ-spouse,Craft-repair,Husband,White,Male,United-States,>50K
31,170983,13,0,0,60,Private,Bachelors,Married-civ-spouse,Exec-managerial,Husband,White,Male,United-States,>50K
23,199915,13,0,0,35,Private,Bachelors,Never-married,Adm-clerical,Own-child,White,Female,United-States,<=50K
42,119679,9,0,1579,42,Private,HS-grad,Married-civ-spouse,Machine-op-inspct,Husband,White,Male,United-States,<=50K
29,107160,9,0,0,40,Private,HS-grad,Never-married,Other-service,Not-in-family,White,Male,United-States,<=50K
35,98283,15,0,0,40,Private,Prof-school,Never-married,Prof-specialty,Not-in-family,Asian-Pac-Islander,Male,India,>50K
18,466325,7,0,0,12,Local-gov,11th,Never-married,Adm-clerical,Own-child,White,Male,United-States,<=50K
57,189824,10,7298,0,40,Local-gov,Some-college,Married-civ-spouse,Handlers-cleaners,Husband,Black,Male,United-States,>50K
33,160776,11,0,0,40,MISSING,Assoc-voc,Divorced,MISSING,Not-in-family,White,Female,France,<=50K
29,144592,15,0,0,50,Private,Prof-school,Married-civ-spouse,Prof-specialty,Husband,White,Male,United-States,>50K
43,337469,10,594,0,20,Local-gov,Some-college,Divorced,Adm-clerical,Not-in-family,White,Female,Mexico,<=50K
44,163331,10,0,0,32,Private,Some-college,Widowed,Adm-clerical,Unmarried,White,Female,United-States,<=50K
35,117381,13,8614,0,45,Private,Bachelors,Never-married,Exec-managerial,Not-in-family,White,Male,United-States,>50K
45,195554,9,0,0,45,Private,HS-grad,Married-civ-spouse,Machine-op-inspct,Husband,White,Male,United-States,>50K
28,65078,9,0,0,40,Private,HS-grad,Married-civ-spouse,Craft-repair,Husband,White,Male,United-States,>50K
41,34987,10,0,0,54,Self-emp-inc,Some-college,Married-civ-spouse,Farming-fishing,Husband,White,Male,United-States,>50K
19,185097,9,0,0,37,Private,HS-grad,Never-married,Handlers-cleaners,Not-in-family,White,Female,United-States,<=50K
32,100135,13,0,0,32,Private,Bachelors,Separated,Prof-specialty,Unmarried,White,Female,United-States,<=50K
78,91534,13,0,0,3,MISSING,Bachelors,Married-civ-spouse,MISSING,Husband,White,Male,United-States,<=50K
51,86373,13,0,0,25,Private,Bachelors,Married-civ-spouse,Machine-op-inspct,Husband,White,Male,United-States,<=50K
49,181363,14,0,0,45,Private,Masters,Married-civ-spouse,Exec-managerial,Husband,White,Male,United-States,>50K
30,281030,11,4064,0,40,Private,Assoc-voc,Married-civ-spouse,Sales,Husband,White,Male,United-States,<=50K
35,194404,12,0,0,40,Self-emp-not-inc,Assoc-acdm,Never-married,Farming-fishing,Not-in-family,White,Male,United-States,<=50K
22,110684,9,0,0,20,Private,HS-grad,Never-married,Adm-clerical,Own-child,White,Male,United-States,<=50K
35,239755,10,0,0,50,Private,Some-college,Never-married,Sales,Unmarried,White,Male,United-States,<=50K
50,155574,9,0,0,40,Private,HS-grad,Married-civ-spouse,Prof-specialty,Husband,White,Male,United-States,>50K
34,144798,10,0,0,40,Private,Some-college,Never-married,Adm-clerical,Not-in-family,White,Female,United-States,<=50K
52,298035,14,0,0,40,Local-gov,Masters,Married-civ-spouse,Prof-specialty,Husband,White,Male,United-States,<=50K
40,117721,9,0,0,60,Self-emp-not-inc,HS-grad,Married-civ-spouse,Farming-fishing,Husband,White,Male,United-States,<=50K
48,50880,10,0,0,40,Private,Some-college,Married-civ-spouse,Craft-repair,Husband,White,Male,Germany,<=50K
30,76107,9,0,0,45,Private,HS-grad,Never-married,Transport-moving,Not-in-family,White,Male,United-States,>50K
50,146015,9,0,0,40,MISSING,HS-grad,Married-civ-spouse,MISSING,Husband,White,Male,United-States,>50K
51,282680,16,0,1564,70,Federal-gov,Doctorate,Never-married,Prof-specialty,Not-in-family,White,Female,United-States,>50K
52,173987,6,0,0,40,Private,10th,Married-civ-spouse,Craft-repair,Husband,White,Male,United-States,<=50K
25,131976,13,0,0,55,Private,Bachelors,Never-married,Exec-managerial,Own-child,White,Male,United-States,<=50K
42,50356,9,0,0,40,Self-emp-inc,HS-grad,Married-civ-spouse,Exec-managerial,Husband,White,Male,United-States,<=50K
21,120326,10,0,0,40,Private,Some-college,Never-married,Adm-clerical,Own-child,White,Female,United-States,<=50K
21,32639,10,0,0,20,Local-gov,Some-college,Never-married,Prof-specialty,Not-in-family,White,Male,United-States,<=50K
22,147655,10,0,0,40,Private,Some-college,Never-married,Adm-clerical,Own-child,White,Female,United-States,<=50K
55,184425,10,0,0,99,Self-emp-not-inc,Some-college,Married-civ-spouse,Farming-fishing,Husband,White,Male,United-States,>50K
31,226494,13,0,0,45,Local-gov,Bachelors,Never-married,Prof-specialty,Not-in-family,White,Male,United-States,<=50K
22,42004,10,0,0,30,MISSING,Some-college,Never-married,MISSING,Own-child,White,Male,United-States,<=50K
22,311376,13,0,0,40,Private,Bachelors,Never-married,Adm-clerical,Own-child,White,Female,United-States,<=50K
25,256263,12,0,0,40,Private,Assoc-acdm,Married-civ-spouse,Sales,Husband,White,Male,United-States,<=50K
30,140790,9,0,0,45,Private,HS-grad,Married-civ-spouse,Sales,Husband,White,Male,United-States,<=50K
43,196308,9,0,0,40,Local-gov,HS-grad,Divorced,Exec-managerial,Unmarried,Amer-Indian-Eskimo,Female,United-States,<=50K
61,149653,9,0,0,50,Private,HS-grad,Married-civ-spouse,Exec-managerial,Husband,White,Male,United-States,<=50K
46,146497,9,0,0,40,Local-gov,HS-grad,Divorced,Prof-specialty,Not-in-family,White,Female,United-States,<=50K
31,55849,10,0,0,40,State-gov,Some-college,Never-married,Craft-repair,Not-in-family,White,Male,United-States,<=50K
23,478994,10,0,0,40,Private,Some-college,Never-married,Other-service,Own-child,White,Female,United-States,<=50K
28,282389,9,0,0,60,Private,HS-grad,Never-married,Transport-moving,Not-in-family,White,Male,United-States,<=50K
52,94988,3,0,0,50,Private,5th-6th,Never-married,Handlers-cleaners,Not-in-family,White,Male,United-States,<=50K
57,215175,14,0,0,60,Local-gov,Masters,Married-civ-spouse,Prof-specialty,Husband,White,Male,United-States,<=50K
30,207172,13,0,0,40,Private,Bachelors,Married-civ-spouse,Adm-clerical,Wife,White,Female,Mexico,<=50K
46,309895,10,0,0,40,Private,Some-college,Separated,Adm-clerical,Unmarried,White,Female,United-States,<=50K
29,191935,9,0,0,40,MISSING,HS-grad,Never-married,MISSING,Not-in-family,White,Male,United-States,<=50K
18,404868,7,0,1602,20,Private,11th,Never-married,Sales,Own-child,Black,Female,United-States,<=50K
37,99374,6,0,0,55,Private,10th,Married-civ-spouse,Transport-moving,Husband,White,Male,United-States,<=50K
24,175254,10,0,0,40,Private,Some-college,Never-married,Transport-moving,Not-in-family,Black,Male,United-States,<=50K
63,216413,13,0,0,25,Private,Bachelors,Widowed,Adm-clerical,Not-in-family,White,Female,United-States,<=50K
32,202498,7,0,0,40,Private,11th,Married-civ-spouse,Handlers-cleaners,Husband,White,Male,Columbia,<=50K
17,401198,7,0,0,15,Private,11th,Never-married,Sales,Own-child,White,Female,United-States,<=50K
47,102628,14,15024,0,55,Private,Masters,Married-civ-spouse,Exec-managerial,Husband,White,Male,United-States,>50K
43,101709,10,0,0,40,Federal-gov,Some-college,Divorced,Handlers-cleaners,Not-in-family,Asian-Pac-Islander,Male,United-States,<=50K
34,265807,10,0,0,45,Private,Some-college,Separated,Craft-repair,Not-in-family,White,Male,United-States,<=50K
48,176026,9,0,0,40,Private,HS-grad,Married-civ-spouse,Machine-op-inspct,Husband,White,Male,United-States,<=50K
24,127139,10,0,0,40,Private,Some-college,Never-married,Adm-clerical,Own-child,White,Female,United-States,<=50K
31,169240,9,0,0,40,Private,HS-grad,Never-married,Other-service,Not-in-family,White,Female,United-States,<=50K
90,227796,14,20051,0,60,Local-gov,Masters,Married-civ-spouse,Exec-managerial,Husband,White,Male,United-States,>50K
29,161097,9,0,0,40,Private,HS-grad,Married-civ-spouse,Machine-op-inspct,Husband,Black,Male,United-States,>50K
34,172716,8,0,0,40,Federal-gov,12th,Married-civ-spouse,Armed-Forces,Husband,White,Male,United-States,<=50K
40,116632,13,0,0,40,Private,Bachelors,Never-married,Sales,Own-child,White,Male,United-States,<=50K
37,212437,10,0,0,48,Private,Some-college,Widowed,Machine-op-inspct,Unmarried,Black,Female,United-States,<=50K
47,266275,9,0,0,40,Private,HS-grad,Divorced,Other-service,Unmarried,White,Female,United-States,<=50K
23,287988,13,0,0,40,Local-gov,Bachelors,Never-married,Prof-specialty,Not-in-family,White,Male,United-States,<=50K
52,271749,8,594,0,40,MISSING,12th,Never-married,MISSING,Other-relative,Black,Male,United-States,<=50K
60,184242,9,0,0,20,Private,HS-grad,Married-spouse-absent,Other-service,Unmarried,White,Female,United-States,<=50K
34,345705,13,0,1977,50,Private,Bachelors,Married-civ-spouse,Sales,Husband,White,Male,United-States,>50K
41,170866,13,0,0,50,Private,Bachelors,Married-civ-spouse,Exec-managerial,Husband,White,Male,United-States,>50K
35,216711,9,0,0,40,Private,HS-grad,Married-civ-spouse,Craft-repair,Husband,White,Male,United-States,>50K
24,311376,13,0,0,40,Private,Bachelors,Never-married,Prof-specialty,Not-in-family,White,Female,United-States,<=50K
51,71046,10,0,0,45,Private,Some-college,Divorced,Exec-managerial,Unmarried,White,Male,Scotland,<=50K
36,61178,7,0,0,40,Private,11th,Married-civ-spouse,Craft-repair,Husband,White,Male,United-States,<=50K
56,220187,10,0,0,45,Private,Some-college,Married-civ-spouse,Sales,Husband,White,Male,United-States,>50K
40,114580,9,0,0,24,Private,HS-grad,Married-civ-spouse,Exec-managerial,Wife,White,Female,United-States,>50K
46,137547,9,0,0,40,Private,HS-grad,Divorced,Craft-repair,Not-in-family,Amer-Indian-Eskimo,Male,United-States,<=50K
35,327120,12,0,0,55,MISSING,Assoc-acdm,Never-married,MISSING,Not-in-family,White,Male,United-States,<=50K
32,335427,13,0,0,20,MISSING,Bachelors,Married-civ-spouse,MISSING,Wife,White,Female,United-States,>50K
35,187329,13,0,0,40,Private,Bachelors,Never-married,Prof-specialty,Not-in-family,White,Female,United-States,<=50K
48,109275,10,0,0,40,Private,Some-college,Married-civ-spouse,Exec-managerial,Husband,White,Male,United-States,<=50K
58,250206,6,5178,0,40,Private,10th,Married-civ-spouse,Craft-repair,Husband,White,Male,United-States,>50K
62,208711,13,7688,0,50,Private,Bachelors,Married-civ-spouse,Craft-repair,Husband,White,Male,United-States,>50K
32,230912,14,4865,0,40,Local-gov,Masters,Never-married,Prof-specialty,Not-in-family,White,Female,United-States,<=50K
33,118551,9,0,0,40,Private,HS-grad,Divorced,Adm-clerical,Unmarried,White,Female,United-States,<=50K
18,139576,9,0,0,40,Private,HS-grad,Never-married,Adm-clerical,Own-child,White,Female,United-States,<=50K
38,77820,9,0,0,40,Self-emp-not-inc,HS-grad,Married-civ-spouse,Craft-repair,Husband,White,Male,United-States,>50K
49,343742,6,0,0,32,Self-emp-not-inc,10th,Never-married,Craft-repair,Not-in-family,Black,Male,United-States,<=50K
39,347491,7,0,1876,46,Private,11th,Divorced,Craft-repair,Not-in-family,White,Male,United-States,<=50K
26,35917,10,0,0,50,Private,Some-college,Never-married,Transport-moving,Not-in-family,White,Male,United-States,<=50K
51,246519,6,2105,0,45,Private,10th,Married-civ-spouse,Handlers-cleaners,Husband,White,Male,United-States,<=50K
25,374918,8,0,0,40,Private,12th,Married-civ-spouse,Other-service,Wife,White,Female,United-States,<=50K
28,315417,15,2176,0,40,Self-emp-not-inc,Prof-school,Never-married,Prof-specialty,Not-in-family,White,Male,United-States,<=50K
46,114032,10,0,1887,45,Private,Some-college,Married-civ-spouse,Tech-support,Husband,White,Male,United-States,>50K
23,314819,9,0,0,40,Local-gov,HS-grad,Never-married,Transport-moving,Own-child,White,Male,United-States,<=50K
37,175232,14,0,0,60,Private,Masters,Divorced,Exec-managerial,Unmarried,White,Male,United-States,>50K
24,304463,10,0,0,65,Private,Some-college,Married-civ-spouse,Craft-repair,Husband,White,Male,United-States,<=50K
44,190739,9,0,0,32,Private,HS-grad,Never-married,Other-service,Other-relative,Black,Male,United-States,<=50K
28,261725,9,0,0,40,Private,HS-grad,Never-married,Other-service,Unmarried,White,Female,Mexico,<=50K
26,326033,13,0,0,80,State-gov,Bachelors,Never-married,Adm-clerical,Not-in-family,White,Female,United-States,<=50K
52,112959,10,0,0,40,Private,Some-college,Widowed,Sales,Not-in-family,White,Female,United-States,<=50K
47,97842,10,0,0,40,Private,Some-college,Married-civ-spouse,Craft-repair,Husband,White,Male,United-States,<=50K
42,412379,9,0,0,40,Private,HS-grad,Married-civ-spouse,Handlers-cleaners,Husband,White,Male,United-States,<=50K
34,209213,9,0,0,40,Private,HS-grad,Married-civ-spouse,Machine-op-inspct,Husband,Black,Male,MISSING,<=50K
27,163862,9,0,0,40,Private,HS-grad,Never-married,Transport-moving,Not-in-family,White,Male,United-States,<=50K
58,322013,9,0,0,40,Private,HS-grad,Married-civ-spouse,Craft-repair,Husband,White,Male,United-States,<=50K
51,290856,9,0,0,40,Private,HS-grad,Married-civ-spouse,Adm-clerical,Husband,White,Male,United-States,>50K
34,60567,7,0,880,60,Private,11th,Divorced,Transport-moving,Unmarried,White,Male,United-States,<=50K
39,93319,9,0,0,4,Self-emp-not-inc,HS-grad,Never-married,Sales,Other-relative,White,Female,United-States,<=50K
32,159589,9,0,0,50,Private,HS-grad,Never-married,Handlers-cleaners,Own-child,White,Male,United-States,<=50K
60,96099,10,0,0,40,Private,Some-college,Married-civ-spouse,Sales,Husband,White,Male,United-States,>50K
24,127185,12,0,0,40,Federal-gov,Assoc-acdm,Married-civ-spouse,Exec-managerial,Wife,White,Female,United-States,<=50K
44,147206,10,0,0,12,Self-emp-not-inc,Some-college,Never-married,Craft-repair,Own-child,White,Male,United-States,<=50K
40,284706,15,0,1977,60,Self-emp-not-inc,Prof-school,Married-civ-spouse,Prof-specialty,Husband,Amer-Indian-Eskimo,Male,United-States,>50K
43,219307,5,0,0,40,Private,9th,Divorced,Transport-moving,Not-in-family,Black,Male,United-States,<=50K
34,117444,13,0,0,65,Private,Bachelors,Married-civ-spouse,Exec-managerial,Husband,White,Male,United-States,>50K
40,33274,9,0,0,50,Local-gov,HS-grad,Divorced,Other-service,Not-in-family,White,Female,United-States,<=50K
44,29762,9,0,0,68,Private,HS-grad,Divorced,Transport-moving,Not-in-family,White,Male,United-States,<=50K
37,337778,7,0,0,40,Private,11th,Divorced,Farming-fishing,Not-in-family,White,Male,United-States,<=50K
53,131258,15,0,0,50,Local-gov,Prof-school,Never-married,Prof-specialty,Not-in-family,White,Female,United-States,>50K
21,107801,10,0,0,3,MISSING,Some-college,Never-married,MISSING,Own-child,White,Female,United-States,<=50K
55,239404,6,0,0,45,Private,10th,Married-civ-spouse,Transport-moving,Husband,Black,Male,United-States,<=50K
62,135480,9,0,0,16,Private,HS-grad,Married-civ-spouse,Sales,Husband,White,Male,United-States,<=50K
26,166295,13,0,0,41,Local-gov,Bachelors,Married-civ-spouse,Adm-clerical,Husband,White,Male,United-States,<=50K
31,219318,9,0,0,35,Private,HS-grad,Never-married,Adm-clerical,Unmarried,White,Female,Puerto-Rico,<=50K
40,272343,9,0,0,40,Private,HS-grad,Married-civ-spouse,Adm-clerical,Wife,White,Female,United-States,>50K
44,205822,10,0,0,40,Private,Some-college,Married-civ-spouse,Sales,Husband,White,Male,United-States,>50K
48,121124,10,0,0,40,Private,Some-college,Married-civ-spouse,Other-service,Husband,White,Male,United-States,>50K
43,27766,13,0,0,60,Private,Bachelors,Separated,Exec-managerial,Unmarried,White,Male,United-States,>50K
35,328466,5,0,0,40,Private,9th,Married-civ-spouse,Other-service,Husband,White,Male,Mexico,<=50K
45,166929,7,0,0,40,Private,11th,Married-civ-spouse,Craft-repair,Husband,White,Male,United-States,<=50K
72,116640,10,3471,0,20,Private,Some-college,Married-civ-spouse,Prof-specialty,Husband,White,Male,United-States,<=50K
41,55854,13,0,0,56,Private,Bachelors,Married-civ-spouse,Prof-specialty,Husband,White,Male,United-States,>50K
52,115851,9,0,0,40,Private,HS-grad,Married-civ-spouse,Craft-repair,Husband,White,Male,United-States,<=50K
58,190541,9,0,0,47,Self-emp-inc,HS-grad,Never-married,Sales,Not-in-family,White,Male,United-States,<=50K
35,252897,12,14344,0,40,Private,Assoc-acdm,Never-married,Adm-clerical,Not-in-family,White,Female,United-States,>50K
38,273285,7,0,0,32,MISSING,11th,Never-married,MISSING,Not-in-family,White,Female,United-States,<=50K
34,222548,10,0,0,4,MISSING,Some-college,Married-civ-spouse,MISSING,Wife,White,Female,United-States,<=50K
28,205562,14,0,0,40,MISSING,Masters,Never-married,MISSING,Not-in-family,Black,Female,United-States,<=50K
37,166339,10,0,0,40,Private,Some-college,Divorced,Tech-support,Unmarried,White,Female,United-States,<=50K
84,241065,14,0,0,66,Private,Masters,Never-married,Prof-specialty,Not-in-family,White,Male,United-States,<=50K
43,182757,9,0,0,40,Private,HS-grad,Married-civ-spouse,Craft-repair,Husband,White,Male,United-States,>50K
22,117747,10,0,0,40,Private,Some-college,Never-married,Craft-repair,Other-relative,Asian-Pac-Islander,Female,Vietnam,<=50K
68,121846,4,0,0,20,Private,7th-8th,Widowed,Other-service,Unmarried,Amer-Indian-Eskimo,Female,United-States,<=50K
40,310101,10,0,0,40,Private,Some-college,Separated,Sales,Not-in-family,Amer-Indian-Eskimo,Female,United-States,<=50K
33,162623,14,0,0,50,Local-gov,Masters,Never-married,Prof-specialty,Not-in-family,White,Female,United-States,<=50K
24,509629,9,0,0,25,Private,HS-grad,Never-married,Other-service,Own-child,White,Female,United-States,<=50K
35,169809,13,0,0,20,MISSING,Bachelors,Married-civ-spouse,MISSING,Husband,White,Male,United-States,<=50K
24,64520,4,0,0,40,Private,7th-8th,Never-married,Sales,Own-child,White,Male,United-States,<=50K
44,193524,10,0,0,40,Private,Some-college,Married-civ-spouse,Prof-specialty,Husband,White,Male,United-States,<=50K
50,270194,13,0,0,60,Private,Bachelors,Married-civ-spouse,Exec-managerial,Husband,White,Male,United-States,<=50K
34,314375,10,0,0,60,Self-emp-inc,Some-college,Married-civ-spouse,Sales,Husband,White,Male,United-States,>50K
40,177027,13,7688,0,52,Private,Bachelors,Married-civ-spouse,Other-service,Wife,Asian-Pac-Islander,Female,Japan,>50K
47,256866,9,0,0,48,Private,HS-grad,Married-civ-spouse,Transport-moving,Husband,White,Male,United-States,<=50K
42,120539,13,0,0,50,Self-emp-not-inc,Bachelors,Married-civ-spouse,Sales,Husband,White,Male,United-States,>50K
57,122497,5,0,0,52,Private,9th,Widowed,Other-service,Unmarried,Black,Male,MISSING,<=50K
32,166634,9,0,0,40,Private,HS-grad,Married-civ-spouse,Machine-op-inspct,Husband,Black,Male,United-States,<=50K
27,233724,9,0,0,38,Self-emp-inc,HS-grad,Separated,Adm-clerical,Not-in-family,White,Male,United-States,<=50K
21,163595,10,0,0,35,Private,Some-college,Never-married,Other-service,Own-child,White,Male,United-States,<=50K
22,306031,10,0,0,40,MISSING,Some-college,Never-married,MISSING,Own-child,White,Male,United-States,<=50K
42,195897,9,0,0,40,Self-emp-not-inc,HS-grad,Married-civ-spouse,Craft-repair,Husband,White,Male,United-States,<=50K
35,172327,13,0,0,42,State-gov,Bachelors,Separated,Exec-managerial,Not-in-family,White,Male,United-States,<=50K
32,430175,9,0,0,50,Private,HS-grad,Divorced,Craft-repair,Other-relative,Black,Female,United-States,<=50K
61,316359,10,0,0,40,Private,Some-college,Divorced,Sales,Not-in-family,White,Female,United-States,<=50K
21,200973,10,0,0,20,Private,Some-college,Never-married,Sales,Own-child,White,Female,United-States,<=50K
23,342946,7,0,0,38,Private,11th,Never-married,Transport-moving,Own-child,White,Female,United-States,<=50K
42,511068,13,7688,0,40,Private,Bachelors,Married-civ-spouse,Prof-specialty,Husband,White,Male,United-States,>50K
38,272671,13,0,0,50,Private,Bachelors,Divorced,Sales,Own-child,White,Male,United-States,<=50K
56,104842,13,0,0,50,Private,Bachelors,Divorced,Prof-specialty,Unmarried,Black,Female,Haiti,<=50K
60,525878,9,0,0,40,Self-emp-not-inc,HS-grad,Married-civ-spouse,Exec-managerial,Husband,Black,Male,United-States,<=50K
46,265554,9,0,0,40,State-gov,HS-grad,Never-married,Transport-moving,Not-in-family,Black,Male,United-States,<=50K
49,177211,13,0,0,50,Private,Bachelors,Married-civ-spouse,Exec-managerial,Husband,White,Male,United-States,>50K
29,119848,13,0,0,40,Federal-gov,Bachelors,Never-married,Prof-specialty,Not-in-family,White,Female,United-States,<=50K
25,207875,10,0,0,20,Private,Some-college,Never-married,Farming-fishing,Own-child,White,Male,United-States,<=50K
21,325923,10,0,0,35,Private,Some-college,Never-married,Tech-support,Own-child,White,Male,United-States,<=50K
42,319588,13,0,0,60,Private,Bachelors,Married-spouse-absent,Transport-moving,Not-in-family,White,Male,United-States,<=50K
49,296849,10,0,0,40,Private,Some-college,Married-civ-spouse,Exec-managerial,Husband,White,Male,United-States,>50K
56,101338,13,0,0,40,Federal-gov,Bachelors,Married-civ-spouse,Sales,Husband,White,Male,United-States,<=50K
34,265807,9,0,2051,55,Private,HS-grad,Married-civ-spouse,Transport-moving,Husband,White,Male,United-States,<=50K
32,178615,9,2407,0,40,Private,HS-grad,Married-civ-spouse,Craft-repair,Husband,White,Male,United-States,<=50K
67,148690,14,18481,0,2,Self-emp-not-inc,Masters,Widowed,Prof-specialty,Not-in-family,White,Male,United-States,>50K
31,123273,9,0,0,40,Private,HS-grad,Never-married,Sales,Own-child,Black,Female,United-States,<=50K
28,129460,5,0,0,40,Private,9th,Never-married,Craft-repair,Not-in-family,White,Male,El-Salvador,<=50K
38,229015,13,0,0,50,Private,Bachelors,Married-civ-spouse,Exec-managerial,Husband,White,Male,United-States,>50K
28,306830,12,0,0,40,Private,Assoc-acdm,Married-civ-spouse,Handlers-cleaners,Husband,White,Male,Nicaragua,<=50K
46,309212,9,0,0,25,Private,HS-grad,Divorced,Priv-house-serv,Not-in-family,White,Female,United-States,<=50K
32,230484,4,0,0,35,Private,7th-8th,Separated,Sales,Unmarried,White,Female,United-States,<=50K
60,145995,13,0,0,40,Private,Bachelors,Married-civ-spouse,Sales,Husband,White,Male,United-States,>50K
41,133692,13,0,0,40,Local-gov,Bachelors,Divorced,Protective-serv,Unmarried,White,Female,United-States,<=50K
45,339506,9,0,0,40,Private,HS-grad,Never-married,Sales,Not-in-family,Black,Male,United-States,<=50K
40,105794,15,14084,0,50,Private,Prof-school,Never-married,Prof-specialty,Not-in-family,White,Female,United-States,>50K
20,185452,9,0,0,40,Private,HS-grad,Never-married,Adm-clerical,Own-child,White,Female,United-States,<=50K
48,51620,13,0,0,50,Self-emp-not-inc,Bachelors,Separated,Craft-repair,Not-in-family,White,Male,United-States,<=50K
45,204057,13,0,0,40,Private,Bachelors,Divorced,Adm-clerical,Unmarried,White,Female,Germany,<=50K
40,207578,9,0,0,50,Self-emp-inc,HS-grad,Married-civ-spouse,Adm-clerical,Husband,White,Male,United-States,>50K
23,223019,9,0,0,40,Private,HS-grad,Never-married,Adm-clerical,Own-child,White,Female,United-States,<=50K
40,183765,9,0,0,40,Private,HS-grad,Married-civ-spouse,Other-service,Husband,White,Male,United-States,<=50K
54,174655,9,0,0,40,Private,HS-grad,Married-civ-spouse,Adm-clerical,Husband,White,Male,United-States,<=50K
46,142828,9,0,0,40,Private,HS-grad,Married-civ-spouse,Sales,Wife,White,Female,United-States,>50K
40,140559,9,0,0,25,Private,HS-grad,Widowed,Other-service,Unmarried,White,Female,United-States,<=50K
49,133729,10,0,0,17,Private,Some-college,Married-civ-spouse,Other-service,Husband,White,Male,United-States,<=50K
46,332727,10,0,0,40,Federal-gov,Some-college,Married-civ-spouse,Craft-repair,Husband,White,Male,United-States,>50K
23,185575,13,0,0,40,Local-gov,Bachelors,Never-married,Prof-specialty,Own-child,White,Female,United-States,<=50K
28,168514,12,0,0,40,Private,Assoc-acdm,Married-civ-spouse,Exec-managerial,Wife,White,Female,United-States,<=50K
32,232855,9,0,0,40,Private,HS-grad,Never-married,Machine-op-inspct,Unmarried,Black,Female,United-States,<=50K
29,301582,10,0,0,40,State-gov,Some-college,Married-civ-spouse,Protective-serv,Husband,White,Male,United-States,<=50K
47,170846,12,0,0,40,Private,Assoc-acdm,Married-civ-spouse,Adm-clerical,Wife,White,Female,Italy,>50K
54,178356,5,0,0,40,Local-gov,9th,Married-civ-spouse,Other-service,Husband,White,Male,United-States,<=50K
53,152810,14,0,1977,55,Private,Masters,Married-civ-spouse,Exec-managerial,Husband,White,Male,United-States,>50K
17,181317,6,0,0,35,Self-emp-not-inc,10th,Never-married,Farming-fishing,Own-child,White,Male,United-States,<=50K
26,53833,10,0,0,42,Private,Some-college,Married-civ-spouse,Exec-managerial,Husband,White,Male,United-States,<=50K
25,212311,10,0,0,40,Private,Some-college,Never-married,Adm-clerical,Unmarried,Black,Female,United-States,<=50K
60,97030,13,0,0,35,State-gov,Bachelors,Divorced,Exec-managerial,Not-in-family,White,Female,United-States,<=50K
50,152810,10,0,0,70,Self-emp-inc,Some-college,Married-civ-spouse,Machine-op-inspct,Husband,White,Male,Germany,<=50K
54,91506,10,0,0,65,Self-emp-not-inc,Some-college,Married-civ-spouse,Sales,Husband,White,Male,United-States,<=50K
63,108097,10,10566,0,45,Private,Some-college,Married-civ-spouse,Craft-repair,Husband,White,Male,United-States,<=50K
44,139338,8,0,0,40,Private,12th,Divorced,Transport-moving,Unmarried,Black,Male,United-States,<=50K
19,140459,7,0,0,25,Private,11th,Never-married,Craft-repair,Other-relative,White,Male,United-States,<=50K
31,101697,11,0,0,40,Private,Assoc-voc,Married-civ-spouse,Prof-specialty,Wife,White,Female,United-States,<=50K
32,177216,13,0,0,40,State-gov,Bachelors,Never-married,Prof-specialty,Not-in-family,White,Female,United-States,<=50K
65,111483,10,0,2174,10,Self-emp-not-inc,Some-college,Married-civ-spouse,Exec-managerial,Husband,White,Male,United-States,>50K
25,469572,10,8614,0,40,Private,Some-college,Never-married,Prof-specialty,Not-in-family,White,Male,United-States,>50K
54,284952,6,0,0,43,Private,10th,Separated,Sales,Unmarried,White,Female,Italy,<=50K
42,147510,13,0,0,40,Local-gov,Bachelors,Separated,Prof-specialty,Unmarried,White,Male,United-States,<=50K
47,83064,13,0,0,60,Self-emp-not-inc,Bachelors,Married-civ-spouse,Farming-fishing,Husband,White,Male,United-States,<=50K
26,515025,6,0,0,40,Private,10th,Married-civ-spouse,Handlers-cleaners,Wife,White,Female,United-States,<=50K
43,222978,16,0,0,40,State-gov,Doctorate,Separated,Prof-specialty,Unmarried,White,Female,United-States,>50K
75,188612,9,0,0,40,Private,HS-grad,Widowed,Adm-clerical,Not-in-family,White,Female,United-States,<=50K
53,324568,7,0,0,45,Private,11th,Married-civ-spouse,Craft-repair,Husband,White,Male,United-States,<=50K
46,220124,9,0,0,37,Private,HS-grad,Separated,Craft-repair,Not-in-family,White,Male,United-States,<=50K
30,183620,9,0,0,45,Private,HS-grad,Married-civ-spouse,Sales,Husband,White,Male,United-States,<=50K
29,446559,12,0,0,50,Private,Assoc-acdm,Married-civ-spouse,Exec-managerial,Wife,White,Female,United-States,<=50K
52,23780,10,0,0,40,Federal-gov,Some-college,Divorced,Adm-clerical,Not-in-family,White,Male,United-States,<=50K
24,214542,7,0,0,40,Private,11th,Never-married,Transport-moving,Own-child,White,Male,United-States,<=50K
42,83411,9,0,0,40,State-gov,HS-grad,Married-civ-spouse,Exec-managerial,Husband,White,Male,United-States,>50K
25,111675,10,0,0,43,Private,Some-college,Married-civ-spouse,Sales,Husband,White,Male,United-States,<=50K
36,117312,10,0,0,40,Local-gov,Some-college,Married-civ-spouse,Transport-moving,Wife,White,Female,United-States,<=50K
44,179136,9,0,0,40,Private,HS-grad,Never-married,Sales,Not-in-family,White,Female,United-States,<=50K
26,150132,9,0,0,45,Private,HS-grad,Never-married,Adm-clerical,Not-in-family,White,Female,United-States,<=50K
60,73091,9,0,1876,50,Self-emp-not-inc,HS-grad,Separated,Other-service,Not-in-family,Black,Male,United-States,<=50K
47,297884,6,0,0,40,Private,10th,Widowed,Machine-op-inspct,Not-in-family,White,Male,United-States,<=50K
21,184568,9,0,0,40,Private,HS-grad,Never-married,Machine-op-inspct,Not-in-family,White,Male,United-States,<=50K
22,264874,9,0,0,40,Private,HS-grad,Never-married,Craft-repair,Own-child,White,Female,United-States,<=50K
34,179877,10,0,0,40,Private,Some-college,Married-civ-spouse,Machine-op-inspct,Husband,White,Male,United-States,>50K
31,240283,13,0,0,40,Private,Bachelors,Married-civ-spouse,Adm-clerical,Wife,White,Female,United-States,>50K
22,216563,9,0,0,40,MISSING,HS-grad,Never-married,MISSING,Other-relative,White,Female,United-States,<=50K
49,126754,9,0,0,40,State-gov,HS-grad,Married-civ-spouse,Craft-repair,Husband,White,Male,Portugal,<=50K
24,205844,13,0,0,65,Private,Bachelors,Never-married,Exec-managerial,Own-child,Black,Female,United-States,<=50K
26,397317,14,0,1876,40,Private,Masters,Never-married,Prof-specialty,Not-in-family,White,Female,United-States,<=50K
41,243607,3,0,0,40,Private,5th-6th,Married-civ-spouse,Adm-clerical,Husband,White,Male,Mexico,<=50K
31,259425,9,0,0,40,Private,HS-grad,Married-civ-spouse,Craft-repair,Husband,White,Male,United-States,>50K
22,103440,9,0,0,24,Private,HS-grad,Never-married,Other-service,Not-in-family,White,Female,United-States,<=50K
61,146788,4,0,0,40,Private,7th-8th,Married-civ-spouse,Transport-moving,Husband,White,Male,United-States,<=50K
45,271962,13,0,0,40,State-gov,Bachelors,Divorced,Protective-serv,Not-in-family,White,Female,United-States,<=50K
17,266072,6,0,0,20,Private,10th,Never-married,Other-service,Not-in-family,White,Male,El-Salvador,<=50K
33,99309,10,0,0,50,Private,Some-college,Divorced,Craft-repair,Unmarried,White,Male,United-States,<=50K
46,308077,15,0,0,40,Federal-gov,Prof-school,Separated,Prof-specialty,Unmarried,White,Female,Germany,>50K
25,130793,10,0,0,30,Private,Some-college,Divorced,Other-service,Not-in-family,White,Male,United-States,<=50K
33,80933,9,0,0,60,Self-emp-not-inc,HS-grad,Married-civ-spouse,Transport-moving,Husband,White,Male,United-States,<=50K
35,138992,14,7298,0,40,Private,Masters,Married-civ-spouse,Prof-specialty,Other-relative,White,Male,United-States,>50K
32,272376,12,0,0,40,Private,Assoc-acdm,Never-married,Adm-clerical,Not-in-family,White,Female,United-States,<=50K
36,116138,9,0,0,40,Private,HS-grad,Married-civ-spouse,Prof-specialty,Husband,Asian-Pac-Islander,Male,Cambodia,<=50K
64,161325,12,0,1887,50,Self-emp-inc,Assoc-acdm,Married-civ-spouse,Sales,Husband,White,Male,United-States,>50K
66,98837,9,0,0,40,Private,HS-grad,Widowed,Adm-clerical,Not-in-family,White,Female,United-States,<=50K
59,192130,9,0,0,16,MISSING,HS-grad,Married-civ-spouse,MISSING,Husband,White,Male,United-States,<=50K
72,94242,10,0,0,16,Federal-gov,Some-college,Widowed,Tech-support,Not-in-family,White,Female,United-States,<=50K
25,71351,2,0,0,25,Private,1st-4th,Never-married,Other-service,Other-relative,White,Male,El-Salvador,<=50K
39,34378,9,0,0,50,Self-emp-not-inc,HS-grad,Married-civ-spouse,Farming-fishing,Husband,White,Male,United-States,<=50K
26,262617,9,0,0,48,Private,HS-grad,Married-civ-spouse,Craft-repair,Husband,White,Male,United-States,<=50K
25,163620,9,7298,0,84,Private,HS-grad,Married-civ-spouse,Exec-managerial,Husband,White,Male,United-States,>50K
40,26358,12,0,0,40,Federal-gov,Assoc-acdm,Never-married,Adm-clerical,Not-in-family,White,Female,United-States,<=50K
64,86972,10,0,0,40,Private,Some-college,Divorced,Exec-managerial,Unmarried,White,Female,United-States,<=50K
33,251120,13,7688,0,50,Private,Bachelors,Married-civ-spouse,Sales,Husband,White,Male,United-States,>50K
54,286342,14,0,0,32,Local-gov,Masters,Never-married,Prof-specialty,Not-in-family,White,Female,United-States,>50K
47,89146,9,0,0,40,Private,HS-grad,Married-civ-spouse,Transport-moving,Husband,Amer-Indian-Eskimo,Male,United-States,>50K
36,206951,13,0,1902,45,Private,Bachelors,Married-civ-spouse,Sales,Husband,White,Male,United-States,>50K
34,62463,10,0,1579,40,Local-gov,Some-college,Married-civ-spouse,Transport-moving,Husband,White,Male,United-States,<=50K
44,83237,13,0,0,55,Private,Bachelors,Married-civ-spouse,Prof-specialty,Husband,White,Male,United-States,>50K
57,173090,9,0,0,32,Private,HS-grad,Widowed,Sales,Unmarried,White,Female,United-States,<=50K
20,155818,9,0,0,20,Private,HS-grad,Never-married,Other-service,Own-child,White,Female,United-States,<=50K
26,55929,14,0,0,48,Private,Masters,Never-married,Exec-managerial,Not-in-family,White,Female,United-States,<=50K
36,317040,11,0,0,54,Private,Assoc-voc,Divorced,Adm-clerical,Unmarried,Black,Female,United-States,<=50K
61,238913,11,0,0,40,Private,Assoc-voc,Married-civ-spouse,Tech-support,Husband,White,Male,United-States,>50K
28,535978,10,0,0,40,Private,Some-college,Married-civ-spouse,Craft-repair,Husband,White,Male,United-States,>50K
52,108914,9,0,0,40,Private,HS-grad,Married-civ-spouse,Sales,Husband,White,Male,United-States,>50K
36,227615,3,0,0,32,Private,5th-6th,Married-spouse-absent,Craft-repair,Other-relative,White,Male,Mexico,<=50K
17,121425,7,0,0,16,Private,11th,Never-married,Adm-clerical,Own-child,White,Female,United-States,<=50K
57,165881,15,0,0,40,Self-emp-inc,Prof-school,Married-civ-spouse,Prof-specialty,Husband,White,Male,United-States,<=50K
49,268234,6,0,0,40,Private,10th,Married-civ-spouse,Exec-managerial,Husband,White,Male,United-States,<=50K
36,162164,9,0,0,44,Private,HS-grad,Married-civ-spouse,Craft-repair,Husband,White,Male,United-States,<=50K
48,141511,14,0,0,40,Private,Masters,Married-civ-spouse,Exec-managerial,Husband,White,Male,United-States,>50K
39,287031,14,0,0,45,Local-gov,Masters,Married-civ-spouse,Prof-specialty,Husband,White,Male,United-States,>50K
47,154033,10,0,1876,40,Local-gov,Some-college,Divorced,Prof-specialty,Not-in-family,White,Female,United-States,<=50K
20,334113,10,0,0,40,State-gov,Some-college,Married-civ-spouse,Other-service,Husband,White,Male,United-States,<=50K
22,390817,3,0,0,40,Private,5th-6th,Married-civ-spouse,Craft-repair,Other-relative,White,Male,Mexico,<=50K
39,456922,13,0,0,40,Private,Bachelors,Divorced,Tech-support,Not-in-family,White,Male,United-States,<=50K
75,95985,3,0,0,10,Private,5th-6th,Widowed,Other-service,Unmarried,Black,Male,United-States,<=50K
73,139978,7,0,0,40,Private,11th,Married-civ-spouse,Machine-op-inspct,Husband,White,Male,United-States,<=50K
38,185848,14,99999,0,70,Private,Masters,Married-civ-spouse,Exec-managerial,Husband,White,Male,United-States,>50K
45,235646,13,0,0,40,Private,Bachelors,Married-civ-spouse,Exec-managerial,Husband,White,Male,United-States,>50K
31,124420,7,0,0,40,Private,11th,Married-civ-spouse,Craft-repair,Husband,White,Male,United-States,<=50K
35,178322,11,0,0,50,Private,Assoc-voc,Married-civ-spouse,Sales,Husband,White,Male,Germany,>50K
37,335716,9,0,0,40,Private,HS-grad,Divorced,Sales,Unmarried,White,Female,United-States,<=50K
43,271807,10,0,0,40,Private,Some-college,Divorced,Craft-repair,Not-in-family,White,Male,United-States,<=50K
40,43711,9,0,0,45,Private,HS-grad,Never-married,Machine-op-inspct,Not-in-family,White,Male,United-States,<=50K
34,376979,5,0,0,40,Private,9th,Never-married,Craft-repair,Not-in-family,White,Male,United-States,<=50K
49,93639,13,0,0,43,Private,Bachelors,Married-civ-spouse,Exec-managerial,Wife,White,Female,United-States,<=50K
50,104729,9,0,0,48,Private,HS-grad,Divorced,Machine-op-inspct,Other-relative,White,Female,United-States,<=50K
17,304873,6,34095,0,32,MISSING,10th,Never-married,MISSING,Own-child,White,Female,United-States,<=50K
30,343699,9,0,0,40,Private,HS-grad,Divorced,Craft-repair,Unmarried,White,Female,United-States,<=50K
32,281540,10,0,0,50,Private,Some-college,Married-civ-spouse,Tech-support,Husband,White,Male,United-States,<=50K
21,308237,3,0,0,40,Private,5th-6th,Married-civ-spouse,Handlers-cleaners,Husband,White,Male,Mexico,<=50K
63,64448,9,0,0,40,MISSING,HS-grad,Married-civ-spouse,MISSING,Husband,White,Male,United-States,<=50K
42,145175,10,0,0,40,Private,Some-college,Married-civ-spouse,Machine-op-inspct,Husband,White,Male,United-States,<=50K
35,129597,10,0,0,46,Private,Some-college,Married-civ-spouse,Sales,Husband,White,Male,United-States,<=50K
33,55176,4,0,0,40,Private,7th-8th,Married-civ-spouse,Craft-repair,Husband,White,Male,United-States,<=50K
28,245790,9,0,0,40,Private,HS-grad,Never-married,Craft-repair,Own-child,White,Male,United-States,<=50K
41,223763,9,0,0,40,Private,HS-grad,Divorced,Craft-repair,Not-in-family,White,Male,United-States,<=50K
27,204098,9,0,0,50,Local-gov,HS-grad,Married-civ-spouse,Handlers-cleaners,Other-relative,White,Male,United-States,<=50K
27,347153,10,0,0,40,Private,Some-college,Never-married,Transport-moving,Other-relative,White,Male,United-States,<=50K
27,216858,16,0,0,52,Private,Doctorate,Never-married,Prof-specialty,Not-in-family,White,Male,United-States,<=50K
43,221172,15,0,1977,40,Self-emp-inc,Prof-school,Married-civ-spouse,Prof-specialty,Husband,White,Male,United-States,>50K
59,161944,13,0,0,38,Local-gov,Bachelors,Never-married,Adm-clerical,Not-in-family,White,Male,United-States,<=50K
19,168294,9,0,0,40,Private,HS-grad,Never-married,Craft-repair,Own-child,White,Male,United-States,<=50K
61,85548,10,15024,0,18,Private,Some-college,Married-civ-spouse,Tech-support,Husband,White,Male,United-States,>50K
55,141326,9,0,0,40,Private,HS-grad,Married-civ-spouse,Craft-repair,Husband,White,Male,United-States,>50K
52,186785,9,0,1876,50,Private,HS-grad,Never-married,Sales,Not-in-family,White,Male,United-States,<=50K
73,46514,9,0,0,25,Self-emp-not-inc,HS-grad,Married-civ-spouse,Sales,Wife,White,Female,United-States,<=50K
25,334267,10,0,0,40,Local-gov,Some-college,Married-civ-spouse,Exec-managerial,Husband,White,Male,United-States,>50K
49,200471,2,0,0,40,Private,1st-4th,Married-civ-spouse,Craft-repair,Husband,White,Male,Portugal,<=50K
34,170772,9,0,0,50,Private,HS-grad,Married-civ-spouse,Craft-repair,Husband,White,Male,United-States,<=50K
47,102318,9,0,0,40,Private,HS-grad,Separated,Craft-repair,Own-child,White,Male,United-States,<=50K
30,261023,10,0,0,50,Private,Some-college,Divorced,Machine-op-inspct,Unmarried,White,Male,United-States,<=50K
38,241998,8,7688,0,40,Private,12th,Married-civ-spouse,Craft-repair,Husband,White,Male,United-States,>50K
27,174645,9,0,0,40,Private,HS-grad,Never-married,Adm-clerical,Own-child,White,Female,United-States,<=50K
63,83043,13,0,2179,45,MISSING,Bachelors,Married-civ-spouse,MISSING,Husband,White,Male,United-States,<=50K
46,188325,9,0,0,40,Private,HS-grad,Married-civ-spouse,Other-service,Husband,White,Male,United-States,<=50K
39,84954,10,2829,0,65,Private,Some-college,Married-civ-spouse,Sales,Husband,White,Male,United-States,<=50K
38,31069,11,4386,0,40,Private,Assoc-voc,Married-civ-spouse,Craft-repair,Husband,White,Male,United-States,>50K
55,129762,9,0,0,40,Private,HS-grad,Divorced,Adm-clerical,Unmarried,White,Female,United-States,<=50K
43,220609,10,0,0,50,Private,Some-college,Divorced,Tech-support,Not-in-family,White,Female,United-States,<=50K
39,168355,9,0,0,70,Self-emp-inc,HS-grad,Married-civ-spouse,Exec-managerial,Husband,White,Male,United-States,<=50K
60,197553,10,7688,0,50,Self-emp-inc,Some-college,Married-civ-spouse,Exec-managerial,Husband,White,Male,United-States,>50K
49,72393,5,0,0,40,Private,9th,Divorced,Machine-op-inspct,Not-in-family,White,Female,United-States,<=50K
28,107218,13,0,0,20,State-gov,Bachelors,Never-married,Tech-support,Own-child,Asian-Pac-Islander,Male,United-States,<=50K
18,117372,7,0,0,15,Self-emp-inc,11th,Never-married,Sales,Own-child,White,Male,United-States,<=50K
28,204984,13,0,0,45,Self-emp-not-inc,Bachelors,Never-married,Tech-support,Not-in-family,White,Male,United-States,<=50K
24,117363,13,0,0,35,Private,Bachelors,Never-married,Sales,Own-child,White,Female,United-States,<=50K
43,155293,13,0,0,60,Self-emp-inc,Bachelors,Married-civ-spouse,Sales,Husband,White,Male,United-States,>50K
41,425049,9,0,0,50,Private,HS-grad,Married-civ-spouse,Transport-moving,Husband,White,Male,United-States,>50K
47,431245,4,0,0,40,Private,7th-8th,Married-civ-spouse,Craft-repair,Husband,White,Male,United-States,<=50K
45,462440,7,0,0,20,Private,11th,Widowed,Other-service,Not-in-family,Black,Female,United-States,<=50K
26,339324,9,0,0,96,Private,HS-grad,Married-civ-spouse,Machine-op-inspct,Husband,White,Male,United-States,<=50K
29,271328,13,4650,0,40,Private,Bachelors,Never-married,Prof-specialty,Not-in-family,White,Male,United-States,<=50K
27,191782,9,0,0,30,Private,HS-grad,Never-married,Other-service,Other-relative,Black,Female,United-States,<=50K
47,203067,13,0,0,50,Local-gov,Bachelors,Divorced,Prof-specialty,Not-in-family,White,Male,United-States,<=50K
31,259705,9,0,0,40,Private,HS-grad,Never-married,Farming-fishing,Own-child,White,Female,United-States,<=50K
37,193952,9,0,0,40,Private,HS-grad,Divorced,Other-service,Not-in-family,Black,Female,MISSING,<=50K
68,204082,10,0,0,45,Private,Some-college,Widowed,Exec-managerial,Not-in-family,White,Female,United-States,<=50K
55,334308,9,0,0,30,Private,HS-grad,Married-civ-spouse,Exec-managerial,Wife,White,Female,United-States,>50K
19,439779,10,0,0,15,Private,Some-college,Never-married,Sales,Own-child,White,Male,United-States,<=50K
33,110978,10,0,0,40,Private,Some-college,Divorced,Craft-repair,Other-relative,Other,Female,United-States,<=50K
54,206964,10,0,1977,40,Self-emp-inc,Some-college,Married-civ-spouse,Sales,Husband,White,Male,United-States,>50K
19,389143,10,0,0,40,Private,Some-college,Never-married,Sales,Own-child,White,Male,United-States,<=50K
61,162397,13,0,0,40,Private,Bachelors,Married-civ-spouse,Sales,Husband,White,Male,United-States,>50K
26,149734,9,0,1594,40,Private,HS-grad,Separated,Craft-repair,Unmarried,Black,Female,United-States,<=50K
44,274562,9,14344,0,40,Self-emp-not-inc,HS-grad,Never-married,Craft-repair,Not-in-family,White,Male,United-States,>50K
62,29828,9,0,0,40,Private,HS-grad,Married-civ-spouse,Transport-moving,Husband,White,Male,United-States,<=50K
40,181015,9,0,0,47,Private,HS-grad,Separated,Other-service,Unmarried,White,Female,United-States,<=50K
46,44706,13,0,0,50,Federal-gov,Bachelors,Divorced,Prof-specialty,Unmarried,White,Female,United-States,>50K
58,175127,9,0,0,40,Private,HS-grad,Married-civ-spouse,Machine-op-inspct,Husband,White,Male,United-States,<=50K
50,200618,12,0,0,40,Private,Assoc-acdm,Divorced,Craft-repair,Not-in-family,White,Male,United-States,<=50K
47,368561,10,0,0,40,Private,Some-college,Married-civ-spouse,Craft-repair,Husband,White,Male,United-States,>50K
30,78530,9,0,0,65,Self-emp-inc,HS-grad,Married-civ-spouse,Exec-managerial,Husband,White,Male,Canada,>50K
60,252413,10,0,0,32,Private,Some-college,Married-civ-spouse,Craft-repair,Husband,Other,Male,United-States,>50K
32,312667,13,15024,0,50,Private,Bachelors,Married-civ-spouse,Prof-specialty,Husband,White,Male,United-States,>50K
34,241885,9,0,0,45,Private,HS-grad,Married-civ-spouse,Transport-moving,Husband,White,Male,United-States,<=50K
40,330174,15,7688,0,40,Federal-gov,Prof-school,Married-civ-spouse,Prof-specialty,Husband,White,Male,United-States,>50K
19,299050,7,0,0,60,Private,11th,Married-civ-spouse,Craft-repair,Husband,White,Male,United-States,<=50K
70,54849,16,0,0,20,MISSING,Doctorate,Married-civ-spouse,MISSING,Husband,White,Male,United-States,>50K
41,279297,9,0,0,60,Private,HS-grad,Never-married,Sales,Not-in-family,Black,Female,United-States,<=50K
21,163870,10,0,0,40,Private,Some-college,Never-married,Adm-clerical,Own-child,White,Male,United-States,<=50K
43,194636,13,0,0,48,Private,Bachelors,Married-civ-spouse,Craft-repair,Husband,White,Male,United-States,>50K
38,103925,9,0,0,40,Private,HS-grad,Married-civ-spouse,Adm-clerical,Wife,White,Female,United-States,>50K
37,166744,9,0,0,20,State-gov,HS-grad,Married-spouse-absent,Other-service,Unmarried,White,Female,United-States,<=50K
27,193898,9,0,0,50,Private,HS-grad,Divorced,Craft-repair,Not-in-family,White,Male,United-States,<=50K
77,117898,13,0,0,50,Private,Bachelors,Married-civ-spouse,Exec-managerial,Husband,White,Male,United-States,>50K
57,195176,14,0,0,80,Private,Masters,Never-married,Prof-specialty,Not-in-family,White,Male,United-States,<=50K
31,203463,13,0,0,40,Self-emp-not-inc,Bachelors,Never-married,Tech-support,Not-in-family,White,Female,United-States,<=50K
47,274720,3,0,0,40,Private,5th-6th,Married-civ-spouse,Other-service,Husband,Black,Male,Jamaica,<=50K
59,368005,7,0,0,40,Private,11th,Married-civ-spouse,Craft-repair,Husband,White,Male,United-States,<=50K
28,375655,13,0,0,50,Private,Bachelors,Never-married,Sales,Unmarried,White,Male,United-States,<=50K
39,71701,9,0,0,40,MISSING,HS-grad,Divorced,MISSING,Unmarried,White,Female,United-States,<=50K
43,33126,10,0,0,50,Private,Some-college,Married-civ-spouse,Exec-managerial,Husband,White,Male,United-States,<=50K
42,191149,14,0,0,40,Local-gov,Masters,Never-married,Prof-specialty,Unmarried,White,Female,United-States,<=50K
36,128884,9,0,0,48,Federal-gov,HS-grad,Divorced,Adm-clerical,Not-in-family,White,Female,United-States,<=50K
34,62396,13,0,0,62,Self-emp-inc,Bachelors,Never-married,Prof-specialty,Not-in-family,White,Female,United-States,>50K
28,332249,9,0,0,45,Local-gov,HS-grad,Separated,Transport-moving,Own-child,White,Male,United-States,<=50K
74,180455,13,0,0,8,Private,Bachelors,Widowed,Other-service,Not-in-family,White,Female,United-States,<=50K
53,176557,14,0,0,50,Local-gov,Masters,Divorced,Prof-specialty,Unmarried,White,Female,United-States,<=50K
26,304283,9,0,0,40,Private,HS-grad,Married-civ-spouse,Machine-op-inspct,Husband,White,Male,United-States,<=50K
37,409189,10,0,0,45,Private,Some-college,Married-civ-spouse,Craft-repair,Husband,White,Male,United-States,<=50K
33,168030,10,7298,0,21,Private,Some-college,Married-civ-spouse,Prof-specialty,Wife,White,Female,United-States,>50K
54,188136,13,0,1408,38,Private,Bachelors,Divorced,Sales,Not-in-family,White,Female,United-States,<=50K
32,185027,12,0,1887,40,Private,Assoc-acdm,Married-civ-spouse,Craft-repair,Husband,White,Male,Ireland,>50K
64,168340,9,0,0,40,MISSING,HS-grad,Married-civ-spouse,MISSING,Husband,White,Male,MISSING,>50K
35,222868,9,0,0,40,Private,HS-grad,Married-civ-spouse,Adm-clerical,Husband,White,Male,United-States,<=50K
27,217200,10,0,0,40,Private,Some-college,Never-married,Prof-specialty,Not-in-family,White,Male,United-States,<=50K
20,132320,9,0,0,45,Self-emp-not-inc,HS-grad,Never-married,Transport-moving,Own-child,White,Male,United-States,<=50K
19,124265,9,0,0,50,Private,HS-grad,Never-married,Sales,Own-child,White,Male,United-States,<=50K
27,209292,9,0,0,32,Private,HS-grad,Never-married,Sales,Other-relative,Black,Female,Dominican-Republic,<=50K
32,107793,9,2174,0,40,Private,HS-grad,Divorced,Other-service,Own-child,White,Male,United-States,<=50K
19,165505,10,0,0,20,Private,Some-college,Never-married,Sales,Own-child,White,Female,United-States,<=50K
60,366531,11,0,0,40,MISSING,Assoc-voc,Widowed,MISSING,Not-in-family,White,Female,United-States,<=50K
39,207185,10,0,0,35,Private,Some-college,Married-civ-spouse,Exec-managerial,Wife,White,Female,Puerto-Rico,>50K
31,46807,13,0,0,40,Private,Bachelors,Never-married,Tech-support,Not-in-family,White,Male,United-States,<=50K
40,254167,6,0,0,35,Private,10th,Separated,Transport-moving,Own-child,White,Male,United-States,<=50K
36,278576,9,0,0,50,Private,HS-grad,Married-civ-spouse,Transport-moving,Husband,White,Male,United-States,<=50K
34,301591,9,0,0,35,Private,HS-grad,Never-married,Exec-managerial,Unmarried,White,Female,United-States,<=50K
17,286960,7,0,0,40,Private,11th,Never-married,Prof-specialty,Own-child,White,Male,United-States,<=50K
36,46706,9,0,0,40,Private,HS-grad,Never-married,Other-service,Own-child,White,Male,United-States,<=50K
61,85434,9,0,0,40,Private,HS-grad,Married-civ-spouse,Transport-moving,Husband,White,Male,United-States,<=50K
28,496526,9,0,0,40,Private,HS-grad,Never-married,Adm-clerical,Not-in-family,White,Female,United-States,<=50K
20,161092,10,0,0,14,Private,Some-college,Never-married,Adm-clerical,Own-child,White,Male,United-States,<=50K
44,157614,9,0,0,38,Private,HS-grad,Divorced,Sales,Own-child,White,Male,United-States,<=50K
55,113912,11,0,0,20,Private,Assoc-voc,Married-civ-spouse,Prof-specialty,Wife,White,Female,United-States,<=50K
50,138852,10,4650,0,22,Private,Some-college,Divorced,Craft-repair,Not-in-family,White,Male,United-States,<=50K
48,207277,14,15024,0,40,Private,Masters,Married-civ-spouse,Exec-managerial,Husband,White,Male,United-States,>50K
38,193026,7,0,0,40,Private,11th,Married-civ-spouse,Craft-repair,Husband,White,Male,United-States,<=50K
33,196898,13,0,0,40,Private,Bachelors,Never-married,Prof-specialty,Not-in-family,White,Female,United-States,<=50K
30,97723,9,0,0,45,Private,HS-grad,Never-married,Machine-op-inspct,Own-child,White,Male,United-States,<=50K
53,204397,9,0,0,60,Local-gov,HS-grad,Married-civ-spouse,Exec-managerial,Husband,White,Male,United-States,<=50K
29,116751,11,0,0,56,Local-gov,Assoc-voc,Divorced,Protective-serv,Unmarried,White,Male,United-States,<=50K
38,31848,11,0,0,40,Private,Assoc-voc,Married-civ-spouse,Craft-repair,Husband,White,Male,United-States,>50K
44,131650,12,0,0,54,Private,Assoc-acdm,Married-civ-spouse,Exec-managerial,Husband,White,Male,United-States,>50K
32,426467,2,3674,0,40,Private,1st-4th,Never-married,Craft-repair,Not-in-family,White,Male,Guatemala,<=50K
43,243432,9,0,0,60,Self-emp-not-inc,HS-grad,Married-civ-spouse,Craft-repair,Husband,White,Male,United-States,<=50K
18,30246,10,0,0,20,MISSING,Some-college,Never-married,MISSING,Own-child,White,Female,United-States,<=50K
33,192663,9,0,0,35,Private,HS-grad,Separated,Sales,Not-in-family,White,Female,United-States,<=50K
47,239321,13,0,0,40,Self-emp-inc,Bachelors,Married-civ-spouse,Sales,Husband,White,Male,United-States,>50K
61,176839,9,0,0,40,Private,HS-grad,Married-civ-spouse,Machine-op-inspct,Husband,White,Male,United-States,<=50K
44,202565,9,0,0,45,Private,HS-grad,Divorced,Craft-repair,Not-in-family,White,Male,United-States,<=50K
28,263128,10,0,0,60,Private,Some-college,Never-married,Adm-clerical,Not-in-family,White,Female,United-States,<=50K
51,158508,10,0,0,36,Private,Some-college,Divorced,Exec-managerial,Not-in-family,White,Female,United-States,<=50K
34,230246,5,0,0,40,Private,9th,Separated,Craft-repair,Not-in-family,White,Male,MISSING,<=50K
32,190511,10,0,0,40,Private,Some-college,Married-civ-spouse,Exec-managerial,Husband,White,Male,United-States,>50K
46,177114,12,0,0,27,Private,Assoc-acdm,Widowed,Prof-specialty,Unmarried,White,Female,United-States,<=50K
50,96586,11,0,0,40,Private,Assoc-voc,Married-civ-spouse,Other-service,Husband,White,Male,United-States,<=50K
37,404661,10,0,0,40,Private,Some-college,Never-married,Exec-managerial,Not-in-family,Black,Male,United-States,<=50K
49,30219,9,0,1669,40,Private,HS-grad,Divorced,Craft-repair,Not-in-family,White,Male,United-States,<=50K
28,76313,10,0,0,60,Private,Some-college,Married-civ-spouse,Craft-repair,Husband,Amer-Indian-Eskimo,Male,United-States,<=50K
42,118494,10,0,0,44,Private,Some-college,Married-civ-spouse,Prof-specialty,Husband,White,Male,United-States,>50K
23,430828,10,0,0,40,Local-gov,Some-college,Separated,Exec-managerial,Unmarried,Black,Male,United-States,<=50K
25,110138,9,0,0,40,Private,HS-grad,Never-married,Other-service,Not-in-family,White,Male,United-States,<=50K
43,180599,9,0,0,35,Self-emp-not-inc,HS-grad,Never-married,Craft-repair,Not-in-family,White,Male,United-States,<=50K
35,290226,9,0,0,40,Private,HS-grad,Never-married,Transport-moving,Own-child,White,Male,United-States,<=50K
36,448337,9,0,0,40,Private,HS-grad,Separated,Sales,Unmarried,Black,Female,United-States,<=50K
34,212781,13,0,0,40,Private,Bachelors,Married-civ-spouse,Exec-managerial,Husband,White,Male,United-States,>50K
22,406978,13,0,0,40,Private,Bachelors,Never-married,Exec-managerial,Other-relative,White,Female,United-States,<=50K
62,177295,9,0,0,40,Federal-gov,HS-grad,Widowed,Adm-clerical,Unmarried,White,Female,United-States,<=50K
25,240081,9,0,0,40,Private,HS-grad,Never-married,Sales,Own-child,Black,Male,United-States,<=50K
47,200808,8,0,0,35,Local-gov,12th,Married-civ-spouse,Adm-clerical,Husband,White,Male,Puerto-Rico,<=50K
22,217961,10,0,1719,30,Private,Some-college,Never-married,Transport-moving,Own-child,White,Male,United-States,<=50K
21,57916,4,0,0,40,Private,7th-8th,Never-married,Machine-op-inspct,Own-child,White,Male,United-States,<=50K
48,47022,9,0,0,48,Private,HS-grad,Widowed,Handlers-cleaners,Other-relative,White,Female,United-States,<=50K
31,240771,10,4386,0,50,Private,Some-college,Married-civ-spouse,Craft-repair,Husband,White,Male,United-States,>50K
38,186145,10,0,0,40,Private,Some-college,Married-civ-spouse,Sales,Wife,White,Female,United-States,>50K
36,275653,4,2977,0,40,Private,7th-8th,Married-spouse-absent,Machine-op-inspct,Unmarried,White,Female,Puerto-Rico,<=50K
21,232719,9,0,0,40,Without-pay,HS-grad,Never-married,Craft-repair,Own-child,Black,Male,United-States,<=50K
30,370183,9,0,0,40,Private,HS-grad,Married-civ-spouse,Tech-support,Husband,White,Male,United-States,<=50K
48,185291,13,0,0,6,MISSING,Bachelors,Married-civ-spouse,MISSING,Husband,White,Male,United-States,<=50K
53,123011,14,0,0,45,Private,Masters,Married-civ-spouse,Exec-managerial,Husband,White,Male,United-States,>50K
32,732102,13,0,0,40,Private,Bachelors,Never-married,Exec-managerial,Not-in-family,White,Male,United-States,<=50K
30,164190,13,0,0,42,Private,Bachelors,Never-married,Exec-managerial,Not-in-family,White,Male,United-States,<=50K
48,175221,9,0,0,40,Private,HS-grad,Married-civ-spouse,Machine-op-inspct,Husband,White,Male,United-States,<=50K
62,223637,9,0,0,35,Local-gov,HS-grad,Divorced,Other-service,Not-in-family,Black,Female,United-States,<=50K
36,749636,10,0,0,40,Private,Some-college,Divorced,Adm-clerical,Unmarried,White,Female,United-States,<=50K
36,411797,13,0,0,35,Private,Bachelors,Never-married,Prof-specialty,Own-child,White,Female,United-States,>50K
22,354351,10,0,0,40,MISSING,Some-college,Never-married,MISSING,Not-in-family,White,Male,United-States,<=50K
26,342953,9,0,0,40,Private,HS-grad,Separated,Adm-clerical,Unmarried,Black,Female,United-States,<=50K
18,242893,7,0,0,35,Private,11th,Never-married,Craft-repair,Own-child,White,Male,United-States,<=50K
48,176917,9,0,0,55,Private,HS-grad,Married-civ-spouse,Craft-repair,Husband,White,Male,United-States,<=50K
50,95435,4,0,1579,65,Private,7th-8th,Married-civ-spouse,Transport-moving,Husband,White,Male,Canada,<=50K
23,250037,10,0,0,50,Private,Some-college,Never-married,Farming-fishing,Not-in-family,White,Female,United-States,<=50K
25,321205,13,4101,0,35,Private,Bachelors,Never-married,Exec-managerial,Not-in-family,White,Male,United-States,<=50K
35,33975,12,0,0,40,Private,Assoc-acdm,Married-civ-spouse,Craft-repair,Husband,White,Male,United-States,<=50K
32,180284,6,0,0,40,Private,10th,Married-civ-spouse,Craft-repair,Husband,White,Male,United-States,>50K
24,176189,9,0,0,40,Private,HS-grad,Married-civ-spouse,Machine-op-inspct,Husband,White,Male,United-States,<=50K
75,125197,9,0,0,26,Self-emp-inc,HS-grad,Married-civ-spouse,Adm-clerical,Husband,White,Male,United-States,<=50K
55,177380,9,0,0,29,Private,HS-grad,Divorced,Adm-clerical,Not-in-family,White,Female,United-States,<=50K
62,24050,9,0,0,15,Self-emp-inc,HS-grad,Widowed,Sales,Not-in-family,White,Female,United-States,<=50K
42,274198,3,0,0,38,Private,5th-6th,Married-civ-spouse,Machine-op-inspct,Wife,White,Female,Mexico,<=50K
53,38795,5,0,0,40,Local-gov,9th,Married-civ-spouse,Exec-managerial,Husband,White,Male,United-States,<=50K
19,216647,10,0,0,30,Private,Some-college,Never-married,Other-service,Not-in-family,White,Female,United-States,<=50K
24,237386,10,0,0,42,Private,Some-college,Never-married,Exec-managerial,Not-in-family,White,Male,United-States,<=50K
18,183930,9,0,0,12,Private,HS-grad,Never-married,Other-service,Own-child,White,Male,United-States,<=50K
20,266467,9,0,0,25,Private,HS-grad,Never-married,Other-service,Own-child,White,Male,United-States,<=50K
26,101150,9,0,0,41,Private,HS-grad,Divorced,Exec-managerial,Not-in-family,White,Female,United-States,<=50K
19,472807,2,0,0,52,Private,1st-4th,Never-married,Handlers-cleaners,Other-relative,White,Male,Mexico,<=50K
25,137301,12,0,0,40,Private,Assoc-acdm,Never-married,Prof-specialty,Own-child,White,Female,United-States,<=50K
53,200576,7,0,0,40,Private,11th,Divorced,Craft-repair,Other-relative,White,Female,United-States,<=50K
36,198841,14,0,0,40,Private,Masters,Married-civ-spouse,Exec-managerial,Husband,White,Male,United-States,>50K
35,169638,10,0,0,36,Private,Some-college,Divorced,Sales,Unmarried,White,Female,United-States,<=50K
25,257574,13,0,0,20,Self-emp-not-inc,Bachelors,Never-married,Adm-clerical,Not-in-family,Black,Female,United-States,<=50K
38,22245,10,0,0,50,Private,Some-college,Divorced,Exec-managerial,Not-in-family,White,Male,United-States,<=50K
49,165152,9,0,0,48,Private,HS-grad,Married-civ-spouse,Sales,Husband,White,Male,United-States,>50K
38,240467,14,0,0,35,Private,Masters,Never-married,Exec-managerial,Unmarried,Black,Female,United-States,<=50K
54,152652,9,0,0,65,Private,HS-grad,Married-civ-spouse,Transport-moving,Husband,White,Male,United-States,<=50K
52,187830,9,4934,0,36,Local-gov,HS-grad,Divorced,Tech-support,Unmarried,White,Male,United-States,>50K
22,63105,9,0,0,40,Private,HS-grad,Never-married,Prof-specialty,Own-child,Black,Male,United-States,<=50K
35,126569,10,4064,0,40,Private,Some-college,Married-civ-spouse,Sales,Husband,White,Male,United-States,<=50K
47,144351,9,0,625,40,Private,HS-grad,Divorced,Craft-repair,Unmarried,White,Male,United-States,<=50K
34,114733,12,0,0,36,Self-emp-inc,Assoc-acdm,Married-civ-spouse,Adm-clerical,Wife,White,Female,United-States,<=50K
42,109912,12,0,0,40,MISSING,Assoc-acdm,Never-married,MISSING,Other-relative,White,Female,United-States,<=50K
49,201498,9,0,0,40,Self-emp-inc,HS-grad,Married-civ-spouse,Craft-repair,Husband,White,Male,United-States,<=50K
17,38611,7,0,0,23,Private,11th,Never-married,Adm-clerical,Own-child,White,Female,United-States,<=50K
39,163057,10,0,0,99,Self-emp-inc,Some-college,Divorced,Craft-repair,Not-in-family,White,Male,United-States,<=50K
21,417668,9,0,0,36,Private,HS-grad,Never-married,Handlers-cleaners,Own-child,White,Male,United-States,<=50K
48,101299,9,0,0,40,Private,HS-grad,Married-civ-spouse,Craft-repair,Husband,White,Male,United-States,>50K
38,320451,14,0,0,40,Private,Masters,Married-civ-spouse,Prof-specialty,Husband,Asian-Pac-Islander,Male,MISSING,<=50K
50,400630,15,0,0,36,Private,Prof-school,Married-civ-spouse,Prof-specialty,Husband,White,Male,United-States,>50K
58,200316,9,0,0,40,State-gov,HS-grad,Married-civ-spouse,Craft-repair,Husband,White,Male,United-States,<=50K
61,141745,9,0,0,40,Private,HS-grad,Divorced,Other-service,Not-in-family,Black,Female,United-States,<=50K
69,197288,9,0,0,35,Local-gov,HS-grad,Married-civ-spouse,Exec-managerial,Husband,White,Male,United-States,<=50K
20,526734,9,0,0,30,Local-gov,HS-grad,Never-married,Adm-clerical,Not-in-family,White,Female,United-States,<=50K
35,181705,9,3103,0,40,Self-emp-not-inc,HS-grad,Married-civ-spouse,Craft-repair,Husband,White,Male,United-States,>50K
34,157747,13,0,0,40,Private,Bachelors,Married-civ-spouse,Exec-managerial,Husband,White,Male,United-States,>50K
31,189759,14,0,0,40,Private,Masters,Married-civ-spouse,Sales,Husband,White,Male,United-States,>50K
24,107801,9,0,0,40,Private,HS-grad,Never-married,Adm-clerical,Own-child,White,Female,United-States,<=50K
30,299223,10,0,0,40,Private,Some-college,Divorced,Sales,Unmarried,Amer-Indian-Eskimo,Female,United-States,<=50K
55,256953,9,0,0,44,Private,HS-grad,Widowed,Machine-op-inspct,Unmarried,Black,Female,United-States,<=50K
19,162621,10,0,0,14,Private,Some-college,Never-married,Tech-support,Own-child,White,Male,United-States,<=50K
36,359001,10,0,0,48,Local-gov,Some-college,Married-civ-spouse,Protective-serv,Husband,White,Male,United-States,<=50K
29,183627,7,0,0,40,Private,11th,Divorced,Craft-repair,Not-in-family,White,Male,United-States,<=50K
54,143822,10,0,0,45,Private,Some-college,Married-civ-spouse,Craft-repair,Husband,White,Male,United-States,>50K
42,153160,9,0,0,40,Private,HS-grad,Widowed,Other-service,Unmarried,White,Female,United-States,<=50K
35,126675,9,0,0,46,Private,HS-grad,Divorced,Craft-repair,Not-in-family,White,Male,MISSING,<=50K
27,109004,9,0,0,40,Private,HS-grad,Separated,Craft-repair,Unmarried,Black,Male,United-States,<=50K
20,236523,6,0,0,40,MISSING,10th,Never-married,MISSING,Own-child,Black,Male,United-States,<=50K
49,237920,16,0,0,60,Private,Doctorate,Married-civ-spouse,Sales,Husband,White,Male,United-States,<=50K
34,114691,9,0,0,40,Self-emp-not-inc,HS-grad,Married-civ-spouse,Prof-specialty,Husband,White,Male,United-States,>50K
38,34173,13,0,0,45,Private,Bachelors,Never-married,Sales,Unmarried,White,Female,United-States,<=50K
20,275357,11,0,0,25,Private,Assoc-voc,Never-married,Tech-support,Own-child,White,Female,United-States,<=50K
52,84808,9,0,0,40,Local-gov,HS-grad,Divorced,Adm-clerical,Unmarried,Black,Female,United-States,<=50K
31,243142,9,0,0,40,Private,HS-grad,Divorced,Machine-op-inspct,Unmarried,White,Female,United-States,<=50K
22,305466,9,0,0,40,Private,HS-grad,Never-married,Handlers-cleaners,Not-in-family,White,Male,United-States,<=50K
21,349365,10,0,0,15,Private,Some-college,Never-married,Adm-clerical,Own-child,White,Female,United-States,<=50K
63,38352,9,0,0,40,Private,HS-grad,Widowed,Adm-clerical,Unmarried,White,Female,United-States,<=50K
41,287306,9,0,1902,40,Private,HS-grad,Married-civ-spouse,Prof-specialty,Husband,White,Male,United-States,>50K
67,274451,4,0,0,40,MISSING,7th-8th,Married-civ-spouse,MISSING,Husband,White,Male,United-States,<=50K
45,107682,14,0,0,40,Private,Masters,Divorced,Exec-managerial,Not-in-family,White,Female,United-States,>50K
35,153633,10,0,0,40,Federal-gov,Some-college,Never-married,Other-service,Unmarried,Black,Female,United-States,<=50K
43,175485,10,0,0,40,Self-emp-inc,Some-college,Married-civ-spouse,Exec-managerial,Husband,White,Male,United-States,<=50K
48,44434,14,0,0,61,State-gov,Masters,Married-civ-spouse,Prof-specialty,Husband,White,Male,United-States,>50K
36,231037,4,0,0,40,Private,7th-8th,Married-civ-spouse,Machine-op-inspct,Husband,White,Male,United-States,<=50K
42,175935,9,0,0,40,Private,HS-grad,Married-civ-spouse,Machine-op-inspct,Husband,White,Male,United-States,<=50K
63,339473,10,0,0,60,Private,Some-college,Divorced,Sales,Not-in-family,White,Female,United-States,<=50K
62,214288,9,0,0,40,Private,HS-grad,Married-civ-spouse,Machine-op-inspct,Husband,White,Male,United-States,<=50K
22,269221,10,0,0,40,MISSING,Some-college,Never-married,MISSING,Own-child,White,Male,United-States,<=50K
17,295308,7,0,0,20,Private,11th,Never-married,Priv-house-serv,Own-child,White,Female,United-States,<=50K
67,201657,13,0,0,60,MISSING,Bachelors,Divorced,MISSING,Not-in-family,White,Female,United-States,<=50K
33,100135,9,0,1740,25,Private,HS-grad,Married-civ-spouse,Adm-clerical,Wife,White,Female,United-States,<=50K
29,196971,13,0,0,72,Private,Bachelors,Never-married,Prof-specialty,Own-child,White,Female,United-States,<=50K
20,289944,10,0,0,25,Private,Some-college,Never-married,Other-service,Own-child,White,Female,United-States,<=50K
29,267034,7,0,0,40,Private,11th,Never-married,Craft-repair,Own-child,Black,Male,Haiti,<=50K
48,164964,9,0,0,40,Private,HS-grad,Married-civ-spouse,Machine-op-inspct,Husband,White,Male,United-States,<=50K
42,149210,13,7298,0,45,Private,Bachelors,Married-civ-spouse,Prof-specialty,Husband,White,Male,United-States,>50K
49,101320,12,0,1902,40,Private,Assoc-acdm,Married-civ-spouse,Sales,Wife,White,Female,United-States,>50K
39,174938,13,0,0,40,Private,Bachelors,Never-married,Prof-specialty,Not-in-family,White,Male,United-States,<=50K
35,48779,9,0,0,35,Private,HS-grad,Married-civ-spouse,Farming-fishing,Husband,White,Male,United-States,<=50K
18,27780,9,0,0,25,Private,HS-grad,Never-married,Sales,Own-child,White,Female,United-States,<=50K
35,105803,10,0,0,50,Private,Some-college,Married-civ-spouse,Craft-repair,Husband,White,Male,United-States,>50K
28,183151,12,0,0,60,Federal-gov,Assoc-acdm,Married-civ-spouse,Adm-clerical,Husband,White,Male,United-States,<=50K
37,103408,9,0,0,40,Private,HS-grad,Never-married,Farming-fishing,Not-in-family,Black,Male,United-States,<=50K
39,63021,10,0,0,20,Private,Some-college,Divorced,Other-service,Not-in-family,White,Female,United-States,<=50K
47,140045,9,0,0,40,Private,HS-grad,Separated,Adm-clerical,Unmarried,White,Female,United-States,<=50K
60,160625,9,5013,0,40,Private,HS-grad,Married-civ-spouse,Prof-specialty,Husband,White,Male,United-States,<=50K
48,242406,7,0,0,40,Private,11th,Never-married,Machine-op-inspct,Unmarried,White,Male,Puerto-Rico,<=50K
38,338212,10,0,0,20,MISSING,Some-college,Married-civ-spouse,MISSING,Wife,White,Female,United-States,<=50K
37,251396,12,0,0,65,Private,Assoc-acdm,Married-civ-spouse,Exec-managerial,Husband,White,Male,United-States,>50K
30,78530,9,0,0,40,Private,HS-grad,Never-married,Handlers-cleaners,Not-in-family,White,Male,United-States,<=50K
29,100563,9,0,0,40,Private,HS-grad,Never-married,Transport-moving,Own-child,Black,Male,United-States,<=50K
41,140365,13,0,1902,55,Self-emp-inc,Bachelors,Married-civ-spouse,Exec-managerial,Husband,White,Male,United-States,>50K
26,151626,9,0,0,40,Self-emp-not-inc,HS-grad,Never-married,Prof-specialty,Own-child,Black,Female,United-States,<=50K
30,194901,15,0,0,55,Private,Prof-school,Divorced,Sales,Own-child,White,Male,United-States,<=50K
39,257942,13,0,0,60,Private,Bachelors,Married-civ-spouse,Sales,Husband,White,Male,United-States,>50K
30,182771,14,0,0,40,Private,Masters,Married-civ-spouse,Prof-specialty,Husband,Asian-Pac-Islander,Male,United-States,>50K
52,273514,9,0,0,40,Private,HS-grad,Separated,Craft-repair,Not-in-family,White,Male,United-States,<=50K
17,183066,6,0,0,25,Private,10th,Never-married,Other-service,Own-child,White,Female,United-States,<=50K
26,33610,9,0,0,60,Private,HS-grad,Never-married,Craft-repair,Other-relative,White,Male,United-States,<=50K
33,229732,13,0,0,45,Private,Bachelors,Never-married,Sales,Not-in-family,White,Male,United-States,>50K
23,100345,13,0,0,20,Private,Bachelors,Never-married,Sales,Own-child,White,Male,United-States,<=50K
26,248612,13,0,0,30,Private,Bachelors,Never-married,Prof-specialty,Own-child,White,Male,United-States,<=50K
26,291968,15,0,1977,40,Private,Prof-school,Married-civ-spouse,Prof-specialty,Husband,White,Male,United-States,>50K
31,398988,10,0,0,40,Private,Some-college,Never-married,Exec-managerial,Not-in-family,White,Male,United-States,<=50K
18,191117,7,0,0,20,State-gov,11th,Never-married,Other-service,Own-child,White,Male,United-States,<=50K
42,240628,13,0,0,40,Private,Bachelors,Married-civ-spouse,Exec-managerial,Wife,White,Female,United-States,>50K
20,211968,10,0,0,45,MISSING,Some-college,Never-married,MISSING,Own-child,White,Female,United-States,<=50K
23,181820,10,0,0,20,Private,Some-college,Never-married,Handlers-cleaners,Own-child,White,Male,United-States,<=50K
30,169583,13,0,0,40,Private,Bachelors,Married-AF-spouse,Exec-managerial,Wife,White,Female,United-States,>50K
36,250238,2,0,0,40,Private,1st-4th,Never-married,Other-service,Other-relative,Other,Female,El-Salvador,<=50K
35,216035,9,0,0,40,State-gov,HS-grad,Married-civ-spouse,Protective-serv,Husband,White,Male,United-States,<=50K
30,271710,13,7298,0,50,Private,Bachelors,Married-civ-spouse,Sales,Husband,White,Male,United-States,>50K
24,278130,13,0,0,40,Private,Bachelors,Never-married,Prof-specialty,Not-in-family,White,Male,United-States,<=50K
22,153516,10,0,0,35,Self-emp-inc,Some-college,Never-married,Craft-repair,Own-child,White,Male,United-States,<=50K
37,199265,10,0,0,50,Self-emp-inc,Some-college,Married-civ-spouse,Exec-managerial,Husband,White,Male,United-States,<=50K
28,138692,13,0,0,40,Private,Bachelors,Married-civ-spouse,Exec-managerial,Husband,White,Male,United-States,>50K
29,103432,9,0,0,40,Private,HS-grad,Never-married,Craft-repair,Not-in-family,White,Male,United-States,<=50K
52,128272,9,0,0,14,Private,HS-grad,Married-civ-spouse,Sales,Husband,White,Male,United-States,<=50K
24,42251,13,0,0,30,Federal-gov,Bachelors,Never-married,Prof-specialty,Not-in-family,White,Female,United-States,<=50K
42,230684,9,5178,0,50,Private,HS-grad,Married-civ-spouse,Sales,Husband,White,Male,United-States,>50K
27,206889,10,0,0,50,Self-emp-not-inc,Some-college,Married-civ-spouse,Farming-fishing,Husband,White,Male,United-States,<=50K
41,294270,5,0,0,35,Private,9th,Married-civ-spouse,Transport-moving,Husband,White,Male,United-States,<=50K
38,153066,14,0,0,45,Private,Masters,Divorced,Exec-managerial,Not-in-family,White,Male,United-States,>50K
38,354739,11,0,0,36,Private,Assoc-voc,Married-civ-spouse,Prof-specialty,Husband,Asian-Pac-Islander,Male,Philippines,>50K
36,210830,14,0,0,30,State-gov,Masters,Never-married,Prof-specialty,Own-child,White,Female,United-States,<=50K
29,363963,9,0,0,40,Private,HS-grad,Divorced,Other-service,Not-in-family,White,Female,United-States,<=50K
47,198660,13,0,0,40,Local-gov,Bachelors,Married-civ-spouse,Prof-specialty,Husband,White,Male,United-States,>50K
54,94055,13,0,0,40,Private,Bachelors,Married-civ-spouse,Other-service,Husband,White,Male,United-States,<=50K
53,35305,13,0,0,57,Local-gov,Bachelors,Divorced,Prof-specialty,Unmarried,White,Female,United-States,<=50K
27,285432,12,0,0,40,Federal-gov,Assoc-acdm,Never-married,Transport-moving,Not-in-family,Black,Male,United-States,<=50K
41,211873,11,0,1628,5,MISSING,Assoc-voc,Married-civ-spouse,MISSING,Wife,White,Female,MISSING,<=50K
25,252803,9,0,0,40,Private,HS-grad,Never-married,Other-service,Unmarried,Black,Female,United-States,<=50K
32,542265,9,0,0,40,State-gov,HS-grad,Never-married,Adm-clerical,Not-in-family,White,Female,United-States,<=50K
45,160724,9,0,0,40,Private,HS-grad,Married-civ-spouse,Craft-repair,Husband,Asian-Pac-Islander,Male,Vietnam,<=50K
38,73471,10,0,0,50,Private,Some-college,Married-civ-spouse,Sales,Husband,White,Male,United-States,<=50K
70,207938,13,0,2377,50,Self-emp-inc,Bachelors,Married-civ-spouse,Exec-managerial,Husband,White,Male,United-States,>50K
30,97281,10,0,0,60,MISSING,Some-college,Separated,MISSING,Not-in-family,White,Male,United-States,<=50K
50,205803,14,15024,0,40,Private,Masters,Married-civ-spouse,Sales,Husband,White,Male,United-States,>50K
41,118619,13,0,0,50,Private,Bachelors,Married-civ-spouse,Exec-managerial,Husband,Black,Male,United-States,<=50K
33,164190,11,7298,0,40,Private,Assoc-voc,Married-civ-spouse,Craft-repair,Husband,White,Male,United-States,>50K
34,258170,9,0,0,38,Private,HS-grad,Divorced,Exec-managerial,Unmarried,White,Female,United-States,<=50K
23,435604,11,0,0,40,Private,Assoc-voc,Separated,Exec-managerial,Own-child,White,Female,United-States,<=50K
24,94395,10,0,0,40,Private,Some-college,Never-married,Craft-repair,Not-in-family,White,Male,United-States,<=50K
25,109609,10,0,0,25,Private,Some-college,Never-married,Other-service,Not-in-family,White,Male,United-States,<=50K
41,197069,10,4650,0,40,Federal-gov,Some-college,Married-spouse-absent,Adm-clerical,Not-in-family,Black,Male,United-States,<=50K
38,283122,9,0,0,40,Private,HS-grad,Married-civ-spouse,Machine-op-inspct,Husband,White,Male,United-States,>50K
35,231180,9,0,0,45,Local-gov,HS-grad,Married-civ-spouse,Transport-moving,Husband,White,Male,United-States,<=50K
65,209831,11,0,0,40,Private,Assoc-voc,Married-civ-spouse,Adm-clerical,Wife,White,Female,United-States,<=50K
42,341638,7,0,0,40,Private,11th,Divorced,Craft-repair,Not-in-family,White,Male,United-States,<=50K
19,220101,10,0,0,40,Private,Some-college,Never-married,Adm-clerical,Not-in-family,White,Female,United-States,<=50K
30,232356,13,0,0,40,Private,Bachelors,Married-civ-spouse,Exec-managerial,Husband,White,Male,United-States,>50K
30,321990,14,15024,0,60,Self-emp-inc,Masters,Married-civ-spouse,Exec-managerial,Husband,White,Male,MISSING,>50K
19,42069,9,2176,0,45,Private,HS-grad,Never-married,Transport-moving,Own-child,White,Male,United-States,<=50K
59,81107,10,0,0,80,Self-emp-not-inc,Some-college,Married-civ-spouse,Sales,Wife,White,Female,United-States,>50K
64,173754,9,0,0,40,Federal-gov,HS-grad,Married-civ-spouse,Adm-clerical,Husband,White,Male,United-States,<=50K
47,191389,9,0,0,35,Local-gov,HS-grad,Divorced,Adm-clerical,Unmarried,White,Female,United-States,<=50K
36,269042,9,0,0,40,Private,HS-grad,Married-civ-spouse,Machine-op-inspct,Husband,Asian-Pac-Islander,Male,Laos,<=50K
40,222848,6,0,0,32,Private,10th,Married-civ-spouse,Other-service,Wife,Black,Female,United-States,<=50K
23,60331,9,0,0,40,Private,HS-grad,Never-married,Machine-op-inspct,Own-child,White,Male,United-States,<=50K
32,190889,14,0,0,40,Local-gov,Masters,Never-married,Prof-specialty,Not-in-family,Other,Female,MISSING,<=50K
41,154194,9,0,0,40,Private,HS-grad,Never-married,Sales,Own-child,White,Female,United-States,<=50K
50,251240,14,0,0,40,Self-emp-inc,Masters,Married-civ-spouse,Sales,Husband,White,Male,United-States,>50K
34,734193,10,0,0,50,Private,Some-college,Never-married,Exec-managerial,Not-in-family,White,Female,United-States,<=50K
58,136841,13,99999,0,35,Private,Bachelors,Married-civ-spouse,Prof-specialty,Wife,White,Female,United-States,>50K
45,270842,14,0,0,50,Private,Masters,Divorced,Exec-managerial,Not-in-family,White,Female,United-States,>50K
37,255454,10,0,0,40,Self-emp-not-inc,Some-college,Never-married,Prof-specialty,Not-in-family,Black,Male,United-States,<=50K
31,213307,9,0,0,40,Local-gov,HS-grad,Never-married,Adm-clerical,Own-child,White,Female,United-States,<=50K
28,419740,13,0,0,52,Local-gov,Bachelors,Never-married,Prof-specialty,Not-in-family,White,Male,United-States,<=50K
40,262872,13,0,0,40,Private,Bachelors,Never-married,Adm-clerical,Not-in-family,White,Female,United-States,<=50K
40,164663,9,0,0,40,Private,HS-grad,Married-civ-spouse,Transport-moving,Husband,White,Male,United-States,<=50K
55,408537,5,99999,0,37,Private,9th,Divorced,Craft-repair,Unmarried,White,Female,United-States,>50K
45,193451,10,0,0,45,Self-emp-not-inc,Some-college,Married-civ-spouse,Transport-moving,Husband,White,Male,United-States,<=50K
60,141580,14,0,0,40,MISSING,Masters,Married-civ-spouse,MISSING,Husband,White,Male,United-States,<=50K
30,185384,10,0,0,25,Self-emp-inc,Some-college,Married-civ-spouse,Exec-managerial,Wife,White,Female,United-States,<=50K
47,354148,15,99999,0,48,Private,Prof-school,Married-civ-spouse,Prof-specialty,Husband,White,Male,United-States,>50K
25,330695,10,0,0,50,Private,Some-college,Married-civ-spouse,Sales,Husband,White,Male,United-States,<=50K
27,244566,6,0,0,40,Private,10th,Married-civ-spouse,Handlers-cleaners,Husband,White,Male,United-States,<=50K
39,138192,13,0,0,40,Private,Bachelors,Married-civ-spouse,Craft-repair,Husband,White,Male,United-States,<=50K
50,114117,9,0,0,32,Self-emp-not-inc,HS-grad,Married-civ-spouse,Exec-managerial,Husband,White,Male,United-States,<=50K
24,184839,10,0,0,40,Private,Some-college,Never-married,Machine-op-inspct,Not-in-family,White,Male,United-States,<=50K
30,226535,4,0,0,40,Self-emp-not-inc,7th-8th,Married-civ-spouse,Farming-fishing,Husband,White,Male,Mexico,<=50K
35,422933,13,0,0,37,Private,Bachelors,Never-married,Other-service,Not-in-family,White,Male,United-States,<=50K
28,223745,10,0,0,40,MISSING,Some-college,Never-married,MISSING,Unmarried,White,Female,United-States,<=50K
19,64112,8,0,0,40,Private,12th,Never-married,Adm-clerical,Not-in-family,White,Female,United-States,<=50K
38,235379,12,0,0,36,Private,Assoc-acdm,Never-married,Prof-specialty,Unmarried,White,Female,United-States,<=50K
41,244945,10,0,0,40,Private,Some-college,Married-civ-spouse,Exec-managerial,Husband,White,Male,United-States,<=50K
35,54595,8,0,0,40,Private,12th,Never-married,Sales,Not-in-family,Black,Female,United-States,<=50K
40,154076,12,0,0,60,Self-emp-not-inc,Assoc-acdm,Married-civ-spouse,Exec-managerial,Husband,White,Male,United-States,<=50K
33,334744,10,0,0,50,Self-emp-not-inc,Some-college,Married-civ-spouse,Craft-repair,Husband,White,Male,United-States,>50K
53,298215,13,0,0,45,Self-emp-inc,Bachelors,Married-civ-spouse,Sales,Husband,White,Male,United-States,>50K
24,34568,11,0,0,40,Private,Assoc-voc,Never-married,Transport-moving,Not-in-family,White,Male,United-States,<=50K
48,331482,15,0,1977,40,Private,Prof-school,Married-civ-spouse,Tech-support,Husband,White,Male,United-States,>50K
36,139770,10,0,0,32,MISSING,Some-college,Divorced,MISSING,Own-child,White,Female,United-States,<=50K
25,111058,10,0,1980,40,Private,Some-college,Never-married,Adm-clerical,Not-in-family,White,Male,United-States,<=50K
34,105493,14,0,0,40,Private,Masters,Divorced,Prof-specialty,Unmarried,White,Female,United-States,<=50K
40,119578,13,0,0,20,State-gov,Bachelors,Never-married,Prof-specialty,Unmarried,White,Female,United-States,<=50K
38,161141,9,0,0,40,Private,HS-grad,Divorced,Transport-moving,Not-in-family,White,Male,United-States,<=50K
24,196675,9,0,0,70,Private,HS-grad,Married-civ-spouse,Handlers-cleaners,Husband,Black,Male,United-States,<=50K
65,95303,9,0,0,40,Private,HS-grad,Married-civ-spouse,Exec-managerial,Husband,White,Male,United-States,>50K
27,56870,9,0,0,40,Private,HS-grad,Married-civ-spouse,Machine-op-inspct,Husband,White,Male,United-States,<=50K
58,203735,9,0,0,40,Private,HS-grad,Divorced,Exec-managerial,Unmarried,White,Female,United-States,<=50K
49,423222,14,99999,0,80,State-gov,Masters,Married-civ-spouse,Sales,Husband,White,Male,United-States,>50K
59,87510,9,0,0,40,Private,HS-grad,Divorced,Craft-repair,Not-in-family,White,Male,United-States,<=50K
18,151866,10,0,0,20,Private,Some-college,Never-married,Sales,Not-in-family,White,Female,United-States,<=50K
28,185127,10,0,0,54,Private,Some-college,Never-married,Tech-support,Not-in-family,White,Male,United-States,<=50K
34,473133,9,0,0,60,Private,HS-grad,Married-civ-spouse,Sales,Husband,White,Male,United-States,<=50K
26,73312,7,0,0,15,Private,11th,Never-married,Machine-op-inspct,Unmarried,White,Female,United-States,<=50K
22,309178,9,0,0,40,Private,HS-grad,Never-married,Transport-moving,Own-child,White,Male,United-States,<=50K
32,152109,9,0,0,48,Private,HS-grad,Married-civ-spouse,Craft-repair,Husband,White,Male,United-States,<=50K
28,51461,14,0,0,60,Private,Masters,Married-civ-spouse,Prof-specialty,Husband,White,Male,United-States,<=50K
55,185436,10,0,0,70,Private,Some-college,Married-civ-spouse,Exec-managerial,Husband,White,Male,United-States,>50K
40,99373,6,0,0,40,Private,10th,Divorced,Machine-op-inspct,Unmarried,White,Female,United-States,<=50K
70,158642,9,2993,0,20,MISSING,HS-grad,Widowed,MISSING,Not-in-family,White,Female,United-States,<=50K
20,232022,10,0,0,40,MISSING,Some-college,Never-married,MISSING,Own-child,White,Female,United-States,<=50K
42,269028,16,0,0,40,Private,Doctorate,Married-civ-spouse,Prof-specialty,Husband,White,Male,France,<=50K
30,149427,5,0,0,45,Private,9th,Never-married,Craft-repair,Own-child,White,Male,United-States,<=50K
34,405577,10,0,0,40,Private,Some-college,Never-married,Adm-clerical,Not-in-family,White,Male,United-States,<=50K
40,329924,9,0,0,30,Private,HS-grad,Separated,Handlers-cleaners,Not-in-family,Black,Male,United-States,<=50K
38,201454,10,0,0,40,Private,Some-college,Divorced,Adm-clerical,Unmarried,White,Female,United-States,<=50K
25,169759,9,0,0,95,Private,HS-grad,Never-married,Handlers-cleaners,Own-child,White,Male,United-States,<=50K
50,132716,9,0,0,40,Private,HS-grad,Married-civ-spouse,Transport-moving,Husband,White,Male,United-States,>50K
65,461715,9,0,0,25,Private,HS-grad,Divorced,Sales,Unmarried,White,Female,MISSING,<=50K
34,140092,9,0,0,40,Private,HS-grad,Never-married,Tech-support,Not-in-family,White,Male,United-States,<=50K
34,29254,10,0,0,70,Self-emp-inc,Some-college,Married-civ-spouse,Craft-repair,Husband,White,Male,United-States,<=50K
17,53611,8,0,0,6,Private,12th,Never-married,Other-service,Own-child,White,Female,United-States,<=50K
29,118337,9,0,0,60,Private,HS-grad,Married-civ-spouse,Transport-moving,Husband,White,Male,United-States,<=50K
36,380614,13,0,0,35,Local-gov,Bachelors,Married-civ-spouse,Adm-clerical,Wife,White,Female,Germany,>50K
56,174040,9,0,0,40,Private,HS-grad,Divorced,Other-service,Not-in-family,White,Male,United-States,<=50K
66,146454,10,5556,0,40,Private,Some-college,Married-civ-spouse,Sales,Husband,White,Male,United-States,>50K
43,397963,9,594,0,16,Private,HS-grad,Divorced,Handlers-cleaners,Not-in-family,White,Male,United-States,<=50K
23,133515,9,0,0,35,Private,HS-grad,Never-married,Other-service,Not-in-family,White,Female,United-States,<=50K
17,132636,7,0,0,16,Private,11th,Never-married,Transport-moving,Own-child,White,Female,United-States,<=50K
68,225612,13,0,0,35,Private,Bachelors,Widowed,Sales,Not-in-family,White,Male,United-States,>50K
44,104973,14,0,0,40,Self-emp-not-inc,Masters,Married-civ-spouse,Farming-fishing,Husband,White,Male,United-States,>50K
34,157747,10,7298,0,40,Private,Some-college,Married-civ-spouse,Exec-managerial,Husband,White,Male,United-States,>50K
49,198774,13,0,0,35,Private,Bachelors,Divorced,Sales,Other-relative,White,Female,United-States,<=50K
36,33355,10,0,0,45,Private,Some-college,Never-married,Other-service,Own-child,White,Male,United-States,<=50K
43,233130,13,0,0,40,Private,Bachelors,Divorced,Sales,Not-in-family,White,Male,United-States,>50K
36,188563,10,5178,0,50,Private,Some-college,Married-civ-spouse,Sales,Husband,White,Male,United-States,>50K
51,351278,13,0,0,50,Self-emp-inc,Bachelors,Divorced,Farming-fishing,Unmarried,White,Male,United-States,<=50K
37,150057,9,0,0,52,Private,HS-grad,Married-civ-spouse,Craft-repair,Husband,White,Male,United-States,>50K
33,139057,9,0,0,84,Self-emp-inc,HS-grad,Married-civ-spouse,Exec-managerial,Husband,Asian-Pac-Islander,Male,Taiwan,>50K
40,99679,15,0,0,60,Local-gov,Prof-school,Never-married,Exec-managerial,Not-in-family,White,Male,United-States,>50K
25,189850,10,0,0,40,Private,Some-college,Never-married,Machine-op-inspct,Own-child,Black,Male,United-States,<=50K
29,256956,11,0,0,40,Private,Assoc-voc,Never-married,Machine-op-inspct,Not-in-family,White,Male,United-States,<=50K
29,147256,12,0,0,40,State-gov,Assoc-acdm,Never-married,Prof-specialty,Not-in-family,Black,Male,United-States,>50K
44,322391,7,0,0,30,Private,11th,Separated,Other-service,Unmarried,Black,Female,United-States,<=50K
47,304133,10,0,0,45,Private,Some-college,Married-civ-spouse,Exec-managerial,Husband,White,Male,United-States,<=50K
47,191978,10,0,0,40,Private,Some-college,Married-civ-spouse,Exec-managerial,Husband,White,Male,United-States,>50K
17,454614,7,0,0,8,MISSING,11th,Never-married,MISSING,Own-child,White,Female,United-States,<=50K
49,189498,9,0,0,50,Private,HS-grad,Married-civ-spouse,Sales,Husband,White,Male,United-States,>50K
90,137018,9,0,0,40,Private,HS-grad,Never-married,Other-service,Not-in-family,White,Female,United-States,<=50K
55,190508,10,0,0,35,Private,Some-college,Married-civ-spouse,Transport-moving,Husband,Black,Male,United-States,<=50K
31,672412,7,0,0,40,MISSING,11th,Separated,MISSING,Not-in-family,Black,Male,United-States,<=50K
38,159179,10,0,1902,50,Private,Some-college,Married-civ-spouse,Exec-managerial,Husband,White,Male,United-States,>50K
46,28281,13,0,0,40,Self-emp-not-inc,Bachelors,Married-civ-spouse,Farming-fishing,Husband,White,Male,United-States,>50K
48,168216,10,0,0,40,Private,Some-college,Married-civ-spouse,Sales,Husband,White,Male,United-States,>50K
47,379118,9,0,0,9,Private,HS-grad,Divorced,Other-service,Unmarried,Black,Male,United-States,<=50K
44,277783,14,0,0,99,Self-emp-not-inc,Masters,Never-married,Farming-fishing,Own-child,White,Male,United-States,<=50K
45,72844,9,0,0,46,Private,HS-grad,Divorced,Exec-managerial,Not-in-family,White,Female,United-States,<=50K
72,194548,10,0,0,3,MISSING,Some-college,Married-spouse-absent,MISSING,Not-in-family,White,Male,United-States,<=50K
41,112507,6,0,0,60,Private,10th,Married-civ-spouse,Transport-moving,Husband,White,Male,United-States,<=50K
47,198769,10,0,0,40,Private,Some-college,Never-married,Adm-clerical,Not-in-family,White,Female,United-States,>50K
20,164922,9,0,0,40,Private,HS-grad,Never-married,Craft-repair,Own-child,White,Male,United-States,<=50K
24,278155,10,0,0,30,Private,Some-college,Never-married,Machine-op-inspct,Not-in-family,White,Male,United-States,<=50K
52,77336,11,0,0,40,Self-emp-not-inc,Assoc-voc,Married-civ-spouse,Craft-repair,Husband,White,Male,United-States,<=50K
18,42857,10,0,0,35,Self-emp-not-inc,Some-college,Never-married,Craft-repair,Not-in-family,White,Female,United-States,<=50K
70,262345,10,0,0,6,Private,Some-college,Never-married,Adm-clerical,Not-in-family,White,Female,United-States,<=50K
41,168098,13,0,0,50,Self-emp-not-inc,Bachelors,Married-civ-spouse,Prof-specialty,Husband,White,Male,United-States,<=50K
62,115763,14,0,0,40,Local-gov,Masters,Married-civ-spouse,Prof-specialty,Wife,White,Female,United-States,>50K
50,192203,7,0,0,40,Private,11th,Married-civ-spouse,Transport-moving,Husband,White,Male,United-States,<=50K
21,766115,6,0,0,35,Private,10th,Married-civ-spouse,Handlers-cleaners,Husband,White,Male,United-States,<=50K
35,190895,9,0,0,40,State-gov,HS-grad,Married-civ-spouse,Craft-repair,Husband,White,Male,United-States,<=50K
27,191177,10,0,0,40,Private,Some-college,Never-married,Adm-clerical,Own-child,White,Female,United-States,<=50K
33,182556,13,0,0,40,Private,Bachelors,Married-civ-spouse,Exec-managerial,Husband,White,Male,United-States,>50K
32,350624,8,0,0,40,Self-emp-not-inc,12th,Married-civ-spouse,Craft-repair,Husband,White,Male,United-States,<=50K
21,351381,9,0,0,40,Private,HS-grad,Never-married,Adm-clerical,Own-child,White,Female,United-States,<=50K
47,61885,13,0,0,40,Self-emp-not-inc,Bachelors,Married-civ-spouse,Sales,Husband,White,Male,United-States,>50K
37,31023,10,0,0,40,Local-gov,Some-college,Married-civ-spouse,Other-service,Husband,White,Male,United-States,<=50K
24,321435,13,0,0,40,Private,Bachelors,Never-married,Adm-clerical,Not-in-family,White,Male,United-States,<=50K
54,196307,6,0,0,40,Local-gov,10th,Married-civ-spouse,Adm-clerical,Husband,White,Male,United-States,<=50K
61,176731,9,0,0,40,Local-gov,HS-grad,Married-civ-spouse,Handlers-cleaners,Husband,White,Male,United-States,<=50K
31,193231,13,3325,0,60,Private,Bachelors,Never-married,Tech-support,Not-in-family,White,Male,United-States,<=50K
51,221672,14,15024,0,50,Private,Masters,Married-civ-spouse,Sales,Husband,White,Male,United-States,>50K
20,346341,10,0,0,35,MISSING,Some-college,Never-married,MISSING,Not-in-family,White,Female,United-States,<=50K
25,109390,9,0,0,70,Private,HS-grad,Never-married,Transport-moving,Own-child,White,Male,United-States,<=50K
24,464502,12,0,0,40,Private,Assoc-acdm,Never-married,Sales,Not-in-family,Black,Male,MISSING,<=50K
31,156033,9,0,0,35,Self-emp-not-inc,HS-grad,Divorced,Other-service,Not-in-family,White,Male,United-States,<=50K
23,93076,9,0,0,40,State-gov,HS-grad,Never-married,Other-service,Own-child,Black,Male,United-States,<=50K
20,42279,10,0,0,40,Private,Some-college,Never-married,Exec-managerial,Not-in-family,White,Female,United-States,<=50K
41,210259,10,0,0,37,Private,Some-college,Divorced,Adm-clerical,Unmarried,Black,Female,United-States,<=50K
40,190621,10,0,0,55,Private,Some-college,Divorced,Exec-managerial,Other-relative,Black,Female,United-States,<=50K
69,628797,10,0,0,20,MISSING,Some-college,Widowed,MISSING,Not-in-family,White,Female,United-States,<=50K
53,209906,2,0,0,35,Private,1st-4th,Married-civ-spouse,Other-service,Husband,Black,Male,Puerto-Rico,<=50K
47,285060,14,0,1977,41,Local-gov,Masters,Married-civ-spouse,Exec-managerial,Husband,White,Male,United-States,>50K
39,187847,10,0,0,40,Private,Some-college,Never-married,Craft-repair,Not-in-family,White,Male,United-States,<=50K
42,78765,10,0,0,90,Self-emp-inc,Some-college,Divorced,Exec-managerial,Unmarried,White,Male,United-States,>50K
45,32356,13,0,0,51,Self-emp-inc,Bachelors,Married-civ-spouse,Exec-managerial,Husband,White,Male,United-States,<=50K
35,250504,9,0,0,60,Federal-gov,HS-grad,Married-civ-spouse,Adm-clerical,Husband,Black,Male,United-States,>50K
55,105582,14,2228,0,50,Self-emp-not-inc,Masters,Married-civ-spouse,Sales,Husband,White,Male,United-States,<=50K
61,101602,16,0,0,25,MISSING,Doctorate,Married-civ-spouse,MISSING,Husband,White,Male,United-States,>50K
68,197015,9,0,0,45,Self-emp-not-inc,HS-grad,Married-civ-spouse,Farming-fishing,Husband,White,Male,United-States,<=50K
28,190391,13,0,0,50,Self-emp-not-inc,Bachelors,Never-married,Sales,Not-in-family,White,Male,United-States,<=50K
32,123964,10,4386,0,50,Private,Some-college,Married-civ-spouse,Sales,Husband,White,Male,United-States,<=50K
25,37379,13,0,0,50,Private,Bachelors,Never-married,Tech-support,Not-in-family,White,Female,United-States,<=50K
29,157262,14,0,0,45,Private,Masters,Never-married,Exec-managerial,Not-in-family,White,Female,United-States,<=50K
60,199378,9,0,0,40,Private,HS-grad,Married-civ-spouse,Craft-repair,Husband,White,Male,United-States,<=50K
35,589809,10,13550,0,60,Private,Some-college,Never-married,Exec-managerial,Not-in-family,White,Male,United-States,>50K
38,165302,10,0,0,40,Private,Some-college,Divorced,Adm-clerical,Unmarried,Other,Female,United-States,<=50K
40,138634,9,0,0,40,Local-gov,HS-grad,Married-civ-spouse,Exec-managerial,Husband,White,Male,United-States,<=50K
54,163894,10,0,0,40,Private,Some-college,Married-civ-spouse,Handlers-cleaners,Husband,Black,Male,United-States,<=50K
36,183902,13,0,0,4,Private,Bachelors,Married-civ-spouse,Prof-specialty,Wife,White,Female,United-States,>50K
59,96459,4,0,0,40,Self-emp-not-inc,7th-8th,Married-civ-spouse,Craft-repair,Husband,White,Male,United-States,<=50K
36,147258,11,0,0,60,Self-emp-not-inc,Assoc-voc,Married-civ-spouse,Farming-fishing,Husband,White,Male,United-States,>50K
55,175942,16,0,1977,55,Private,Doctorate,Married-civ-spouse,Prof-specialty,Husband,White,Male,MISSING,>50K
22,58916,10,0,0,30,Private,Some-college,Never-married,Adm-clerical,Not-in-family,White,Female,United-States,<=50K
35,328301,12,0,0,40,Private,Assoc-acdm,Married-AF-spouse,Adm-clerical,Wife,White,Female,United-States,<=50K
33,183845,9,0,0,38,Private,HS-grad,Married-civ-spouse,Other-service,Wife,White,Female,El-Salvador,<=50K
46,168195,15,0,1902,45,Self-emp-not-inc,Prof-school,Married-civ-spouse,Prof-specialty,Husband,White,Male,United-States,>50K
27,97165,10,0,0,40,Private,Some-college,Never-married,Machine-op-inspct,Other-relative,White,Female,United-States,<=50K
53,150980,10,3137,0,40,Private,Some-college,Married-civ-spouse,Machine-op-inspct,Husband,White,Male,United-States,<=50K
53,68684,9,0,0,40,Private,HS-grad,Married-civ-spouse,Transport-moving,Husband,White,Male,United-States,<=50K
40,196029,9,0,0,45,Private,HS-grad,Divorced,Transport-moving,Unmarried,White,Male,United-States,<=50K
37,151764,10,0,0,50,Private,Some-college,Married-civ-spouse,Exec-managerial,Husband,White,Male,United-States,<=50K
41,142579,13,0,0,50,Private,Bachelors,Widowed,Sales,Unmarried,Black,Male,United-States,<=50K
42,356934,14,0,0,40,Private,Masters,Married-civ-spouse,Exec-managerial,Husband,White,Male,United-States,>50K
51,122159,10,3325,0,40,Private,Some-college,Widowed,Prof-specialty,Not-in-family,White,Female,United-States,<=50K
25,295289,9,0,0,40,Local-gov,HS-grad,Never-married,Prof-specialty,Own-child,Black,Female,United-States,<=50K
35,273558,10,0,0,30,MISSING,Some-college,Never-married,MISSING,Not-in-family,Black,Male,United-States,<=50K
59,50223,9,0,0,40,Private,HS-grad,Married-civ-spouse,Craft-repair,Husband,White,Male,United-States,<=50K
47,187581,11,0,0,48,State-gov,Assoc-voc,Married-civ-spouse,Tech-support,Husband,White,Male,United-States,>50K
29,299705,10,0,0,37,Private,Some-college,Never-married,Handlers-cleaners,Unmarried,Black,Male,United-States,<=50K
26,381618,5,0,0,45,Private,9th,Married-civ-spouse,Craft-repair,Husband,White,Male,United-States,<=50K
72,183616,9,0,0,50,Private,HS-grad,Married-civ-spouse,Exec-managerial,Wife,White,Female,England,<=50K
48,224474,10,0,0,40,State-gov,Some-college,Divorced,Exec-managerial,Not-in-family,White,Female,United-States,<=50K
20,238685,7,0,0,40,MISSING,11th,Divorced,MISSING,Not-in-family,White,Female,United-States,<=50K
28,67386,9,0,0,40,Private,HS-grad,Never-married,Other-service,Unmarried,White,Female,United-States,<=50K
35,180137,10,0,0,60,Private,Some-college,Divorced,Exec-managerial,Unmarried,White,Male,United-States,<=50K
30,340917,10,0,0,40,Private,Some-college,Married-civ-spouse,Machine-op-inspct,Husband,White,Male,United-States,<=50K
29,183285,10,0,0,36,State-gov,Some-college,Never-married,Protective-serv,Not-in-family,White,Male,United-States,<=50K
28,381789,13,0,0,50,Federal-gov,Bachelors,Never-married,Prof-specialty,Not-in-family,White,Male,United-States,<=50K
57,180779,13,7298,0,40,Private,Bachelors,Married-civ-spouse,Prof-specialty,Husband,White,Male,United-States,>50K
24,180060,14,6849,0,90,Private,Masters,Never-married,Exec-managerial,Own-child,White,Male,United-States,<=50K
70,207938,10,0,0,5,Self-emp-inc,Some-college,Never-married,Exec-managerial,Not-in-family,White,Male,United-States,<=50K
31,156493,9,0,0,40,Private,HS-grad,Never-married,Prof-specialty,Own-child,White,Male,United-States,<=50K
33,191335,12,0,1902,50,Private,Assoc-acdm,Married-civ-spouse,Craft-repair,Husband,White,Male,United-States,>50K
44,29115,10,0,0,40,Private,Some-college,Never-married,Other-service,Not-in-family,White,Female,United-States,<=50K
51,420917,13,0,0,45,Local-gov,Bachelors,Married-civ-spouse,Prof-specialty,Husband,White,Male,United-States,<=50K
27,111900,10,0,0,40,Private,Some-college,Never-married,Prof-specialty,Not-in-family,White,Male,United-States,<=50K
46,114797,9,0,0,36,Private,HS-grad,Married-civ-spouse,Machine-op-inspct,Wife,Black,Female,United-States,<=50K
33,145434,7,0,0,40,Private,11th,Never-married,Craft-repair,Own-child,White,Male,United-States,<=50K
47,131002,13,0,0,50,Private,Bachelors,Married-civ-spouse,Prof-specialty,Husband,White,Male,United-States,>50K
49,208978,9,0,0,16,Private,HS-grad,Divorced,Adm-clerical,Unmarried,White,Female,United-States,<=50K
30,218640,10,0,0,40,State-gov,Some-college,Married-civ-spouse,Prof-specialty,Wife,Black,Female,United-States,>50K
28,308995,10,0,0,40,Private,Some-college,Never-married,Adm-clerical,Own-child,Black,Female,Jamaica,<=50K
19,456572,9,0,0,35,Private,HS-grad,Never-married,Farming-fishing,Other-relative,White,Male,United-States,<=50K
30,103642,7,0,0,40,Private,11th,Married-civ-spouse,Craft-repair,Husband,White,Male,United-States,<=50K
17,166290,5,0,0,20,Private,9th,Never-married,Other-service,Own-child,White,Female,United-States,<=50K
26,201481,13,0,0,40,Private,Bachelors,Never-married,Exec-managerial,Not-in-family,White,Female,United-States,<=50K
60,165827,16,7688,0,60,State-gov,Doctorate,Married-civ-spouse,Prof-specialty,Husband,White,Male,United-States,>50K
30,287908,9,0,0,40,Private,HS-grad,Married-civ-spouse,Machine-op-inspct,Husband,Black,Male,United-States,<=50K
47,84735,14,0,0,20,Self-emp-not-inc,Masters,Married-civ-spouse,Prof-specialty,Wife,White,Female,United-States,>50K
18,211177,8,0,0,20,MISSING,12th,Never-married,MISSING,Other-relative,Black,Male,United-States,<=50K
64,244903,7,0,0,40,Local-gov,11th,Married-civ-spouse,Craft-repair,Husband,Black,Male,United-States,>50K
34,181091,9,7688,0,40,Private,HS-grad,Married-civ-spouse,Craft-repair,Husband,White,Male,United-States,>50K
22,204160,9,0,0,40,Private,HS-grad,Divorced,Machine-op-inspct,Own-child,White,Female,United-States,<=50K
41,144460,10,0,0,40,Private,Some-college,Divorced,Machine-op-inspct,Own-child,White,Male,Italy,<=50K
46,254291,10,0,0,60,Self-emp-not-inc,Some-college,Married-civ-spouse,Sales,Husband,White,Male,United-States,>50K
17,205726,7,0,0,15,Private,11th,Never-married,Sales,Own-child,White,Female,United-States,<=50K
43,182437,13,0,0,45,Private,Bachelors,Never-married,Prof-specialty,Not-in-family,White,Male,United-States,>50K
50,202044,13,0,0,45,Private,Bachelors,Divorced,Prof-specialty,Unmarried,White,Female,United-States,<=50K
46,138999,10,0,0,40,Private,Some-college,Married-civ-spouse,Machine-op-inspct,Husband,White,Male,United-States,<=50K
32,118457,13,0,0,55,Local-gov,Bachelors,Never-married,Prof-specialty,Not-in-family,White,Male,United-States,<=50K
39,176296,12,0,0,60,Private,Assoc-acdm,Married-civ-spouse,Protective-serv,Husband,Black,Male,United-States,<=50K
47,118447,13,0,0,60,State-gov,Bachelors,Married-civ-spouse,Prof-specialty,Husband,White,Male,United-States,>50K
46,308334,2,0,0,30,Private,1st-4th,Widowed,Other-service,Unmarried,Other,Female,Mexico,<=50K
51,64643,9,0,0,60,Private,HS-grad,Never-married,Farming-fishing,Not-in-family,White,Male,MISSING,<=50K
29,202182,10,0,0,50,Private,Some-college,Married-civ-spouse,Craft-repair,Husband,White,Male,United-States,<=50K
31,176969,13,0,0,55,Private,Bachelors,Never-married,Exec-managerial,Not-in-family,White,Male,United-States,<=50K
34,305619,9,0,0,40,Private,HS-grad,Married-civ-spouse,Craft-repair,Husband,White,Male,United-States,>50K
60,31577,11,0,0,40,Private,Assoc-voc,Married-civ-spouse,Tech-support,Husband,White,Male,United-States,<=50K
20,54152,10,0,0,30,Private,Some-college,Never-married,Adm-clerical,Own-child,White,Female,MISSING,<=50K
46,160474,9,0,1590,43,Private,HS-grad,Divorced,Adm-clerical,Unmarried,White,Female,United-States,<=50K
26,104045,9,0,0,30,Private,HS-grad,Never-married,Other-service,Own-child,White,Female,United-States,<=50K
74,161387,9,0,0,16,Private,HS-grad,Divorced,Handlers-cleaners,Not-in-family,White,Female,United-States,<=50K
59,138370,6,0,0,40,Private,10th,Married-spouse-absent,Protective-serv,Not-in-family,Asian-Pac-Islander,Male,India,<=50K
34,114973,9,0,0,30,Private,HS-grad,Separated,Exec-managerial,Unmarried,White,Female,United-States,<=50K
41,252986,14,0,0,40,Self-emp-not-inc,Masters,Married-civ-spouse,Prof-specialty,Husband,White,Male,United-States,>50K
68,186943,9,0,0,8,Private,HS-grad,Married-civ-spouse,Craft-repair,Husband,White,Male,United-States,<=50K
47,74305,13,0,0,40,Private,Bachelors,Divorced,Craft-repair,Not-in-family,White,Male,United-States,<=50K
48,47343,14,0,0,40,Private,Masters,Married-civ-spouse,Prof-specialty,Husband,White,Male,United-States,>50K
67,233182,9,0,0,7,MISSING,HS-grad,Divorced,MISSING,Not-in-family,White,Female,United-States,<=50K
32,90705,9,0,0,60,Private,HS-grad,Married-civ-spouse,Transport-moving,Husband,White,Male,United-States,>50K
70,26990,9,0,0,60,MISSING,HS-grad,Married-civ-spouse,MISSING,Husband,White,Male,United-States,<=50K
72,172407,15,99999,0,50,Self-emp-inc,Prof-school,Married-civ-spouse,Prof-specialty,Husband,White,Male,United-States,>50K
61,144723,14,7298,0,60,Local-gov,Masters,Married-civ-spouse,Exec-managerial,Husband,White,Male,United-States,>50K
50,196193,14,0,0,60,Private,Masters,Married-spouse-absent,Prof-specialty,Other-relative,White,Male,MISSING,<=50K
64,142166,13,0,0,45,Self-emp-inc,Bachelors,Divorced,Sales,Not-in-family,White,Male,United-States,<=50K
25,66622,10,0,0,25,Private,Some-college,Never-married,Other-service,Own-child,White,Female,United-States,<=50K
23,373628,13,0,0,20,Private,Bachelors,Never-married,Other-service,Own-child,White,Female,United-States,<=50K
18,120781,6,0,0,20,Private,10th,Never-married,Other-service,Own-child,White,Male,United-States,<=50K
41,111891,9,0,0,40,Private,HS-grad,Separated,Machine-op-inspct,Other-relative,Black,Female,United-States,<=50K
60,186446,4,0,0,40,Private,7th-8th,Married-civ-spouse,Machine-op-inspct,Wife,White,Female,United-States,<=50K
32,87310,9,0,0,41,Local-gov,HS-grad,Married-civ-spouse,Other-service,Husband,White,Male,United-States,<=50K
51,111283,9,99999,0,35,Self-emp-not-inc,HS-grad,Divorced,Exec-managerial,Not-in-family,White,Female,United-States,>50K
36,108320,14,5455,0,30,State-gov,Masters,Divorced,Prof-specialty,Unmarried,White,Male,United-States,<=50K
32,420895,9,0,0,40,Private,HS-grad,Married-civ-spouse,Transport-moving,Husband,White,Male,United-States,<=50K
23,197200,13,0,0,60,Private,Bachelors,Never-married,Prof-specialty,Own-child,White,Male,United-States,<=50K
23,283806,5,0,0,35,MISSING,9th,Divorced,MISSING,Not-in-family,White,Female,United-States,<=50K
39,235485,12,0,0,42,Federal-gov,Assoc-acdm,Never-married,Exec-managerial,Not-in-family,White,Male,United-States,<=50K
51,193720,9,0,0,56,State-gov,HS-grad,Married-civ-spouse,Craft-repair,Husband,White,Male,United-States,>50K
29,301031,9,0,0,40,Private,HS-grad,Married-civ-spouse,Transport-moving,Husband,Black,Male,United-States,<=50K
24,427686,2,0,0,40,Private,1st-4th,Married-civ-spouse,Handlers-cleaners,Other-relative,White,Male,Mexico,<=50K
39,183092,16,0,0,40,State-gov,Doctorate,Divorced,Prof-specialty,Not-in-family,White,Female,United-States,>50K
46,389843,13,0,0,50,Private,Bachelors,Married-civ-spouse,Sales,Husband,White,Male,Germany,>50K
37,178948,13,7688,0,45,Private,Bachelors,Married-civ-spouse,Exec-managerial,Wife,White,Female,United-States,>50K
22,334593,10,0,0,40,MISSING,Some-college,Never-married,MISSING,Not-in-family,White,Male,United-States,<=50K
61,199198,4,0,0,21,Private,7th-8th,Widowed,Other-service,Not-in-family,Black,Female,United-States,<=50K
57,308861,10,0,0,40,Private,Some-college,Separated,Sales,Not-in-family,White,Female,United-States,<=50K
27,145284,9,0,0,40,Private,HS-grad,Married-civ-spouse,Farming-fishing,Husband,White,Male,United-States,<=50K
31,257863,10,0,0,15,Private,Some-college,Divorced,Other-service,Not-in-family,White,Female,United-States,<=50K
55,308746,15,0,0,55,Self-emp-not-inc,Prof-school,Widowed,Prof-specialty,Not-in-family,White,Male,United-States,>50K
23,257621,13,0,0,45,Private,Bachelors,Never-married,Sales,Not-in-family,White,Female,United-States,<=50K
26,431861,6,0,0,40,MISSING,10th,Separated,MISSING,Not-in-family,White,Male,United-States,<=50K
33,91811,9,0,0,40,Private,HS-grad,Separated,Transport-moving,Not-in-family,White,Male,United-States,<=50K
33,204494,10,0,0,56,Private,Some-college,Married-civ-spouse,Exec-managerial,Husband,White,Male,United-States,>50K
45,229967,9,13550,0,50,Private,HS-grad,Divorced,Exec-managerial,Not-in-family,White,Male,United-States,>50K
44,124692,9,0,1902,40,Self-emp-not-inc,HS-grad,Married-civ-spouse,Prof-specialty,Husband,White,Male,United-States,>50K
48,247685,10,3325,0,40,Private,Some-college,Divorced,Craft-repair,Not-in-family,White,Male,United-States,<=50K
19,306467,10,0,0,20,Private,Some-college,Never-married,Other-service,Own-child,White,Female,United-States,<=50K
44,52028,2,0,0,40,Private,1st-4th,Married-civ-spouse,Other-service,Wife,Asian-Pac-Islander,Female,Vietnam,<=50K
46,208067,9,0,0,40,Private,HS-grad,Divorced,Craft-repair,Other-relative,White,Male,United-States,<=50K
50,177487,9,0,0,40,Private,HS-grad,Married-civ-spouse,Craft-repair,Husband,White,Male,United-States,<=50K
19,250818,10,0,0,40,Private,Some-college,Never-married,Adm-clerical,Not-in-family,White,Male,United-States,<=50K
18,53109,7,0,0,20,Private,11th,Never-married,Other-service,Own-child,Amer-Indian-Eskimo,Male,United-States,<=50K
47,126754,14,0,0,40,Local-gov,Masters,Married-civ-spouse,Prof-specialty,Husband,White,Male,United-States,>50K
27,134566,9,0,0,40,Private,HS-grad,Never-married,Adm-clerical,Not-in-family,White,Male,United-States,<=50K
21,399022,9,0,0,24,Private,HS-grad,Never-married,Farming-fishing,Own-child,White,Male,United-States,<=50K
24,34506,9,0,0,40,Private,HS-grad,Never-married,Machine-op-inspct,Unmarried,White,Female,United-States,<=50K
62,123411,4,0,0,53,Private,7th-8th,Married-civ-spouse,Transport-moving,Husband,White,Male,United-States,<=50K
30,313038,9,0,0,40,Private,HS-grad,Never-married,Craft-repair,Not-in-family,White,Male,United-States,<=50K
51,86332,11,4064,0,55,Private,Assoc-voc,Married-civ-spouse,Other-service,Husband,White,Male,United-States,<=50K
53,375134,10,0,0,60,Private,Some-college,Married-civ-spouse,Sales,Husband,White,Male,United-States,>50K
36,66304,13,0,0,55,Private,Bachelors,Married-civ-spouse,Exec-managerial,Husband,White,Male,United-States,>50K
19,308064,9,0,0,40,MISSING,HS-grad,Never-married,MISSING,Not-in-family,Black,Female,United-States,<=50K
48,246392,12,0,0,40,Local-gov,Assoc-acdm,Separated,Adm-clerical,Not-in-family,Black,Female,United-States,<=50K
19,118352,10,0,0,16,Private,Some-college,Never-married,Other-service,Own-child,White,Female,United-States,<=50K
42,85995,9,0,0,50,Private,HS-grad,Married-civ-spouse,Transport-moving,Husband,White,Male,United-States,<=50K
43,110556,9,0,0,40,Private,HS-grad,Separated,Exec-managerial,Unmarried,Black,Female,United-States,<=50K
30,252752,13,0,0,40,Private,Bachelors,Married-civ-spouse,Prof-specialty,Wife,White,Female,United-States,<=50K
22,335453,9,0,0,60,Private,HS-grad,Never-married,Adm-clerical,Not-in-family,White,Female,United-States,<=50K
35,89622,10,0,0,50,Self-emp-inc,Some-college,Married-civ-spouse,Sales,Husband,White,Male,United-States,>50K
35,167990,5,0,0,40,Private,9th,Married-civ-spouse,Machine-op-inspct,Husband,White,Male,Canada,<=50K
29,266855,13,0,0,40,Self-emp-not-inc,Bachelors,Separated,Prof-specialty,Own-child,White,Male,United-States,<=50K
41,215479,9,0,0,40,Private,HS-grad,Separated,Handlers-cleaners,Not-in-family,Black,Male,United-States,<=50K
24,228424,9,0,0,40,Private,HS-grad,Never-married,Handlers-cleaners,Other-relative,Black,Male,United-States,<=50K
36,337039,12,14344,0,40,Private,Assoc-acdm,Never-married,Tech-support,Not-in-family,Black,Male,England,>50K
37,148581,9,0,0,50,Private,HS-grad,Married-civ-spouse,Transport-moving,Husband,White,Male,United-States,>50K
22,113550,9,0,0,40,Private,HS-grad,Never-married,Adm-clerical,Own-child,White,Female,United-States,<=50K
26,213412,7,0,0,40,Private,11th,Married-civ-spouse,Craft-repair,Husband,White,Male,United-States,<=50K
40,137421,9,0,0,60,Private,HS-grad,Married-civ-spouse,Transport-moving,Husband,Asian-Pac-Islander,Male,Trinadad&Tobago,<=50K
34,228406,10,0,0,40,Private,Some-college,Never-married,Adm-clerical,Unmarried,Black,Female,United-States,<=50K
59,196482,9,0,0,40,Private,HS-grad,Widowed,Adm-clerical,Unmarried,White,Female,United-States,<=50K
31,260782,10,0,1579,45,Private,Some-college,Married-civ-spouse,Transport-moving,Husband,White,Male,El-Salvador,<=50K
37,154641,12,2105,0,50,Self-emp-not-inc,Assoc-acdm,Married-civ-spouse,Farming-fishing,Husband,White,Male,United-States,<=50K
18,198616,8,594,0,20,Private,12th,Never-married,Craft-repair,Own-child,White,Male,United-States,<=50K
20,215443,10,0,0,38,State-gov,Some-college,Never-married,Craft-repair,Own-child,White,Male,United-States,<=50K
40,42703,11,0,0,40,Private,Assoc-voc,Divorced,Craft-repair,Unmarried,White,Female,United-States,<=50K
57,182028,12,0,0,35,Private,Assoc-acdm,Widowed,Adm-clerical,Not-in-family,White,Female,United-States,<=50K
42,30424,7,0,0,38,Private,11th,Separated,Other-service,Unmarried,White,Female,United-States,<=50K
24,34246,13,0,0,40,Local-gov,Bachelors,Never-married,Prof-specialty,Not-in-family,Asian-Pac-Islander,Male,United-States,<=50K
49,72619,10,0,0,50,State-gov,Some-college,Divorced,Adm-clerical,Unmarried,White,Female,United-States,<=50K
26,261278,10,0,0,30,Private,Some-college,Separated,Sales,Other-relative,Black,Male,United-States,<=50K
28,78356,14,0,0,40,State-gov,Masters,Married-civ-spouse,Exec-managerial,Husband,Black,Male,Jamaica,<=50K
67,423561,10,0,0,40,State-gov,Some-college,Married-civ-spouse,Transport-moving,Husband,White,Male,United-States,<=50K
27,115831,10,0,0,40,Private,Some-college,Married-civ-spouse,Other-service,Husband,White,Male,United-States,<=50K
21,193219,9,0,0,35,Private,HS-grad,Never-married,Adm-clerical,Own-child,Black,Female,Jamaica,<=50K
55,109015,10,0,0,38,Private,Some-college,Divorced,Adm-clerical,Not-in-family,White,Female,United-States,<=50K
51,306784,9,4386,0,40,Federal-gov,HS-grad,Married-civ-spouse,Craft-repair,Husband,White,Male,United-States,>50K
17,275778,5,0,0,25,MISSING,9th,Never-married,MISSING,Own-child,White,Female,Mexico,<=50K
35,166416,13,0,0,50,Private,Bachelors,Married-civ-spouse,Exec-managerial,Husband,White,Male,United-States,>50K
41,523910,13,0,0,40,Local-gov,Bachelors,Married-civ-spouse,Craft-repair,Husband,Black,Male,United-States,<=50K
30,378009,14,0,0,50,Private,Masters,Married-civ-spouse,Exec-managerial,Husband,White,Male,United-States,>50K
36,190023,9,0,0,60,Private,HS-grad,Married-civ-spouse,Transport-moving,Husband,White,Male,United-States,>50K
24,161092,9,0,0,40,Local-gov,HS-grad,Never-married,Other-service,Own-child,White,Male,United-States,<=50K
52,61735,7,0,0,40,Private,11th,Married-civ-spouse,Other-service,Husband,White,Male,United-States,<=50K
46,280030,3,0,0,40,MISSING,5th-6th,Married-civ-spouse,MISSING,Husband,White,Male,Mexico,<=50K
33,134737,9,0,0,35,Self-emp-not-inc,HS-grad,Married-civ-spouse,Craft-repair,Husband,White,Male,United-States,<=50K
41,82778,2,0,0,40,Private,1st-4th,Married-civ-spouse,Farming-fishing,Husband,White,Male,Mexico,<=50K
31,209103,10,3464,0,45,Local-gov,Some-college,Married-civ-spouse,Protective-serv,Husband,White,Male,United-States,<=50K
37,177895,10,5013,0,40,Private,Some-college,Married-civ-spouse,Tech-support,Wife,White,Female,United-States,<=50K
31,194901,9,0,0,50,Private,HS-grad,Married-civ-spouse,Sales,Husband,White,Male,United-States,>50K
51,316059,10,0,0,36,Private,Some-college,Divorced,Exec-managerial,Not-in-family,White,Female,United-States,<=50K
37,208358,9,0,0,40,Private,HS-grad,Married-civ-spouse,Craft-repair,Husband,White,Male,United-States,>50K
45,94962,9,0,0,40,Self-emp-not-inc,HS-grad,Married-civ-spouse,Craft-repair,Husband,White,Male,England,<=50K
48,320421,9,0,0,50,Private,HS-grad,Married-civ-spouse,Sales,Husband,White,Male,United-States,<=50K
46,110171,14,15024,0,50,Private,Masters,Married-civ-spouse,Prof-specialty,Husband,White,Male,United-States,>50K
37,103323,12,0,0,40,Private,Assoc-acdm,Married-civ-spouse,Sales,Husband,White,Male,United-States,<=50K
23,98283,13,0,0,40,Private,Bachelors,Never-married,Exec-managerial,Own-child,Asian-Pac-Islander,Male,United-States,<=50K
49,411273,6,0,0,40,Private,10th,Divorced,Machine-op-inspct,Not-in-family,Black,Male,United-States,<=50K
38,292307,13,0,0,40,Private,Bachelors,Married-spouse-absent,Craft-repair,Not-in-family,Black,Male,Dominican-Republic,<=50K
52,94391,9,0,0,40,Private,HS-grad,Married-civ-spouse,Adm-clerical,Husband,White,Male,United-States,<=50K
29,181280,9,0,0,40,Private,HS-grad,Married-civ-spouse,Machine-op-inspct,Husband,White,Male,United-States,<=50K
31,44464,13,0,1564,60,Private,Bachelors,Never-married,Exec-managerial,Not-in-family,White,Female,United-States,>50K
79,97082,8,18481,0,45,Self-emp-inc,12th,Widowed,Sales,Not-in-family,White,Male,United-States,>50K
21,170456,12,0,0,15,Private,Assoc-acdm,Never-married,Handlers-cleaners,Own-child,White,Male,United-States,<=50K
30,141297,13,0,0,40,State-gov,Bachelors,Married-civ-spouse,Prof-specialty,Husband,Asian-Pac-Islander,Male,India,>50K
52,31533,9,0,0,40,Private,HS-grad,Divorced,Other-service,Not-in-family,White,Male,United-States,<=50K
39,202937,10,0,0,40,Private,Some-college,Divorced,Tech-support,Not-in-family,White,Female,Poland,<=50K
27,150296,9,0,0,32,Private,HS-grad,Never-married,Other-service,Own-child,White,Female,United-States,<=50K
39,191524,9,0,0,40,Private,HS-grad,Divorced,Adm-clerical,Unmarried,White,Female,United-States,<=50K
25,120238,10,2885,0,43,Private,Some-college,Married-civ-spouse,Sales,Husband,White,Male,United-States,<=50K
55,308118,13,0,0,40,Private,Bachelors,Widowed,Machine-op-inspct,Unmarried,White,Female,MISSING,<=50K
29,283760,13,0,0,40,Private,Bachelors,Never-married,Exec-managerial,Not-in-family,White,Female,United-States,<=50K
24,211129,13,0,0,35,Private,Bachelors,Never-married,Sales,Own-child,White,Female,United-States,<=50K
33,101352,15,0,0,50,Private,Prof-school,Never-married,Prof-specialty,Not-in-family,White,Female,United-States,>50K
41,95708,14,0,0,45,Self-emp-not-inc,Masters,Never-married,Exec-managerial,Not-in-family,Asian-Pac-Islander,Male,United-States,>50K
28,214858,9,0,0,40,Private,HS-grad,Married-civ-spouse,Transport-moving,Husband,White,Male,United-States,<=50K
45,246891,13,0,1902,40,Private,Bachelors,Married-civ-spouse,Sales,Husband,White,Male,United-States,>50K
26,89389,10,0,0,40,Private,Some-college,Divorced,Prof-specialty,Not-in-family,White,Female,United-States,<=50K
24,165054,11,0,0,40,Private,Assoc-voc,Married-civ-spouse,Craft-repair,Husband,White,Male,United-States,<=50K
17,406920,6,0,0,40,MISSING,10th,Never-married,MISSING,Own-child,White,Male,United-States,<=50K
18,77845,10,0,1602,15,Private,Some-college,Never-married,Adm-clerical,Own-child,White,Male,United-States,<=50K
27,122660,13,0,0,40,State-gov,Bachelors,Never-married,Prof-specialty,Own-child,Black,Female,United-States,<=50K
19,194260,10,0,0,20,Private,Some-college,Never-married,Sales,Own-child,White,Female,United-States,<=50K
66,129476,13,0,0,6,MISSING,Bachelors,Married-civ-spouse,MISSING,Husband,White,Male,United-States,<=50K
38,193026,10,0,0,40,Private,Some-college,Divorced,Craft-repair,Not-in-family,White,Male,Iran,<=50K
31,87950,11,0,0,40,Private,Assoc-voc,Divorced,Sales,Not-in-family,Amer-Indian-Eskimo,Female,United-States,<=50K
31,210562,9,0,0,65,Private,HS-grad,Married-civ-spouse,Transport-moving,Husband,White,Male,United-States,<=50K
51,138514,11,0,0,48,Private,Assoc-voc,Divorced,Tech-support,Unmarried,Black,Female,United-States,<=50K
19,25429,10,0,0,25,Private,Some-college,Never-married,Sales,Not-in-family,White,Female,United-States,<=50K
84,188328,9,0,0,16,Private,HS-grad,Widowed,Prof-specialty,Not-in-family,White,Female,United-States,<=50K
24,276851,9,0,1762,40,Private,HS-grad,Divorced,Protective-serv,Own-child,White,Female,United-States,<=50K
55,253062,10,0,0,40,Local-gov,Some-college,Married-civ-spouse,Prof-specialty,Husband,White,Male,United-States,>50K
34,177437,10,15024,0,45,Private,Some-college,Married-civ-spouse,Craft-repair,Husband,White,Male,United-States,>50K
30,68330,10,0,0,50,Self-emp-inc,Some-college,Married-civ-spouse,Sales,Husband,White,Male,United-States,<=50K
25,159909,11,0,0,40,Self-emp-not-inc,Assoc-voc,Married-civ-spouse,Farming-fishing,Husband,White,Male,United-States,<=50K
32,248584,9,0,0,40,Private,HS-grad,Never-married,Farming-fishing,Own-child,White,Male,United-States,<=50K
24,454941,9,0,0,40,Private,HS-grad,Married-civ-spouse,Craft-repair,Husband,White,Male,United-States,<=50K
40,89413,9,0,1672,40,Self-emp-not-inc,HS-grad,Married-civ-spouse,Craft-repair,Husband,White,Male,United-States,<=50K
24,145111,9,0,0,45,Private,HS-grad,Never-married,Machine-op-inspct,Not-in-family,White,Male,United-States,<=50K
43,172401,9,0,0,40,Private,HS-grad,Married-civ-spouse,Sales,Husband,White,Male,United-States,>50K
55,201112,9,0,0,40,Private,HS-grad,Divorced,Prof-specialty,Unmarried,Black,Female,United-States,<=50K
45,174426,9,0,0,40,Private,HS-grad,Married-civ-spouse,Craft-repair,Husband,White,Male,United-States,<=50K
46,104632,9,0,0,40,Private,HS-grad,Married-civ-spouse,Machine-op-inspct,Husband,Asian-Pac-Islander,Male,Cambodia,>50K
29,177413,9,0,0,40,Private,HS-grad,Married-civ-spouse,Machine-op-inspct,Husband,White,Male,United-States,>50K
36,408229,13,0,0,32,Private,Bachelors,Never-married,Prof-specialty,Not-in-family,White,Female,United-States,<=50K
53,72257,10,0,0,55,Private,Some-college,Married-civ-spouse,Exec-managerial,Husband,White,Male,United-States,<=50K
63,179981,9,0,0,4,MISSING,HS-grad,Married-civ-spouse,MISSING,Husband,White,Male,United-States,<=50K
25,123083,13,0,0,40,Private,Bachelors,Never-married,Prof-specialty,Not-in-family,White,Female,United-States,<=50K
39,297449,13,0,0,40,Private,Bachelors,Married-civ-spouse,Prof-specialty,Husband,White,Male,United-States,>50K
41,344624,10,0,1485,40,Local-gov,Some-college,Married-civ-spouse,Other-service,Husband,White,Male,United-States,>50K
51,138179,9,0,1876,40,Private,HS-grad,Separated,Machine-op-inspct,Not-in-family,White,Male,United-States,<=50K
74,169303,9,6767,0,6,MISSING,HS-grad,Married-civ-spouse,MISSING,Husband,White,Male,United-States,<=50K
51,340588,2,0,0,54,Private,1st-4th,Married-civ-spouse,Other-service,Husband,White,Male,Mexico,<=50K
35,81259,13,0,0,43,Private,Bachelors,Never-married,Adm-clerical,Not-in-family,White,Female,United-States,<=50K
33,99339,12,0,880,40,Private,Assoc-acdm,Divorced,Adm-clerical,Not-in-family,White,Female,United-States,<=50K
50,198681,10,0,0,70,Private,Some-college,Married-civ-spouse,Transport-moving,Husband,White,Male,United-States,>50K
51,203435,10,0,0,40,Private,Some-college,Divorced,Sales,Unmarried,White,Female,Italy,<=50K
42,193494,9,0,0,40,Private,HS-grad,Married-civ-spouse,Machine-op-inspct,Husband,White,Male,United-States,>50K
29,157612,13,14344,0,40,Private,Bachelors,Never-married,Prof-specialty,Not-in-family,White,Female,United-States,>50K
17,158762,6,0,0,20,MISSING,10th,Never-married,MISSING,Own-child,White,Female,United-States,<=50K
43,35662,16,0,0,70,Self-emp-inc,Doctorate,Married-civ-spouse,Prof-specialty,Wife,White,Female,United-States,>50K
57,143910,13,0,0,40,Local-gov,Bachelors,Divorced,Exec-managerial,Not-in-family,White,Male,United-States,<=50K
59,70720,13,0,0,55,Private,Bachelors,Divorced,Sales,Not-in-family,White,Male,United-States,>50K
41,320984,15,99999,0,65,Private,Prof-school,Married-civ-spouse,Prof-specialty,Husband,White,Male,United-States,>50K
40,175304,10,0,0,40,State-gov,Some-college,Divorced,Sales,Not-in-family,White,Female,United-States,<=50K
20,212668,10,0,0,30,Private,Some-college,Never-married,Sales,Own-child,White,Female,United-States,<=50K
36,47570,14,0,0,40,State-gov,Masters,Never-married,Prof-specialty,Not-in-family,White,Female,United-States,<=50K
39,230329,13,0,0,40,Private,Bachelors,Married-civ-spouse,Sales,Husband,White,Male,Canada,>50K
27,165412,9,0,0,40,Private,HS-grad,Married-civ-spouse,Craft-repair,Husband,White,Male,United-States,<=50K
34,141058,10,0,0,62,Private,Some-college,Married-civ-spouse,Other-service,Husband,White,Male,Mexico,<=50K
25,190107,13,0,0,40,Private,Bachelors,Never-married,Craft-repair,Own-child,White,Male,United-States,<=50K
66,127921,9,2050,0,55,Private,HS-grad,Never-married,Transport-moving,Not-in-family,White,Male,United-States,<=50K
25,172581,13,0,0,40,Private,Bachelors,Never-married,Prof-specialty,Not-in-family,White,Female,United-States,<=50K
19,187570,9,0,0,20,Private,HS-grad,Never-married,Craft-repair,Own-child,White,Male,United-States,<=50K
37,349689,9,0,0,40,Private,HS-grad,Divorced,Adm-clerical,Unmarried,White,Female,United-States,<=50K
39,318416,6,0,0,12,Private,10th,Separated,Other-service,Own-child,Black,Female,United-States,<=50K
32,209317,9,0,0,40,Private,HS-grad,Separated,Exec-managerial,Not-in-family,White,Male,MISSING,<=50K
22,74631,10,0,0,13,Private,Some-college,Never-married,Handlers-cleaners,Own-child,White,Female,United-States,<=50K
33,125762,9,0,0,44,Private,HS-grad,Married-civ-spouse,Sales,Husband,White,Male,United-States,>50K
38,809585,13,0,0,40,Private,Bachelors,Married-civ-spouse,Sales,Husband,White,Male,United-States,>50K
50,92079,10,0,0,45,Private,Some-college,Married-civ-spouse,Tech-support,Husband,White,Male,United-States,>50K
59,122283,15,99999,0,40,Private,Prof-school,Married-civ-spouse,Prof-specialty,Husband,Asian-Pac-Islander,Male,India,>50K
61,115023,10,0,0,40,Private,Some-college,Married-civ-spouse,Adm-clerical,Husband,White,Male,United-States,>50K
26,189590,13,0,0,40,Private,Bachelors,Never-married,Exec-managerial,Not-in-family,White,Male,United-States,<=50K
67,166187,9,0,0,38,Private,HS-grad,Widowed,Exec-managerial,Unmarried,White,Male,United-States,>50K
39,543042,9,5178,0,50,Self-emp-inc,HS-grad,Married-civ-spouse,Craft-repair,Husband,White,Male,United-States,>50K
26,164737,10,0,0,40,Private,Some-college,Never-married,Sales,Not-in-family,White,Female,United-States,<=50K
57,195835,9,0,0,40,Self-emp-inc,HS-grad,Married-civ-spouse,Exec-managerial,Husband,White,Male,United-States,<=50K
24,258298,11,0,0,45,Private,Assoc-voc,Never-married,Tech-support,Not-in-family,White,Male,United-States,<=50K
31,103435,9,0,0,50,Self-emp-inc,HS-grad,Married-civ-spouse,Exec-managerial,Husband,White,Male,United-States,<=50K
66,213149,10,0,1825,40,MISSING,Some-college,Married-civ-spouse,MISSING,Husband,White,Male,United-States,>50K
39,99357,14,1506,0,40,Private,Masters,Divorced,Prof-specialty,Own-child,White,Female,United-States,<=50K
69,41419,4,0,0,20,Private,7th-8th,Married-civ-spouse,Other-service,Husband,White,Male,United-States,<=50K
64,46087,13,0,0,50,Private,Bachelors,Divorced,Exec-managerial,Not-in-family,White,Female,United-States,<=50K
42,369781,4,0,0,25,Self-emp-inc,7th-8th,Divorced,Craft-repair,Unmarried,White,Male,United-States,<=50K
37,22463,11,0,1977,40,Private,Assoc-voc,Married-civ-spouse,Craft-repair,Husband,White,Male,United-States,>50K
53,142717,13,0,0,40,Private,Bachelors,Divorced,Adm-clerical,Unmarried,White,Female,United-States,<=50K
42,1097453,13,0,0,60,Self-emp-inc,Bachelors,Married-civ-spouse,Sales,Husband,White,Male,United-States,>50K
28,274964,9,0,0,38,Private,HS-grad,Married-civ-spouse,Craft-repair,Husband,White,Male,United-States,<=50K
23,55465,10,0,0,40,Federal-gov,Some-college,Never-married,Handlers-cleaners,Not-in-family,White,Male,United-States,<=50K
46,325573,9,0,0,40,Federal-gov,HS-grad,Never-married,Handlers-cleaners,Not-in-family,White,Male,United-States,<=50K
78,59583,4,0,0,25,Self-emp-not-inc,7th-8th,Married-civ-spouse,Farming-fishing,Husband,White,Male,United-States,<=50K
48,34186,9,0,0,70,Private,HS-grad,Married-civ-spouse,Farming-fishing,Husband,White,Male,United-States,<=50K
59,349910,12,0,0,40,Self-emp-inc,Assoc-acdm,Married-civ-spouse,Craft-repair,Husband,White,Male,United-States,<=50K
65,208452,10,0,0,35,Self-emp-inc,Some-college,Married-civ-spouse,Sales,Husband,White,Male,United-States,>50K
48,158924,9,0,0,40,Private,HS-grad,Married-civ-spouse,Adm-clerical,Wife,White,Female,United-States,>50K
45,125489,14,0,0,50,Private,Masters,Divorced,Prof-specialty,Unmarried,White,Female,United-States,<=50K
44,165346,14,0,0,40,Private,Masters,Married-civ-spouse,Exec-managerial,Husband,White,Male,United-States,>50K
38,168055,11,0,0,40,Private,Assoc-voc,Married-civ-spouse,Other-service,Husband,White,Male,United-States,<=50K
22,99199,10,0,0,20,Private,Some-college,Never-married,Handlers-cleaners,Own-child,White,Male,United-States,<=50K
66,33619,9,0,0,4,Private,HS-grad,Married-civ-spouse,Other-service,Husband,Black,Male,United-States,<=50K
44,31251,4,0,0,40,Local-gov,7th-8th,Divorced,Handlers-cleaners,Not-in-family,White,Male,United-States,<=50K
38,166988,13,0,0,40,Private,Bachelors,Never-married,Adm-clerical,Own-child,White,Female,United-States,<=50K
29,168015,9,0,0,40,Private,HS-grad,Divorced,Machine-op-inspct,Unmarried,White,Female,United-States,<=50K
56,105363,13,4508,0,40,Private,Bachelors,Married-civ-spouse,Exec-managerial,Husband,White,Male,United-States,<=50K
47,98726,13,0,0,40,Federal-gov,Bachelors,Married-spouse-absent,Exec-managerial,Not-in-family,White,Female,United-States,<=50K
34,29254,10,0,0,55,Self-emp-not-inc,Some-college,Married-civ-spouse,Craft-repair,Husband,White,Male,United-States,>50K
50,215990,9,0,0,40,Private,HS-grad,Married-civ-spouse,Craft-repair,Husband,White,Male,United-States,>50K
33,135312,13,0,0,40,Private,Bachelors,Never-married,Prof-specialty,Not-in-family,White,Male,United-States,>50K
76,124191,14,0,0,40,Private,Masters,Married-civ-spouse,Exec-managerial,Husband,White,Male,United-States,>50K
56,192325,10,0,0,20,MISSING,Some-college,Divorced,MISSING,Not-in-family,White,Female,United-States,<=50K
23,166527,10,0,0,40,Private,Some-college,Never-married,Exec-managerial,Own-child,Other,Female,United-States,<=50K
46,213140,13,0,0,40,Private,Bachelors,Married-civ-spouse,Prof-specialty,Husband,White,Male,MISSING,>50K
22,318915,9,0,0,40,Private,HS-grad,Never-married,Other-service,Unmarried,White,Female,United-States,<=50K
28,30070,13,0,0,50,Private,Bachelors,Married-civ-spouse,Sales,Husband,White,Male,United-States,<=50K
75,314209,11,0,0,20,Private,Assoc-voc,Widowed,Adm-clerical,Not-in-family,White,Female,Columbia,<=50K
22,189203,12,0,0,15,MISSING,Assoc-acdm,Never-married,MISSING,Other-relative,White,Male,United-States,<=50K
36,193026,13,0,0,40,Private,Bachelors,Married-civ-spouse,Sales,Husband,White,Male,United-States,>50K
18,240330,8,0,0,18,Private,12th,Never-married,Other-service,Own-child,White,Male,United-States,<=50K
33,208180,13,0,0,40,Private,Bachelors,Never-married,Sales,Not-in-family,White,Female,United-States,<=50K
21,377931,10,0,2377,48,Private,Some-college,Married-civ-spouse,Exec-managerial,Husband,White,Male,United-States,<=50K
46,364913,7,0,0,40,Private,11th,Married-civ-spouse,Transport-moving,Husband,Black,Male,United-States,<=50K
44,38434,14,0,0,40,Federal-gov,Masters,Never-married,Prof-specialty,Not-in-family,White,Female,United-States,<=50K
44,162184,10,0,0,40,Private,Some-college,Separated,Adm-clerical,Unmarried,White,Female,United-States,<=50K
41,211731,10,0,0,40,Private,Some-college,Never-married,Adm-clerical,Not-in-family,White,Female,Mexico,<=50K
29,208406,9,0,0,35,MISSING,HS-grad,Never-married,MISSING,Not-in-family,White,Male,United-States,<=50K
23,87528,13,0,0,45,Private,Bachelors,Never-married,Sales,Not-in-family,White,Female,United-States,<=50K
20,39927,9,0,0,8,Private,HS-grad,Never-married,Other-service,Not-in-family,White,Male,United-States,<=50K
45,190482,9,0,0,40,Private,HS-grad,Divorced,Machine-op-inspct,Unmarried,White,Male,United-States,<=50K
36,160035,9,3908,0,55,Private,HS-grad,Married-civ-spouse,Craft-repair,Husband,White,Male,United-States,<=50K
25,135603,9,0,0,40,Private,HS-grad,Married-civ-spouse,Transport-moving,Husband,White,Male,United-States,>50K
51,88120,9,0,0,40,Local-gov,HS-grad,Never-married,Other-service,Not-in-family,Black,Male,United-States,<=50K
40,56795,14,14084,0,55,Federal-gov,Masters,Never-married,Exec-managerial,Not-in-family,White,Female,United-States,>50K
53,158352,3,0,0,24,Private,5th-6th,Married-civ-spouse,Other-service,Other-relative,White,Female,Italy,<=50K
37,236359,10,0,0,37,Private,Some-college,Divorced,Adm-clerical,Not-in-family,Black,Female,United-States,<=50K
61,105384,13,0,0,40,Private,Bachelors,Married-civ-spouse,Prof-specialty,Husband,White,Male,United-States,<=50K
43,396758,13,0,1887,70,Self-emp-not-inc,Bachelors,Married-civ-spouse,Prof-specialty,Wife,White,Female,United-States,>50K
72,213255,9,0,0,8,MISSING,HS-grad,Widowed,MISSING,Not-in-family,White,Female,United-States,<=50K
49,83610,13,7688,0,66,Private,Bachelors,Married-civ-spouse,Exec-managerial,Husband,White,Male,United-States,>50K
45,168191,13,0,0,35,Local-gov,Bachelors,Married-civ-spouse,Craft-repair,Husband,White,Male,United-States,>50K
48,327886,16,0,0,50,State-gov,Doctorate,Divorced,Prof-specialty,Own-child,White,Male,United-States,>50K
41,394669,13,0,1741,40,Private,Bachelors,Never-married,Prof-specialty,Not-in-family,White,Female,United-States,<=50K
48,148121,13,0,0,40,Local-gov,Bachelors,Married-spouse-absent,Adm-clerical,Unmarried,Asian-Pac-Islander,Female,Philippines,<=50K
19,32477,10,0,0,20,Private,Some-college,Never-married,Other-service,Own-child,White,Male,United-States,<=50K
40,82161,13,0,0,40,Private,Bachelors,Never-married,Adm-clerical,Not-in-family,White,Male,United-States,<=50K
22,113936,9,0,0,40,Private,HS-grad,Never-married,Handlers-cleaners,Own-child,White,Male,United-States,<=50K
17,47771,7,0,0,20,Private,11th,Never-married,Prof-specialty,Own-child,White,Female,United-States,<=50K
18,118847,9,0,0,24,MISSING,HS-grad,Never-married,MISSING,Own-child,White,Female,United-States,<=50K
53,549341,13,0,0,35,Local-gov,Bachelors,Married-civ-spouse,Prof-specialty,Husband,Black,Male,United-States,<=50K
61,80896,9,0,0,45,Private,HS-grad,Separated,Transport-moving,Unmarried,Asian-Pac-Islander,Male,United-States,>50K
35,63021,10,0,0,35,Private,Some-college,Divorced,Sales,Not-in-family,White,Female,United-States,<=50K
23,86065,8,0,0,30,Private,12th,Never-married,Other-service,Not-in-family,White,Female,United-States,<=50K
28,526528,10,3887,0,40,Federal-gov,Some-college,Never-married,Adm-clerical,Unmarried,Black,Female,United-States,<=50K
39,343403,9,0,0,36,Private,HS-grad,Married-civ-spouse,Sales,Wife,White,Female,United-States,<=50K
51,183390,9,0,0,40,Private,HS-grad,Married-civ-spouse,Transport-moving,Husband,White,Male,United-States,<=50K
71,228806,5,0,0,6,Private,9th,Divorced,Priv-house-serv,Not-in-family,Black,Female,United-States,<=50K
59,205759,16,0,0,50,Private,Doctorate,Never-married,Prof-specialty,Not-in-family,White,Male,United-States,<=50K
18,128086,8,0,0,18,Private,12th,Never-married,Handlers-cleaners,Own-child,White,Male,United-States,<=50K
33,66278,14,0,0,40,Private,Masters,Never-married,Prof-specialty,Not-in-family,White,Female,United-States,<=50K
20,125010,9,0,0,30,Private,HS-grad,Never-married,Other-service,Own-child,White,Female,United-States,<=50K
39,185099,9,0,0,40,Private,HS-grad,Married-civ-spouse,Exec-managerial,Husband,White,Male,United-States,<=50K
44,367749,2,0,0,40,Private,1st-4th,Never-married,Machine-op-inspct,Not-in-family,White,Female,El-Salvador,<=50K
27,183639,9,0,0,40,Private,HS-grad,Never-married,Transport-moving,Own-child,White,Male,United-States,<=50K
31,45604,9,0,0,54,Private,HS-grad,Married-civ-spouse,Exec-managerial,Husband,White,Male,United-States,<=50K
21,122348,10,0,0,35,Private,Some-college,Never-married,Tech-support,Own-child,White,Female,United-States,<=50K
20,37932,9,0,0,40,MISSING,HS-grad,Never-married,MISSING,Not-in-family,White,Male,United-States,<=50K
63,99823,10,0,0,32,State-gov,Some-college,Married-civ-spouse,Protective-serv,Husband,White,Male,United-States,<=50K
43,108945,13,0,0,48,Local-gov,Bachelors,Divorced,Prof-specialty,Unmarried,White,Female,United-States,<=50K
33,202153,14,0,0,40,Self-emp-inc,Masters,Married-civ-spouse,Craft-repair,Husband,White,Male,United-States,<=50K
46,183168,13,0,0,43,Local-gov,Bachelors,Divorced,Prof-specialty,Unmarried,White,Female,United-States,<=50K
32,443546,9,0,0,40,Self-emp-not-inc,HS-grad,Never-married,Craft-repair,Not-in-family,White,Male,United-States,<=50K
25,122999,9,0,0,40,Private,HS-grad,Never-married,Craft-repair,Own-child,White,Male,United-States,<=50K
47,156728,9,0,0,55,Self-emp-inc,HS-grad,Married-civ-spouse,Sales,Husband,White,Male,United-States,<=50K
42,444134,9,0,0,15,Self-emp-not-inc,HS-grad,Married-civ-spouse,Farming-fishing,Husband,White,Male,United-States,<=50K
55,198385,4,0,0,20,Private,7th-8th,Widowed,Other-service,Unmarried,White,Female,MISSING,<=50K
35,261241,9,0,1741,60,Private,HS-grad,Divorced,Transport-moving,Not-in-family,White,Male,United-States,<=50K
41,111772,12,0,1887,40,Self-emp-not-inc,Assoc-acdm,Married-civ-spouse,Craft-repair,Husband,White,Male,United-States,>50K
61,160037,4,0,0,35,Private,7th-8th,Divorced,Other-service,Not-in-family,White,Male,United-States,<=50K
34,106742,9,0,0,45,Private,HS-grad,Married-civ-spouse,Craft-repair,Husband,White,Male,United-States,<=50K
42,221172,9,0,0,40,Self-emp-not-inc,HS-grad,Divorced,Craft-repair,Not-in-family,White,Male,United-States,<=50K
59,200453,14,0,0,40,Self-emp-inc,Masters,Married-civ-spouse,Sales,Husband,White,Male,United-States,<=50K
59,174040,10,0,0,40,Private,Some-college,Divorced,Prof-specialty,Unmarried,White,Male,United-States,<=50K
33,226629,10,0,0,35,Private,Some-college,Married-civ-spouse,Other-service,Wife,White,Female,United-States,<=50K
51,209912,13,0,0,50,Private,Bachelors,Divorced,Exec-managerial,Not-in-family,Amer-Indian-Eskimo,Male,United-States,<=50K
28,214702,13,0,0,60,Private,Bachelors,Married-civ-spouse,Exec-managerial,Husband,White,Male,United-States,<=50K
21,305874,10,0,0,40,Private,Some-college,Married-civ-spouse,Other-service,Husband,White,Male,United-States,<=50K
45,183710,9,0,0,48,State-gov,HS-grad,Divorced,Transport-moving,Not-in-family,White,Male,United-States,<=50K
35,218955,13,0,0,40,Private,Bachelors,Married-civ-spouse,Sales,Husband,White,Male,United-States,<=50K
54,103024,9,0,0,42,Private,HS-grad,Divorced,Tech-support,Not-in-family,White,Male,United-States,>50K
39,238008,9,0,0,40,Private,HS-grad,Widowed,Adm-clerical,Own-child,White,Female,United-States,<=50K
42,340885,9,0,0,44,Private,HS-grad,Divorced,Farming-fishing,Not-in-family,White,Male,United-States,<=50K
30,224377,9,0,0,40,Private,HS-grad,Never-married,Craft-repair,Not-in-family,White,Male,United-States,<=50K
22,171419,11,0,0,40,Private,Assoc-voc,Never-married,Exec-managerial,Unmarried,Asian-Pac-Islander,Male,South,<=50K
41,288679,9,0,0,40,Private,HS-grad,Married-civ-spouse,Craft-repair,Husband,White,Male,United-States,<=50K
22,198148,10,0,0,50,Private,Some-college,Never-married,Adm-clerical,Own-child,White,Male,United-States,<=50K
31,209538,10,0,0,55,Private,Some-college,Married-civ-spouse,Adm-clerical,Husband,White,Male,United-States,<=50K
35,192626,10,0,0,50,Private,Some-college,Married-civ-spouse,Prof-specialty,Husband,White,Male,United-States,>50K
36,223789,14,0,0,45,Self-emp-not-inc,Masters,Married-civ-spouse,Prof-specialty,Husband,White,Male,United-States,>50K
39,339442,9,2176,0,40,Private,HS-grad,Separated,Machine-op-inspct,Not-in-family,Black,Male,United-States,<=50K
69,128348,13,9386,0,50,Private,Bachelors,Married-civ-spouse,Exec-managerial,Husband,Black,Male,United-States,>50K
34,235124,9,0,0,35,Private,HS-grad,Never-married,Other-service,Unmarried,Black,Female,United-States,<=50K
45,168232,13,0,0,55,Federal-gov,Bachelors,Never-married,Adm-clerical,Not-in-family,White,Male,United-States,>50K
22,314525,13,0,0,40,Private,Bachelors,Never-married,Prof-specialty,Not-in-family,White,Male,United-States,<=50K
27,104423,12,0,0,40,Private,Assoc-acdm,Never-married,Adm-clerical,Not-in-family,White,Male,United-States,<=50K
51,139127,10,0,0,50,Self-emp-inc,Some-college,Divorced,Exec-managerial,Unmarried,White,Female,United-States,<=50K
33,178429,13,0,0,40,Private,Bachelors,Married-civ-spouse,Prof-specialty,Husband,White,Male,United-States,>50K
48,212954,14,15024,0,40,State-gov,Masters,Married-civ-spouse,Prof-specialty,Husband,White,Male,United-States,>50K
23,179423,13,0,0,5,Private,Bachelors,Never-married,Adm-clerical,Not-in-family,White,Female,United-States,<=50K
20,117210,9,0,0,40,Private,HS-grad,Never-married,Handlers-cleaners,Own-child,White,Male,United-States,<=50K
46,316205,13,0,0,40,Local-gov,Bachelors,Married-civ-spouse,Exec-managerial,Husband,Black,Male,United-States,>50K
39,454915,9,0,0,40,Private,HS-grad,Never-married,Handlers-cleaners,Other-relative,White,Male,United-States,<=50K
36,137314,10,0,0,60,Local-gov,Some-college,Married-civ-spouse,Protective-serv,Husband,White,Male,United-States,>50K
28,469864,13,0,0,40,Private,Bachelors,Never-married,Prof-specialty,Not-in-family,Black,Male,United-States,<=50K
36,166606,7,0,0,40,Private,11th,Married-civ-spouse,Craft-repair,Husband,White,Male,United-States,<=50K
27,184078,11,0,0,40,Private,Assoc-voc,Divorced,Adm-clerical,Unmarried,White,Female,United-States,<=50K
34,159255,9,0,0,60,Private,HS-grad,Married-civ-spouse,Exec-managerial,Husband,White,Male,United-States,>50K
44,56651,10,7688,0,45,Self-emp-inc,Some-college,Married-civ-spouse,Exec-managerial,Husband,White,Male,United-States,>50K
34,51543,10,0,0,48,Local-gov,Some-college,Never-married,Other-service,Not-in-family,White,Male,United-States,<=50K
50,170050,4,0,0,40,Private,7th-8th,Married-civ-spouse,Machine-op-inspct,Husband,White,Male,United-States,<=50K
42,178074,9,0,0,40,Private,HS-grad,Divorced,Adm-clerical,Not-in-family,White,Female,United-States,<=50K
36,334366,7,0,0,32,Private,11th,Separated,Exec-managerial,Not-in-family,White,Female,United-States,<=50K
25,198587,10,2174,0,50,Private,Some-college,Never-married,Tech-support,Not-in-family,Black,Female,United-States,<=50K
36,293358,10,0,0,48,Local-gov,Some-college,Never-married,Exec-managerial,Unmarried,Black,Female,United-States,<=50K
30,33811,13,0,0,99,MISSING,Bachelors,Never-married,MISSING,Not-in-family,Asian-Pac-Islander,Female,United-States,<=50K
44,67065,11,594,0,25,Private,Assoc-voc,Never-married,Priv-house-serv,Not-in-family,White,Male,United-States,<=50K
18,152004,7,0,0,20,Private,11th,Never-married,Other-service,Own-child,Black,Male,United-States,<=50K
35,33975,13,0,0,40,Local-gov,Bachelors,Married-civ-spouse,Prof-specialty,Husband,White,Male,United-States,>50K
17,130795,6,0,0,20,Private,10th,Never-married,Other-service,Own-child,White,Male,United-States,<=50K
30,54608,10,0,0,48,Private,Some-college,Married-civ-spouse,Machine-op-inspct,Husband,White,Male,United-States,<=50K
71,144872,10,6514,0,40,MISSING,Some-college,Married-civ-spouse,MISSING,Husband,White,Male,United-States,>50K
33,157446,7,0,0,65,Private,11th,Never-married,Craft-repair,Not-in-family,White,Male,United-States,<=50K
39,293291,9,0,0,50,Private,HS-grad,Married-civ-spouse,Machine-op-inspct,Husband,White,Male,United-States,>50K
52,127315,14,0,0,40,Private,Masters,Married-civ-spouse,Prof-specialty,Husband,White,Male,United-States,>50K
29,293287,10,0,0,40,State-gov,Some-college,Never-married,Other-service,Unmarried,White,Female,United-States,<=50K
39,160123,9,0,0,40,Private,HS-grad,Widowed,Adm-clerical,Not-in-family,White,Female,United-States,<=50K
45,178344,11,0,0,30,Self-emp-inc,Assoc-voc,Divorced,Sales,Unmarried,White,Female,United-States,<=50K
56,175964,10,0,0,40,Self-emp-not-inc,Some-college,Divorced,Other-service,Not-in-family,White,Female,United-States,<=50K
78,165694,14,0,0,15,MISSING,Masters,Widowed,MISSING,Not-in-family,White,Female,United-States,<=50K
53,90624,7,0,0,40,Private,11th,Married-civ-spouse,Craft-repair,Husband,Black,Male,United-States,<=50K
18,577521,7,0,0,13,Private,11th,Never-married,Sales,Own-child,White,Male,United-States,<=50K
56,54260,16,2885,0,40,State-gov,Doctorate,Married-civ-spouse,Prof-specialty,Not-in-family,Asian-Pac-Islander,Male,China,<=50K
50,306790,10,0,0,40,Private,Some-college,Married-civ-spouse,Craft-repair,Husband,White,Male,United-States,>50K
43,274363,13,0,1902,40,Private,Bachelors,Married-civ-spouse,Exec-managerial,Husband,White,Male,England,>50K
32,206609,9,0,0,40,Local-gov,HS-grad,Never-married,Other-service,Own-child,White,Male,United-States,<=50K
17,169155,8,0,0,35,Private,12th,Never-married,Other-service,Own-child,White,Male,United-States,<=50K
39,116666,9,4650,0,48,Local-gov,HS-grad,Never-married,Protective-serv,Own-child,Amer-Indian-Eskimo,Male,United-States,<=50K
24,212210,12,0,0,20,Local-gov,Assoc-acdm,Never-married,Adm-clerical,Own-child,White,Female,MISSING,<=50K
20,225515,10,0,0,24,Federal-gov,Some-college,Never-married,Tech-support,Own-child,White,Female,United-States,<=50K
32,171637,10,0,0,40,Private,Some-college,Never-married,Adm-clerical,Own-child,White,Female,United-States,<=50K
19,167859,9,0,0,40,Private,HS-grad,Never-married,Other-service,Own-child,Black,Male,United-States,<=50K
46,142210,9,0,0,25,Without-pay,HS-grad,Married-civ-spouse,Machine-op-inspct,Wife,White,Female,United-States,<=50K
22,275385,10,0,0,25,Private,Some-college,Never-married,Other-service,Other-relative,White,Male,United-States,<=50K
44,237993,15,0,0,45,Private,Prof-school,Married-civ-spouse,Machine-op-inspct,Husband,White,Male,MISSING,<=50K
23,292023,9,0,0,45,Private,HS-grad,Never-married,Exec-managerial,Not-in-family,White,Male,United-States,<=50K
39,247975,10,0,0,30,Self-emp-not-inc,Some-college,Never-married,Craft-repair,Not-in-family,Asian-Pac-Islander,Male,United-States,<=50K
56,184598,5,0,0,99,Self-emp-inc,9th,Married-civ-spouse,Transport-moving,Husband,White,Male,United-States,<=50K
36,176544,10,0,0,48,Private,Some-college,Never-married,Other-service,Not-in-family,White,Male,United-States,<=50K
74,29887,9,0,0,10,MISSING,HS-grad,Widowed,MISSING,Not-in-family,White,Female,United-States,<=50K
37,191754,13,0,0,50,Private,Bachelors,Married-civ-spouse,Adm-clerical,Husband,White,Male,United-States,>50K
43,308498,9,0,0,40,State-gov,HS-grad,Married-spouse-absent,Exec-managerial,Unmarried,White,Female,United-States,<=50K
24,247734,13,0,0,30,MISSING,Bachelors,Never-married,MISSING,Own-child,White,Male,United-States,<=50K
31,203488,13,7298,0,50,Private,Bachelors,Married-civ-spouse,Adm-clerical,Husband,White,Male,United-States,>50K
37,482927,10,0,0,65,State-gov,Some-college,Divorced,Other-service,Not-in-family,White,Male,United-States,<=50K
18,36882,9,0,0,20,Private,HS-grad,Never-married,Adm-clerical,Own-child,White,Female,United-States,<=50K
24,163665,9,2174,0,40,Private,HS-grad,Never-married,Other-service,Not-in-family,White,Female,United-States,<=50K
38,216129,13,0,0,60,Private,Bachelors,Divorced,Other-service,Not-in-family,Black,Female,MISSING,<=50K
39,151029,9,0,0,40,Self-emp-inc,HS-grad,Married-civ-spouse,Exec-managerial,Husband,White,Male,United-States,>50K
30,45796,10,0,0,40,Self-emp-not-inc,Some-college,Married-civ-spouse,Machine-op-inspct,Husband,White,Male,United-States,<=50K
48,64479,13,0,0,47,Private,Bachelors,Divorced,Exec-managerial,Not-in-family,White,Male,United-States,<=50K
22,228465,9,0,0,40,Private,HS-grad,Married-civ-spouse,Transport-moving,Husband,Black,Male,United-States,<=50K
28,189346,9,0,0,40,Private,HS-grad,Divorced,Handlers-cleaners,Own-child,White,Male,United-States,<=50K
42,104334,9,0,0,40,Local-gov,HS-grad,Married-civ-spouse,Farming-fishing,Husband,White,Male,El-Salvador,<=50K
19,176831,10,0,0,35,Local-gov,Some-college,Never-married,Other-service,Own-child,Black,Female,United-States,<=50K
42,32546,15,7430,0,40,Self-emp-not-inc,Prof-school,Divorced,Prof-specialty,Unmarried,White,Male,United-States,>50K
47,114459,9,0,0,40,Private,HS-grad,Married-civ-spouse,Sales,Husband,White,Male,United-States,>50K
31,163003,12,0,0,40,Private,Assoc-acdm,Never-married,Prof-specialty,Other-relative,Asian-Pac-Islander,Female,Philippines,<=50K
66,107744,10,0,0,40,MISSING,Some-college,Married-civ-spouse,MISSING,Husband,White,Male,United-States,<=50K
58,106942,10,0,0,40,Self-emp-not-inc,Some-college,Divorced,Craft-repair,Unmarried,White,Male,United-States,<=50K
18,171088,10,0,0,10,Private,Some-college,Never-married,Sales,Own-child,White,Female,United-States,<=50K
25,201635,13,0,0,50,Private,Bachelors,Never-married,Exec-managerial,Not-in-family,White,Female,United-States,<=50K
55,305759,9,0,0,40,Private,HS-grad,Divorced,Other-service,Not-in-family,White,Male,MISSING,<=50K
32,127875,13,0,0,40,Private,Bachelors,Married-civ-spouse,Tech-support,Wife,White,Female,United-States,>50K
20,102607,9,0,0,30,Private,HS-grad,Never-married,Handlers-cleaners,Own-child,White,Male,United-States,<=50K
35,199352,15,0,1977,80,Private,Prof-school,Married-civ-spouse,Prof-specialty,Husband,White,Male,United-States,>50K
47,173613,10,0,0,65,Self-emp-not-inc,Some-college,Divorced,Exec-managerial,Not-in-family,White,Female,United-States,<=50K
22,129934,10,0,0,40,Private,Some-college,Never-married,Adm-clerical,Not-in-family,Asian-Pac-Islander,Male,MISSING,<=50K
25,353795,10,3103,0,40,Private,Some-college,Married-civ-spouse,Adm-clerical,Wife,Black,Female,United-States,>50K
42,59474,9,0,0,40,Private,HS-grad,Divorced,Machine-op-inspct,Not-in-family,White,Male,United-States,<=50K
40,116218,10,0,0,45,Private,Some-college,Separated,Adm-clerical,Unmarried,White,Female,United-States,<=50K
60,106118,9,0,0,70,Self-emp-not-inc,HS-grad,Married-civ-spouse,Sales,Husband,White,Male,United-States,>50K
42,82161,6,0,0,35,Self-emp-not-inc,10th,Widowed,Transport-moving,Unmarried,White,Male,United-States,<=50K
18,225859,10,2907,0,30,Private,Some-college,Never-married,Transport-moving,Own-child,White,Male,United-States,<=50K
29,238680,10,0,0,55,Private,Some-college,Never-married,Sales,Not-in-family,Black,Male,Outlying-US(Guam-USVI-etc),<=50K
20,238685,10,0,0,30,Private,Some-college,Never-married,Sales,Not-in-family,White,Female,United-States,<=50K
48,173243,16,0,0,45,Private,Doctorate,Married-civ-spouse,Prof-specialty,Husband,White,Male,United-States,>50K
43,75742,9,0,0,40,Private,HS-grad,Married-civ-spouse,Machine-op-inspct,Husband,White,Male,United-States,<=50K
36,218015,10,0,0,48,Private,Some-college,Married-civ-spouse,Machine-op-inspct,Husband,White,Male,United-States,<=50K
55,284095,9,0,0,37,Private,HS-grad,Divorced,Sales,Not-in-family,White,Female,United-States,<=50K
24,281221,13,0,0,40,Private,Bachelors,Never-married,Adm-clerical,Other-relative,Asian-Pac-Islander,Female,Taiwan,<=50K
33,251521,13,0,0,50,Local-gov,Bachelors,Never-married,Exec-managerial,Not-in-family,White,Female,United-States,<=50K
41,117721,10,0,0,65,Self-emp-inc,Some-college,Married-civ-spouse,Farming-fishing,Husband,White,Male,United-States,<=50K
25,324609,9,0,0,40,Private,HS-grad,Never-married,Adm-clerical,Not-in-family,Black,Male,United-States,<=50K
38,186959,13,0,0,50,Private,Bachelors,Married-civ-spouse,Prof-specialty,Husband,White,Male,United-States,<=50K
30,162572,13,0,0,70,Private,Bachelors,Never-married,Exec-managerial,Not-in-family,White,Male,United-States,>50K
35,176756,8,0,0,40,Private,12th,Married-civ-spouse,Other-service,Husband,Black,Male,United-States,<=50K
37,154571,10,0,0,40,Private,Some-college,Married-civ-spouse,Craft-repair,Husband,Asian-Pac-Islander,Male,MISSING,<=50K
29,137618,10,0,0,41,Private,Some-college,Never-married,Other-service,Not-in-family,White,Female,United-States,>50K
34,107624,10,0,0,50,Private,Some-college,Married-civ-spouse,Craft-repair,Husband,White,Male,United-States,<=50K
55,31965,10,0,0,40,Federal-gov,Some-college,Married-civ-spouse,Adm-clerical,Husband,White,Male,United-States,<=50K
56,437727,5,0,0,40,Private,9th,Married-civ-spouse,Sales,Husband,White,Male,United-States,<=50K
38,48093,9,0,0,40,Private,HS-grad,Married-civ-spouse,Handlers-cleaners,Husband,White,Male,United-States,<=50K
29,293073,13,0,0,50,Private,Bachelors,Never-married,Sales,Not-in-family,White,Male,United-States,>50K
51,154949,9,0,0,40,Private,HS-grad,Widowed,Machine-op-inspct,Not-in-family,Black,Female,United-States,<=50K
19,162094,9,0,0,40,Private,HS-grad,Never-married,Machine-op-inspct,Own-child,White,Male,United-States,<=50K
24,186213,10,0,0,50,Private,Some-college,Married-civ-spouse,Tech-support,Husband,White,Male,United-States,>50K
18,279593,7,0,0,2,Private,11th,Never-married,Prof-specialty,Own-child,White,Female,United-States,<=50K
26,197967,9,0,0,65,Private,HS-grad,Married-civ-spouse,Sales,Husband,White,Male,United-States,<=50K
57,172291,9,0,0,40,Private,HS-grad,Divorced,Adm-clerical,Other-relative,Black,Female,United-States,<=50K
54,175804,13,0,0,40,Self-emp-not-inc,Bachelors,Married-civ-spouse,Exec-managerial,Husband,White,Male,United-States,>50K
77,152900,3,0,0,20,MISSING,5th-6th,Married-civ-spouse,MISSING,Husband,White,Male,United-States,<=50K
21,121407,11,0,0,36,Private,Assoc-voc,Never-married,Other-service,Own-child,White,Female,United-States,<=50K
57,291529,13,4386,0,13,Self-emp-not-inc,Bachelors,Married-civ-spouse,Exec-managerial,Husband,White,Male,United-States,>50K
28,308493,9,0,0,17,MISSING,HS-grad,Married-civ-spouse,MISSING,Wife,White,Female,Honduras,<=50K
53,96062,13,0,1902,48,Self-emp-inc,Bachelors,Married-civ-spouse,Exec-managerial,Husband,White,Male,United-States,>50K
58,148673,9,0,0,10,MISSING,HS-grad,Married-civ-spouse,MISSING,Husband,White,Male,United-States,<=50K
25,248990,6,0,0,40,Private,10th,Married-civ-spouse,Machine-op-inspct,Husband,White,Male,Guatemala,<=50K
64,96076,11,0,0,40,Local-gov,Assoc-voc,Married-civ-spouse,Exec-managerial,Husband,White,Male,United-States,>50K
25,356017,7,0,0,99,Private,11th,Never-married,Other-service,Not-in-family,White,Male,United-States,<=50K
20,266400,10,0,0,48,Private,Some-college,Never-married,Prof-specialty,Own-child,White,Female,United-States,<=50K
46,359193,10,0,0,45,Local-gov,Some-college,Divorced,Adm-clerical,Unmarried,White,Female,United-States,<=50K
32,235109,13,0,0,40,Local-gov,Bachelors,Married-civ-spouse,Adm-clerical,Wife,White,Female,United-States,<=50K
34,50178,10,0,0,38,State-gov,Some-college,Married-civ-spouse,Exec-managerial,Husband,White,Male,United-States,<=50K
35,164526,9,0,0,40,Private,HS-grad,Married-civ-spouse,Other-service,Husband,White,Male,Yugoslavia,>50K
39,188038,10,0,0,40,Private,Some-college,Divorced,Handlers-cleaners,Not-in-family,White,Male,United-States,<=50K
33,168981,11,0,0,55,Private,Assoc-voc,Never-married,Prof-specialty,Unmarried,White,Female,United-States,<=50K
31,206609,6,0,0,40,Private,10th,Married-civ-spouse,Machine-op-inspct,Husband,White,Male,United-States,<=50K
55,100054,6,0,0,40,Private,10th,Never-married,Other-service,Not-in-family,White,Male,United-States,<=50K
36,355053,9,0,0,28,Private,HS-grad,Separated,Other-service,Unmarried,Black,Female,United-States,<=50K
19,247679,9,0,0,45,Private,HS-grad,Never-married,Craft-repair,Not-in-family,White,Male,United-States,<=50K
32,245482,9,0,0,40,Private,HS-grad,Married-civ-spouse,Machine-op-inspct,Husband,Asian-Pac-Islander,Male,MISSING,<=50K
24,379066,10,0,2205,24,Private,Some-college,Never-married,Adm-clerical,Not-in-family,White,Male,United-States,<=50K
39,337898,13,0,0,55,Private,Bachelors,Divorced,Exec-managerial,Not-in-family,White,Male,United-States,<=50K
36,187203,11,0,0,50,MISSING,Assoc-voc,Divorced,MISSING,Own-child,White,Male,United-States,<=50K
38,95432,9,0,0,40,Federal-gov,HS-grad,Married-civ-spouse,Adm-clerical,Husband,White,Male,United-States,>50K
45,197731,9,0,0,40,Private,HS-grad,Married-civ-spouse,Machine-op-inspct,Husband,White,Male,United-States,<=50K
58,190997,10,0,0,40,Private,Some-college,Married-civ-spouse,Exec-managerial,Husband,White,Male,United-States,>50K
25,366416,9,0,0,40,Private,HS-grad,Never-married,Adm-clerical,Own-child,White,Female,United-States,<=50K
42,136419,9,0,0,50,Private,HS-grad,Married-civ-spouse,Craft-repair,Husband,White,Male,United-States,>50K
34,157289,9,0,0,40,MISSING,HS-grad,Married-civ-spouse,MISSING,Husband,White,Male,United-States,<=50K
64,159715,10,0,0,20,Private,Some-college,Married-civ-spouse,Craft-repair,Husband,White,Male,United-States,<=50K
34,295922,10,0,0,40,Private,Some-college,Never-married,Machine-op-inspct,Not-in-family,White,Male,England,>50K
25,222254,9,0,0,40,Private,HS-grad,Never-married,Other-service,Not-in-family,Black,Female,United-States,<=50K
54,33863,9,0,0,40,Federal-gov,HS-grad,Married-civ-spouse,Adm-clerical,Husband,White,Male,United-States,>50K
27,295289,10,0,0,30,Private,Some-college,Never-married,Other-service,Own-child,Black,Female,United-States,<=50K
31,159737,6,0,0,40,Private,10th,Never-married,Adm-clerical,Unmarried,Black,Female,United-States,<=50K
52,374883,11,0,0,50,Private,Assoc-voc,Never-married,Farming-fishing,Not-in-family,White,Male,United-States,<=50K
37,240810,12,0,0,45,Private,Assoc-acdm,Married-civ-spouse,Craft-repair,Husband,White,Male,United-States,<=50K
45,261278,13,5178,0,40,Private,Bachelors,Married-civ-spouse,Prof-specialty,Wife,Asian-Pac-Islander,Female,Philippines,>50K
23,224640,10,0,0,40,Private,Some-college,Never-married,Exec-managerial,Not-in-family,White,Female,United-States,<=50K
20,289944,10,0,0,20,Private,Some-college,Never-married,Prof-specialty,Not-in-family,White,Female,United-States,<=50K
62,147627,5,1055,0,22,Private,9th,Never-married,Priv-house-serv,Not-in-family,Black,Female,United-States,<=50K
23,250743,10,0,0,40,Private,Some-college,Divorced,Adm-clerical,Not-in-family,Black,Male,United-States,<=50K
29,192384,9,0,0,40,Private,HS-grad,Never-married,Craft-repair,Not-in-family,White,Male,United-States,<=50K
63,226422,9,0,0,40,Private,HS-grad,Married-civ-spouse,Craft-repair,Husband,White,Male,United-States,<=50K
58,130454,10,0,0,50,Self-emp-inc,Some-college,Married-civ-spouse,Exec-managerial,Husband,White,Male,United-States,>50K
51,146767,13,0,0,40,Private,Bachelors,Married-civ-spouse,Prof-specialty,Husband,White,Male,United-States,>50K
32,46746,10,0,0,40,Private,Some-college,Divorced,Craft-repair,Unmarried,White,Male,United-States,<=50K
50,29231,9,0,0,45,Self-emp-not-inc,HS-grad,Married-civ-spouse,Exec-managerial,Husband,White,Male,United-States,>50K
32,339773,10,0,0,40,Private,Some-college,Married-civ-spouse,Exec-managerial,Husband,White,Male,United-States,>50K
17,118792,7,0,0,9,Private,11th,Never-married,Sales,Own-child,White,Female,United-States,<=50K
30,224498,9,0,0,40,Self-emp-inc,HS-grad,Divorced,Adm-clerical,Unmarried,White,Female,United-States,<=50K
53,167380,9,0,1740,50,Federal-gov,HS-grad,Married-civ-spouse,Transport-moving,Husband,White,Male,United-States,<=50K
18,210026,6,0,0,40,Private,10th,Never-married,Other-service,Other-relative,White,Female,United-States,<=50K
35,110188,13,0,0,40,Federal-gov,Bachelors,Married-civ-spouse,Prof-specialty,Husband,Asian-Pac-Islander,Male,Vietnam,<=50K
43,154538,12,0,0,40,Private,Assoc-acdm,Divorced,Craft-repair,Not-in-family,White,Male,United-States,<=50K
37,65390,13,0,0,50,Private,Bachelors,Married-civ-spouse,Farming-fishing,Husband,White,Male,United-States,<=50K
31,110643,13,0,0,40,Private,Bachelors,Married-civ-spouse,Prof-specialty,Husband,White,Male,United-States,>50K
38,140854,13,0,0,40,Private,Bachelors,Married-civ-spouse,Tech-support,Husband,White,Male,United-States,>50K
39,52870,9,0,0,40,Self-emp-not-inc,HS-grad,Married-civ-spouse,Craft-repair,Husband,White,Male,United-States,>50K
42,270721,13,0,0,32,Private,Bachelors,Never-married,Prof-specialty,Not-in-family,White,Male,United-States,<=50K
41,154668,10,0,0,40,Private,Some-college,Married-civ-spouse,Prof-specialty,Husband,White,Male,United-States,<=50K
50,124094,9,0,0,40,Private,HS-grad,Married-civ-spouse,Craft-repair,Husband,White,Male,Poland,<=50K
21,153718,10,0,0,25,Private,Some-college,Never-married,Other-service,Not-in-family,Asian-Pac-Islander,Female,United-States,<=50K
30,136651,3,0,0,40,Private,5th-6th,Married-civ-spouse,Craft-repair,Husband,White,Male,Mexico,<=50K
23,353010,7,0,0,35,Private,11th,Never-married,Craft-repair,Unmarried,White,Male,United-States,<=50K
17,123335,6,0,0,20,Private,10th,Never-married,Sales,Own-child,White,Female,United-States,<=50K
23,109199,3,0,0,40,Private,5th-6th,Married-civ-spouse,Handlers-cleaners,Husband,White,Male,Mexico,<=50K
21,56520,10,0,0,40,Private,Some-college,Never-married,Adm-clerical,Own-child,White,Male,United-States,<=50K
43,130126,13,15024,0,50,Private,Bachelors,Married-civ-spouse,Exec-managerial,Husband,White,Male,United-States,>50K
23,220912,13,0,0,40,Local-gov,Bachelors,Never-married,Prof-specialty,Not-in-family,Black,Female,United-States,<=50K
32,177792,13,0,0,48,Private,Bachelors,Divorced,Exec-managerial,Not-in-family,White,Female,United-States,>50K
47,30457,11,0,0,40,Private,Assoc-voc,Married-civ-spouse,Other-service,Husband,White,Male,United-States,<=50K
42,137907,9,0,0,35,Private,HS-grad,Divorced,Adm-clerical,Unmarried,White,Female,United-States,<=50K
49,213140,9,0,1902,60,Self-emp-inc,HS-grad,Married-civ-spouse,Exec-managerial,Husband,White,Male,United-States,>50K
38,87282,11,0,0,40,Private,Assoc-voc,Never-married,Exec-managerial,Other-relative,Asian-Pac-Islander,Female,United-States,<=50K
47,27067,9,0,0,40,Federal-gov,HS-grad,Divorced,Adm-clerical,Not-in-family,White,Female,United-States,<=50K
70,105376,10,0,0,40,Private,Some-college,Never-married,Tech-support,Other-relative,White,Male,United-States,<=50K
58,243929,13,0,0,48,Federal-gov,Bachelors,Never-married,Prof-specialty,Not-in-family,White,Male,United-States,<=50K
43,114580,10,0,0,40,Private,Some-college,Divorced,Adm-clerical,Not-in-family,White,Female,United-States,<=50K
37,28887,9,0,0,40,State-gov,HS-grad,Married-civ-spouse,Machine-op-inspct,Husband,White,Male,United-States,>50K
21,313873,3,0,0,40,Private,5th-6th,Never-married,Handlers-cleaners,Not-in-family,White,Male,Mexico,<=50K
41,128354,13,0,0,25,Private,Bachelors,Married-civ-spouse,Tech-support,Wife,White,Female,United-States,>50K
23,240398,13,0,0,15,Private,Bachelors,Never-married,Sales,Not-in-family,Black,Male,United-States,<=50K
18,203301,9,0,0,40,Private,HS-grad,Never-married,Adm-clerical,Own-child,White,Female,United-States,<=50K
33,245378,6,0,0,40,Private,10th,Married-civ-spouse,Machine-op-inspct,Husband,White,Male,United-States,<=50K
59,98361,10,0,0,40,Private,Some-college,Married-civ-spouse,Craft-repair,Husband,White,Male,United-States,>50K
31,70568,2,0,0,25,Private,1st-4th,Never-married,Other-service,Other-relative,White,Female,El-Salvador,<=50K
43,113324,13,0,0,40,Local-gov,Bachelors,Married-civ-spouse,Prof-specialty,Husband,White,Male,United-States,>50K
51,28765,15,0,0,60,Self-emp-inc,Prof-school,Married-civ-spouse,Prof-specialty,Husband,White,Male,United-States,>50K
38,100375,15,99999,0,60,Private,Prof-school,Married-civ-spouse,Prof-specialty,Husband,White,Male,United-States,>50K
44,223194,9,0,1485,40,Private,HS-grad,Married-civ-spouse,Craft-repair,Husband,Black,Male,Haiti,<=50K
63,203821,9,0,0,40,MISSING,HS-grad,Married-civ-spouse,MISSING,Husband,White,Male,United-States,<=50K
22,107801,11,0,0,40,Private,Assoc-voc,Never-married,Adm-clerical,Own-child,White,Female,United-States,<=50K
61,668362,2,0,0,40,Private,1st-4th,Widowed,Handlers-cleaners,Not-in-family,White,Female,United-States,<=50K
33,166961,7,0,0,20,Private,11th,Separated,Sales,Own-child,White,Female,United-States,<=50K
34,202450,9,0,0,55,Private,HS-grad,Married-civ-spouse,Craft-repair,Husband,White,Male,United-States,>50K
43,104660,13,0,0,45,Private,Bachelors,Separated,Prof-specialty,Unmarried,White,Male,United-States,<=50K
56,365050,4,0,0,20,Private,7th-8th,Never-married,Farming-fishing,Unmarried,Black,Female,United-States,<=50K
39,331481,13,0,1669,60,Self-emp-not-inc,Bachelors,Divorced,Craft-repair,Not-in-family,Black,Male,MISSING,<=50K
34,122612,13,7688,0,50,Private,Bachelors,Married-civ-spouse,Other-service,Wife,Asian-Pac-Islander,Female,Philippines,>50K
49,124356,13,0,0,60,Private,Bachelors,Married-civ-spouse,Sales,Husband,White,Male,United-States,>50K
56,204816,9,0,0,55,Private,HS-grad,Married-civ-spouse,Sales,Husband,White,Male,United-States,>50K
53,283602,13,13550,0,43,Private,Bachelors,Divorced,Sales,Not-in-family,White,Female,United-States,>50K
47,454989,9,0,0,40,Private,HS-grad,Married-civ-spouse,Exec-managerial,Wife,White,Female,United-States,>50K
29,202878,9,0,0,50,Private,HS-grad,Never-married,Craft-repair,Not-in-family,White,Male,United-States,<=50K
34,190027,9,0,0,40,MISSING,HS-grad,Never-married,MISSING,Unmarried,Black,Female,United-States,<=50K
27,38918,9,0,1876,75,Private,HS-grad,Never-married,Transport-moving,Not-in-family,White,Male,United-States,<=50K
19,164585,9,0,0,40,Private,HS-grad,Never-married,Machine-op-inspct,Own-child,White,Female,United-States,<=50K
42,175943,11,7298,0,35,Private,Assoc-voc,Married-civ-spouse,Exec-managerial,Wife,White,Female,United-States,>50K
22,437994,10,0,0,20,Private,Some-college,Never-married,Other-service,Other-relative,Black,Male,United-States,<=50K
58,170108,14,0,0,40,Private,Masters,Married-civ-spouse,Exec-managerial,Husband,White,Male,United-States,>50K
88,68539,10,0,0,40,Private,Some-college,Divorced,Adm-clerical,Unmarried,White,Female,United-States,<=50K
24,252024,10,0,0,72,Local-gov,Some-college,Married-civ-spouse,Protective-serv,Husband,White,Male,United-States,>50K
47,238185,13,0,0,40,Private,Bachelors,Divorced,Adm-clerical,Not-in-family,White,Female,United-States,<=50K
50,242517,13,0,0,40,State-gov,Bachelors,Divorced,Exec-managerial,Not-in-family,White,Female,United-States,<=50K
51,223206,16,15024,0,40,Federal-gov,Doctorate,Married-civ-spouse,Prof-specialty,Husband,Asian-Pac-Islander,Male,Vietnam,>50K
39,98776,10,0,0,50,Private,Some-college,Divorced,Exec-managerial,Not-in-family,White,Male,United-States,>50K
27,89598,10,0,0,60,Private,Some-college,Never-married,Adm-clerical,Unmarried,White,Female,United-States,<=50K
36,98776,10,0,0,30,MISSING,Some-college,Never-married,MISSING,Not-in-family,White,Male,United-States,<=50K
30,144064,9,0,0,62,Private,HS-grad,Married-civ-spouse,Exec-managerial,Husband,White,Male,United-States,<=50K
58,87329,7,0,0,48,Private,11th,Married-civ-spouse,Adm-clerical,Husband,White,Male,United-States,<=50K
22,192017,9,0,0,40,Private,HS-grad,Never-married,Adm-clerical,Own-child,White,Male,United-States,<=50K
52,89041,9,0,0,40,Private,HS-grad,Married-civ-spouse,Craft-repair,Husband,White,Male,United-States,<=50K
41,192779,4,0,0,40,Private,7th-8th,Married-civ-spouse,Other-service,Husband,White,Male,MISSING,<=50K
28,212563,10,0,0,25,Private,Some-college,Divorced,Machine-op-inspct,Unmarried,Black,Female,United-States,<=50K
49,116892,13,0,0,40,Local-gov,Bachelors,Divorced,Prof-specialty,Not-in-family,Black,Female,United-States,<=50K
33,86143,10,0,0,40,Private,Some-college,Never-married,Exec-managerial,Own-child,Asian-Pac-Islander,Male,Philippines,<=50K
31,150324,9,0,0,40,Local-gov,HS-grad,Married-civ-spouse,Craft-repair,Husband,White,Male,United-States,<=50K
38,173047,13,0,213,40,Private,Bachelors,Divorced,Adm-clerical,Unmarried,Asian-Pac-Islander,Female,Philippines,<=50K
39,179271,10,0,0,50,Private,Some-college,Married-civ-spouse,Craft-repair,Husband,White,Male,United-States,>50K
56,264436,10,0,0,40,Local-gov,Some-college,Divorced,Exec-managerial,Not-in-family,White,Female,United-States,<=50K
25,134821,9,0,0,40,Private,HS-grad,Never-married,Adm-clerical,Own-child,White,Female,United-States,<=50K
20,178517,10,0,0,40,State-gov,Some-college,Never-married,Farming-fishing,Not-in-family,White,Male,United-States,<=50K
50,343847,9,0,0,38,Private,HS-grad,Married-civ-spouse,Protective-serv,Husband,White,Male,United-States,>50K
43,240124,11,0,0,40,Private,Assoc-voc,Married-civ-spouse,Craft-repair,Husband,White,Male,United-States,<=50K
50,120914,7,0,0,40,Private,11th,Married-civ-spouse,Craft-repair,Husband,White,Male,United-States,<=50K
42,245307,13,0,1977,48,Local-gov,Bachelors,Married-civ-spouse,Exec-managerial,Husband,White,Male,United-States,>50K
41,94113,15,0,0,60,Self-emp-inc,Prof-school,Married-civ-spouse,Prof-specialty,Husband,White,Male,United-States,>50K
33,267859,9,0,0,40,Private,HS-grad,Never-married,Craft-repair,Own-child,White,Male,El-Salvador,<=50K
39,236391,9,0,0,50,Private,HS-grad,Married-civ-spouse,Transport-moving,Husband,White,Male,United-States,>50K
37,379522,13,0,0,55,Private,Bachelors,Married-civ-spouse,Sales,Husband,White,Male,United-States,>50K
18,716066,6,0,0,30,Private,10th,Never-married,Machine-op-inspct,Own-child,White,Male,United-States,<=50K
23,208908,13,0,0,30,Private,Bachelors,Never-married,Other-service,Not-in-family,White,Female,United-States,<=50K
50,120781,13,0,0,60,Self-emp-inc,Bachelors,Married-civ-spouse,Sales,Husband,Asian-Pac-Islander,Male,South,>50K
17,67808,6,0,0,40,MISSING,10th,Never-married,MISSING,Own-child,White,Male,United-States,<=50K
45,184581,9,0,0,40,Private,HS-grad,Married-civ-spouse,Machine-op-inspct,Husband,White,Male,United-States,<=50K
39,234901,12,0,0,40,Private,Assoc-acdm,Separated,Adm-clerical,Unmarried,White,Male,United-States,<=50K
50,175804,13,0,0,40,Private,Bachelors,Married-civ-spouse,Sales,Husband,White,Male,United-States,>50K
38,150601,6,0,3770,40,Private,10th,Separated,Adm-clerical,Unmarried,White,Male,United-States,<=50K
40,48859,9,0,0,32,Self-emp-not-inc,HS-grad,Married-civ-spouse,Craft-repair,Husband,White,Male,United-States,<=50K
50,95577,9,0,0,12,Self-emp-not-inc,HS-grad,Married-civ-spouse,Other-service,Wife,White,Female,MISSING,<=50K
44,150171,9,0,0,40,Local-gov,HS-grad,Divorced,Adm-clerical,Unmarried,White,Female,United-States,<=50K
34,122616,10,0,0,84,Private,Some-college,Married-civ-spouse,Tech-support,Husband,White,Male,United-States,>50K
23,135138,13,0,0,40,Private,Bachelors,Never-married,Sales,Own-child,Asian-Pac-Islander,Male,United-States,<=50K
31,151484,9,0,0,8,Private,HS-grad,Never-married,Adm-clerical,Own-child,White,Female,United-States,<=50K
34,85374,9,0,0,40,Private,HS-grad,Married-civ-spouse,Craft-repair,Husband,White,Male,United-States,<=50K
69,163689,10,0,0,16,State-gov,Some-college,Married-civ-spouse,Transport-moving,Husband,White,Male,United-States,<=50K
56,119891,10,0,1672,40,Self-emp-inc,Some-college,Married-civ-spouse,Exec-managerial,Husband,White,Male,United-States,<=50K
39,185520,10,8614,0,40,Private,Some-college,Divorced,Exec-managerial,Not-in-family,White,Female,United-States,>50K
28,190836,9,3411,0,40,Private,HS-grad,Married-civ-spouse,Craft-repair,Husband,White,Male,United-States,<=50K
46,111979,4,0,0,47,Private,7th-8th,Married-civ-spouse,Craft-repair,Husband,White,Male,United-States,<=50K
36,61778,9,15024,0,40,Local-gov,HS-grad,Married-civ-spouse,Prof-specialty,Husband,White,Male,United-States,>50K
34,182401,12,0,0,40,Private,Assoc-acdm,Divorced,Adm-clerical,Not-in-family,Black,Male,United-States,<=50K
45,215943,9,0,0,40,MISSING,HS-grad,Married-civ-spouse,MISSING,Husband,White,Male,United-States,<=50K
37,224541,10,0,0,40,Private,Some-college,Married-civ-spouse,Transport-moving,Husband,White,Male,United-States,<=50K
37,278924,9,0,0,40,Private,HS-grad,Divorced,Sales,Not-in-family,White,Male,United-States,<=50K
25,228608,10,0,0,40,Private,Some-college,Never-married,Craft-repair,Other-relative,Asian-Pac-Islander,Female,Cambodia,<=50K
28,204600,9,0,0,40,Private,HS-grad,Separated,Protective-serv,Other-relative,White,Male,United-States,<=50K
49,107425,14,0,0,35,Private,Masters,Never-married,Sales,Not-in-family,White,Female,United-States,<=50K
44,155701,4,0,0,38,Private,7th-8th,Separated,Other-service,Unmarried,White,Female,Peru,<=50K
30,227146,13,0,0,40,Private,Bachelors,Married-civ-spouse,Sales,Husband,White,Male,United-States,>50K
23,313573,13,0,0,25,Private,Bachelors,Never-married,Sales,Own-child,Black,Female,United-States,<=50K
45,230979,10,0,0,40,Private,Some-college,Married-spouse-absent,Adm-clerical,Not-in-family,White,Female,United-States,<=50K
55,227856,13,7298,0,60,Private,Bachelors,Married-civ-spouse,Exec-managerial,Husband,White,Male,United-States,>50K
45,108100,13,99999,0,25,Self-emp-inc,Bachelors,Married-civ-spouse,Exec-managerial,Wife,Asian-Pac-Islander,Female,MISSING,>50K
47,228372,14,0,0,48,Local-gov,Masters,Married-civ-spouse,Prof-specialty,Husband,White,Male,United-States,>50K
33,31703,10,0,0,40,State-gov,Some-college,Never-married,Other-service,Own-child,White,Male,United-States,<=50K
38,105150,13,0,0,45,Private,Bachelors,Married-civ-spouse,Prof-specialty,Husband,White,Male,United-States,>50K
46,162566,14,0,0,50,Local-gov,Masters,Divorced,Prof-specialty,Unmarried,White,Female,Canada,<=50K
53,202720,5,0,0,75,Private,9th,Married-spouse-absent,Machine-op-inspct,Unmarried,Black,Male,Haiti,<=50K
20,340217,9,0,0,40,Federal-gov,HS-grad,Never-married,Adm-clerical,Own-child,White,Female,United-States,<=50K
29,327779,10,0,0,20,Private,Some-college,Married-civ-spouse,Handlers-cleaners,Husband,White,Male,United-States,<=50K
30,190912,7,0,1651,40,Private,11th,Married-civ-spouse,Handlers-cleaners,Husband,Asian-Pac-Islander,Male,Vietnam,<=50K
50,219420,9,0,0,50,Self-emp-inc,HS-grad,Married-civ-spouse,Sales,Husband,White,Male,United-States,>50K
34,133278,8,0,0,53,MISSING,12th,Separated,MISSING,Unmarried,Black,Female,United-States,<=50K
33,182792,9,0,0,40,Private,HS-grad,Divorced,Other-service,Unmarried,White,Female,United-States,<=50K
38,132879,9,7298,0,50,Private,HS-grad,Married-civ-spouse,Craft-repair,Husband,White,Male,United-States,>50K
37,588003,13,15024,0,40,Private,Bachelors,Married-civ-spouse,Exec-managerial,Husband,White,Male,United-States,>50K
41,247752,9,0,0,40,Private,HS-grad,Married-civ-spouse,Sales,Husband,White,Male,United-States,<=50K
32,106541,3,0,0,40,Private,5th-6th,Married-civ-spouse,Other-service,Other-relative,White,Male,United-States,<=50K
42,367292,10,0,0,40,State-gov,Some-college,Married-civ-spouse,Protective-serv,Husband,White,Male,United-States,>50K
43,193882,9,0,0,40,Private,HS-grad,Married-civ-spouse,Exec-managerial,Husband,White,Male,United-States,>50K
48,182566,13,0,0,40,Private,Bachelors,Married-civ-spouse,Sales,Husband,Black,Male,United-States,>50K
42,227065,14,0,0,22,Local-gov,Masters,Never-married,Prof-specialty,Not-in-family,White,Male,United-States,<=50K
44,155472,12,1151,0,50,Private,Assoc-acdm,Never-married,Prof-specialty,Unmarried,Black,Female,United-States,<=50K
19,227178,7,0,0,25,Private,11th,Never-married,Sales,Not-in-family,White,Female,United-States,<=50K
41,177599,13,0,0,35,Local-gov,Bachelors,Divorced,Prof-specialty,Unmarried,White,Female,United-States,<=50K
36,180686,9,0,0,45,Private,HS-grad,Married-civ-spouse,Craft-repair,Husband,White,Male,United-States,>50K
38,289430,9,0,0,56,Local-gov,HS-grad,Divorced,Protective-serv,Not-in-family,White,Male,United-States,<=50K
18,184693,10,0,0,20,Private,Some-college,Never-married,Other-service,Own-child,White,Female,Mexico,<=50K
35,26987,9,0,0,40,Private,HS-grad,Separated,Adm-clerical,Not-in-family,White,Female,United-States,<=50K
58,209423,2,0,0,38,Private,1st-4th,Married-civ-spouse,Other-service,Husband,White,Male,Cuba,<=50K
21,218445,10,0,0,40,Local-gov,Some-college,Never-married,Adm-clerical,Own-child,White,Female,Mexico,<=50K
61,101265,9,1471,0,35,Local-gov,HS-grad,Widowed,Adm-clerical,Unmarried,White,Female,United-States,<=50K
52,253784,7,0,0,20,Private,11th,Divorced,Other-service,Unmarried,White,Female,United-States,<=50K
63,76860,13,0,0,40,Private,Bachelors,Married-civ-spouse,Protective-serv,Husband,Asian-Pac-Islander,Male,Philippines,>50K
34,93169,10,0,0,40,Private,Some-college,Divorced,Other-service,Unmarried,Black,Female,United-States,<=50K
37,342084,10,0,0,60,Self-emp-inc,Some-college,Married-civ-spouse,Exec-managerial,Husband,White,Male,United-States,>50K
56,112840,9,0,0,55,Private,HS-grad,Married-civ-spouse,Exec-managerial,Husband,White,Male,United-States,>50K
39,75995,9,0,0,45,Private,HS-grad,Divorced,Exec-managerial,Unmarried,White,Female,United-States,<=50K
35,468713,9,0,0,40,Self-emp-not-inc,HS-grad,Married-civ-spouse,Exec-managerial,Husband,White,Male,United-States,<=50K
48,328606,15,14084,0,63,Self-emp-not-inc,Prof-school,Divorced,Prof-specialty,Unmarried,White,Male,United-States,>50K
59,176011,10,0,0,40,Private,Some-college,Separated,Adm-clerical,Unmarried,White,Male,United-States,<=50K
39,117555,13,0,0,60,Self-emp-inc,Bachelors,Married-civ-spouse,Exec-managerial,Husband,White,Male,United-States,>50K
50,222381,10,0,0,40,MISSING,Some-college,Divorced,MISSING,Unmarried,White,Male,United-States,<=50K
41,173682,11,0,0,43,Private,Assoc-voc,Married-civ-spouse,Craft-repair,Husband,White,Male,United-States,>50K
34,30433,13,0,0,35,Private,Bachelors,Never-married,Sales,Not-in-family,White,Female,United-States,<=50K
58,210673,10,0,0,40,Private,Some-college,Married-civ-spouse,Adm-clerical,Wife,White,Female,United-States,>50K
37,196348,10,0,0,40,Federal-gov,Some-college,Married-civ-spouse,Machine-op-inspct,Husband,White,Male,United-States,<=50K
21,202373,10,0,0,40,Private,Some-college,Married-civ-spouse,Handlers-cleaners,Husband,Black,Male,United-States,<=50K
31,348504,13,0,0,50,Private,Bachelors,Married-civ-spouse,Exec-managerial,Husband,White,Male,United-States,<=50K
70,206232,6,0,0,50,Private,10th,Married-civ-spouse,Machine-op-inspct,Husband,White,Male,United-States,<=50K
64,312242,10,0,0,3,Private,Some-college,Widowed,Exec-managerial,Not-in-family,White,Female,United-States,<=50K
39,306646,10,3103,0,50,Private,Some-college,Married-civ-spouse,Sales,Husband,White,Male,United-States,>50K
50,293196,9,7298,0,40,Self-emp-inc,HS-grad,Married-civ-spouse,Exec-managerial,Husband,White,Male,United-States,>50K
43,188436,15,0,0,40,Private,Prof-school,Divorced,Exec-managerial,Not-in-family,White,Male,United-States,<=50K
41,564135,14,0,0,40,Federal-gov,Masters,Married-civ-spouse,Exec-managerial,Husband,White,Male,United-States,>50K
39,481060,9,0,0,40,Private,HS-grad,Divorced,Sales,Unmarried,White,Female,United-States,<=50K
26,239303,13,0,0,50,Private,Bachelors,Married-civ-spouse,Prof-specialty,Husband,White,Male,MISSING,<=50K
38,403391,13,0,0,60,Self-emp-not-inc,Bachelors,Married-civ-spouse,Exec-managerial,Husband,White,Male,United-States,<=50K
30,355571,9,0,0,40,MISSING,HS-grad,Never-married,MISSING,Unmarried,Black,Female,United-States,<=50K
20,190457,9,0,0,30,Private,HS-grad,Never-married,Other-service,Own-child,White,Female,United-States,<=50K
28,188236,10,0,0,40,Private,Some-college,Never-married,Adm-clerical,Not-in-family,White,Female,United-States,<=50K
50,287598,10,0,0,70,Self-emp-inc,Some-college,Married-civ-spouse,Craft-repair,Husband,White,Male,United-States,<=50K
47,184005,9,3325,0,45,Private,HS-grad,Divorced,Exec-managerial,Not-in-family,Amer-Indian-Eskimo,Female,United-States,<=50K
47,239439,7,0,0,40,Private,11th,Married-civ-spouse,Machine-op-inspct,Wife,Black,Female,United-States,<=50K
18,201871,8,0,0,20,Private,12th,Never-married,Other-service,Own-child,White,Male,United-States,<=50K
45,192053,9,0,0,60,Private,HS-grad,Married-civ-spouse,Exec-managerial,Husband,White,Male,United-States,>50K
48,155664,9,7688,0,70,Private,HS-grad,Married-civ-spouse,Craft-repair,Husband,White,Male,United-States,>50K
38,334366,10,0,0,15,Self-emp-not-inc,Some-college,Married-civ-spouse,Farming-fishing,Wife,White,Female,United-States,<=50K
45,37672,11,0,0,40,State-gov,Assoc-voc,Divorced,Tech-support,Unmarried,White,Female,United-States,<=50K
48,109421,13,0,0,55,Private,Bachelors,Married-civ-spouse,Prof-specialty,Husband,White,Male,United-States,<=50K
44,367749,13,0,0,45,Private,Bachelors,Never-married,Prof-specialty,Not-in-family,White,Female,Mexico,<=50K
47,84790,10,0,0,40,Private,Some-college,Married-civ-spouse,Craft-repair,Husband,White,Male,United-States,<=50K
38,219546,13,0,0,40,Private,Bachelors,Married-civ-spouse,Prof-specialty,Husband,White,Male,United-States,>50K
28,119793,10,0,0,40,State-gov,Some-college,Married-civ-spouse,Protective-serv,Husband,White,Male,United-States,<=50K
60,180418,7,0,0,40,Private,11th,Married-civ-spouse,Craft-repair,Husband,White,Male,United-States,<=50K
56,317847,13,0,0,40,Federal-gov,Bachelors,Divorced,Adm-clerical,Not-in-family,White,Male,United-States,<=50K
72,192732,9,0,0,20,Private,HS-grad,Married-civ-spouse,Handlers-cleaners,Husband,White,Male,United-States,<=50K
37,549174,9,0,0,50,Private,HS-grad,Married-civ-spouse,Craft-repair,Husband,White,Male,United-States,>50K
39,498785,9,0,0,40,Private,HS-grad,Divorced,Adm-clerical,Not-in-family,White,Male,United-States,<=50K
26,111243,9,0,0,35,Private,HS-grad,Never-married,Adm-clerical,Unmarried,White,Female,United-States,<=50K
20,194138,7,0,0,20,Private,11th,Never-married,Craft-repair,Own-child,White,Male,United-States,<=50K
52,194995,13,15024,0,55,Self-emp-not-inc,Bachelors,Married-civ-spouse,Sales,Husband,White,Male,United-States,>50K
53,126977,9,0,0,35,Private,HS-grad,Separated,Craft-repair,Not-in-family,White,Male,United-States,<=50K
55,60193,9,0,0,40,Private,HS-grad,Divorced,Adm-clerical,Not-in-family,White,Female,United-States,<=50K
36,184655,6,0,0,48,Private,10th,Divorced,Transport-moving,Unmarried,White,Male,United-States,<=50K
35,76845,5,0,0,40,Federal-gov,9th,Married-civ-spouse,Farming-fishing,Husband,Black,Male,United-States,<=50K
17,24090,9,0,0,35,Private,HS-grad,Never-married,Exec-managerial,Own-child,White,Female,United-States,<=50K
60,188650,3,0,0,40,Private,5th-6th,Married-civ-spouse,Sales,Husband,White,Male,MISSING,>50K
25,190057,13,0,0,40,Local-gov,Bachelors,Never-married,Prof-specialty,Own-child,White,Female,United-States,<=50K
61,230545,9,0,0,35,Federal-gov,HS-grad,Never-married,Adm-clerical,Unmarried,White,Female,Puerto-Rico,<=50K
18,59202,9,0,0,10,Private,HS-grad,Never-married,Priv-house-serv,Other-relative,White,Female,United-States,<=50K
43,373403,11,0,0,40,Private,Assoc-voc,Married-civ-spouse,Craft-repair,Husband,White,Male,United-States,<=50K
55,254949,9,0,0,40,Local-gov,HS-grad,Married-civ-spouse,Handlers-cleaners,Husband,White,Male,United-States,<=50K
44,104440,13,0,0,40,Private,Bachelors,Married-civ-spouse,Exec-managerial,Husband,White,Male,United-States,>50K
31,164569,10,0,0,48,Private,Some-college,Divorced,Other-service,Unmarried,White,Female,United-States,<=50K
54,98535,13,0,0,40,Private,Bachelors,Married-civ-spouse,Exec-managerial,Husband,White,Male,United-States,>50K
46,197731,11,0,0,40,Private,Assoc-voc,Married-spouse-absent,Machine-op-inspct,Unmarried,White,Male,United-States,<=50K
38,161141,10,0,0,45,Private,Some-college,Married-civ-spouse,Tech-support,Husband,White,Male,United-States,<=50K
35,38294,9,0,0,40,Private,HS-grad,Married-civ-spouse,Craft-repair,Husband,White,Male,United-States,<=50K
22,206974,13,0,0,40,Private,Bachelors,Never-married,Sales,Not-in-family,White,Female,United-States,<=50K
52,194259,4,0,0,50,Private,7th-8th,Married-civ-spouse,Exec-managerial,Wife,White,Female,United-States,<=50K
38,117312,9,15024,0,40,Private,HS-grad,Married-civ-spouse,Exec-managerial,Wife,White,Female,United-States,>50K
27,33429,10,0,0,40,Private,Some-college,Divorced,Adm-clerical,Unmarried,White,Female,United-States,<=50K
39,100669,10,0,0,40,Private,Some-college,Married-civ-spouse,Craft-repair,Own-child,Asian-Pac-Islander,Male,United-States,<=50K
60,125019,13,8614,0,48,Private,Bachelors,Divorced,Prof-specialty,Not-in-family,White,Female,United-States,>50K
19,225775,10,0,0,40,MISSING,Some-college,Never-married,MISSING,Own-child,White,Male,United-States,<=50K
32,549430,9,0,0,40,Private,HS-grad,Never-married,Priv-house-serv,Unmarried,White,Female,Mexico,<=50K
55,414994,9,0,0,40,Private,HS-grad,Married-civ-spouse,Craft-repair,Husband,White,Male,United-States,<=50K
61,123273,3,0,1876,56,Private,5th-6th,Divorced,Transport-moving,Not-in-family,White,Male,United-States,<=50K
33,132832,9,0,0,50,Private,HS-grad,Never-married,Adm-clerical,Not-in-family,White,Female,United-States,<=50K
45,140644,16,0,0,45,Private,Doctorate,Divorced,Prof-specialty,Not-in-family,White,Male,United-States,>50K
22,332194,10,0,0,40,Private,Some-college,Never-married,Other-service,Own-child,Black,Male,United-States,<=50K
54,182854,9,0,0,45,Private,HS-grad,Married-civ-spouse,Craft-repair,Husband,White,Male,United-States,<=50K
42,297335,12,0,0,31,Private,Assoc-acdm,Married-spouse-absent,Exec-managerial,Unmarried,Asian-Pac-Islander,Female,Laos,<=50K
63,122442,10,0,0,48,Self-emp-not-inc,Some-college,Married-civ-spouse,Other-service,Husband,White,Male,United-States,<=50K
35,483530,10,0,0,40,State-gov,Some-college,Divorced,Tech-support,Unmarried,White,Female,United-States,<=50K
49,144396,7,0,0,38,Private,11th,Divorced,Exec-managerial,Not-in-family,White,Female,United-States,<=50K
26,214637,9,0,0,35,Private,HS-grad,Divorced,Other-service,Unmarried,White,Female,United-States,<=50K
44,193459,11,3411,0,40,Private,Assoc-voc,Married-civ-spouse,Craft-repair,Husband,White,Male,United-States,<=50K
28,171133,11,0,0,40,Private,Assoc-voc,Never-married,Adm-clerical,Own-child,White,Female,United-States,<=50K
63,150079,9,0,0,35,Local-gov,HS-grad,Married-civ-spouse,Adm-clerical,Wife,White,Female,United-States,>50K
32,30499,13,0,0,32,MISSING,Bachelors,Divorced,MISSING,Unmarried,White,Female,United-States,<=50K
21,162160,10,0,0,40,MISSING,Some-college,Never-married,MISSING,Own-child,Asian-Pac-Islander,Male,Taiwan,<=50K
49,104542,9,0,0,40,Private,HS-grad,Divorced,Adm-clerical,Not-in-family,White,Female,United-States,<=50K
54,146834,6,0,0,60,Private,10th,Married-civ-spouse,Machine-op-inspct,Husband,White,Male,United-States,<=50K
21,162228,9,0,0,30,Private,HS-grad,Never-married,Sales,Own-child,White,Male,United-States,<=50K
25,264012,13,0,0,45,Private,Bachelors,Married-civ-spouse,Adm-clerical,Husband,White,Male,United-States,>50K
53,227602,9,0,0,37,Private,HS-grad,Divorced,Sales,Not-in-family,White,Female,Mexico,<=50K
28,424884,6,0,0,30,MISSING,10th,Separated,MISSING,Not-in-family,White,Male,United-States,<=50K
41,151089,10,0,0,50,Self-emp-inc,Some-college,Married-civ-spouse,Exec-managerial,Husband,White,Male,United-States,<=50K
51,146325,9,0,0,28,MISSING,HS-grad,Married-civ-spouse,MISSING,Husband,White,Male,United-States,<=50K
31,340880,13,0,0,48,Self-emp-not-inc,Bachelors,Married-civ-spouse,Sales,Husband,White,Male,United-States,<=50K
30,257295,10,0,2258,40,Self-emp-not-inc,Some-college,Never-married,Sales,Other-relative,Asian-Pac-Islander,Male,South,<=50K
21,218957,7,0,0,45,Private,11th,Never-married,Craft-repair,Own-child,White,Male,United-States,<=50K
48,278530,9,0,0,40,Private,HS-grad,Divorced,Craft-repair,Unmarried,White,Male,United-States,<=50K
46,188861,10,0,0,40,Private,Some-college,Married-civ-spouse,Transport-moving,Husband,White,Male,United-States,<=50K
41,240900,9,0,0,20,Self-emp-not-inc,HS-grad,Divorced,Farming-fishing,Other-relative,White,Male,United-States,<=50K
20,211466,9,0,0,80,Self-emp-not-inc,HS-grad,Never-married,Transport-moving,Own-child,White,Male,United-States,<=50K
30,266463,9,0,0,40,Federal-gov,HS-grad,Married-civ-spouse,Adm-clerical,Husband,White,Male,United-States,>50K
22,219042,6,0,0,40,Private,10th,Never-married,Machine-op-inspct,Unmarried,White,Male,United-States,<=50K
32,256609,8,0,0,40,Private,12th,Married-civ-spouse,Machine-op-inspct,Husband,White,Male,Mexico,<=50K
58,201112,10,0,0,55,Private,Some-college,Divorced,Adm-clerical,Not-in-family,Black,Female,United-States,>50K
51,35211,9,0,0,40,Local-gov,HS-grad,Married-civ-spouse,Transport-moving,Husband,Amer-Indian-Eskimo,Male,United-States,<=50K
32,186788,9,0,0,40,Private,HS-grad,Married-civ-spouse,Transport-moving,Husband,White,Male,United-States,<=50K
46,175262,12,0,0,40,Private,Assoc-acdm,Married-civ-spouse,Adm-clerical,Husband,Asian-Pac-Islander,Male,India,<=50K
25,122075,13,0,0,50,Private,Bachelors,Never-married,Exec-managerial,Not-in-family,White,Male,United-States,<=50K
32,295589,14,0,1977,40,Private,Masters,Married-civ-spouse,Exec-managerial,Husband,Black,Male,United-States,>50K
46,254367,9,0,1590,48,Private,HS-grad,Never-married,Transport-moving,Not-in-family,White,Male,United-States,<=50K
33,132601,10,0,0,45,Private,Some-college,Married-civ-spouse,Exec-managerial,Husband,White,Male,United-States,<=50K
50,207367,10,0,0,40,Private,Some-college,Married-spouse-absent,Other-service,Not-in-family,White,Female,Cuba,<=50K
54,113000,10,0,0,40,Local-gov,Some-college,Married-civ-spouse,Farming-fishing,Husband,White,Male,United-States,<=50K
43,160246,10,0,0,40,Private,Some-college,Divorced,Prof-specialty,Unmarried,Black,Female,United-States,<=50K
22,219086,10,0,0,55,Private,Some-college,Married-civ-spouse,Sales,Husband,White,Male,United-States,<=50K
19,427862,10,0,0,35,Private,Some-college,Never-married,Other-service,Own-child,White,Male,United-States,<=50K
48,160724,13,0,0,40,Self-emp-not-inc,Bachelors,Married-civ-spouse,Exec-managerial,Husband,Asian-Pac-Islander,Male,Japan,<=50K
42,217597,9,0,0,50,Self-emp-not-inc,HS-grad,Divorced,Sales,Own-child,White,Male,MISSING,<=50K
37,238311,9,0,0,36,Private,HS-grad,Married-civ-spouse,Machine-op-inspct,Husband,Black,Male,United-States,>50K
18,192409,8,0,0,25,Private,12th,Never-married,Other-service,Own-child,White,Female,United-States,<=50K
56,133025,9,0,0,50,Private,HS-grad,Married-civ-spouse,Transport-moving,Husband,White,Male,United-States,<=50K
18,182042,7,0,0,19,Private,11th,Never-married,Other-service,Own-child,White,Female,United-States,<=50K
25,60726,9,0,0,30,Private,HS-grad,Married-civ-spouse,Transport-moving,Husband,Black,Male,United-States,<=50K
30,178383,10,0,0,40,Local-gov,Some-college,Separated,Handlers-cleaners,Not-in-family,Black,Male,United-States,<=50K
51,241346,9,0,0,43,Private,HS-grad,Divorced,Adm-clerical,Not-in-family,White,Female,United-States,<=50K
61,120939,15,0,0,5,Private,Prof-school,Married-civ-spouse,Transport-moving,Husband,White,Male,United-States,>50K
50,172046,10,0,0,40,Federal-gov,Some-college,Married-civ-spouse,Exec-managerial,Husband,White,Male,United-States,>50K
77,158847,11,0,0,25,MISSING,Assoc-voc,Married-spouse-absent,MISSING,Not-in-family,White,Female,United-States,<=50K
40,37997,10,0,0,50,Self-emp-inc,Some-college,Married-civ-spouse,Farming-fishing,Husband,White,Male,United-States,<=50K
28,164170,11,0,0,40,Private,Assoc-voc,Married-civ-spouse,Adm-clerical,Wife,Asian-Pac-Islander,Female,India,<=50K
43,41834,9,0,0,38,State-gov,HS-grad,Married-civ-spouse,Transport-moving,Husband,White,Male,United-States,>50K
22,61850,9,0,0,40,Private,HS-grad,Never-married,Other-service,Not-in-family,White,Female,United-States,<=50K
38,220783,9,0,0,20,Private,HS-grad,Divorced,Other-service,Not-in-family,White,Female,United-States,<=50K
61,149405,9,0,0,40,Private,HS-grad,Married-civ-spouse,Other-service,Husband,Black,Male,United-States,<=50K
40,184378,10,0,0,60,Private,Some-college,Married-civ-spouse,Sales,Husband,White,Male,Puerto-Rico,<=50K
39,269722,13,0,0,70,Private,Bachelors,Married-civ-spouse,Exec-managerial,Husband,White,Male,United-States,<=50K
44,120057,12,4386,0,45,Private,Assoc-acdm,Married-civ-spouse,Exec-managerial,Husband,White,Male,United-States,>50K
25,193820,13,0,1876,40,Private,Bachelors,Never-married,Sales,Not-in-family,White,Female,United-States,<=50K
36,186415,9,0,0,65,Private,HS-grad,Married-civ-spouse,Handlers-cleaners,Husband,White,Male,United-States,<=50K
48,40666,7,0,0,60,Private,11th,Married-civ-spouse,Handlers-cleaners,Husband,White,Male,United-States,<=50K
29,308944,9,0,0,40,Private,HS-grad,Married-spouse-absent,Craft-repair,Not-in-family,White,Male,United-States,<=50K
29,122127,13,8614,0,40,Private,Bachelors,Never-married,Prof-specialty,Not-in-family,White,Female,United-States,>50K
62,123612,13,0,0,4,MISSING,Bachelors,Married-civ-spouse,MISSING,Husband,White,Male,United-States,<=50K
45,179135,9,0,0,40,Private,HS-grad,Divorced,Adm-clerical,Not-in-family,White,Female,United-States,<=50K
28,105817,7,0,0,50,Private,11th,Married-civ-spouse,Exec-managerial,Husband,White,Male,United-States,>50K
33,168981,2,0,0,24,Private,1st-4th,Never-married,Sales,Own-child,White,Female,United-States,<=50K
35,290226,9,0,0,45,Private,HS-grad,Never-married,Exec-managerial,Not-in-family,White,Male,United-States,<=50K
21,176178,10,0,0,16,Private,Some-college,Never-married,Sales,Own-child,White,Female,United-States,<=50K
51,259363,10,0,0,60,Private,Some-college,Married-civ-spouse,Exec-managerial,Husband,White,Male,United-States,>50K
36,175232,9,5178,0,40,Private,HS-grad,Married-civ-spouse,Craft-repair,Husband,White,Male,United-States,>50K
39,116608,9,0,0,40,Federal-gov,HS-grad,Divorced,Adm-clerical,Unmarried,White,Female,United-States,<=50K
37,177285,11,0,0,48,Private,Assoc-voc,Married-civ-spouse,Adm-clerical,Wife,Black,Female,United-States,>50K
25,273792,9,0,0,37,Private,HS-grad,Never-married,Craft-repair,Own-child,White,Male,United-States,<=50K
38,151322,9,0,0,40,Self-emp-not-inc,HS-grad,Separated,Craft-repair,Not-in-family,White,Male,United-States,<=50K
21,166851,9,0,0,40,Private,HS-grad,Never-married,Machine-op-inspct,Other-relative,White,Male,United-States,<=50K
40,390369,9,0,0,40,Private,HS-grad,Divorced,Craft-repair,Own-child,White,Male,United-States,<=50K
41,116391,10,0,0,40,Private,Some-college,Married-civ-spouse,Craft-repair,Husband,White,Male,United-States,<=50K
43,150533,9,0,0,68,Self-emp-inc,HS-grad,Married-civ-spouse,Sales,Husband,White,Male,United-States,>50K
34,216864,9,0,3770,45,Private,HS-grad,Divorced,Other-service,Unmarried,White,Female,United-States,<=50K
49,199448,11,0,0,40,Private,Assoc-voc,Divorced,Sales,Unmarried,White,Female,United-States,<=50K
27,136094,9,0,0,40,Private,HS-grad,Never-married,Handlers-cleaners,Own-child,White,Male,United-States,<=50K
36,127573,9,0,0,38,Private,HS-grad,Separated,Adm-clerical,Not-in-family,White,Female,United-States,<=50K
45,142719,9,0,0,40,Self-emp-inc,HS-grad,Married-civ-spouse,Sales,Husband,White,Male,United-States,<=50K
40,544792,10,0,0,40,Federal-gov,Some-college,Married-civ-spouse,Farming-fishing,Husband,White,Male,United-States,<=50K
22,376277,10,0,0,35,MISSING,Some-college,Divorced,MISSING,Not-in-family,White,Female,United-States,<=50K
19,42750,10,0,0,55,Private,Some-college,Never-married,Handlers-cleaners,Not-in-family,White,Male,United-States,<=50K
42,126320,10,0,0,40,Federal-gov,Some-college,Married-civ-spouse,Transport-moving,Husband,Black,Male,United-States,<=50K
36,84306,13,5013,0,50,Private,Bachelors,Married-civ-spouse,Exec-managerial,Husband,White,Male,United-States,<=50K
41,167106,13,3103,0,35,Private,Bachelors,Married-civ-spouse,Adm-clerical,Husband,Asian-Pac-Islander,Male,Philippines,>50K
49,155489,13,0,0,40,Private,Bachelors,Married-civ-spouse,Craft-repair,Husband,White,Male,United-States,<=50K
26,485117,12,0,0,40,Private,Assoc-acdm,Never-married,Craft-repair,Not-in-family,White,Male,United-States,<=50K
52,124591,9,0,0,40,Private,HS-grad,Never-married,Handlers-cleaners,Unmarried,White,Male,United-States,<=50K
30,403433,13,0,0,50,Private,Bachelors,Never-married,Prof-specialty,Not-in-family,Black,Male,United-States,>50K
54,466502,4,0,0,30,Private,7th-8th,Widowed,Other-service,Unmarried,White,Male,United-States,<=50K
78,237294,9,0,0,45,Self-emp-inc,HS-grad,Widowed,Sales,Not-in-family,White,Male,United-States,>50K
33,122116,9,0,0,45,Private,HS-grad,Married-civ-spouse,Sales,Husband,White,Male,United-States,<=50K
30,284395,9,0,0,50,Private,HS-grad,Married-civ-spouse,Craft-repair,Husband,White,Male,United-States,<=50K
45,170915,9,4865,0,40,Federal-gov,HS-grad,Divorced,Tech-support,Not-in-family,White,Female,United-States,<=50K
20,379525,10,0,0,10,Private,Some-college,Never-married,Other-service,Own-child,White,Female,United-States,<=50K
37,201259,7,0,0,65,Private,11th,Divorced,Transport-moving,Not-in-family,White,Male,United-States,<=50K
33,376483,10,0,0,40,Private,Some-college,Divorced,Adm-clerical,Not-in-family,Black,Female,United-States,<=50K
41,113324,9,0,0,40,Private,HS-grad,Married-civ-spouse,Handlers-cleaners,Husband,White,Male,United-States,<=50K
49,407495,9,0,0,70,MISSING,HS-grad,Married-spouse-absent,MISSING,Not-in-family,White,Male,United-States,<=50K
25,206600,5,0,0,48,Private,9th,Never-married,Machine-op-inspct,Other-relative,White,Male,Mexico,<=50K
24,450695,10,0,0,35,Private,Some-college,Never-married,Sales,Own-child,White,Male,United-States,<=50K
43,162003,10,0,0,40,Private,Some-college,Divorced,Machine-op-inspct,Not-in-family,White,Male,United-States,<=50K
33,174201,9,0,0,40,Private,HS-grad,Never-married,Handlers-cleaners,Own-child,White,Male,United-States,<=50K
51,293802,3,0,0,52,Private,5th-6th,Married-civ-spouse,Handlers-cleaners,Husband,Black,Male,United-States,<=50K
54,391016,13,0,0,40,Private,Bachelors,Married-civ-spouse,Sales,Husband,White,Male,United-States,>50K
43,211450,9,0,0,40,Federal-gov,HS-grad,Never-married,Adm-clerical,Own-child,White,Male,United-States,<=50K
39,120985,9,0,0,40,Private,HS-grad,Divorced,Other-service,Own-child,White,Male,United-States,<=50K
47,83046,13,0,0,18,MISSING,Bachelors,Married-civ-spouse,MISSING,Husband,White,Male,United-States,<=50K
29,220692,11,0,0,40,Private,Assoc-voc,Never-married,Exec-managerial,Not-in-family,Black,Female,United-States,<=50K
60,148522,10,0,0,40,Private,Some-college,Married-civ-spouse,Craft-repair,Husband,Amer-Indian-Eskimo,Male,United-States,<=50K
37,66686,9,0,0,40,Private,HS-grad,Married-civ-spouse,Handlers-cleaners,Husband,White,Male,United-States,<=50K
36,309122,9,0,0,35,Private,HS-grad,Divorced,Adm-clerical,Unmarried,White,Female,United-States,<=50K
33,36539,13,0,0,40,Private,Bachelors,Married-civ-spouse,Exec-managerial,Wife,White,Female,United-States,>50K
43,50356,10,0,1485,50,Private,Some-college,Married-civ-spouse,Craft-repair,Husband,White,Male,United-States,<=50K
28,22422,9,0,0,55,Private,HS-grad,Never-married,Transport-moving,Unmarried,White,Male,United-States,<=50K
30,278522,7,0,0,40,Self-emp-not-inc,11th,Never-married,Farming-fishing,Own-child,Black,Male,United-States,<=50K
44,358199,10,0,0,45,Private,Some-college,Married-civ-spouse,Sales,Husband,White,Male,United-States,>50K
38,108947,10,7688,0,40,Self-emp-not-inc,Some-college,Married-civ-spouse,Machine-op-inspct,Husband,White,Male,United-States,>50K
32,194740,13,0,1902,40,Private,Bachelors,Married-civ-spouse,Sales,Husband,White,Male,United-States,>50K
39,122032,11,0,0,40,Private,Assoc-voc,Never-married,Machine-op-inspct,Not-in-family,White,Male,United-States,<=50K
34,296724,10,0,0,17,Private,Some-college,Never-married,Exec-managerial,Not-in-family,White,Female,United-States,<=50K
42,219682,14,0,0,45,State-gov,Masters,Divorced,Exec-managerial,Not-in-family,White,Male,United-States,<=50K
26,40915,13,0,0,25,Private,Bachelors,Never-married,Other-service,Not-in-family,White,Female,United-States,<=50K
41,106900,13,0,1902,42,Private,Bachelors,Married-civ-spouse,Tech-support,Husband,White,Male,United-States,>50K
19,131982,10,0,0,40,MISSING,Some-college,Never-married,MISSING,Own-child,White,Male,United-States,<=50K
49,304246,14,0,0,70,Local-gov,Masters,Separated,Prof-specialty,Unmarried,White,Female,United-States,<=50K
29,142519,9,0,0,40,Self-emp-not-inc,HS-grad,Married-civ-spouse,Machine-op-inspct,Husband,White,Male,United-States,<=50K
24,134787,10,0,0,40,Private,Some-college,Never-married,Sales,Own-child,White,Female,United-States,<=50K
26,68895,9,0,0,50,Private,HS-grad,Never-married,Adm-clerical,Not-in-family,White,Male,Mexico,<=50K
48,115585,13,0,0,40,Private,Bachelors,Married-civ-spouse,Sales,Husband,White,Male,United-States,<=50K
51,282549,9,3137,0,40,Private,HS-grad,Married-civ-spouse,Machine-op-inspct,Husband,Black,Male,United-States,<=50K
21,409230,9,0,0,40,Private,HS-grad,Never-married,Craft-repair,Not-in-family,White,Male,Guatemala,<=50K
36,202662,14,0,0,40,Private,Masters,Married-civ-spouse,Prof-specialty,Husband,White,Male,United-States,>50K
57,42298,14,15024,0,40,Federal-gov,Masters,Married-civ-spouse,Exec-managerial,Husband,Black,Male,United-States,>50K
59,193568,9,0,0,40,Private,HS-grad,Divorced,Machine-op-inspct,Own-child,White,Female,United-States,<=50K
69,165017,9,2538,0,40,Private,HS-grad,Widowed,Machine-op-inspct,Unmarried,White,Male,United-States,<=50K
20,70240,9,0,0,24,Private,HS-grad,Never-married,Sales,Own-child,Asian-Pac-Islander,Female,Philippines,<=50K
32,167106,9,0,0,40,Private,HS-grad,Married-civ-spouse,Sales,Husband,Asian-Pac-Islander,Male,Hong,<=50K
39,211440,9,0,0,55,Private,HS-grad,Married-civ-spouse,Transport-moving,Husband,White,Male,United-States,>50K
34,426431,13,0,0,40,Self-emp-not-inc,Bachelors,Married-civ-spouse,Craft-repair,Husband,White,Male,United-States,<=50K
74,211075,9,0,0,30,Private,HS-grad,Married-civ-spouse,Other-service,Husband,White,Male,United-States,<=50K
25,179059,13,0,0,40,Local-gov,Bachelors,Never-married,Prof-specialty,Own-child,White,Male,United-States,<=50K
24,166036,10,0,0,60,Self-emp-not-inc,Some-college,Married-civ-spouse,Transport-moving,Husband,White,Male,United-States,<=50K
18,155021,7,0,0,6,Private,11th,Never-married,Other-service,Own-child,White,Female,United-States,<=50K
40,102226,9,0,0,40,Self-emp-inc,HS-grad,Married-civ-spouse,Exec-managerial,Husband,White,Male,United-States,<=50K
51,240236,12,0,0,30,Self-emp-not-inc,Assoc-acdm,Separated,Sales,Not-in-family,Black,Male,United-States,<=50K
21,176486,9,0,0,60,Private,HS-grad,Married-spouse-absent,Exec-managerial,Other-relative,White,Female,United-States,<=50K
34,737315,13,0,0,40,Private,Bachelors,Married-civ-spouse,Prof-specialty,Husband,White,Male,United-States,>50K
32,184833,6,0,0,40,Private,10th,Separated,Craft-repair,Unmarried,White,Female,United-States,<=50K
20,230891,10,0,0,45,Private,Some-college,Never-married,Sales,Not-in-family,White,Male,United-States,<=50K
24,395297,10,0,0,35,Private,Some-college,Never-married,Sales,Own-child,White,Female,United-States,<=50K
35,116960,14,0,1887,40,Local-gov,Masters,Married-civ-spouse,Prof-specialty,Husband,White,Male,United-States,>50K
37,367237,11,8614,0,40,State-gov,Assoc-voc,Never-married,Prof-specialty,Not-in-family,White,Male,United-States,>50K
56,162130,3,0,1887,67,Self-emp-not-inc,5th-6th,Married-civ-spouse,Exec-managerial,Husband,White,Male,United-States,>50K
45,87583,9,0,0,14,Private,HS-grad,Married-civ-spouse,Prof-specialty,Wife,White,Female,United-States,<=50K
33,298785,6,0,0,40,Local-gov,10th,Divorced,Transport-moving,Not-in-family,White,Male,United-States,<=50K
30,98733,10,0,0,20,Private,Some-college,Divorced,Machine-op-inspct,Unmarried,White,Female,United-States,<=50K
52,145409,10,15024,0,60,Private,Some-college,Married-civ-spouse,Transport-moving,Husband,White,Male,Canada,>50K
53,133219,9,4386,0,30,Private,HS-grad,Married-civ-spouse,Other-service,Husband,Black,Male,United-States,>50K
23,103064,13,0,0,40,Private,Bachelors,Never-married,Tech-support,Not-in-family,White,Female,United-States,<=50K
37,234807,9,0,0,37,Private,HS-grad,Divorced,Adm-clerical,Unmarried,White,Female,United-States,<=50K
51,175070,12,5178,0,45,Private,Assoc-acdm,Married-civ-spouse,Sales,Husband,White,Male,United-States,>50K
17,150262,7,0,0,20,Private,11th,Never-married,Sales,Own-child,White,Female,United-States,<=50K
54,230387,9,0,0,35,Federal-gov,HS-grad,Widowed,Adm-clerical,Unmarried,White,Female,United-States,<=50K
52,128378,13,0,0,40,Private,Bachelors,Married-civ-spouse,Prof-specialty,Husband,White,Male,United-States,>50K
62,24515,5,0,0,40,Private,9th,Married-civ-spouse,Exec-managerial,Husband,White,Male,United-States,<=50K
25,174592,9,0,0,25,Private,HS-grad,Never-married,Other-service,Own-child,White,Female,United-States,<=50K
20,194891,9,0,0,40,Private,HS-grad,Never-married,Adm-clerical,Not-in-family,White,Female,United-States,<=50K
32,153078,13,0,0,40,Private,Bachelors,Never-married,Other-service,Not-in-family,Asian-Pac-Islander,Male,South,<=50K
31,231043,10,0,0,50,Private,Some-college,Married-civ-spouse,Transport-moving,Husband,White,Male,United-States,<=50K
21,225823,10,0,0,40,Private,Some-college,Never-married,Adm-clerical,Not-in-family,White,Female,United-States,<=50K
38,122076,10,7298,0,43,Private,Some-college,Married-civ-spouse,Transport-moving,Husband,White,Male,United-States,>50K
21,72119,10,0,0,45,Private,Some-college,Never-married,Adm-clerical,Not-in-family,White,Male,United-States,<=50K
19,57067,9,0,0,45,Private,HS-grad,Never-married,Machine-op-inspct,Other-relative,White,Male,United-States,<=50K
46,32825,9,0,0,40,Self-emp-not-inc,HS-grad,Separated,Craft-repair,Unmarried,White,Male,United-States,<=50K
40,104196,9,0,0,40,Private,HS-grad,Married-civ-spouse,Tech-support,Husband,White,Male,United-States,<=50K
22,239954,10,0,0,40,Private,Some-college,Never-married,Adm-clerical,Other-relative,White,Male,United-States,<=50K
37,170718,9,0,0,40,Private,HS-grad,Married-civ-spouse,Exec-managerial,Husband,White,Male,United-States,<=50K
29,190539,13,0,1590,50,Private,Bachelors,Never-married,Exec-managerial,Not-in-family,White,Male,United-States,<=50K
72,284120,10,0,0,40,Self-emp-not-inc,Some-college,Married-civ-spouse,Sales,Husband,White,Male,United-States,<=50K
38,227154,13,0,0,40,Local-gov,Bachelors,Married-civ-spouse,Craft-repair,Husband,Asian-Pac-Islander,Male,Philippines,<=50K
51,205100,9,0,0,40,Self-emp-not-inc,HS-grad,Married-civ-spouse,Exec-managerial,Wife,White,Female,United-States,<=50K
66,197816,13,10605,0,40,Self-emp-inc,Bachelors,Married-civ-spouse,Exec-managerial,Husband,White,Male,United-States,>50K
44,197919,10,0,0,40,Local-gov,Some-college,Divorced,Other-service,Unmarried,White,Female,United-States,<=50K
54,192654,13,0,0,65,Self-emp-not-inc,Bachelors,Divorced,Transport-moving,Not-in-family,White,Male,United-States,<=50K
21,165475,9,0,0,40,Private,HS-grad,Married-civ-spouse,Machine-op-inspct,Husband,White,Male,United-States,<=50K
51,173987,5,0,0,40,Private,9th,Married-civ-spouse,Sales,Husband,White,Male,United-States,<=50K
42,37937,13,0,0,55,Private,Bachelors,Married-civ-spouse,Exec-managerial,Husband,White,Male,United-States,>50K
53,48413,9,0,0,40,Private,HS-grad,Married-civ-spouse,Craft-repair,Husband,White,Male,United-States,<=50K
69,200560,13,0,0,20,Private,Bachelors,Married-civ-spouse,Handlers-cleaners,Husband,White,Male,United-States,<=50K
50,42402,15,0,2415,30,Self-emp-not-inc,Prof-school,Married-civ-spouse,Prof-specialty,Husband,White,Male,United-States,>50K
42,99185,10,0,0,40,Self-emp-not-inc,Some-college,Married-civ-spouse,Exec-managerial,Husband,White,Male,United-States,>50K
38,257416,5,0,0,40,Private,9th,Married-civ-spouse,Transport-moving,Husband,Black,Male,United-States,<=50K
54,123011,9,0,0,40,Private,HS-grad,Married-civ-spouse,Machine-op-inspct,Husband,White,Male,Poland,>50K
51,284211,9,0,0,35,Private,HS-grad,Widowed,Prof-specialty,Unmarried,White,Female,United-States,<=50K
46,265266,13,0,1902,40,Private,Bachelors,Married-civ-spouse,Prof-specialty,Husband,White,Male,United-States,>50K
41,208330,10,0,0,51,Private,Some-college,Married-civ-spouse,Sales,Husband,White,Male,United-States,<=50K
36,359249,10,0,0,40,Federal-gov,Some-college,Separated,Adm-clerical,Not-in-family,Black,Male,United-States,<=50K
35,243409,10,0,0,40,Private,Some-college,Married-civ-spouse,Transport-moving,Husband,White,Male,Germany,<=50K
46,269284,12,0,0,40,Private,Assoc-acdm,Widowed,Adm-clerical,Unmarried,White,Female,United-States,<=50K
19,216804,4,0,0,33,Private,7th-8th,Never-married,Other-service,Own-child,White,Male,United-States,<=50K
40,289748,13,4650,0,48,Private,Bachelors,Never-married,Exec-managerial,Not-in-family,White,Female,United-States,<=50K
80,225892,9,1409,0,40,Self-emp-not-inc,HS-grad,Married-civ-spouse,Other-service,Husband,White,Male,United-States,<=50K
51,20795,9,7688,0,40,Federal-gov,HS-grad,Married-civ-spouse,Transport-moving,Husband,White,Male,United-States,>50K
58,180980,10,0,0,42,Private,Some-college,Divorced,Other-service,Unmarried,White,Female,France,<=50K
81,106765,10,0,0,4,MISSING,Some-college,Widowed,MISSING,Unmarried,White,Female,United-States,<=50K
22,496856,10,0,0,40,Private,Some-college,Married-civ-spouse,Exec-managerial,Wife,White,Female,United-States,<=50K
34,268051,10,0,0,25,Private,Some-college,Married-civ-spouse,Protective-serv,Other-relative,Black,Female,Haiti,<=50K
24,89347,7,0,0,40,Private,11th,Never-married,Machine-op-inspct,Not-in-family,White,Female,United-States,<=50K
44,216907,9,0,0,37,Private,HS-grad,Divorced,Other-service,Not-in-family,White,Male,United-States,<=50K
27,189777,9,0,0,40,Private,HS-grad,Married-civ-spouse,Craft-repair,Husband,White,Male,United-States,<=50K
44,60414,14,0,0,40,Private,Masters,Married-civ-spouse,Exec-managerial,Husband,White,Male,United-States,>50K
50,167380,4,0,0,40,Self-emp-not-inc,7th-8th,Married-civ-spouse,Farming-fishing,Husband,White,Male,United-States,<=50K
37,80680,13,1151,0,35,Local-gov,Bachelors,Divorced,Prof-specialty,Unmarried,White,Female,United-States,<=50K
72,473748,10,0,0,25,Self-emp-inc,Some-college,Married-civ-spouse,Exec-managerial,Husband,White,Male,United-States,>50K
21,231866,9,0,0,65,Private,HS-grad,Never-married,Farming-fishing,Own-child,White,Male,United-States,<=50K
33,85355,9,0,0,30,Private,HS-grad,Separated,Machine-op-inspct,Not-in-family,White,Male,United-States,<=50K
55,216941,9,2885,0,40,MISSING,HS-grad,Married-civ-spouse,MISSING,Wife,White,Female,United-States,<=50K
18,188241,7,0,0,16,Private,11th,Never-married,Other-service,Own-child,White,Male,United-States,<=50K
46,394860,9,0,0,40,Private,HS-grad,Married-civ-spouse,Other-service,Husband,White,Male,United-States,<=50K
18,115443,7,0,0,25,Private,11th,Never-married,Handlers-cleaners,Not-in-family,White,Male,United-States,<=50K
36,126569,10,0,0,40,Local-gov,Some-college,Married-civ-spouse,Protective-serv,Husband,White,Male,United-States,>50K
46,177407,9,0,0,50,Self-emp-not-inc,HS-grad,Married-civ-spouse,Sales,Husband,White,Male,United-States,<=50K
35,102938,9,0,0,40,Local-gov,HS-grad,Married-civ-spouse,Other-service,Husband,White,Male,United-States,<=50K
28,100219,9,0,0,45,Private,HS-grad,Never-married,Machine-op-inspct,Own-child,White,Male,United-States,<=50K
56,135458,9,0,0,40,Private,HS-grad,Divorced,Tech-support,Not-in-family,Black,Female,United-States,<=50K
31,196125,7,0,0,40,Private,11th,Married-civ-spouse,Craft-repair,Husband,White,Male,United-States,<=50K
17,295991,6,0,0,20,Private,10th,Never-married,Adm-clerical,Own-child,White,Female,United-States,<=50K
25,195994,2,0,0,40,Private,1st-4th,Never-married,Priv-house-serv,Not-in-family,White,Female,Guatemala,<=50K
43,151089,10,0,0,50,Private,Some-college,Married-civ-spouse,Transport-moving,Husband,White,Male,United-States,<=50K
45,100651,9,0,1980,40,Private,HS-grad,Divorced,Other-service,Not-in-family,White,Male,United-States,<=50K
19,276973,10,0,0,20,Local-gov,Some-college,Never-married,Prof-specialty,Own-child,White,Female,United-States,<=50K
57,153918,9,0,0,40,Private,HS-grad,Married-civ-spouse,Transport-moving,Husband,White,Male,United-States,<=50K
33,207201,9,0,0,55,Private,HS-grad,Married-civ-spouse,Machine-op-inspct,Husband,White,Male,United-States,>50K
67,364862,9,0,0,30,Self-emp-not-inc,HS-grad,Widowed,Other-service,Not-in-family,White,Female,United-States,<=50K
25,218667,3,0,0,40,Private,5th-6th,Married-civ-spouse,Handlers-cleaners,Own-child,White,Male,United-States,<=50K
46,177305,11,0,0,35,MISSING,Assoc-voc,Married-civ-spouse,MISSING,Wife,Black,Female,United-States,>50K
38,372559,10,0,0,40,Private,Some-college,Married-civ-spouse,Craft-repair,Husband,Black,Male,United-States,<=50K
46,160187,14,0,0,35,Local-gov,Masters,Widowed,Exec-managerial,Unmarried,Black,Female,United-States,<=50K
44,57233,9,0,0,50,Self-emp-not-inc,HS-grad,Married-civ-spouse,Farming-fishing,Husband,White,Male,United-States,<=50K
44,266135,13,0,0,50,Private,Bachelors,Married-civ-spouse,Prof-specialty,Husband,White,Male,United-States,>50K
49,170846,14,0,0,40,Local-gov,Masters,Divorced,Exec-managerial,Not-in-family,White,Female,United-States,<=50K
54,33863,9,0,0,60,Self-emp-not-inc,HS-grad,Married-civ-spouse,Farming-fishing,Husband,White,Male,United-States,>50K
37,192939,9,0,0,40,Private,HS-grad,Married-civ-spouse,Transport-moving,Husband,White,Male,United-States,<=50K
68,140282,4,0,0,8,MISSING,7th-8th,Married-civ-spouse,MISSING,Husband,White,Male,United-States,<=50K
42,29702,6,0,0,40,Private,10th,Married-civ-spouse,Machine-op-inspct,Husband,White,Male,United-States,<=50K
40,203761,9,0,0,40,Private,HS-grad,Married-civ-spouse,Machine-op-inspct,Husband,White,Male,United-States,>50K
67,49401,11,0,0,24,Private,Assoc-voc,Divorced,Other-service,Not-in-family,White,Female,United-States,<=50K
53,208302,6,0,0,34,Private,10th,Married-civ-spouse,Other-service,Husband,White,Male,United-States,<=50K
28,87239,9,0,0,50,Private,HS-grad,Divorced,Transport-moving,Not-in-family,White,Male,United-States,<=50K
60,220342,7,0,0,35,Self-emp-not-inc,11th,Married-civ-spouse,Farming-fishing,Husband,White,Male,United-States,<=50K
53,174020,14,0,1876,38,Private,Masters,Divorced,Prof-specialty,Unmarried,White,Female,United-States,<=50K
24,249957,10,0,0,40,Private,Some-college,Never-married,Exec-managerial,Own-child,White,Male,United-States,<=50K
57,220871,4,0,0,40,Private,7th-8th,Widowed,Machine-op-inspct,Unmarried,Black,Female,United-States,<=50K
29,200928,9,0,0,40,Private,HS-grad,Married-civ-spouse,Exec-managerial,Husband,White,Male,United-States,>50K
39,239755,15,0,1902,50,Self-emp-inc,Prof-school,Married-civ-spouse,Prof-specialty,Husband,White,Male,United-States,>50K
23,250630,14,0,0,30,Private,Masters,Never-married,Prof-specialty,Not-in-family,White,Female,United-States,<=50K
45,47314,10,0,1902,40,Private,Some-college,Married-civ-spouse,Craft-repair,Husband,White,Male,MISSING,>50K
66,291362,15,0,0,50,Self-emp-not-inc,Prof-school,Married-civ-spouse,Prof-specialty,Husband,White,Male,United-States,<=50K
63,131519,9,0,0,40,Private,HS-grad,Divorced,Exec-managerial,Not-in-family,White,Female,United-States,<=50K
38,86643,13,0,0,45,Local-gov,Bachelors,Married-civ-spouse,Prof-specialty,Husband,White,Male,United-States,>50K
25,198813,13,0,0,40,Local-gov,Bachelors,Never-married,Adm-clerical,Other-relative,Black,Female,United-States,<=50K
28,167336,9,0,0,45,Private,HS-grad,Married-civ-spouse,Exec-managerial,Wife,White,Female,United-States,>50K
72,113044,9,0,0,30,MISSING,HS-grad,Widowed,MISSING,Not-in-family,White,Male,United-States,<=50K
40,106698,12,0,0,40,Private,Assoc-acdm,Divorced,Transport-moving,Unmarried,White,Female,United-States,<=50K
69,36956,10,20051,0,50,Private,Some-college,Married-civ-spouse,Exec-managerial,Husband,White,Male,United-States,>50K
59,66356,4,4865,0,40,Private,7th-8th,Never-married,Farming-fishing,Unmarried,White,Male,United-States,<=50K
51,255412,13,0,0,50,Private,Bachelors,Married-civ-spouse,Exec-managerial,Husband,White,Male,France,>50K
18,167979,7,0,0,15,Private,11th,Never-married,Sales,Own-child,White,Male,United-States,<=50K
40,150528,13,0,0,40,Private,Bachelors,Married-civ-spouse,Adm-clerical,Husband,White,Male,United-States,<=50K
18,169882,10,594,0,15,MISSING,Some-college,Never-married,MISSING,Own-child,White,Female,United-States,<=50K
41,49797,9,0,0,40,Private,HS-grad,Married-civ-spouse,Craft-repair,Husband,White,Male,United-States,<=50K
25,306352,11,0,0,40,Private,Assoc-voc,Married-civ-spouse,Tech-support,Husband,White,Male,Mexico,<=50K
40,31621,9,0,0,40,Private,HS-grad,Married-spouse-absent,Adm-clerical,Unmarried,White,Female,United-States,<=50K
47,138342,7,3411,0,40,Local-gov,11th,Married-civ-spouse,Transport-moving,Husband,White,Male,El-Salvador,<=50K
37,168475,9,0,0,40,Private,HS-grad,Married-civ-spouse,Exec-managerial,Husband,White,Male,United-States,>50K
32,309513,12,0,0,40,Private,Assoc-acdm,Married-civ-spouse,Craft-repair,Husband,White,Male,United-States,<=50K
39,165106,13,0,1564,50,Private,Bachelors,Married-spouse-absent,Craft-repair,Not-in-family,White,Male,MISSING,>50K
45,185385,9,0,0,47,Private,HS-grad,Married-civ-spouse,Craft-repair,Husband,White,Male,United-States,>50K
36,159016,9,0,0,38,Private,HS-grad,Married-civ-spouse,Machine-op-inspct,Husband,White,Male,United-States,<=50K
33,246291,13,0,0,46,Local-gov,Bachelors,Never-married,Prof-specialty,Not-in-family,White,Female,United-States,<=50K
46,199925,13,0,0,40,Federal-gov,Bachelors,Divorced,Prof-specialty,Not-in-family,White,Male,United-States,<=50K
34,210164,10,0,1740,40,Local-gov,Some-college,Married-civ-spouse,Craft-repair,Husband,White,Male,United-States,<=50K
58,258883,13,0,0,60,Self-emp-inc,Bachelors,Married-civ-spouse,Prof-specialty,Husband,White,Male,United-States,>50K
35,270572,13,0,0,40,Private,Bachelors,Divorced,Prof-specialty,Not-in-family,White,Female,United-States,>50K
56,125000,13,0,0,40,Private,Bachelors,Married-civ-spouse,Adm-clerical,Husband,White,Male,United-States,>50K
26,90980,11,0,0,55,Private,Assoc-voc,Divorced,Adm-clerical,Not-in-family,White,Female,United-States,<=50K
48,85109,10,0,0,45,Self-emp-inc,Some-college,Never-married,Craft-repair,Not-in-family,White,Male,United-States,<=50K
43,150528,14,0,0,40,Private,Masters,Married-civ-spouse,Prof-specialty,Husband,White,Male,United-States,>50K
41,238355,3,0,0,40,Private,5th-6th,Married-civ-spouse,Farming-fishing,Husband,White,Male,Mexico,<=50K
27,194652,9,0,0,40,Private,HS-grad,Never-married,Craft-repair,Own-child,Black,Male,United-States,<=50K
56,367200,9,0,0,40,Private,HS-grad,Divorced,Craft-repair,Other-relative,White,Male,United-States,<=50K
26,360252,12,0,0,40,Private,Assoc-acdm,Married-civ-spouse,Adm-clerical,Wife,White,Female,United-States,<=50K
37,224886,9,0,0,42,Private,HS-grad,Married-civ-spouse,Transport-moving,Husband,White,Male,United-States,<=50K
33,99761,13,0,0,15,Self-emp-not-inc,Bachelors,Never-married,Other-service,Not-in-family,White,Female,United-States,<=50K
48,268234,9,0,0,50,Private,HS-grad,Divorced,Craft-repair,Not-in-family,White,Male,United-States,<=50K
18,110142,9,0,0,30,Private,HS-grad,Never-married,Adm-clerical,Own-child,White,Female,United-States,<=50K
48,175925,9,0,0,48,Private,HS-grad,Married-civ-spouse,Machine-op-inspct,Husband,White,Male,United-States,<=50K
23,311376,11,0,0,40,Private,Assoc-voc,Never-married,Adm-clerical,Not-in-family,White,Female,United-States,<=50K
35,128876,4,0,0,40,Self-emp-not-inc,7th-8th,Married-civ-spouse,Farming-fishing,Husband,White,Male,United-States,<=50K
31,348491,13,0,0,40,Private,Bachelors,Never-married,Exec-managerial,Not-in-family,Black,Female,United-States,<=50K
37,118909,9,0,0,35,Local-gov,HS-grad,Divorced,Adm-clerical,Unmarried,Black,Female,United-States,<=50K
27,152951,9,0,0,40,Private,HS-grad,Married-civ-spouse,Craft-repair,Husband,White,Male,United-States,<=50K
71,178295,12,0,0,3,MISSING,Assoc-acdm,Married-civ-spouse,MISSING,Husband,White,Male,United-States,<=50K
21,48301,10,0,0,40,Private,Some-college,Never-married,Handlers-cleaners,Own-child,White,Male,United-States,<=50K
28,180007,10,0,0,40,Private,Some-college,Never-married,Handlers-cleaners,Own-child,White,Male,United-States,<=50K
23,27776,10,0,0,24,Private,Some-college,Married-civ-spouse,Transport-moving,Husband,White,Male,United-States,<=50K
18,85154,8,0,0,24,MISSING,12th,Never-married,MISSING,Own-child,Asian-Pac-Islander,Female,Germany,<=50K
20,163965,9,0,0,40,Local-gov,HS-grad,Never-married,Other-service,Unmarried,Black,Female,United-States,<=50K
39,366757,9,0,0,35,Private,HS-grad,Married-civ-spouse,Craft-repair,Husband,White,Male,United-States,<=50K
40,209344,9,0,0,15,Self-emp-inc,HS-grad,Divorced,Adm-clerical,Unmarried,White,Female,MISSING,<=50K
19,84747,9,0,0,24,Private,HS-grad,Never-married,Sales,Own-child,White,Female,United-States,<=50K
53,118793,9,0,0,40,State-gov,HS-grad,Married-civ-spouse,Protective-serv,Husband,White,Male,United-States,<=50K
47,151087,9,0,0,40,Private,HS-grad,Separated,Prof-specialty,Other-relative,Other,Female,Puerto-Rico,<=50K
34,306982,13,0,0,60,Self-emp-not-inc,Bachelors,Married-civ-spouse,Sales,Husband,Asian-Pac-Islander,Male,South,<=50K
40,243580,13,0,0,48,Local-gov,Bachelors,Married-civ-spouse,Prof-specialty,Husband,White,Male,United-States,<=50K
32,118161,9,0,0,40,Private,HS-grad,Married-civ-spouse,Protective-serv,Husband,White,Male,United-States,<=50K
57,323309,4,0,0,40,Local-gov,7th-8th,Divorced,Other-service,Not-in-family,White,Male,United-States,<=50K
46,195023,10,0,0,40,Federal-gov,Some-college,Separated,Adm-clerical,Unmarried,White,Female,United-States,<=50K
49,215389,13,0,0,48,Private,Bachelors,Married-civ-spouse,Machine-op-inspct,Husband,Black,Male,United-States,<=50K
47,265097,9,4386,0,40,Local-gov,HS-grad,Married-civ-spouse,Other-service,Husband,White,Male,United-States,>50K
28,53063,13,0,0,45,Private,Bachelors,Married-civ-spouse,Exec-managerial,Husband,White,Male,United-States,<=50K
37,40955,15,0,0,50,Private,Prof-school,Married-civ-spouse,Prof-specialty,Husband,White,Male,United-States,>50K
28,186720,10,0,0,50,Private,Some-college,Never-married,Other-service,Own-child,White,Female,United-States,<=50K
43,477983,9,0,0,40,Private,HS-grad,Married-civ-spouse,Handlers-cleaners,Husband,Black,Male,United-States,<=50K
50,257933,10,0,0,40,Private,Some-college,Divorced,Adm-clerical,Not-in-family,White,Female,United-States,<=50K
36,188972,10,0,0,40,Private,Some-college,Never-married,Prof-specialty,Not-in-family,White,Female,United-States,<=50K
44,304530,10,0,0,55,Private,Some-college,Divorced,Craft-repair,Not-in-family,White,Male,United-States,<=50K
48,159726,9,0,0,55,Private,HS-grad,Married-civ-spouse,Transport-moving,Husband,White,Male,United-States,>50K
35,199288,7,0,0,90,Private,11th,Separated,Transport-moving,Not-in-family,White,Male,United-States,<=50K
25,276249,14,0,0,40,Local-gov,Masters,Never-married,Prof-specialty,Own-child,White,Female,United-States,<=50K
40,48612,9,0,0,35,Private,HS-grad,Never-married,Adm-clerical,Unmarried,Black,Female,United-States,<=50K
22,117779,13,0,0,40,Private,Bachelors,Never-married,Prof-specialty,Own-child,White,Male,United-States,<=50K
20,241951,9,0,0,45,Private,HS-grad,Never-married,Handlers-cleaners,Not-in-family,White,Male,United-States,<=50K
47,102628,10,0,0,40,Local-gov,Some-college,Married-civ-spouse,Other-service,Husband,White,Male,United-States,>50K
40,92036,9,0,0,40,Private,HS-grad,Married-civ-spouse,Handlers-cleaners,Husband,White,Male,United-States,>50K
76,431192,4,0,0,2,MISSING,7th-8th,Widowed,MISSING,Not-in-family,White,Male,United-States,<=50K
48,200471,13,0,0,40,Self-emp-inc,Bachelors,Married-civ-spouse,Exec-managerial,Husband,White,Male,United-States,>50K
29,224858,10,0,0,45,Private,Some-college,Married-civ-spouse,Prof-specialty,Husband,White,Male,United-States,<=50K
33,356823,13,10520,0,45,Private,Bachelors,Never-married,Prof-specialty,Not-in-family,White,Female,United-States,>50K
25,190628,10,0,0,40,Private,Some-college,Married-civ-spouse,Craft-repair,Husband,White,Male,Columbia,<=50K
33,85043,9,0,0,20,Private,HS-grad,Never-married,Farming-fishing,Not-in-family,White,Male,United-States,<=50K
47,151584,9,0,1876,40,Private,HS-grad,Divorced,Sales,Own-child,White,Male,United-States,<=50K
30,58798,4,0,0,44,MISSING,7th-8th,Widowed,MISSING,Not-in-family,White,Female,United-States,<=50K
37,99151,9,0,0,40,Private,HS-grad,Married-civ-spouse,Adm-clerical,Wife,White,Female,United-States,>50K
40,365986,13,0,0,40,Private,Bachelors,Married-civ-spouse,Handlers-cleaners,Own-child,White,Male,United-States,>50K
32,128002,11,0,0,45,Private,Assoc-voc,Married-civ-spouse,Adm-clerical,Wife,White,Female,United-States,<=50K
58,519006,9,0,0,52,Private,HS-grad,Married-civ-spouse,Craft-repair,Husband,White,Male,United-States,<=50K
42,184682,11,0,0,30,Private,Assoc-voc,Divorced,Tech-support,Not-in-family,White,Female,United-States,<=50K
37,172722,10,0,0,40,Private,Some-college,Married-civ-spouse,Craft-repair,Husband,White,Male,United-States,<=50K
82,132870,9,0,4356,18,Private,HS-grad,Widowed,Exec-managerial,Not-in-family,White,Female,United-States,<=50K
24,199444,13,0,0,15,Private,Bachelors,Never-married,Exec-managerial,Own-child,White,Female,United-States,<=50K
19,30800,6,0,0,40,Self-emp-not-inc,10th,Married-spouse-absent,Adm-clerical,Unmarried,Amer-Indian-Eskimo,Female,United-States,<=50K
40,404573,10,0,0,44,Private,Some-college,Never-married,Sales,Not-in-family,White,Female,United-States,<=50K
38,188303,10,7688,0,40,State-gov,Some-college,Married-civ-spouse,Protective-serv,Husband,White,Male,United-States,>50K
